Protocollo,Gruppo,DataOraIncidente,Localizzazione1,STRADA1,Localizzazione2,STRADA2,Strada02,Chilometrica,DaSpecificare,NaturaIncidente,particolaritastrade,TipoStrada,FondoStradale,Pavimentazione,Segnaletica,CondizioneAtmosferica,Traffico,Visibilita,Illuminazione,NUM_FERITI,NUM_RISERVATA,NUM_MORTI,NUM_ILLESI,Longitudine,Latitudine,Confermato,Progressivo,TipoVeicolo,StatoVeicolo,TipoPersona,Sesso,Tipolesione,Deceduto,DecedutoDopo,CinturaCascoUtilizzato,Airbag,
3969197,15,01/09/2018 02:15:00,Strada Urbana,VIALE ISACCO NEWTON,da specificare,,,,prox rampa RM-Fiumic. (ca. 400 mt prima svincolo),Veicolo in marcia contro ostacolo fisso,Curva senza visuale libera,Due carreggiate,Bagnato (pioggia),Asfaltata,Orizzontale,Nuvoloso,Scarso,Sufficiente,Sufficiente,0,0,0,1,12.4427,41.8481,-1,1,Autovettura privata,In marcia / fermata / arresto,Conducente,M,Illeso,0,,,Esploso,
3969201,15,01/09/2018 02:15:00,Strada Urbana,VIALE ISACCO NEWTON,da specificare,,,,400 mt circa prima della rampa RM-Fiumicino,Veicolo in marcia contro ostacolo fisso,Curva senza visuale libera,Due carreggiate,Bagnato (pioggia),Asfaltata,Orizzontale,Pioggia in atto,Scarso,Sufficiente,Sufficiente,0,0,0,2,12.4427,41.8481,-1,1,Autovettura privata,In marcia / fermata / arresto,Conducente,M,Illeso,0,,Non accertato,Inesploso,
3969201,15,01/09/2018 02:15:00,Strada Urbana,VIALE ISACCO NEWTON,da specificare,,,,400 mt circa prima della rampa RM-Fiumicino,Veicolo in marcia contro ostacolo fisso,Curva senza visuale libera,Due carreggiate,Bagnato (pioggia),Asfaltata,Orizzontale,Pioggia in atto,Scarso,Sufficiente,Sufficiente,0,0,0,2,12.4427,41.8481,-1,1,Autovettura privata,In marcia / fermata / arresto,Passeggero,F,Illeso,0,,Non accertato,Inesploso,
3969266,11,01/09/2018 04:00:00,Strada Urbana,VIA DI BRAVETTA,in corrispondenza,,del civico n.,780,,Veicolo in marcia contro veicoli in sosta,Rettilineo,Una carreggiata a doppio senso,Asciutto,Asfaltata,Verticale ed orizzontale,Nuvoloso,Scarso,Buona,Sufficiente,0,0,0,1,12.4231,41.8668,-1,1,Autovettura privata,In marcia / fermata / arresto,Conducente,M,Illeso,0,,,,
3969292,8,01/09/2018 02:00:00,Strada Urbana,VIA CASILINA,in corrispondenza,,del palo luce n.,823,,Tamponamento,Rettilineo,Una carreggiata a doppio senso,Bagnato (pioggia),Asfaltata,Verticale ed orizzontale,Pioggia in atto,Scarso,Insufficiente,Inesistente,0,0,0,2,13.6497,41.5353,-1,1,Autovettura privata,In marcia / fermata / arresto,Conducente,M,Illeso,0,,Non accertato,Esploso,
3969292,8,01/09/2018 02:00:00,Strada Urbana,VIA CASILINA,in corrispondenza,,del palo luce n.,823,,Tamponamento,Rettilineo,Una carreggiata a doppio senso,Bagnato (pioggia),Asfaltata,Verticale ed orizzontale,Pioggia in atto,Scarso,Insufficiente,Inesistente,0,0,0,2,13.6497,41.5353,-1,2,Autovettura privata,In marcia / fermata / arresto,Conducente,M,Illeso,0,,Non accertato,Esploso,
3969295,8,01/09/2018 00:10:00,Strada Urbana,VIA CASILINA,da specificare,,,,pross. Via Aquila Reale,Scontro laterale fra veicoli in marcia,Rettilineo,Una carreggiata a doppio senso,Asciutto,Asfaltata,Verticale ed orizzontale,Nuvoloso,Scarso,Buona,Sufficiente,0,0,0,2,12.6194,41.8629,-1,1,Autovettura privata,In marcia / fermata / arresto,Conducente,M,Illeso,0,,Non accertato,Inesploso,
3969295,8,01/09/2018 00:10:00,Strada Urbana,VIA CASILINA,da specificare,,,,pross. Via Aquila Reale,Scontro laterale fra veicoli in marcia,Rettilineo,Una carreggiata a doppio senso,Asciutto,Asfaltata,Verticale ed orizzontale,Nuvoloso,Scarso,Buona,Sufficiente,0,0,0,2,12.6194,41.8629,-1,2,Autovettura privata,In marcia / fermata / arresto,Conducente,M,Illeso,0,,Non accertato,Inesploso,
3969408,2,01/09/2018 01:00:00,Strada Urbana,PIAZZA UNGHERIA,in corrispondenza,,del civico n.,6,,Veicolo in marcia contro ostacolo fisso,Rotatoria,Una carreggiata a doppio senso,Bagnato (pioggia),Asfaltata,Verticale ed orizzontale,Pioggia in atto,Scarso,Sufficiente,Sufficiente,0,0,0,1,12.493,41.9225,-1,1,Autovettura privata,In marcia / fermata / arresto,Conducente,M,Illeso,0,,,,
3969418,1,01/09/2018 03:10:00,Strada Urbana,VIA DI ACQUAFREDDA,in prossimit�,,del civico n.,88,,Veicolo in marcia contro veicolo fermo,Rettilineo,Una carreggiata a doppio senso,Bagnato (pioggia),Asfaltata,Verticale ed orizzontale,Nuvoloso,Scarso,Buona,Sufficiente,0,0,0,2,12.3936,41.8907,-1,1,Autovettura privata,In marcia / fermata / arresto,Conducente,M,Illeso,0,,Non accertato,Inesploso,
3969418,1,01/09/2018 03:10:00,Strada Urbana,VIA DI ACQUAFREDDA,in prossimit�,,del civico n.,88,,Veicolo in marcia contro veicolo fermo,Rettilineo,Una carreggiata a doppio senso,Bagnato (pioggia),Asfaltata,Verticale ed orizzontale,Nuvoloso,Scarso,Buona,Sufficiente,0,0,0,2,12.3936,41.8907,-1,2,Autovettura di polizia,In marcia / fermata / arresto,Conducente,M,Illeso,0,,Esente,Inesploso,
3969448,1,01/09/2018 01:20:00,Strada Urbana,VIA CAVOUR,all'intersezione semaforizzata con,PIAZZA DEI CINQUECENTO,PIAZZA DEI CINQUECENTO,,,Infortunio per sola frenata improvvisa,Intersezione semaforizzata,Una carreggiata a doppio senso,Bagnato (pioggia),Asfaltata,Verticale ed orizzontale,Pioggia in atto,Scarso,Insufficiente,Sufficiente,1,0,0,0,,,0,1,Motociclo a solo,In marcia / fermata / arresto,Conducente,F,Rimandato,0,NON DECEDUTO,Non accertato,,
3969461,6,01/09/2018 08:40:00,Strada Urbana,VIA CONTE DI CARMAGNOLA,all'intersezione con,VIA ALBERTO DA GIUSSANO,VIA ALBERTO DA GIUSSANO,,,Veicolo in marcia contro veicolo arresto,Incrocio,Una carreggiata a senso unico di marcia,Bagnato (pioggia),Asfaltata,Verticale ed orizzontale,Nuvoloso,Normale,Buona,Ore Diurne,0,0,0,2,12.5346,41.8903,-1,1,Autovettura privata,In marcia / fermata / arresto,Conducente,F,Illeso,0,,Non accertato,Inesploso,
3969461,6,01/09/2018 08:40:00,Strada Urbana,VIA CONTE DI CARMAGNOLA,all'intersezione con,VIA ALBERTO DA GIUSSANO,VIA ALBERTO DA GIUSSANO,,,Veicolo in marcia contro veicolo arresto,Incrocio,Una carreggiata a senso unico di marcia,Bagnato (pioggia),Asfaltata,Verticale ed orizzontale,Nuvoloso,Normale,Buona,Ore Diurne,0,0,0,2,12.5346,41.8903,-1,2,Autovettura privata,In marcia / fermata / arresto,Conducente,M,Illeso,0,,Non accertato,Inesploso,
3969484,23,01/09/2018 00:30:00,Strada Urbana,CORSO REGINA MARIA PIA,all'intersezione con,VIA ANGELO CELLI,VIA ANGELO CELLI,,,Scontro frontale/laterale SX fra veicoli in marcia,Incrocio,Due carreggiate,Bagnato (pioggia),Asfaltata,Verticale ed orizzontale,Pioggia in atto,Scarso,Sufficiente,Insufficiente,0,0,0,3,12.2845,41.7295,-1,1,Autovettura privata,In marcia / fermata / arresto,Conducente,M,Illeso,0,,Non accertato,Inesploso,
3969484,23,01/09/2018 00:30:00,Strada Urbana,CORSO REGINA MARIA PIA,all'intersezione con,VIA ANGELO CELLI,VIA ANGELO CELLI,,,Scontro frontale/laterale SX fra veicoli in marcia,Incrocio,Due carreggiate,Bagnato (pioggia),Asfaltata,Verticale ed orizzontale,Pioggia in atto,Scarso,Sufficiente,Insufficiente,0,0,0,3,12.2845,41.7295,-1,2,Autovettura privata,In marcia / fermata / arresto,Conducente,M,Illeso,0,,Non accertato,Inesploso,
3969484,23,01/09/2018 00:30:00,Strada Urbana,CORSO REGINA MARIA PIA,all'intersezione con,VIA ANGELO CELLI,VIA ANGELO CELLI,,,Scontro frontale/laterale SX fra veicoli in marcia,Incrocio,Due carreggiate,Bagnato (pioggia),Asfaltata,Verticale ed orizzontale,Pioggia in atto,Scarso,Sufficiente,Insufficiente,0,0,0,3,12.2845,41.7295,-1,2,Autovettura privata,In marcia / fermata / arresto,Passeggero,M,Illeso,0,,Non accertato,Inesploso,
3969501,17,01/09/2018 06:00:00,Strada Urbana,PIAZZALE MARESCIALLO GIARDINO,all'intersezione semaforizzata con,LUNGOTEVERE DELLA VITTORIA,LUNGOTEVERE DELLA VITTORIA,,,Scontro frontale/laterale DX fra veicoli in marcia,Intersezione semaforizzata,Una carreggiata a doppio senso,Bagnato (pioggia),Asfaltata,Verticale ed orizzontale,Nuvoloso,Scarso,Sufficiente,Ore Diurne,0,0,0,2,12.4586,41.9241,0,1,Autobus di linea,In marcia / fermata / arresto,Conducente,M,Illeso,0,,,,
3969501,17,01/09/2018 06:00:00,Strada Urbana,PIAZZALE MARESCIALLO GIARDINO,all'intersezione semaforizzata con,LUNGOTEVERE DELLA VITTORIA,LUNGOTEVERE DELLA VITTORIA,,,Scontro frontale/laterale DX fra veicoli in marcia,Intersezione semaforizzata,Una carreggiata a doppio senso,Bagnato (pioggia),Asfaltata,Verticale ed orizzontale,Nuvoloso,Scarso,Sufficiente,Ore Diurne,0,0,0,2,12.4586,41.9241,0,2,Autocarro superiore 35 q.,In marcia / fermata / arresto,Conducente,M,Illeso,0,,,,
3969605,5,01/09/2018 08:25:00,Strada Urbana,VIA DEGLI ALBERINI,in corrispondenza,,del civico n.,15,,Investimento di pedone,Rettilineo,Una carreggiata a senso unico di marcia,Bagnato (pioggia),Asfaltata,Verticale ed orizzontale,Sereno,Scarso,Buona,Ore Diurne,0,0,1,0,12.5653,41.9178,0,,,,Pedone,F,Deceduto sul posto,-1,,,,
3969765,20,01/09/2018 14:00:00,Strada Urbana,VIA DEI DUE PONTI,da specificare,,,,in prossimit� fronte palo ACEA 83,Scontro frontale/laterale SX fra veicoli in marcia,Rettilineo,Una carreggiata a doppio senso,Asciutto,Asfaltata,Orizzontale,Nuvoloso,Normale,Buona,Ore Diurne,0,0,0,2,12.4686,41.9662,-1,1,Autovettura privata,In marcia / fermata / arresto,Conducente,M,Illeso,0,,,,
3969765,20,01/09/2018 14:00:00,Strada Urbana,VIA DEI DUE PONTI,da specificare,,,,in prossimit� fronte palo ACEA 83,Scontro frontale/laterale SX fra veicoli in marcia,Rettilineo,Una carreggiata a doppio senso,Asciutto,Asfaltata,Orizzontale,Nuvoloso,Normale,Buona,Ore Diurne,0,0,0,2,12.4686,41.9662,-1,2,Autovettura privata,In marcia / fermata / arresto,Conducente,F,Illeso,0,,,,
3969814,9,01/09/2018 11:20:00,Strada Urbana,VIA APPIA NUOVA,all'intersezione con,PIAZZA CESARE CANTU',PIAZZA CESARE CANTU',,,Tamponamento,Incrocio,Due carreggiate,Asciutto,Asfaltata,Verticale ed orizzontale,Nuvoloso,Normale,Buona,Ore Diurne,1,0,0,1,12.5269,41.8714,-1,1,Autovettura privata,In marcia / fermata / arresto,Conducente,M,Illeso,0,,Non accertato,Inesploso,
3969814,9,01/09/2018 11:20:00,Strada Urbana,VIA APPIA NUOVA,all'intersezione con,PIAZZA CESARE CANTU',PIAZZA CESARE CANTU',,,Tamponamento,Incrocio,Due carreggiate,Asciutto,Asfaltata,Verticale ed orizzontale,Nuvoloso,Normale,Buona,Ore Diurne,1,0,0,1,12.5269,41.8714,-1,2,Motociclo a solo,In marcia / fermata / arresto,Conducente,M,Rimandato,0,NON DECEDUTO,Non accertato,,
3969877,2,01/09/2018 16:40:00,Strada Urbana,PIAZZA BUENOS AIRES,da specificare,,,,fr civ. 22,Tamponamento,Rettilineo,Una carreggiata a senso unico di marcia,Asciutto,Asfaltata,Verticale ed orizzontale,Nuvoloso,Scarso,Buona,Ore Diurne,1,0,0,2,12.5002,41.9182,-1,1,Autovettura privata,In marcia / fermata / arresto,Conducente,F,Illeso,0,,,,
3969877,2,01/09/2018 16:40:00,Strada Urbana,PIAZZA BUENOS AIRES,da specificare,,,,fr civ. 22,Tamponamento,Rettilineo,Una carreggiata a senso unico di marcia,Asciutto,Asfaltata,Verticale ed orizzontale,Nuvoloso,Scarso,Buona,Ore Diurne,1,0,0,2,12.5002,41.9182,-1,1,Autovettura privata,In marcia / fermata / arresto,Passeggero,M,Illeso,0,,,,
3969877,2,01/09/2018 16:40:00,Strada Urbana,PIAZZA BUENOS AIRES,da specificare,,,,fr civ. 22,Tamponamento,Rettilineo,Una carreggiata a senso unico di marcia,Asciutto,Asfaltata,Verticale ed orizzontale,Nuvoloso,Scarso,Buona,Ore Diurne,1,0,0,2,12.5002,41.9182,-1,2,Motociclo a solo,In marcia / fermata / arresto,Conducente,F,Ricoverato,0,NON DECEDUTO,,,
3970263,8,01/09/2018 14:00:00,Strada Urbana,VIA DEL FOSSO DELL'OSA,all'intersezione con,VIA PRENESTINA,VIA PRENESTINA,,,Scontro frontale/laterale SX fra veicoli in marcia,Intersezione non regolata/non segnalata,Una carreggiata a doppio senso,Asciutto,Asfaltata,Verticale,Nuvoloso,Normale,Buona,Ore Diurne,2,0,0,0,12.6834,41.9058,0,1,Autovettura privata,In marcia / fermata / arresto,Conducente,F,Rimandato,0,NON DECEDUTO,Non accertato,Inesploso,
3970263,8,01/09/2018 14:00:00,Strada Urbana,VIA DEL FOSSO DELL'OSA,all'intersezione con,VIA PRENESTINA,VIA PRENESTINA,,,Scontro frontale/laterale SX fra veicoli in marcia,Intersezione non regolata/non segnalata,Una carreggiata a doppio senso,Asciutto,Asfaltata,Verticale,Nuvoloso,Normale,Buona,Ore Diurne,2,0,0,0,12.6834,41.9058,0,2,Autovettura privata,In marcia / fermata / arresto,Conducente,F,Rifiuta cure immediate,0,NON DECEDUTO,Non accertato,Inesploso,
3970264,8,01/09/2018 11:30:00,Strada Urbana,VIA FRANCESCO MERLINI,in prossimit�,,del civico n.,8,,Veicolo in marcia contro veicoli in sosta,Rettilineo,Una carreggiata a senso unico di marcia,Asciutto,Asfaltata,Assente,Nuvoloso,Scarso,Buona,Ore Diurne,0,0,0,1,12.6429,41.868,-1,2,Autovettura privata,In marcia / fermata / arresto,Conducente,M,Illeso,0,,Non accertato,Inesploso,
3970265,8,01/09/2018 10:20:00,Strada Urbana,VIA RAOUL CHIODELLI,in prossimit�,,del civico n.,210,,Scontro laterale fra veicoli in marcia,Rettilineo,Una carreggiata a doppio senso,Asciutto,Asfaltata,Verticale ed orizzontale,Nuvoloso,Normale,Buona,Ore Diurne,1,0,0,1,12.6627,41.9077,-1,1,Autovettura privata,In marcia / fermata / arresto,Conducente,M,Illeso,0,,Non accertato,Inesploso,
3970265,8,01/09/2018 10:20:00,Strada Urbana,VIA RAOUL CHIODELLI,in prossimit�,,del civico n.,210,,Scontro laterale fra veicoli in marcia,Rettilineo,Una carreggiata a doppio senso,Asciutto,Asfaltata,Verticale ed orizzontale,Nuvoloso,Normale,Buona,Ore Diurne,1,0,0,1,12.6627,41.9077,-1,2,Autovettura privata,In marcia / fermata / arresto,Conducente,F,Rimandato,0,NON DECEDUTO,,,
3970287,1,02/09/2018 04:40:00,Strada Urbana,VIA NAZIONALE,all'intersezione semaforizzata con,VIA DELLE QUATTRO FONTANE,VIA DELLE QUATTRO FONTANE,,,Scontro frontale/laterale SX fra veicoli in marcia,Incrocio,Una carreggiata a doppio senso,Asciutto,In cubetti di porfido,Verticale ed orizzontale,Sereno,Normale,Buona,Sufficiente,2,0,0,1,12.4931,41.9006,0,2,Autovettura pubblica,In marcia / fermata / arresto,Conducente,M,Illeso,0,,Non accertato,,
3970287,1,02/09/2018 04:40:00,Strada Urbana,VIA NAZIONALE,all'intersezione semaforizzata con,VIA DELLE QUATTRO FONTANE,VIA DELLE QUATTRO FONTANE,,,Scontro frontale/laterale SX fra veicoli in marcia,Incrocio,Una carreggiata a doppio senso,Asciutto,In cubetti di porfido,Verticale ed orizzontale,Sereno,Normale,Buona,Sufficiente,2,0,0,1,12.4931,41.9006,0,2,Autovettura pubblica,In marcia / fermata / arresto,Passeggero,M,Rimandato,0,NON DECEDUTO,,,
3970287,1,02/09/2018 04:40:00,Strada Urbana,VIA NAZIONALE,all'intersezione semaforizzata con,VIA DELLE QUATTRO FONTANE,VIA DELLE QUATTRO FONTANE,,,Scontro frontale/laterale SX fra veicoli in marcia,Incrocio,Una carreggiata a doppio senso,Asciutto,In cubetti di porfido,Verticale ed orizzontale,Sereno,Normale,Buona,Sufficiente,2,0,0,1,12.4931,41.9006,0,2,Autovettura pubblica,In marcia / fermata / arresto,Passeggero,M,Rimandato,0,NON DECEDUTO,Non accertato,,
3970307,18,01/09/2018 00:40:00,Strada Urbana,VIA DI ACQUAFREDDA,in prossimit�,,del palo luce n.,25,,Fuoriuscita dalla sede stradale,Curva senza visuale libera,Una carreggiata a doppio senso,Bagnato (pioggia),Asfaltata,Assente,Pioggia in atto,Scarso,Sufficiente,Sufficiente,0,0,0,1,12.3955,41.8945,-1,1,Autoarticolato,In marcia / fermata / arresto,Conducente,M,Illeso,0,,Non accertato,Inesploso,
3970314,18,01/09/2018 19:30:00,Strada Urbana,VIA CANNOBIO,all'intersezione con,VIA DI CASALOTTI,VIA DI CASALOTTI,,,Investimento di pedone,Incrocio,Una carreggiata a doppio senso,Asciutto,Asfaltata,Verticale,Sereno,Scarso,Buona,Ore Diurne,1,0,0,1,12.3676,41.9154,-1,,,,Pedone,M,Rimandato,0,NON DECEDUTO,,,
3970314,18,01/09/2018 19:30:00,Strada Urbana,VIA CANNOBIO,all'intersezione con,VIA DI CASALOTTI,VIA DI CASALOTTI,,,Investimento di pedone,Incrocio,Una carreggiata a doppio senso,Asciutto,Asfaltata,Verticale,Sereno,Scarso,Buona,Ore Diurne,1,0,0,1,12.3676,41.9154,-1,1,Autovettura privata,In marcia / fermata / arresto,Conducente,M,Illeso,0,,,,
3970342,18,01/09/2018 13:10:00,Strada Urbana,CIRCONVALLAZIONE CORNELIA,in prossimit�,,del civico n.,135,,Investimento di pedone,Rettilineo,Due carreggiate,Asciutto,Asfaltata,Verticale ed orizzontale,Sereno,Scarso,Buona,Ore Diurne,1,0,0,1,12.425,41.9032,-1,,,,Pedone,F,Rimandato,0,NON DECEDUTO,,,
3970342,18,01/09/2018 13:10:00,Strada Urbana,CIRCONVALLAZIONE CORNELIA,in prossimit�,,del civico n.,135,,Investimento di pedone,Rettilineo,Due carreggiate,Asciutto,Asfaltata,Verticale ed orizzontale,Sereno,Scarso,Buona,Ore Diurne,1,0,0,1,12.425,41.9032,-1,1,Autovettura privata,In marcia / fermata / arresto,Conducente,M,Illeso,0,,,,
3970442,20,01/09/2018 16:45:00,Strada Urbana,VIA CASSIA,in prossimit�,,del civico n.,2008,,Tamponamento Multiplo,Rettilineo,Una carreggiata a doppio senso,Bagnato (pioggia),Asfaltata,Verticale ed orizzontale,Pioggia in atto,Scarso,Buona,Ore Diurne,1,0,0,7,12.3763,42.0316,-1,1,Autovettura privata,In marcia / fermata / arresto,Conducente,M,Illeso,0,,,,
3970442,20,01/09/2018 16:45:00,Strada Urbana,VIA CASSIA,in prossimit�,,del civico n.,2008,,Tamponamento Multiplo,Rettilineo,Una carreggiata a doppio senso,Bagnato (pioggia),Asfaltata,Verticale ed orizzontale,Pioggia in atto,Scarso,Buona,Ore Diurne,1,0,0,7,12.3763,42.0316,-1,1,Autovettura privata,In marcia / fermata / arresto,Passeggero,M,Illeso,0,,Non accertato,,
3970442,20,01/09/2018 16:45:00,Strada Urbana,VIA CASSIA,in prossimit�,,del civico n.,2008,,Tamponamento Multiplo,Rettilineo,Una carreggiata a doppio senso,Bagnato (pioggia),Asfaltata,Verticale ed orizzontale,Pioggia in atto,Scarso,Buona,Ore Diurne,1,0,0,7,12.3763,42.0316,-1,1,Autovettura privata,In marcia / fermata / arresto,Passeggero,F,Illeso,0,,Non accertato,,
3970442,20,01/09/2018 16:45:00,Strada Urbana,VIA CASSIA,in prossimit�,,del civico n.,2008,,Tamponamento Multiplo,Rettilineo,Una carreggiata a doppio senso,Bagnato (pioggia),Asfaltata,Verticale ed orizzontale,Pioggia in atto,Scarso,Buona,Ore Diurne,1,0,0,7,12.3763,42.0316,-1,2,Autovettura privata,In marcia / fermata / arresto,Conducente,M,Illeso,0,,Non accertato,,
3970442,20,01/09/2018 16:45:00,Strada Urbana,VIA CASSIA,in prossimit�,,del civico n.,2008,,Tamponamento Multiplo,Rettilineo,Una carreggiata a doppio senso,Bagnato (pioggia),Asfaltata,Verticale ed orizzontale,Pioggia in atto,Scarso,Buona,Ore Diurne,1,0,0,7,12.3763,42.0316,-1,2,Autovettura privata,In marcia / fermata / arresto,Passeggero,F,Rimandato,0,NON DECEDUTO,Non accertato,,
3970442,20,01/09/2018 16:45:00,Strada Urbana,VIA CASSIA,in prossimit�,,del civico n.,2008,,Tamponamento Multiplo,Rettilineo,Una carreggiata a doppio senso,Bagnato (pioggia),Asfaltata,Verticale ed orizzontale,Pioggia in atto,Scarso,Buona,Ore Diurne,1,0,0,7,12.3763,42.0316,-1,3,Autovettura privata,In marcia / fermata / arresto,Conducente,M,Illeso,0,,,,
3970442,20,01/09/2018 16:45:00,Strada Urbana,VIA CASSIA,in prossimit�,,del civico n.,2008,,Tamponamento Multiplo,Rettilineo,Una carreggiata a doppio senso,Bagnato (pioggia),Asfaltata,Verticale ed orizzontale,Pioggia in atto,Scarso,Buona,Ore Diurne,1,0,0,7,12.3763,42.0316,-1,3,Autovettura privata,In marcia / fermata / arresto,Passeggero,F,Illeso,0,,Non accertato,,
3970442,20,01/09/2018 16:45:00,Strada Urbana,VIA CASSIA,in prossimit�,,del civico n.,2008,,Tamponamento Multiplo,Rettilineo,Una carreggiata a doppio senso,Bagnato (pioggia),Asfaltata,Verticale ed orizzontale,Pioggia in atto,Scarso,Buona,Ore Diurne,1,0,0,7,12.3763,42.0316,-1,4,Autovettura privata,In marcia / fermata / arresto,Conducente,M,Illeso,0,,,,
3970446,18,02/09/2018 10:00:00,Strada Urbana,VIA DEL FORTE BOCCEA,all'intersezione con,VIA PIO IX,VIA PIO IX,,,Scontro frontale/laterale SX fra veicoli in marcia,Intersezione stradale segnalata,Una carreggiata a senso unico di marcia,Asciutto,Asfaltata,Verticale ed orizzontale,Sereno,Scarso,Buona,Ore Diurne,0,0,0,3,12.4238,41.9064,-1,1,Autovettura privata,In marcia / fermata / arresto,Conducente,M,Illeso,0,,,,
3970446,18,02/09/2018 10:00:00,Strada Urbana,VIA DEL FORTE BOCCEA,all'intersezione con,VIA PIO IX,VIA PIO IX,,,Scontro frontale/laterale SX fra veicoli in marcia,Intersezione stradale segnalata,Una carreggiata a senso unico di marcia,Asciutto,Asfaltata,Verticale ed orizzontale,Sereno,Scarso,Buona,Ore Diurne,0,0,0,3,12.4238,41.9064,-1,1,Autovettura privata,In marcia / fermata / arresto,Passeggero,F,Illeso,0,,,,
3970446,18,02/09/2018 10:00:00,Strada Urbana,VIA DEL FORTE BOCCEA,all'intersezione con,VIA PIO IX,VIA PIO IX,,,Scontro frontale/laterale SX fra veicoli in marcia,Intersezione stradale segnalata,Una carreggiata a senso unico di marcia,Asciutto,Asfaltata,Verticale ed orizzontale,Sereno,Scarso,Buona,Ore Diurne,0,0,0,3,12.4238,41.9064,-1,2,Autovettura privata,In marcia / fermata / arresto,Conducente,F,Illeso,0,,,,
3970494,6,02/09/2018 01:20:00,Strada Urbana,VIA DEL FOSSO DELL'OSA,da specificare,,,,fronte civico 383,Veicolo in marcia contro veicolo in sosta,Rettilineo,Una carreggiata a doppio senso,Bagnato (umidit� in atto),Asfaltata,Assente,Nuvoloso,Scarso,Sufficiente,Sufficiente,0,0,0,2,12.6841,41.9035,-1,1,Autovettura privata,In marcia / fermata / arresto,Conducente,M,Illeso,0,,,Esploso,
3970494,6,02/09/2018 01:20:00,Strada Urbana,VIA DEL FOSSO DELL'OSA,da specificare,,,,fronte civico 383,Veicolo in marcia contro veicolo in sosta,Rettilineo,Una carreggiata a doppio senso,Bagnato (umidit� in atto),Asfaltata,Assente,Nuvoloso,Scarso,Sufficiente,Sufficiente,0,0,0,2,12.6841,41.9035,-1,1,Autovettura privata,In marcia / fermata / arresto,Passeggero,F,Illeso,0,,,Esploso,
3970499,1,02/09/2018 08:35:00,,VIA GIOVANNI AMENDOLA,in corrispondenza,,del civico n.,70,,Tamponamento,,,,,,,,,,0,0,0,2,,,0,1,Motociclo con passeggero,In marcia / fermata / arresto,Conducente,M,Illeso,0,,,,
3970499,1,02/09/2018 08:35:00,,VIA GIOVANNI AMENDOLA,in corrispondenza,,del civico n.,70,,Tamponamento,,,,,,,,,,0,0,0,2,,,0,2,Autovettura pubblica,In marcia / fermata / arresto,Conducente,M,Illeso,0,,,,
3970531,6,02/09/2018 09:40:00,Strada Urbana,VIA ALBERTO DA GIUSSANO,in prossimit�,,del civico n.,66,,Veicolo in marcia contro veicolo in sosta,Rettilineo,Una carreggiata a doppio senso,Asciutto,Asfaltata,Verticale ed orizzontale,Sereno,Normale,Buona,Ore Diurne,0,0,0,1,12.5348,41.8893,-1,1,Autovettura privata,In marcia / fermata / arresto,Conducente,M,Illeso,0,,,,
3970572,10,01/09/2018 08:30:00,Strada Urbana,VIA DEL FOSSO DI S. ANDREA,in corrispondenza,,del civico n.,18,,Veicolo in marcia contro veicoli in sosta,Rettilineo,Una carreggiata a doppio senso,Bagnato (umidit� in atto),Asfaltata,Assente,Nuvoloso,Scarso,Buona,Ore Diurne,1,0,0,0,12.6366,41.8098,-1,1,Autovettura privata,In marcia / fermata / arresto,Conducente,F,Rimandato,0,NON DECEDUTO,Non accertato,Inesploso,
3970573,10,01/09/2018 08:50:00,Strada Urbana,VIA TUSCOLANA,all'intersezione semaforizzata con,VIALE PALMIRO TOGLIATTI,VIALE PALMIRO TOGLIATTI,,,Tamponamento,Intersezione semaforizzata,Due carreggiate,Asciutto,Asfaltata,Verticale ed orizzontale,Nuvoloso,Normale,Buona,Ore Diurne,0,0,0,3,12.5698,41.8525,-1,1,Autovettura privata,In marcia / fermata / arresto,Conducente,M,Illeso,0,,Non accertato,Inesploso,
3970573,10,01/09/2018 08:50:00,Strada Urbana,VIA TUSCOLANA,all'intersezione semaforizzata con,VIALE PALMIRO TOGLIATTI,VIALE PALMIRO TOGLIATTI,,,Tamponamento,Intersezione semaforizzata,Due carreggiate,Asciutto,Asfaltata,Verticale ed orizzontale,Nuvoloso,Normale,Buona,Ore Diurne,0,0,0,3,12.5698,41.8525,-1,1,Autovettura privata,In marcia / fermata / arresto,Passeggero,F,Illeso,0,,Non accertato,Inesploso,
3970573,10,01/09/2018 08:50:00,Strada Urbana,VIA TUSCOLANA,all'intersezione semaforizzata con,VIALE PALMIRO TOGLIATTI,VIALE PALMIRO TOGLIATTI,,,Tamponamento,Intersezione semaforizzata,Due carreggiate,Asciutto,Asfaltata,Verticale ed orizzontale,Nuvoloso,Normale,Buona,Ore Diurne,0,0,0,3,12.5698,41.8525,-1,2,Autovettura privata,In marcia / fermata / arresto,Conducente,F,Illeso,0,,Non accertato,Inesistente,
3970574,10,01/09/2018 13:48:00,Strada Urbana,VIA PONZIO COMINIO,da specificare,,,,fronte VIA VALERIO FLACCO,Veicolo in marcia contro veicolo fermo,Rettilineo,Una carreggiata a doppio senso,Bagnato (pioggia),Asfaltata,Verticale ed orizzontale,Pioggia in atto,Scarso,Buona,Ore Diurne,0,0,0,3,12.5591,41.8623,-1,1,Autovettura privata,In marcia / fermata / arresto,Conducente,F,Illeso,0,,Non accertato,Inesploso,