Protocollo,Gruppo,DataOraIncidente,Localizzazione1,STRADA1,Localizzazione2,STRADA2,Strada02,Chilometrica,DaSpecificare,NaturaIncidente,particolaritastrade,TipoStrada,FondoStradale,Pavimentazione,Segnaletica,CondizioneAtmosferica,Traffico,Visibilita,Illuminazione,NUM_FERITI,NUM_RISERVATA,NUM_MORTI,NUM_ILLESI,Longitudine,Latitudine,Confermato,Progressivo,TipoVeicolo,StatoVeicolo,TipoPersona,Sesso,Tipolesione,Deceduto,DecedutoDopo,CinturaCascoUtilizzato,Airbag,
3970574,10,01/09/2018 13:48:00,Strada Urbana,VIA PONZIO COMINIO,da specificare,,,,fronte VIA VALERIO FLACCO,Veicolo in marcia contro veicolo fermo,Rettilineo,Una carreggiata a doppio senso,Bagnato (pioggia),Asfaltata,Verticale ed orizzontale,Pioggia in atto,Scarso,Buona,Ore Diurne,0,0,0,3,12.5591,41.8623,-1,1,Autovettura privata,In marcia / fermata / arresto,Passeggero,F,Illeso,0,,Non accertato,Inesploso,
3970574,10,01/09/2018 13:48:00,Strada Urbana,VIA PONZIO COMINIO,da specificare,,,,fronte VIA VALERIO FLACCO,Veicolo in marcia contro veicolo fermo,Rettilineo,Una carreggiata a doppio senso,Bagnato (pioggia),Asfaltata,Verticale ed orizzontale,Pioggia in atto,Scarso,Buona,Ore Diurne,0,0,0,3,12.5591,41.8623,-1,2,Autovettura privata,In marcia / fermata / arresto,Conducente,M,Illeso,0,,Non accertato,Inesploso,
3970609,6,02/09/2018 14:20:00,Strada Urbana,VIALE FILARETE,all'intersezione con,VIA GALEAZZO ALESSI,VIA GALEAZZO ALESSI,,,Scontro frontale/laterale DX fra veicoli in marcia,Incrocio,Due carreggiate,Asciutto,Asfaltata,Verticale ed orizzontale,Nuvoloso,Scarso,Buona,Ore Diurne,0,0,0,5,12.5385,41.8794,-1,1,Autovettura privata,In marcia / fermata / arresto,Conducente,F,Illeso,0,,Non accertato,Inesploso,
3970609,6,02/09/2018 14:20:00,Strada Urbana,VIALE FILARETE,all'intersezione con,VIA GALEAZZO ALESSI,VIA GALEAZZO ALESSI,,,Scontro frontale/laterale DX fra veicoli in marcia,Incrocio,Due carreggiate,Asciutto,Asfaltata,Verticale ed orizzontale,Nuvoloso,Scarso,Buona,Ore Diurne,0,0,0,5,12.5385,41.8794,-1,2,Autovettura privata,In marcia / fermata / arresto,Conducente,M,Illeso,0,,Non accertato,Inesploso,
3970609,6,02/09/2018 14:20:00,Strada Urbana,VIALE FILARETE,all'intersezione con,VIA GALEAZZO ALESSI,VIA GALEAZZO ALESSI,,,Scontro frontale/laterale DX fra veicoli in marcia,Incrocio,Due carreggiate,Asciutto,Asfaltata,Verticale ed orizzontale,Nuvoloso,Scarso,Buona,Ore Diurne,0,0,0,5,12.5385,41.8794,-1,2,Autovettura privata,In marcia / fermata / arresto,Passeggero,M,Illeso,0,,Non accertato,Inesploso,
3970609,6,02/09/2018 14:20:00,Strada Urbana,VIALE FILARETE,all'intersezione con,VIA GALEAZZO ALESSI,VIA GALEAZZO ALESSI,,,Scontro frontale/laterale DX fra veicoli in marcia,Incrocio,Due carreggiate,Asciutto,Asfaltata,Verticale ed orizzontale,Nuvoloso,Scarso,Buona,Ore Diurne,0,0,0,5,12.5385,41.8794,-1,2,Autovettura privata,In marcia / fermata / arresto,Passeggero,M,Illeso,0,,Non accertato,Inesploso,
3970609,6,02/09/2018 14:20:00,Strada Urbana,VIALE FILARETE,all'intersezione con,VIA GALEAZZO ALESSI,VIA GALEAZZO ALESSI,,,Scontro frontale/laterale DX fra veicoli in marcia,Incrocio,Due carreggiate,Asciutto,Asfaltata,Verticale ed orizzontale,Nuvoloso,Scarso,Buona,Ore Diurne,0,0,0,5,12.5385,41.8794,-1,2,Autovettura privata,In marcia / fermata / arresto,Passeggero,M,Illeso,0,,Non accertato,Inesploso,
3970631,7,02/09/2018 13:00:00,Strada Urbana,VIA DELLA RUSTICA,da specificare,,,,f.c. 232,Scontro laterale fra veicoli in marcia,Rettilineo,Una carreggiata a doppio senso,Asciutto,Asfaltata,Verticale,Sereno,Scarso,Buona,Ore Diurne,0,0,0,2,12.6081,41.9127,-1,1,Motociclo con passeggero,In marcia / fermata / arresto,Conducente,M,Illeso,0,,Non accertato,,
3970631,7,02/09/2018 13:00:00,Strada Urbana,VIA DELLA RUSTICA,da specificare,,,,f.c. 232,Scontro laterale fra veicoli in marcia,Rettilineo,Una carreggiata a doppio senso,Asciutto,Asfaltata,Verticale,Sereno,Scarso,Buona,Ore Diurne,0,0,0,2,12.6081,41.9127,-1,2,Autovettura privata,In marcia / fermata / arresto,Conducente,F,Illeso,0,,Non accertato,Inesploso,
3970829,10,02/09/2018 19:50:00,Strada Urbana,VIA PUBLIO VALERIO,all'intersezione con,VIA LICINIO STOLONE,VIA LICINIO STOLONE,,,Scontro frontale/laterale DX fra veicoli in marcia,Intersezione stradale segnalata,Una carreggiata a senso unico di marcia,Asciutto,Asfaltata,Verticale ed orizzontale,Sereno,Normale,Sufficiente,Sufficiente,2,0,0,0,12.5661,41.8564,-1,1,Autovettura privata,In marcia / fermata / arresto,Conducente,M,Ricoverato,0,NON DECEDUTO,Non accertato,Esploso,
3970829,10,02/09/2018 19:50:00,Strada Urbana,VIA PUBLIO VALERIO,all'intersezione con,VIA LICINIO STOLONE,VIA LICINIO STOLONE,,,Scontro frontale/laterale DX fra veicoli in marcia,Intersezione stradale segnalata,Una carreggiata a senso unico di marcia,Asciutto,Asfaltata,Verticale ed orizzontale,Sereno,Normale,Sufficiente,Sufficiente,2,0,0,0,12.5661,41.8564,-1,2,Autovettura privata,In marcia / fermata / arresto,Conducente,F,Ricoverato,0,NON DECEDUTO,Non accertato,Inesploso,
3970920,11,02/09/2018 22:30:00,Strada Urbana,VIA CRISTOFORO COLOMBO,in prossimit�,,del palo luce n.,476,,Investimento di pedone,Rettilineo,Due carreggiate,Asciutto,Asfaltata,Verticale ed orizzontale,Sereno,Scarso,Buona,Sufficiente,0,0,1,1,12.469,41.8304,-1,,,,Pedone,M,Prognosi riservata,0,DECEDUTO ENTRO IL TERZO GIORNO,,,
3970920,11,02/09/2018 22:30:00,Strada Urbana,VIA CRISTOFORO COLOMBO,in prossimit�,,del palo luce n.,476,,Investimento di pedone,Rettilineo,Due carreggiate,Asciutto,Asfaltata,Verticale ed orizzontale,Sereno,Scarso,Buona,Sufficiente,0,0,1,1,12.469,41.8304,-1,1,Autovettura privata,In marcia / fermata / arresto,Conducente,M,Illeso,0,,,,
3971080,11,02/09/2018 03:30:00,Strada Urbana,VIA DI FIORANELLO,da specificare,,,,300 mt prima del civ. 39 dir. via Appia Nuova,Fuoriuscita dalla sede stradale,Curva senza visuale libera,Una carreggiata a doppio senso,Asciutto,Asfaltata,Orizzontale,Sereno,Scarso,Buona,Inesistente,0,0,0,1,12.5714,41.7902,-1,1,Autovettura privata,In marcia / fermata / arresto,Conducente,M,Illeso,0,,,,
3971092,8,02/09/2018 14:30:00,Strada Urbana,VIA CALTAGIRONE,da specificare,,,,alt. largo CORRADINO DI ASCANIO,Scontro laterale fra veicoli in marcia,Rettilineo,Una carreggiata a senso unico di marcia,Asciutto,Asfaltata,Verticale ed orizzontale,Nuvoloso,Normale,Buona,Ore Diurne,0,0,0,2,12.6552,41.9089,-1,1,Autovettura privata,In marcia / fermata / arresto,Conducente,M,Illeso,0,,Non accertato,Inesploso,
3971092,8,02/09/2018 14:30:00,Strada Urbana,VIA CALTAGIRONE,da specificare,,,,alt. largo CORRADINO DI ASCANIO,Scontro laterale fra veicoli in marcia,Rettilineo,Una carreggiata a senso unico di marcia,Asciutto,Asfaltata,Verticale ed orizzontale,Nuvoloso,Normale,Buona,Ore Diurne,0,0,0,2,12.6552,41.9089,-1,2,Autovettura privata,In marcia / fermata / arresto,Conducente,F,Illeso,0,,Non accertato,Inesploso,
3971101,9,03/09/2018 00:15:00,Strada Urbana,VIA LICIA,all'intersezione con,VIA GALLIA,VIA GALLIA,,,Scontro laterale fra veicoli in marcia,Intersezione semaforizzata,Una carreggiata a doppio senso,Asciutto,Asfaltata,Assente,Sereno,Scarso,Buona,Ore Diurne,0,0,0,2,12.503,41.8812,-1,1,Autovettura privata,In marcia / fermata / arresto,Conducente,M,Illeso,0,,Non accertato,Inesploso,
3971101,9,03/09/2018 00:15:00,Strada Urbana,VIA LICIA,all'intersezione con,VIA GALLIA,VIA GALLIA,,,Scontro laterale fra veicoli in marcia,Intersezione semaforizzata,Una carreggiata a doppio senso,Asciutto,Asfaltata,Assente,Sereno,Scarso,Buona,Ore Diurne,0,0,0,2,12.503,41.8812,-1,2,Motociclo a solo,In marcia / fermata / arresto,Conducente,M,Illeso,0,,Non accertato,,
3971105,8,02/09/2018 18:20:00,Strada Urbana,VIA MARCANTONIO RAIMONDI,in prossimit�,,del civico n.,3,,Scontro laterale fra veicoli in marcia,Rettilineo,Una carreggiata a senso unico di marcia,Asciutto,Asfaltata,Verticale ed orizzontale,Nuvoloso,Scarso,Buona,Ore Diurne,1,0,0,2,12.6025,41.8587,-1,1,Autovettura privata,In marcia / fermata / arresto,Conducente,M,Rifiuta cure immediate,0,NON DECEDUTO,Non accertato,Inesploso,
3971105,8,02/09/2018 18:20:00,Strada Urbana,VIA MARCANTONIO RAIMONDI,in prossimit�,,del civico n.,3,,Scontro laterale fra veicoli in marcia,Rettilineo,Una carreggiata a senso unico di marcia,Asciutto,Asfaltata,Verticale ed orizzontale,Nuvoloso,Scarso,Buona,Ore Diurne,1,0,0,2,12.6025,41.8587,-1,1,Autovettura privata,In marcia / fermata / arresto,Passeggero,F,Illeso,0,,Non accertato,Inesploso,
3971105,8,02/09/2018 18:20:00,Strada Urbana,VIA MARCANTONIO RAIMONDI,in prossimit�,,del civico n.,3,,Scontro laterale fra veicoli in marcia,Rettilineo,Una carreggiata a senso unico di marcia,Asciutto,Asfaltata,Verticale ed orizzontale,Nuvoloso,Scarso,Buona,Ore Diurne,1,0,0,2,12.6025,41.8587,-1,2,Autovettura privata,In marcia / fermata / arresto,Conducente,M,Illeso,0,,Non accertato,Inesploso,
3971109,15,02/09/2018 18:00:00,Strada Urbana,VIA LUIGI ANGELONI,in corrispondenza,,del civico n.,71,,Veicolo in marcia contro veicoli in sosta,Curva a visuale libera,Una carreggiata a senso unico di marcia,Asciutto,Asfaltata,Orizzontale,Sereno,Scarso,Buona,Ore Diurne,0,0,0,1,12.448,41.8547,-1,2,Autovettura privata,In marcia / fermata / arresto,Conducente,M,Illeso,0,,,,
3971113,8,02/09/2018 14:00:00,Provinciale entro l'abitato,VIA PRENESTINA,all'intersezione con,VIA DI ROCCA CENCIA,VIA DI ROCCA CENCIA,,,Tamponamento,Incrocio,Una carreggiata a doppio senso,Asciutto,Asfaltata,Verticale ed orizzontale,Nuvoloso,Normale,Buona,Ore Diurne,4,0,0,1,,,0,1,Autovettura privata,In marcia / fermata / arresto,Conducente,M,Ricoverato,0,NON DECEDUTO,Non accertato,Inesploso,
3971113,8,02/09/2018 14:00:00,Provinciale entro l'abitato,VIA PRENESTINA,all'intersezione con,VIA DI ROCCA CENCIA,VIA DI ROCCA CENCIA,,,Tamponamento,Incrocio,Una carreggiata a doppio senso,Asciutto,Asfaltata,Verticale ed orizzontale,Nuvoloso,Normale,Buona,Ore Diurne,4,0,0,1,,,0,1,Autovettura privata,In marcia / fermata / arresto,Passeggero,F,Rifiuta cure immediate,0,NON DECEDUTO,Non accertato,Inesploso,
3971113,8,02/09/2018 14:00:00,Provinciale entro l'abitato,VIA PRENESTINA,all'intersezione con,VIA DI ROCCA CENCIA,VIA DI ROCCA CENCIA,,,Tamponamento,Incrocio,Una carreggiata a doppio senso,Asciutto,Asfaltata,Verticale ed orizzontale,Nuvoloso,Normale,Buona,Ore Diurne,4,0,0,1,,,0,1,Autovettura privata,In marcia / fermata / arresto,Passeggero,F,Ricoverato,0,NON DECEDUTO,Non accertato,Inesistente,
3971113,8,02/09/2018 14:00:00,Provinciale entro l'abitato,VIA PRENESTINA,all'intersezione con,VIA DI ROCCA CENCIA,VIA DI ROCCA CENCIA,,,Tamponamento,Incrocio,Una carreggiata a doppio senso,Asciutto,Asfaltata,Verticale ed orizzontale,Nuvoloso,Normale,Buona,Ore Diurne,4,0,0,1,,,0,1,Autovettura privata,In marcia / fermata / arresto,Passeggero,F,Rifiuta cure immediate,0,NON DECEDUTO,Non accertato,Inesistente,
3971113,8,02/09/2018 14:00:00,Provinciale entro l'abitato,VIA PRENESTINA,all'intersezione con,VIA DI ROCCA CENCIA,VIA DI ROCCA CENCIA,,,Tamponamento,Incrocio,Una carreggiata a doppio senso,Asciutto,Asfaltata,Verticale ed orizzontale,Nuvoloso,Normale,Buona,Ore Diurne,4,0,0,1,,,0,2,Autovettura privata,In marcia / fermata / arresto,Conducente,M,Illeso,0,,Non accertato,Inesploso,
3971114,8,02/09/2018 17:10:00,Strada Urbana,VIA COLLATINA,in corrispondenza,,del palo luce n.,615,,Tamponamento Multiplo,Rettilineo,Una carreggiata a doppio senso,Asciutto,Asfaltata,Verticale ed orizzontale,Nuvoloso,Normale,Buona,Ore Diurne,1,0,0,8,12.6108,41.9059,-1,1,Autovettura privata,In marcia / fermata / arresto,Conducente,F,Illeso,0,,Non accertato,Inesploso,
3971114,8,02/09/2018 17:10:00,Strada Urbana,VIA COLLATINA,in corrispondenza,,del palo luce n.,615,,Tamponamento Multiplo,Rettilineo,Una carreggiata a doppio senso,Asciutto,Asfaltata,Verticale ed orizzontale,Nuvoloso,Normale,Buona,Ore Diurne,1,0,0,8,12.6108,41.9059,-1,1,Autovettura privata,In marcia / fermata / arresto,Passeggero,M,Illeso,0,,Non accertato,Inesploso,
3971114,8,02/09/2018 17:10:00,Strada Urbana,VIA COLLATINA,in corrispondenza,,del palo luce n.,615,,Tamponamento Multiplo,Rettilineo,Una carreggiata a doppio senso,Asciutto,Asfaltata,Verticale ed orizzontale,Nuvoloso,Normale,Buona,Ore Diurne,1,0,0,8,12.6108,41.9059,-1,2,Autovettura privata,In marcia / fermata / arresto,Conducente,M,Ricoverato,0,NON DECEDUTO,Non accertato,Inesploso,
3971114,8,02/09/2018 17:10:00,Strada Urbana,VIA COLLATINA,in corrispondenza,,del palo luce n.,615,,Tamponamento Multiplo,Rettilineo,Una carreggiata a doppio senso,Asciutto,Asfaltata,Verticale ed orizzontale,Nuvoloso,Normale,Buona,Ore Diurne,1,0,0,8,12.6108,41.9059,-1,2,Autovettura privata,In marcia / fermata / arresto,Passeggero,F,Illeso,0,,Non accertato,Inesploso,
3971114,8,02/09/2018 17:10:00,Strada Urbana,VIA COLLATINA,in corrispondenza,,del palo luce n.,615,,Tamponamento Multiplo,Rettilineo,Una carreggiata a doppio senso,Asciutto,Asfaltata,Verticale ed orizzontale,Nuvoloso,Normale,Buona,Ore Diurne,1,0,0,8,12.6108,41.9059,-1,2,Autovettura privata,In marcia / fermata / arresto,Passeggero,F,Illeso,0,,Non accertato,Inesploso,
3971114,8,02/09/2018 17:10:00,Strada Urbana,VIA COLLATINA,in corrispondenza,,del palo luce n.,615,,Tamponamento Multiplo,Rettilineo,Una carreggiata a doppio senso,Asciutto,Asfaltata,Verticale ed orizzontale,Nuvoloso,Normale,Buona,Ore Diurne,1,0,0,8,12.6108,41.9059,-1,3,Autovettura privata,In marcia / fermata / arresto,Conducente,F,Illeso,0,,Non accertato,Inesploso,
3971114,8,02/09/2018 17:10:00,Strada Urbana,VIA COLLATINA,in corrispondenza,,del palo luce n.,615,,Tamponamento Multiplo,Rettilineo,Una carreggiata a doppio senso,Asciutto,Asfaltata,Verticale ed orizzontale,Nuvoloso,Normale,Buona,Ore Diurne,1,0,0,8,12.6108,41.9059,-1,3,Autovettura privata,In marcia / fermata / arresto,Passeggero,F,Illeso,0,,Non accertato,Inesploso,
3971114,8,02/09/2018 17:10:00,Strada Urbana,VIA COLLATINA,in corrispondenza,,del palo luce n.,615,,Tamponamento Multiplo,Rettilineo,Una carreggiata a doppio senso,Asciutto,Asfaltata,Verticale ed orizzontale,Nuvoloso,Normale,Buona,Ore Diurne,1,0,0,8,12.6108,41.9059,-1,4,Autovettura privata,In marcia / fermata / arresto,Conducente,F,Illeso,0,,Non accertato,Inesploso,
3971114,8,02/09/2018 17:10:00,Strada Urbana,VIA COLLATINA,in corrispondenza,,del palo luce n.,615,,Tamponamento Multiplo,Rettilineo,Una carreggiata a doppio senso,Asciutto,Asfaltata,Verticale ed orizzontale,Nuvoloso,Normale,Buona,Ore Diurne,1,0,0,8,12.6108,41.9059,-1,4,Autovettura privata,In marcia / fermata / arresto,Passeggero,M,Illeso,0,,Non accertato,Inesploso,
3971115,11,02/09/2018 16:20:00,Strada Urbana,VIA TULLIO LEVI CIVITA,all'intersezione con,VIA LEOPOLDO NOBILI,VIA LEOPOLDO NOBILI,,,Scontro frontale/laterale DX fra veicoli in marcia,Intersezione stradale segnalata,Due carreggiate,Asciutto,Asfaltata,Verticale ed orizzontale,Sereno,Scarso,Buona,Ore Diurne,0,0,0,2,12.4738,41.8565,-1,1,Autovettura privata,In marcia / fermata / arresto,Conducente,F,Illeso,0,,,,
3971115,11,02/09/2018 16:20:00,Strada Urbana,VIA TULLIO LEVI CIVITA,all'intersezione con,VIA LEOPOLDO NOBILI,VIA LEOPOLDO NOBILI,,,Scontro frontale/laterale DX fra veicoli in marcia,Intersezione stradale segnalata,Due carreggiate,Asciutto,Asfaltata,Verticale ed orizzontale,Sereno,Scarso,Buona,Ore Diurne,0,0,0,2,12.4738,41.8565,-1,2,Autovettura pubblica,In marcia / fermata / arresto,Conducente,M,Illeso,0,,,,
3971118,15,02/09/2018 20:15:00,Strada Urbana,VIA LUIGI CANDONI,da specificare,,,,palo telefonico a-000-571-854,Investimento di pedone,Rettilineo,Una carreggiata a doppio senso,Asciutto,Asfaltata,Orizzontale,Sereno,Scarso,Insufficiente,Inesistente,2,0,0,1,12.4131,41.8311,-1,,,,Pedone,M,Rimandato,0,NON DECEDUTO,,,
3971118,15,02/09/2018 20:15:00,Strada Urbana,VIA LUIGI CANDONI,da specificare,,,,palo telefonico a-000-571-854,Investimento di pedone,Rettilineo,Una carreggiata a doppio senso,Asciutto,Asfaltata,Orizzontale,Sereno,Scarso,Insufficiente,Inesistente,2,0,0,1,12.4131,41.8311,-1,,,,Pedone,M,Rimandato,0,NON DECEDUTO,,,
3971118,15,02/09/2018 20:15:00,Strada Urbana,VIA LUIGI CANDONI,da specificare,,,,palo telefonico a-000-571-854,Investimento di pedone,Rettilineo,Una carreggiata a doppio senso,Asciutto,Asfaltata,Orizzontale,Sereno,Scarso,Insufficiente,Inesistente,2,0,0,1,12.4131,41.8311,-1,1,Autovettura privata,In marcia / fermata / arresto,Conducente,M,Illeso,0,,Non accertato,Inesploso,
3971124,10,03/09/2018 00:50:00,Strada Urbana,PIAZZA S. GIOVANNI BOSCO,all'intersezione con,VIALE MARCO FULVIO NOBILIORE,VIALE MARCO FULVIO NOBILIORE,,,Scontro frontale/laterale DX fra veicoli in marcia,Incrocio,Una carreggiata a senso unico di marcia,Asciutto,Asfaltata,Verticale ed orizzontale,Sereno,Scarso,Sufficiente,Sufficiente,1,0,0,3,12.5647,41.8587,-1,1,Autovettura privata,In marcia / fermata / arresto,Conducente,M,Rimandato,0,NON DECEDUTO,Non accertato,Inesploso,
3971124,10,03/09/2018 00:50:00,Strada Urbana,PIAZZA S. GIOVANNI BOSCO,all'intersezione con,VIALE MARCO FULVIO NOBILIORE,VIALE MARCO FULVIO NOBILIORE,,,Scontro frontale/laterale DX fra veicoli in marcia,Incrocio,Una carreggiata a senso unico di marcia,Asciutto,Asfaltata,Verticale ed orizzontale,Sereno,Scarso,Sufficiente,Sufficiente,1,0,0,3,12.5647,41.8587,-1,2,Autovettura privata,In marcia / fermata / arresto,Conducente,F,Illeso,0,,Non accertato,Inesploso,
3971124,10,03/09/2018 00:50:00,Strada Urbana,PIAZZA S. GIOVANNI BOSCO,all'intersezione con,VIALE MARCO FULVIO NOBILIORE,VIALE MARCO FULVIO NOBILIORE,,,Scontro frontale/laterale DX fra veicoli in marcia,Incrocio,Una carreggiata a senso unico di marcia,Asciutto,Asfaltata,Verticale ed orizzontale,Sereno,Scarso,Sufficiente,Sufficiente,1,0,0,3,12.5647,41.8587,-1,2,Autovettura privata,In marcia / fermata / arresto,Passeggero,F,Illeso,0,,Non accertato,Inesploso,
3971126,11,02/09/2018 10:40:00,Strada Urbana,PIAZZA ELIO RUFINO,all'intersezione semaforizzata con,VIA CRISTOFORO COLOMBO,VIA CRISTOFORO COLOMBO,,,Scontro laterale fra veicoli in marcia,Intersezione semaforizzata,Due carreggiate,Asciutto,Asfaltata,Verticale ed orizzontale,Sereno,Scarso,Buona,Ore Diurne,0,0,0,2,12.4967,41.8585,-1,1,Autovettura privata,In marcia / fermata / arresto,Conducente,M,Illeso,0,,Non accertato,,
3971126,11,02/09/2018 10:40:00,Strada Urbana,PIAZZA ELIO RUFINO,all'intersezione semaforizzata con,VIA CRISTOFORO COLOMBO,VIA CRISTOFORO COLOMBO,,,Scontro laterale fra veicoli in marcia,Intersezione semaforizzata,Due carreggiate,Asciutto,Asfaltata,Verticale ed orizzontale,Sereno,Scarso,Buona,Ore Diurne,0,0,0,2,12.4967,41.8585,-1,2,Autovettura privata,In marcia / fermata / arresto,Conducente,M,Illeso,0,,Non accertato,,
3971127,15,02/09/2018 16:45:00,Strada Urbana,VIALE CASTELLO DELLA MAGLIANA,in corrispondenza,,del civico n.,62,,Veicolo in marcia contro ostacolo fisso,Rettilineo,Due carreggiate,Asciutto,Asfaltata,Verticale ed orizzontale,Sereno,Scarso,Buona,Ore Diurne,0,0,0,1,12.4124,41.8238,-1,1,Autocarro inferiore 35 q.,In marcia / fermata / arresto,Conducente,M,Illeso,0,,,,
3971129,20,02/09/2018 22:00:00,Regionale entro l'abitato,VIA CASSIA,in prossimit�,,del civico n.,1822,,Veicolo in marcia contro ostacolo accidentale,Rettilineo,Una carreggiata a doppio senso,Asciutto,Con buche,Assente,Sereno,Scarso,Insufficiente,Insufficiente,0,0,0,2,12.3767,42.0159,-1,1,Autovettura privata,In marcia / fermata / arresto,Conducente,F,Illeso,0,,Non accertato,,
3971129,20,02/09/2018 22:00:00,Regionale entro l'abitato,VIA CASSIA,in prossimit�,,del civico n.,1822,,Veicolo in marcia contro ostacolo accidentale,Rettilineo,Una carreggiata a doppio senso,Asciutto,Con buche,Assente,Sereno,Scarso,Insufficiente,Insufficiente,0,0,0,2,12.3767,42.0159,-1,1,Autovettura privata,In marcia / fermata / arresto,Passeggero,F,Illeso,0,,Non accertato,Inesploso,
3971131,15,02/09/2018 14:15:00,Strada Urbana,VIALE PROSPERO COLONNA,all'intersezione con,VIA PIERO COLONNA,VIA PIERO COLONNA,,,Scontro frontale/laterale DX fra veicoli in marcia,Incrocio,Due carreggiate,Asciutto,Asfaltata,Verticale ed orizzontale,Sereno,Scarso,Buona,Ore Diurne,1,0,0,1,12.4527,41.8563,-1,1,Autobus di linea,In marcia / fermata / arresto,Conducente,M,Illeso,0,,Utilizzato,Inesploso,
3971131,15,02/09/2018 14:15:00,Strada Urbana,VIALE PROSPERO COLONNA,all'intersezione con,VIA PIERO COLONNA,VIA PIERO COLONNA,,,Scontro frontale/laterale DX fra veicoli in marcia,Incrocio,Due carreggiate,Asciutto,Asfaltata,Verticale ed orizzontale,Sereno,Scarso,Buona,Ore Diurne,1,0,0,1,12.4527,41.8563,-1,2,Ciclomotore con passeggero,In marcia / fermata / arresto,Conducente,M,Rimandato,0,NON DECEDUTO,Utilizzato,,
3971146,20,02/09/2018 05:20:00,Regionale entro l'abitato,VIA BRACCIANENSE,in prossimit�,,della chilometrica,13.4,,Scontro laterale fra veicoli in marcia,Rettilineo,Una carreggiata a doppio senso,Asciutto,Asfaltata,Verticale ed orizzontale,Sereno,Scarso,Insufficiente,Inesistente,0,0,0,2,12.3402,42.033,-1,1,Autovettura privata,In marcia / fermata / arresto,Conducente,M,Illeso,0,,,,
3971146,20,02/09/2018 05:20:00,Regionale entro l'abitato,VIA BRACCIANENSE,in prossimit�,,della chilometrica,13.4,,Scontro laterale fra veicoli in marcia,Rettilineo,Una carreggiata a doppio senso,Asciutto,Asfaltata,Verticale ed orizzontale,Sereno,Scarso,Insufficiente,Inesistente,0,0,0,2,12.3402,42.033,-1,2,Autovettura privata,In marcia / fermata / arresto,Conducente,M,Illeso,0,,,,
3971162,13,01/09/2018 13:25:00,Strada Urbana,LUNGOMARE LUTAZIO CATULO,in prossimit�,,del civico n.,14,,Tamponamento Multiplo,Rettilineo,Due carreggiate,Asciutto,Asfaltata,Verticale ed orizzontale,Grandine in atto,Normale,Buona,Ore Diurne,3,0,0,3,12.3144,41.7154,-1,1,Autovettura privata,In marcia / fermata / arresto,Conducente,M,Illeso,0,,Non accertato,Inesploso,
3971162,13,01/09/2018 13:25:00,Strada Urbana,LUNGOMARE LUTAZIO CATULO,in prossimit�,,del civico n.,14,,Tamponamento Multiplo,Rettilineo,Due carreggiate,Asciutto,Asfaltata,Verticale ed orizzontale,Grandine in atto,Normale,Buona,Ore Diurne,3,0,0,3,12.3144,41.7154,-1,1,Autovettura privata,In marcia / fermata / arresto,Passeggero,F,Rimandato,0,NON DECEDUTO,,,
3971162,13,01/09/2018 13:25:00,Strada Urbana,LUNGOMARE LUTAZIO CATULO,in prossimit�,,del civico n.,14,,Tamponamento Multiplo,Rettilineo,Due carreggiate,Asciutto,Asfaltata,Verticale ed orizzontale,Grandine in atto,Normale,Buona,Ore Diurne,3,0,0,3,12.3144,41.7154,-1,1,Autovettura privata,In marcia / fermata / arresto,Passeggero,F,Rimandato,0,NON DECEDUTO,,,
3971162,13,01/09/2018 13:25:00,Strada Urbana,LUNGOMARE LUTAZIO CATULO,in prossimit�,,del civico n.,14,,Tamponamento Multiplo,Rettilineo,Due carreggiate,Asciutto,Asfaltata,Verticale ed orizzontale,Grandine in atto,Normale,Buona,Ore Diurne,3,0,0,3,12.3144,41.7154,-1,2,Autovettura privata,In marcia / fermata / arresto,Conducente,M,Rimandato,0,NON DECEDUTO,,,
3971162,13,01/09/2018 13:25:00,Strada Urbana,LUNGOMARE LUTAZIO CATULO,in prossimit�,,del civico n.,14,,Tamponamento Multiplo,Rettilineo,Due carreggiate,Asciutto,Asfaltata,Verticale ed orizzontale,Grandine in atto,Normale,Buona,Ore Diurne,3,0,0,3,12.3144,41.7154,-1,2,Autovettura privata,In marcia / fermata / arresto,Passeggero,M,Illeso,0,,,,
3971162,13,01/09/2018 13:25:00,Strada Urbana,LUNGOMARE LUTAZIO CATULO,in prossimit�,,del civico n.,14,,Tamponamento Multiplo,Rettilineo,Due carreggiate,Asciutto,Asfaltata,Verticale ed orizzontale,Grandine in atto,Normale,Buona,Ore Diurne,3,0,0,3,12.3144,41.7154,-1,3,Autovettura privata,In marcia / fermata / arresto,Conducente,F,Illeso,0,,Non accertato,Inesploso,
3971178,7,02/09/2018 17:00:00,Strada Urbana,VIA DEI RUDERI DI CASA CALDA,in prossimit�,,del palo luce n.,11,,Veicolo in marcia contro ostacolo accidentale,Rettilineo,Una carreggiata a doppio senso,Bagnato (umidit� in atto),Con buche,Orizzontale,Nuvoloso,Scarso,Buona,Ore Diurne,0,0,0,3,12.5949,41.8747,-1,1,Autovettura privata,In marcia / fermata / arresto,Conducente,M,Illeso,0,,,,
3971178,7,02/09/2018 17:00:00,Strada Urbana,VIA DEI RUDERI DI CASA CALDA,in prossimit�,,del palo luce n.,11,,Veicolo in marcia contro ostacolo accidentale,Rettilineo,Una carreggiata a doppio senso,Bagnato (umidit� in atto),Con buche,Orizzontale,Nuvoloso,Scarso,Buona,Ore Diurne,0,0,0,3,12.5949,41.8747,-1,1,Autovettura privata,In marcia / fermata / arresto,Passeggero,F,Illeso,0,,,,