Protocollo,Gruppo,DataOraIncidente,Localizzazione1,STRADA1,Localizzazione2,STRADA2,Strada02,Chilometrica,DaSpecificare,NaturaIncidente,particolaritastrade,TipoStrada,FondoStradale,Pavimentazione,Segnaletica,CondizioneAtmosferica,Traffico,Visibilita,Illuminazione,NUM_FERITI,NUM_RISERVATA,NUM_MORTI,NUM_ILLESI,Longitudine,Latitudine,Confermato,Progressivo,TipoVeicolo,StatoVeicolo,TipoPersona,Sesso,Tipolesione,Deceduto,DecedutoDopo,CinturaCascoUtilizzato,Airbag,
3971178,7,02/09/2018 17:00:00,Strada Urbana,VIA DEI RUDERI DI CASA CALDA,in prossimit�,,del palo luce n.,11,,Veicolo in marcia contro ostacolo accidentale,Rettilineo,Una carreggiata a doppio senso,Bagnato (umidit� in atto),Con buche,Orizzontale,Nuvoloso,Scarso,Buona,Ore Diurne,0,0,0,3,12.5949,41.8747,-1,1,Autovettura privata,In marcia / fermata / arresto,Passeggero,F,Illeso,0,,,,
3971193,18,02/09/2018 20:50:00,Strada Urbana,VIA DEL QUARTACCIO,all'intersezione con,VIA MONTE DEL MARMO,VIA MONTE DEL MARMO,,,Scontro frontale/laterale SX fra veicoli in marcia,Incrocio,Una carreggiata a doppio senso,Asciutto,Asfaltata,Verticale ed orizzontale,Sereno,Scarso,Buona,Sufficiente,0,0,0,3,12.3955,41.919,-1,1,Autovettura privata,In marcia / fermata / arresto,Conducente,F,Illeso,0,,,,
3971193,18,02/09/2018 20:50:00,Strada Urbana,VIA DEL QUARTACCIO,all'intersezione con,VIA MONTE DEL MARMO,VIA MONTE DEL MARMO,,,Scontro frontale/laterale SX fra veicoli in marcia,Incrocio,Una carreggiata a doppio senso,Asciutto,Asfaltata,Verticale ed orizzontale,Sereno,Scarso,Buona,Sufficiente,0,0,0,3,12.3955,41.919,-1,2,Autovettura privata,In marcia / fermata / arresto,Conducente,M,Illeso,0,,,,
3971193,18,02/09/2018 20:50:00,Strada Urbana,VIA DEL QUARTACCIO,all'intersezione con,VIA MONTE DEL MARMO,VIA MONTE DEL MARMO,,,Scontro frontale/laterale SX fra veicoli in marcia,Incrocio,Una carreggiata a doppio senso,Asciutto,Asfaltata,Verticale ed orizzontale,Sereno,Scarso,Buona,Sufficiente,0,0,0,3,12.3955,41.919,-1,2,Autovettura privata,In marcia / fermata / arresto,Passeggero,F,Illeso,0,,,,
3971207,6,02/09/2018 09:30:00,Strada Urbana,VIA DEGLI ANGELI,all'intersezione con,VIA DEI CICERI,VIA DEI CICERI,,,Scontro frontale/laterale SX fra veicoli in marcia,Intersezione stradale segnalata,Una carreggiata a doppio senso,Asciutto,Asfaltata,Verticale ed orizzontale,Sereno,Normale,Buona,Ore Diurne,1,0,0,1,12.5474,41.8725,-1,1,Autovettura privata,In marcia / fermata / arresto,Conducente,M,Illeso,0,,,,
3971207,6,02/09/2018 09:30:00,Strada Urbana,VIA DEGLI ANGELI,all'intersezione con,VIA DEI CICERI,VIA DEI CICERI,,,Scontro frontale/laterale SX fra veicoli in marcia,Intersezione stradale segnalata,Una carreggiata a doppio senso,Asciutto,Asfaltata,Verticale ed orizzontale,Sereno,Normale,Buona,Ore Diurne,1,0,0,1,12.5474,41.8725,-1,2,Autovettura privata,In marcia / fermata / arresto,Conducente,M,Rimandato,0,NON DECEDUTO,,,
3971212,17,03/09/2018 02:00:00,Strada Urbana,VIALE VATICANO,in corrispondenza,,del civico n.,86,,Ribaltamento senza urto contro ostacolo fisso,Curva senza visuale libera,Una carreggiata a doppio senso,Asciutto,Asfaltata,Verticale ed orizzontale,Nuvoloso,Scarso,Sufficiente,Sufficiente,0,0,0,1,12.4506,41.9066,-1,1,Motociclo con passeggero,In marcia / fermata / arresto,Conducente,M,Illeso,0,,,,
3971219,23,02/09/2018 21:00:00,Comunale extraurbana,VIA CRISTOFORO COLOMBO,in corrispondenza,,della chilometrica,17.5,,Infortunio per sola frenata improvvisa,Rettilineo,Due carreggiate,Asciutto,Asfaltata,Verticale ed orizzontale,Sereno,Scarso,Insufficiente,Insufficiente,0,1,0,0,12.4121,41.786,-1,1,Motociclo a solo,In marcia / fermata / arresto,Conducente,M,Prognosi riservata,0,NON DECEDUTO,Non accertato,,
3971231,20,01/09/2018 17:40:00,Strada Urbana,VIA DEI DUE PONTI,in prossimit�,,del civico n.,115,,Scontro frontale/laterale SX fra veicoli in marcia,Curva senza visuale libera,Una carreggiata a doppio senso,Bagnato (pioggia),Asfaltata,Verticale ed orizzontale,Nuvoloso,Normale,Buona,Ore Diurne,0,0,0,2,12.4734,41.9643,-1,1,Autovettura privata,In marcia / fermata / arresto,Conducente,M,Illeso,0,,Non accertato,,
3971231,20,01/09/2018 17:40:00,Strada Urbana,VIA DEI DUE PONTI,in prossimit�,,del civico n.,115,,Scontro frontale/laterale SX fra veicoli in marcia,Curva senza visuale libera,Una carreggiata a doppio senso,Bagnato (pioggia),Asfaltata,Verticale ed orizzontale,Nuvoloso,Normale,Buona,Ore Diurne,0,0,0,2,12.4734,41.9643,-1,2,Autovettura privata,In marcia / fermata / arresto,Conducente,M,Illeso,0,,Non accertato,,
3971244,17,03/09/2018,Strada Urbana,VIA DEL POLITEAMA,all'intersezione con,PIAZZA TRILUSSA,PIAZZA TRILUSSA,,,Veicolo in marcia contro ostacolo fisso,Incrocio,Una carreggiata a senso unico di marcia,Asciutto,In cubetti di porfido,Verticale,Sereno,Scarso,Sufficiente,Sufficiente,0,0,0,1,12.471,41.8909,-1,1,Autovettura privata,In marcia / fermata / arresto,Conducente,M,Illeso,0,,,,
3971251,13,01/09/2018 16:55:00,Strada Urbana,VIA DELLE GONDOLE,all'intersezione con,VIA DELLE BALEARI,VIA DELLE BALEARI,,,Scontro frontale fra veicoli in marcia,Intersezione stradale segnalata,Una carreggiata a senso unico di marcia,Asciutto,Asfaltata,Verticale,Nuvoloso,Normale,Buona,Ore Diurne,1,0,0,3,12.2766,41.7354,-1,1,Autovettura privata,In marcia / fermata / arresto,Conducente,M,Illeso,0,,,,
3971251,13,01/09/2018 16:55:00,Strada Urbana,VIA DELLE GONDOLE,all'intersezione con,VIA DELLE BALEARI,VIA DELLE BALEARI,,,Scontro frontale fra veicoli in marcia,Intersezione stradale segnalata,Una carreggiata a senso unico di marcia,Asciutto,Asfaltata,Verticale,Nuvoloso,Normale,Buona,Ore Diurne,1,0,0,3,12.2766,41.7354,-1,1,Autovettura privata,In marcia / fermata / arresto,Passeggero,F,Illeso,0,,Non accertato,Inesploso,
3971251,13,01/09/2018 16:55:00,Strada Urbana,VIA DELLE GONDOLE,all'intersezione con,VIA DELLE BALEARI,VIA DELLE BALEARI,,,Scontro frontale fra veicoli in marcia,Intersezione stradale segnalata,Una carreggiata a senso unico di marcia,Asciutto,Asfaltata,Verticale,Nuvoloso,Normale,Buona,Ore Diurne,1,0,0,3,12.2766,41.7354,-1,2,Autovettura privata,In marcia / fermata / arresto,Conducente,M,Illeso,0,,,,
3971251,13,01/09/2018 16:55:00,Strada Urbana,VIA DELLE GONDOLE,all'intersezione con,VIA DELLE BALEARI,VIA DELLE BALEARI,,,Scontro frontale fra veicoli in marcia,Intersezione stradale segnalata,Una carreggiata a senso unico di marcia,Asciutto,Asfaltata,Verticale,Nuvoloso,Normale,Buona,Ore Diurne,1,0,0,3,12.2766,41.7354,-1,2,Autovettura privata,In marcia / fermata / arresto,Passeggero,F,Rimandato,0,NON DECEDUTO,,,
3971253,7,01/09/2018 03:30:00,Strada Urbana,VIA DEI FAGGI,all'intersezione con,VIA TOR DE' SCHIAVI,VIA TOR DE' SCHIAVI,,,Scontro frontale/laterale SX fra veicoli in marcia,Incrocio,Una carreggiata a doppio senso,Asciutto,Asfaltata,Verticale ed orizzontale,Nuvoloso,Normale,Buona,Sufficiente,0,0,0,3,12.5629,41.8843,-1,1,Autoveicolo trasp.promisc.,In marcia / fermata / arresto,Conducente,M,Illeso,0,,Non accertato,Inesploso,
3971253,7,01/09/2018 03:30:00,Strada Urbana,VIA DEI FAGGI,all'intersezione con,VIA TOR DE' SCHIAVI,VIA TOR DE' SCHIAVI,,,Scontro frontale/laterale SX fra veicoli in marcia,Incrocio,Una carreggiata a doppio senso,Asciutto,Asfaltata,Verticale ed orizzontale,Nuvoloso,Normale,Buona,Sufficiente,0,0,0,3,12.5629,41.8843,-1,1,Autoveicolo trasp.promisc.,In marcia / fermata / arresto,Passeggero,M,Illeso,0,,Non accertato,Inesploso,
3971253,7,01/09/2018 03:30:00,Strada Urbana,VIA DEI FAGGI,all'intersezione con,VIA TOR DE' SCHIAVI,VIA TOR DE' SCHIAVI,,,Scontro frontale/laterale SX fra veicoli in marcia,Incrocio,Una carreggiata a doppio senso,Asciutto,Asfaltata,Verticale ed orizzontale,Nuvoloso,Normale,Buona,Sufficiente,0,0,0,3,12.5629,41.8843,-1,2,Autovettura privata,In marcia / fermata / arresto,Conducente,F,Illeso,0,,Non accertato,Inesploso,
3971255,20,01/09/2018 03:00:00,Strada Urbana,VIA VILFREDO PARETO,in prossimit�,,del civico n.,43,,Scontro frontale fra veicoli in marcia,Curva senza visuale libera,Una carreggiata a doppio senso,Bagnato (pioggia),Asfaltata,Orizzontale,Pioggia in atto,Scarso,Sufficiente,Sufficiente,0,0,0,4,12.4654,41.9503,-1,1,Quadriciclo leggero,In marcia / fermata / arresto,Conducente,F,Illeso,0,,,,
3971255,20,01/09/2018 03:00:00,Strada Urbana,VIA VILFREDO PARETO,in prossimit�,,del civico n.,43,,Scontro frontale fra veicoli in marcia,Curva senza visuale libera,Una carreggiata a doppio senso,Bagnato (pioggia),Asfaltata,Orizzontale,Pioggia in atto,Scarso,Sufficiente,Sufficiente,0,0,0,4,12.4654,41.9503,-1,1,Quadriciclo leggero,In marcia / fermata / arresto,Passeggero,F,Illeso,0,,,,
3971255,20,01/09/2018 03:00:00,Strada Urbana,VIA VILFREDO PARETO,in prossimit�,,del civico n.,43,,Scontro frontale fra veicoli in marcia,Curva senza visuale libera,Una carreggiata a doppio senso,Bagnato (pioggia),Asfaltata,Orizzontale,Pioggia in atto,Scarso,Sufficiente,Sufficiente,0,0,0,4,12.4654,41.9503,-1,2,Autovettura privata,In marcia / fermata / arresto,Conducente,F,Illeso,0,,,,
3971255,20,01/09/2018 03:00:00,Strada Urbana,VIA VILFREDO PARETO,in prossimit�,,del civico n.,43,,Scontro frontale fra veicoli in marcia,Curva senza visuale libera,Una carreggiata a doppio senso,Bagnato (pioggia),Asfaltata,Orizzontale,Pioggia in atto,Scarso,Sufficiente,Sufficiente,0,0,0,4,12.4654,41.9503,-1,2,Autovettura privata,In marcia / fermata / arresto,Passeggero,F,Illeso,0,,,,
3971276,4,01/09/2018 16:00:00,Strada Urbana,VIA MONTE CERVIALTO,in prossimit�,,del civico n.,41,,Tamponamento,Rettilineo,Una carreggiata a doppio senso,Asciutto,Asfaltata,Verticale ed orizzontale,Sereno,Scarso,Buona,Ore Diurne,0,0,0,3,12.5258,41.9509,-1,1,Autovettura di polizia,In marcia / fermata / arresto,Conducente,M,Illeso,0,,,,
3971276,4,01/09/2018 16:00:00,Strada Urbana,VIA MONTE CERVIALTO,in prossimit�,,del civico n.,41,,Tamponamento,Rettilineo,Una carreggiata a doppio senso,Asciutto,Asfaltata,Verticale ed orizzontale,Sereno,Scarso,Buona,Ore Diurne,0,0,0,3,12.5258,41.9509,-1,1,Autovettura di polizia,In marcia / fermata / arresto,Passeggero,M,Illeso,0,,,,
3971276,4,01/09/2018 16:00:00,Strada Urbana,VIA MONTE CERVIALTO,in prossimit�,,del civico n.,41,,Tamponamento,Rettilineo,Una carreggiata a doppio senso,Asciutto,Asfaltata,Verticale ed orizzontale,Sereno,Scarso,Buona,Ore Diurne,0,0,0,3,12.5258,41.9509,-1,2,Autovettura privata,In marcia / fermata / arresto,Conducente,M,Illeso,0,,,,
3971278,4,01/09/2018 17:00:00,Strada Urbana,VIA GIOVANNI CONTI,da specificare,,,,alt. svincolo V. Vigne Nuove,Tamponamento,Curva a visuale libera,Una carreggiata a senso unico di marcia,Asciutto,Asfaltata,Verticale ed orizzontale,Nuvoloso,Normale,Buona,Ore Diurne,0,0,0,4,12.5316,41.9551,-1,1,Autovettura privata,In marcia / fermata / arresto,Conducente,M,Illeso,0,,,,
3971278,4,01/09/2018 17:00:00,Strada Urbana,VIA GIOVANNI CONTI,da specificare,,,,alt. svincolo V. Vigne Nuove,Tamponamento,Curva a visuale libera,Una carreggiata a senso unico di marcia,Asciutto,Asfaltata,Verticale ed orizzontale,Nuvoloso,Normale,Buona,Ore Diurne,0,0,0,4,12.5316,41.9551,-1,1,Autovettura privata,In marcia / fermata / arresto,Passeggero,F,Illeso,0,,,,
3971278,4,01/09/2018 17:00:00,Strada Urbana,VIA GIOVANNI CONTI,da specificare,,,,alt. svincolo V. Vigne Nuove,Tamponamento,Curva a visuale libera,Una carreggiata a senso unico di marcia,Asciutto,Asfaltata,Verticale ed orizzontale,Nuvoloso,Normale,Buona,Ore Diurne,0,0,0,4,12.5316,41.9551,-1,1,Autovettura privata,In marcia / fermata / arresto,Passeggero,F,Illeso,0,,,,
3971278,4,01/09/2018 17:00:00,Strada Urbana,VIA GIOVANNI CONTI,da specificare,,,,alt. svincolo V. Vigne Nuove,Tamponamento,Curva a visuale libera,Una carreggiata a senso unico di marcia,Asciutto,Asfaltata,Verticale ed orizzontale,Nuvoloso,Normale,Buona,Ore Diurne,0,0,0,4,12.5316,41.9551,-1,2,Autovettura privata,In marcia / fermata / arresto,Conducente,M,Illeso,0,,,,
3971286,13,01/09/2018 17:15:00,Strada Urbana,VIA DELL'APPAGLIATORE,all'intersezione con,VIA DELLE EBRIDI,VIA DELLE EBRIDI,,,Scontro frontale/laterale SX fra veicoli in marcia,Intersezione stradale segnalata,Due carreggiate,Asciutto,Asfaltata,Verticale ed orizzontale,Nuvoloso,Intenso,Buona,Ore Diurne,0,0,0,2,12.2643,41.7395,-1,1,Autovettura privata,In marcia / fermata / arresto,Conducente,F,Illeso,0,,Non accertato,Inesploso,
3971286,13,01/09/2018 17:15:00,Strada Urbana,VIA DELL'APPAGLIATORE,all'intersezione con,VIA DELLE EBRIDI,VIA DELLE EBRIDI,,,Scontro frontale/laterale SX fra veicoli in marcia,Intersezione stradale segnalata,Due carreggiate,Asciutto,Asfaltata,Verticale ed orizzontale,Nuvoloso,Intenso,Buona,Ore Diurne,0,0,0,2,12.2643,41.7395,-1,2,Autovettura privata,In marcia / fermata / arresto,Conducente,F,Illeso,0,,Non accertato,Inesploso,
3971290,19,02/09/2018 15:27:00,Strada Urbana,VIA TRIONFALE,in corrispondenza,,del civico n.,11539,,Tamponamento Multiplo,Rettilineo,Una carreggiata a doppio senso,Asciutto,Asfaltata,Verticale ed orizzontale,Sereno,Normale,Buona,Ore Diurne,0,0,0,5,12.4088,41.9619,-1,1,Autovettura privata,In marcia / fermata / arresto,Conducente,M,Illeso,0,,Non accertato,Inesploso,
3971290,19,02/09/2018 15:27:00,Strada Urbana,VIA TRIONFALE,in corrispondenza,,del civico n.,11539,,Tamponamento Multiplo,Rettilineo,Una carreggiata a doppio senso,Asciutto,Asfaltata,Verticale ed orizzontale,Sereno,Normale,Buona,Ore Diurne,0,0,0,5,12.4088,41.9619,-1,2,Autovettura privata,In marcia / fermata / arresto,Conducente,F,Illeso,0,,Non accertato,Inesploso,
3971290,19,02/09/2018 15:27:00,Strada Urbana,VIA TRIONFALE,in corrispondenza,,del civico n.,11539,,Tamponamento Multiplo,Rettilineo,Una carreggiata a doppio senso,Asciutto,Asfaltata,Verticale ed orizzontale,Sereno,Normale,Buona,Ore Diurne,0,0,0,5,12.4088,41.9619,-1,2,Autovettura privata,In marcia / fermata / arresto,Passeggero,F,Illeso,0,,Non accertato,Inesploso,
3971290,19,02/09/2018 15:27:00,Strada Urbana,VIA TRIONFALE,in corrispondenza,,del civico n.,11539,,Tamponamento Multiplo,Rettilineo,Una carreggiata a doppio senso,Asciutto,Asfaltata,Verticale ed orizzontale,Sereno,Normale,Buona,Ore Diurne,0,0,0,5,12.4088,41.9619,-1,3,Autocarro inferiore 35 q.,In marcia / fermata / arresto,Conducente,M,Illeso,0,,Non accertato,Inesploso,
3971290,19,02/09/2018 15:27:00,Strada Urbana,VIA TRIONFALE,in corrispondenza,,del civico n.,11539,,Tamponamento Multiplo,Rettilineo,Una carreggiata a doppio senso,Asciutto,Asfaltata,Verticale ed orizzontale,Sereno,Normale,Buona,Ore Diurne,0,0,0,5,12.4088,41.9619,-1,3,Autocarro inferiore 35 q.,In marcia / fermata / arresto,Passeggero,F,Illeso,0,,Non accertato,Inesploso,
3971291,23,01/09/2018 10:00:00,Comunale extraurbana,VIA CRISTOFORO COLOMBO,all'intersezione semaforizzata con,VIA DI CASAL PALOCCO,VIA DI CASAL PALOCCO,,,Scontro frontale/laterale DX fra veicoli in marcia,Intersezione semaforizzata,Pi� di due carreggiate,Asciutto,Asfaltata,Verticale ed orizzontale,Nuvoloso,Scarso,Buona,Ore Diurne,0,0,0,2,12.4121,41.786,-1,1,Autovettura privata,In marcia / fermata / arresto,Conducente,F,Illeso,0,,Non accertato,Inesploso,
3971291,23,01/09/2018 10:00:00,Comunale extraurbana,VIA CRISTOFORO COLOMBO,all'intersezione semaforizzata con,VIA DI CASAL PALOCCO,VIA DI CASAL PALOCCO,,,Scontro frontale/laterale DX fra veicoli in marcia,Intersezione semaforizzata,Pi� di due carreggiate,Asciutto,Asfaltata,Verticale ed orizzontale,Nuvoloso,Scarso,Buona,Ore Diurne,0,0,0,2,12.4121,41.786,-1,2,Autovettura privata,In marcia / fermata / arresto,Conducente,M,Illeso,0,,Non accertato,Inesploso,
3971296,4,02/09/2018 16:55:00,Strada Urbana,VIA UGO OJETTI,in corrispondenza,,del civico n.,61,,Scontro frontale/laterale DX fra veicoli in marcia,Rettilineo,Due carreggiate,Asciutto,Asfaltata,Verticale ed orizzontale,Sereno,Scarso,Buona,Ore Diurne,0,0,0,2,12.5498,41.9441,-1,1,Autovettura privata,In marcia / fermata / arresto,Conducente,F,Illeso,0,,,,
3971296,4,02/09/2018 16:55:00,Strada Urbana,VIA UGO OJETTI,in corrispondenza,,del civico n.,61,,Scontro frontale/laterale DX fra veicoli in marcia,Rettilineo,Due carreggiate,Asciutto,Asfaltata,Verticale ed orizzontale,Sereno,Scarso,Buona,Ore Diurne,0,0,0,2,12.5498,41.9441,-1,2,Autovettura privata,In marcia / fermata / arresto,Conducente,M,Illeso,0,,,,
3971307,1,02/09/2018 00:35:00,Strada Urbana,VIA DEL VIMINALE,all'intersezione con,VIA TORINO,VIA TORINO,,,Scontro laterale fra veicoli in marcia,Incrocio,Una carreggiata a senso unico di marcia,Asciutto,Asfaltata,Verticale ed orizzontale,Sereno,Scarso,Sufficiente,Sufficiente,0,0,0,3,12.4963,41.9005,-1,1,Autovettura privata,In marcia / fermata / arresto,Conducente,M,Illeso,0,,Non accertato,Inesploso,
3971307,1,02/09/2018 00:35:00,Strada Urbana,VIA DEL VIMINALE,all'intersezione con,VIA TORINO,VIA TORINO,,,Scontro laterale fra veicoli in marcia,Incrocio,Una carreggiata a senso unico di marcia,Asciutto,Asfaltata,Verticale ed orizzontale,Sereno,Scarso,Sufficiente,Sufficiente,0,0,0,3,12.4963,41.9005,-1,1,Autovettura privata,In marcia / fermata / arresto,Passeggero,M,Illeso,0,,Non accertato,Inesploso,
3971307,1,02/09/2018 00:35:00,Strada Urbana,VIA DEL VIMINALE,all'intersezione con,VIA TORINO,VIA TORINO,,,Scontro laterale fra veicoli in marcia,Incrocio,Una carreggiata a senso unico di marcia,Asciutto,Asfaltata,Verticale ed orizzontale,Sereno,Scarso,Sufficiente,Sufficiente,0,0,0,3,12.4963,41.9005,-1,2,Autovettura privata,In marcia / fermata / arresto,Conducente,M,Illeso,0,,Non accertato,Inesploso,
3971308,5,01/09/2018 04:45:00,Strada Urbana,VIA NAPOLEONE III,in corrispondenza,,del civico n.,3,,Investimento di pedone,Rettilineo,Una carreggiata a doppio senso,Bagnato (pioggia),Asfaltata,Verticale ed orizzontale,Nuvoloso,Scarso,Sufficiente,Sufficiente,1,0,0,2,12.5005,41.8977,-1,,,,Pedone,F,Rimandato,0,NON DECEDUTO,,,
3971308,5,01/09/2018 04:45:00,Strada Urbana,VIA NAPOLEONE III,in corrispondenza,,del civico n.,3,,Investimento di pedone,Rettilineo,Una carreggiata a doppio senso,Bagnato (pioggia),Asfaltata,Verticale ed orizzontale,Nuvoloso,Scarso,Sufficiente,Sufficiente,1,0,0,2,12.5005,41.8977,-1,1,Autovettura privata,In marcia / fermata / arresto,Conducente,M,Illeso,0,,Non accertato,Inesploso,
3971308,5,01/09/2018 04:45:00,Strada Urbana,VIA NAPOLEONE III,in corrispondenza,,del civico n.,3,,Investimento di pedone,Rettilineo,Una carreggiata a doppio senso,Bagnato (pioggia),Asfaltata,Verticale ed orizzontale,Nuvoloso,Scarso,Sufficiente,Sufficiente,1,0,0,2,12.5005,41.8977,-1,1,Autovettura privata,In marcia / fermata / arresto,Passeggero,M,Illeso,0,,Non accertato,Inesploso,
3971310,13,01/09/2018 19:10:00,Strada Urbana,VIA CARLO CASINI,all'intersezione con,VIA PIETRO BENEDETTI,VIA PIETRO BENEDETTI,,,Scontro frontale/laterale SX fra veicoli in marcia,Incrocio,Una carreggiata a doppio senso,Asciutto,Asfaltata,Verticale ed orizzontale,Sereno,Normale,Buona,Ore Diurne,2,0,0,4,12.3374,41.7823,-1,1,Autovettura privata,In marcia / fermata / arresto,Conducente,M,Rifiuta cure immediate,0,NON DECEDUTO,Non accertato,Inesploso,
3971310,13,01/09/2018 19:10:00,Strada Urbana,VIA CARLO CASINI,all'intersezione con,VIA PIETRO BENEDETTI,VIA PIETRO BENEDETTI,,,Scontro frontale/laterale SX fra veicoli in marcia,Incrocio,Una carreggiata a doppio senso,Asciutto,Asfaltata,Verticale ed orizzontale,Sereno,Normale,Buona,Ore Diurne,2,0,0,4,12.3374,41.7823,-1,1,Autovettura privata,In marcia / fermata / arresto,Passeggero,F,Rimandato,0,NON DECEDUTO,Non accertato,Inesploso,
3971310,13,01/09/2018 19:10:00,Strada Urbana,VIA CARLO CASINI,all'intersezione con,VIA PIETRO BENEDETTI,VIA PIETRO BENEDETTI,,,Scontro frontale/laterale SX fra veicoli in marcia,Incrocio,Una carreggiata a doppio senso,Asciutto,Asfaltata,Verticale ed orizzontale,Sereno,Normale,Buona,Ore Diurne,2,0,0,4,12.3374,41.7823,-1,2,Autovettura privata,In marcia / fermata / arresto,Conducente,M,Illeso,0,,Non accertato,Inesploso,
3971310,13,01/09/2018 19:10:00,Strada Urbana,VIA CARLO CASINI,all'intersezione con,VIA PIETRO BENEDETTI,VIA PIETRO BENEDETTI,,,Scontro frontale/laterale SX fra veicoli in marcia,Incrocio,Una carreggiata a doppio senso,Asciutto,Asfaltata,Verticale ed orizzontale,Sereno,Normale,Buona,Ore Diurne,2,0,0,4,12.3374,41.7823,-1,2,Autovettura privata,In marcia / fermata / arresto,Passeggero,F,Illeso,0,,,,
3971310,13,01/09/2018 19:10:00,Strada Urbana,VIA CARLO CASINI,all'intersezione con,VIA PIETRO BENEDETTI,VIA PIETRO BENEDETTI,,,Scontro frontale/laterale SX fra veicoli in marcia,Incrocio,Una carreggiata a doppio senso,Asciutto,Asfaltata,Verticale ed orizzontale,Sereno,Normale,Buona,Ore Diurne,2,0,0,4,12.3374,41.7823,-1,2,Autovettura privata,In marcia / fermata / arresto,Passeggero,F,Illeso,0,,,,
3971310,13,01/09/2018 19:10:00,Strada Urbana,VIA CARLO CASINI,all'intersezione con,VIA PIETRO BENEDETTI,VIA PIETRO BENEDETTI,,,Scontro frontale/laterale SX fra veicoli in marcia,Incrocio,Una carreggiata a doppio senso,Asciutto,Asfaltata,Verticale ed orizzontale,Sereno,Normale,Buona,Ore Diurne,2,0,0,4,12.3374,41.7823,-1,2,Autovettura privata,In marcia / fermata / arresto,Passeggero,M,Illeso,0,,,,
3971314,5,01/09/2018 14:20:00,,VIA TINO BUAZZELLI,da specificare,,,,prossimit� Via Casal di San Basilio,Investimento di pedone,,,,,,,,,,1,0,0,0,12.5688,41.9443,0,,,,Pedone,F,Rimandato,0,NON DECEDUTO,,,
3971318,20,02/09/2018 01:45:00,Provinciale entro l'abitato,VIA TIBERINA,in prossimit�,,del civico n.,212,,Scontro frontale/laterale SX fra veicoli in marcia,Rettilineo,Una carreggiata a doppio senso,Asciutto,Asfaltata,Verticale ed orizzontale,Sereno,Scarso,Sufficiente,Sufficiente,5,0,0,0,12.5029,42.0129,-1,1,Autovettura privata,In marcia / fermata / arresto,Conducente,F,Rimandato,0,NON DECEDUTO,Non accertato,Esploso,
3971318,20,02/09/2018 01:45:00,Provinciale entro l'abitato,VIA TIBERINA,in prossimit�,,del civico n.,212,,Scontro frontale/laterale SX fra veicoli in marcia,Rettilineo,Una carreggiata a doppio senso,Asciutto,Asfaltata,Verticale ed orizzontale,Sereno,Scarso,Sufficiente,Sufficiente,5,0,0,0,12.5029,42.0129,-1,1,Autovettura privata,In marcia / fermata / arresto,Passeggero,F,Rimandato,0,NON DECEDUTO,Non accertato,Esploso,
3971318,20,02/09/2018 01:45:00,Provinciale entro l'abitato,VIA TIBERINA,in prossimit�,,del civico n.,212,,Scontro frontale/laterale SX fra veicoli in marcia,Rettilineo,Una carreggiata a doppio senso,Asciutto,Asfaltata,Verticale ed orizzontale,Sereno,Scarso,Sufficiente,Sufficiente,5,0,0,0,12.5029,42.0129,-1,2,Autovettura privata,In marcia / fermata / arresto,Conducente,M,Rimandato,0,NON DECEDUTO,Non accertato,Esploso,
3971318,20,02/09/2018 01:45:00,Provinciale entro l'abitato,VIA TIBERINA,in prossimit�,,del civico n.,212,,Scontro frontale/laterale SX fra veicoli in marcia,Rettilineo,Una carreggiata a doppio senso,Asciutto,Asfaltata,Verticale ed orizzontale,Sereno,Scarso,Sufficiente,Sufficiente,5,0,0,0,12.5029,42.0129,-1,2,Autovettura privata,In marcia / fermata / arresto,Passeggero,F,Rimandato,0,NON DECEDUTO,Non accertato,Esploso,
3971318,20,02/09/2018 01:45:00,Provinciale entro l'abitato,VIA TIBERINA,in prossimit�,,del civico n.,212,,Scontro frontale/laterale SX fra veicoli in marcia,Rettilineo,Una carreggiata a doppio senso,Asciutto,Asfaltata,Verticale ed orizzontale,Sereno,Scarso,Sufficiente,Sufficiente,5,0,0,0,12.5029,42.0129,-1,2,Autovettura privata,In marcia / fermata / arresto,Passeggero,M,Rimandato,0,NON DECEDUTO,Non accertato,Inesploso,
3971322,4,01/09/2018 11:20:00,Statale entro l'abitato,VIA SALARIA,in prossimit�,,della chilometrica,12.3,,Tamponamento Multiplo,Rettilineo,Due carreggiate,Asciutto,Asfaltata,Verticale ed orizzontale,Sereno,Scarso,Buona,Ore Diurne,0,0,0,3,12.514,41.9921,-1,1,Autovettura privata,In marcia / fermata / arresto,Conducente,M,Illeso,0,,Non accertato,,
3971322,4,01/09/2018 11:20:00,Statale entro l'abitato,VIA SALARIA,in prossimit�,,della chilometrica,12.3,,Tamponamento Multiplo,Rettilineo,Due carreggiate,Asciutto,Asfaltata,Verticale ed orizzontale,Sereno,Scarso,Buona,Ore Diurne,0,0,0,3,12.514,41.9921,-1,2,Velocipede,In marcia / fermata / arresto,Conducente,M,Illeso,0,,Esente,,