Protocollo,Gruppo,DataOraIncidente,Localizzazione1,STRADA1,Localizzazione2,STRADA2,Strada02,Chilometrica,DaSpecificare,NaturaIncidente,particolaritastrade,TipoStrada,FondoStradale,Pavimentazione,Segnaletica,CondizioneAtmosferica,Traffico,Visibilita,Illuminazione,NUM_FERITI,NUM_RISERVATA,NUM_MORTI,NUM_ILLESI,Longitudine,Latitudine,Confermato,Progressivo,TipoVeicolo,StatoVeicolo,TipoPersona,Sesso,Tipolesione,Deceduto,DecedutoDopo,CinturaCascoUtilizzato,Airbag,
3971322,4,01/09/2018 11:20:00,Statale entro l'abitato,VIA SALARIA,in prossimit�,,della chilometrica,12.3,,Tamponamento Multiplo,Rettilineo,Due carreggiate,Asciutto,Asfaltata,Verticale ed orizzontale,Sereno,Scarso,Buona,Ore Diurne,0,0,0,3,12.514,41.9921,-1,3,Velocipede,In marcia / fermata / arresto,Conducente,M,Illeso,0,,Esente,,
3971327,5,01/09/2018 19:30:00,Strada Urbana,VIA FILIPPO MEDA,all'intersezione con,VIA ACHILLE BENEDETTI,VIA ACHILLE BENEDETTI,,,Scontro laterale fra veicoli in marcia,Incrocio,Una carreggiata a doppio senso,Asciutto,Asfaltata,Verticale ed orizzontale,Sereno,Normale,Buona,Ore Diurne,0,0,0,3,12.5435,41.9132,-1,1,Autovettura privata,In marcia / fermata / arresto,Conducente,F,Illeso,0,,Utilizzato,Esploso,
3971327,5,01/09/2018 19:30:00,Strada Urbana,VIA FILIPPO MEDA,all'intersezione con,VIA ACHILLE BENEDETTI,VIA ACHILLE BENEDETTI,,,Scontro laterale fra veicoli in marcia,Incrocio,Una carreggiata a doppio senso,Asciutto,Asfaltata,Verticale ed orizzontale,Sereno,Normale,Buona,Ore Diurne,0,0,0,3,12.5435,41.9132,-1,2,Autovettura privata,In marcia / fermata / arresto,Conducente,M,Illeso,0,,Non accertato,Inesploso,
3971327,5,01/09/2018 19:30:00,Strada Urbana,VIA FILIPPO MEDA,all'intersezione con,VIA ACHILLE BENEDETTI,VIA ACHILLE BENEDETTI,,,Scontro laterale fra veicoli in marcia,Incrocio,Una carreggiata a doppio senso,Asciutto,Asfaltata,Verticale ed orizzontale,Sereno,Normale,Buona,Ore Diurne,0,0,0,3,12.5435,41.9132,-1,2,Autovettura privata,In marcia / fermata / arresto,Passeggero,F,Illeso,0,,Utilizzato,Inesistente,
3971334,5,01/09/2018 23:00:00,Strada Urbana,VIA PIEVEBOVIGLIANA,all'intersezione con,VIA CORINALDO,VIA CORINALDO,,,Scontro frontale/laterale DX fra veicoli in marcia,Incrocio,Una carreggiata a doppio senso,Asciutto,Asfaltata,Verticale,Sereno,Scarso,Sufficiente,Sufficiente,4,0,0,3,12.587,41.9393,-1,1,Autovettura privata,In marcia / fermata / arresto,Conducente,F,Rimandato,0,NON DECEDUTO,Non accertato,,
3971334,5,01/09/2018 23:00:00,Strada Urbana,VIA PIEVEBOVIGLIANA,all'intersezione con,VIA CORINALDO,VIA CORINALDO,,,Scontro frontale/laterale DX fra veicoli in marcia,Incrocio,Una carreggiata a doppio senso,Asciutto,Asfaltata,Verticale,Sereno,Scarso,Sufficiente,Sufficiente,4,0,0,3,12.587,41.9393,-1,1,Autovettura privata,In marcia / fermata / arresto,Passeggero,F,Illeso,0,,,,
3971334,5,01/09/2018 23:00:00,Strada Urbana,VIA PIEVEBOVIGLIANA,all'intersezione con,VIA CORINALDO,VIA CORINALDO,,,Scontro frontale/laterale DX fra veicoli in marcia,Incrocio,Una carreggiata a doppio senso,Asciutto,Asfaltata,Verticale,Sereno,Scarso,Sufficiente,Sufficiente,4,0,0,3,12.587,41.9393,-1,1,Autovettura privata,In marcia / fermata / arresto,Passeggero,F,Illeso,0,,Non accertato,,
3971334,5,01/09/2018 23:00:00,Strada Urbana,VIA PIEVEBOVIGLIANA,all'intersezione con,VIA CORINALDO,VIA CORINALDO,,,Scontro frontale/laterale DX fra veicoli in marcia,Incrocio,Una carreggiata a doppio senso,Asciutto,Asfaltata,Verticale,Sereno,Scarso,Sufficiente,Sufficiente,4,0,0,3,12.587,41.9393,-1,1,Autovettura privata,In marcia / fermata / arresto,Passeggero,F,Rimandato,0,NON DECEDUTO,Non accertato,,
3971334,5,01/09/2018 23:00:00,Strada Urbana,VIA PIEVEBOVIGLIANA,all'intersezione con,VIA CORINALDO,VIA CORINALDO,,,Scontro frontale/laterale DX fra veicoli in marcia,Incrocio,Una carreggiata a doppio senso,Asciutto,Asfaltata,Verticale,Sereno,Scarso,Sufficiente,Sufficiente,4,0,0,3,12.587,41.9393,-1,2,Autovettura privata,In marcia / fermata / arresto,Conducente,M,Rimandato,0,NON DECEDUTO,Non accertato,,
3971334,5,01/09/2018 23:00:00,Strada Urbana,VIA PIEVEBOVIGLIANA,all'intersezione con,VIA CORINALDO,VIA CORINALDO,,,Scontro frontale/laterale DX fra veicoli in marcia,Incrocio,Una carreggiata a doppio senso,Asciutto,Asfaltata,Verticale,Sereno,Scarso,Sufficiente,Sufficiente,4,0,0,3,12.587,41.9393,-1,2,Autovettura privata,In marcia / fermata / arresto,Passeggero,M,Rimandato,0,NON DECEDUTO,Non accertato,,
3971348,20,01/09/2018 17:00:00,Strada Urbana,VIA CASSIA,in prossimit�,,del civico n.,2019,,Tamponamento,Rettilineo,Una carreggiata a doppio senso,Bagnato (pioggia),Asfaltata,Verticale ed orizzontale,Pioggia in atto,Intenso,Sufficiente,Ore Diurne,1,0,0,2,12.3754,42.0324,-1,1,Autovettura privata,In marcia / fermata / arresto,Conducente,M,Illeso,0,,,,
3971348,20,01/09/2018 17:00:00,Strada Urbana,VIA CASSIA,in prossimit�,,del civico n.,2019,,Tamponamento,Rettilineo,Una carreggiata a doppio senso,Bagnato (pioggia),Asfaltata,Verticale ed orizzontale,Pioggia in atto,Intenso,Sufficiente,Ore Diurne,1,0,0,2,12.3754,42.0324,-1,1,Autovettura privata,In marcia / fermata / arresto,Passeggero,F,Rimandato,0,NON DECEDUTO,Non accertato,,
3971348,20,01/09/2018 17:00:00,Strada Urbana,VIA CASSIA,in prossimit�,,del civico n.,2019,,Tamponamento,Rettilineo,Una carreggiata a doppio senso,Bagnato (pioggia),Asfaltata,Verticale ed orizzontale,Pioggia in atto,Intenso,Sufficiente,Ore Diurne,1,0,0,2,12.3754,42.0324,-1,2,Autovettura privata,In marcia / fermata / arresto,Conducente,M,Illeso,0,,Non accertato,,
3971355,5,02/09/2018 09:45:00,Strada Urbana,VIA MORROVALLE,all'intersezione con,VIA MONTEGIORGIO,VIA MONTEGIORGIO,,,Scontro frontale/laterale SX fra veicoli in marcia,Incrocio,Due carreggiate,Asciutto,Asfaltata,Verticale ed orizzontale,Sereno,Scarso,Buona,Ore Diurne,2,0,0,2,12.5874,41.9411,-1,1,Autovettura di polizia,In marcia / fermata / arresto,Conducente,M,Rimandato,0,NON DECEDUTO,Non accertato,Inesploso,
3971355,5,02/09/2018 09:45:00,Strada Urbana,VIA MORROVALLE,all'intersezione con,VIA MONTEGIORGIO,VIA MONTEGIORGIO,,,Scontro frontale/laterale SX fra veicoli in marcia,Incrocio,Due carreggiate,Asciutto,Asfaltata,Verticale ed orizzontale,Sereno,Scarso,Buona,Ore Diurne,2,0,0,2,12.5874,41.9411,-1,1,Autovettura di polizia,In marcia / fermata / arresto,Passeggero,M,Rimandato,0,NON DECEDUTO,Non accertato,Inesploso,
3971355,5,02/09/2018 09:45:00,Strada Urbana,VIA MORROVALLE,all'intersezione con,VIA MONTEGIORGIO,VIA MONTEGIORGIO,,,Scontro frontale/laterale SX fra veicoli in marcia,Incrocio,Due carreggiate,Asciutto,Asfaltata,Verticale ed orizzontale,Sereno,Scarso,Buona,Ore Diurne,2,0,0,2,12.5874,41.9411,-1,2,Autovettura privata,In marcia / fermata / arresto,Conducente,M,Illeso,0,,Non accertato,Inesploso,
3971355,5,02/09/2018 09:45:00,Strada Urbana,VIA MORROVALLE,all'intersezione con,VIA MONTEGIORGIO,VIA MONTEGIORGIO,,,Scontro frontale/laterale SX fra veicoli in marcia,Incrocio,Due carreggiate,Asciutto,Asfaltata,Verticale ed orizzontale,Sereno,Scarso,Buona,Ore Diurne,2,0,0,2,12.5874,41.9411,-1,2,Autovettura privata,In marcia / fermata / arresto,Passeggero,F,Illeso,0,,Non accertato,Inesploso,
3971363,4,01/09/2018 06:45:00,Provinciale entro l'abitato,VIA NOMENTANA,all'intersezione con,VIALE KANT,VIALE KANT,,,Tamponamento,Intersezione semaforizzata,Una carreggiata a doppio senso,Bagnato (pioggia),Asfaltata,Verticale ed orizzontale,Nuvoloso,Scarso,Buona,Ore Diurne,0,0,0,2,12.5728,41.9579,-1,1,Autovettura privata,In marcia / fermata / arresto,Conducente,M,Illeso,0,,,,
3971363,4,01/09/2018 06:45:00,Provinciale entro l'abitato,VIA NOMENTANA,all'intersezione con,VIALE KANT,VIALE KANT,,,Tamponamento,Intersezione semaforizzata,Una carreggiata a doppio senso,Bagnato (pioggia),Asfaltata,Verticale ed orizzontale,Nuvoloso,Scarso,Buona,Ore Diurne,0,0,0,2,12.5728,41.9579,-1,2,Autovettura privata,In marcia / fermata / arresto,Conducente,M,Illeso,0,,,,
3971366,20,01/09/2018 16:45:00,Regionale entro l'abitato,VIA CASSIA,in corrispondenza,,del civico n.,1272 D,,Tamponamento,Rettilineo,Una carreggiata a doppio senso,Bagnato (umidit� in atto),Asfaltata,Verticale ed orizzontale,Nebbia,Normale,Buona,Ore Diurne,0,0,0,5,12.4094,41.9837,-1,1,Autovettura privata,In marcia / fermata / arresto,Conducente,M,Illeso,0,,,,
3971366,20,01/09/2018 16:45:00,Regionale entro l'abitato,VIA CASSIA,in corrispondenza,,del civico n.,1272 D,,Tamponamento,Rettilineo,Una carreggiata a doppio senso,Bagnato (umidit� in atto),Asfaltata,Verticale ed orizzontale,Nebbia,Normale,Buona,Ore Diurne,0,0,0,5,12.4094,41.9837,-1,1,Autovettura privata,In marcia / fermata / arresto,Passeggero,M,Illeso,0,,,,
3971366,20,01/09/2018 16:45:00,Regionale entro l'abitato,VIA CASSIA,in corrispondenza,,del civico n.,1272 D,,Tamponamento,Rettilineo,Una carreggiata a doppio senso,Bagnato (umidit� in atto),Asfaltata,Verticale ed orizzontale,Nebbia,Normale,Buona,Ore Diurne,0,0,0,5,12.4094,41.9837,-1,1,Autovettura privata,In marcia / fermata / arresto,Passeggero,F,Illeso,0,,,,
3971366,20,01/09/2018 16:45:00,Regionale entro l'abitato,VIA CASSIA,in corrispondenza,,del civico n.,1272 D,,Tamponamento,Rettilineo,Una carreggiata a doppio senso,Bagnato (umidit� in atto),Asfaltata,Verticale ed orizzontale,Nebbia,Normale,Buona,Ore Diurne,0,0,0,5,12.4094,41.9837,-1,2,Autovettura privata,In marcia / fermata / arresto,Conducente,M,Illeso,0,,,,
3971366,20,01/09/2018 16:45:00,Regionale entro l'abitato,VIA CASSIA,in corrispondenza,,del civico n.,1272 D,,Tamponamento,Rettilineo,Una carreggiata a doppio senso,Bagnato (umidit� in atto),Asfaltata,Verticale ed orizzontale,Nebbia,Normale,Buona,Ore Diurne,0,0,0,5,12.4094,41.9837,-1,2,Autovettura privata,In marcia / fermata / arresto,Passeggero,F,Illeso,0,,,,
3971369,19,02/09/2018 11:40:00,Strada Urbana,VIA EMMA CARELLI,in corrispondenza,,del civico n.,92,,Tamponamento,Rettilineo,Una carreggiata a senso unico di marcia,Asciutto,Asfaltata,Assente,Sereno,Scarso,Buona,Ore Diurne,0,0,0,2,12.4224,41.9246,-1,1,Autovettura privata,In marcia / fermata / arresto,Conducente,M,Illeso,0,,Non accertato,Inesploso,
3971369,19,02/09/2018 11:40:00,Strada Urbana,VIA EMMA CARELLI,in corrispondenza,,del civico n.,92,,Tamponamento,Rettilineo,Una carreggiata a senso unico di marcia,Asciutto,Asfaltata,Assente,Sereno,Scarso,Buona,Ore Diurne,0,0,0,2,12.4224,41.9246,-1,2,Autovettura privata,In marcia / fermata / arresto,Conducente,M,Illeso,0,,Non accertato,Inesploso,
3971377,4,02/09/2018 10:30:00,Strada Urbana,PIAZZA DELL'ATENEO SALESIANO,in prossimit�,,del civico n.,56,,Investimento di pedone,Rettilineo,Una carreggiata a senso unico di marcia,Asciutto,Asfaltata,Verticale ed orizzontale,Sereno,Normale,Buona,Ore Diurne,0,0,0,3,12.524,41.9592,-1,,,,Pedone,M,Illeso,0,,,,
3971377,4,02/09/2018 10:30:00,Strada Urbana,PIAZZA DELL'ATENEO SALESIANO,in prossimit�,,del civico n.,56,,Investimento di pedone,Rettilineo,Una carreggiata a senso unico di marcia,Asciutto,Asfaltata,Verticale ed orizzontale,Sereno,Normale,Buona,Ore Diurne,0,0,0,3,12.524,41.9592,-1,,,,Pedone,F,Illeso,0,,,,
3971377,4,02/09/2018 10:30:00,Strada Urbana,PIAZZA DELL'ATENEO SALESIANO,in prossimit�,,del civico n.,56,,Investimento di pedone,Rettilineo,Una carreggiata a senso unico di marcia,Asciutto,Asfaltata,Verticale ed orizzontale,Sereno,Normale,Buona,Ore Diurne,0,0,0,3,12.524,41.9592,-1,1,Autovettura privata,In marcia / fermata / arresto,Conducente,M,Illeso,0,,Non accertato,,
3971389,4,02/09/2018 20:40:00,Strada Urbana,VIA TEOFILO FOLENGO,all'intersezione con,VIA ANTONIO FOGAZZARO,VIA ANTONIO FOGAZZARO,,,Scontro frontale/laterale DX fra veicoli in marcia,Intersezione stradale segnalata,Una carreggiata a senso unico di marcia,Asciutto,Asfaltata,Verticale ed orizzontale,Sereno,Normale,Sufficiente,Sufficiente,2,0,0,1,12.55,41.9436,-1,1,Autovettura privata,In marcia / fermata / arresto,Conducente,M,Illeso,0,,,,
3971389,4,02/09/2018 20:40:00,Strada Urbana,VIA TEOFILO FOLENGO,all'intersezione con,VIA ANTONIO FOGAZZARO,VIA ANTONIO FOGAZZARO,,,Scontro frontale/laterale DX fra veicoli in marcia,Intersezione stradale segnalata,Una carreggiata a senso unico di marcia,Asciutto,Asfaltata,Verticale ed orizzontale,Sereno,Normale,Sufficiente,Sufficiente,2,0,0,1,12.55,41.9436,-1,1,Autovettura privata,In marcia / fermata / arresto,Passeggero,M,Rimandato,0,NON DECEDUTO,,,
3971389,4,02/09/2018 20:40:00,Strada Urbana,VIA TEOFILO FOLENGO,all'intersezione con,VIA ANTONIO FOGAZZARO,VIA ANTONIO FOGAZZARO,,,Scontro frontale/laterale DX fra veicoli in marcia,Intersezione stradale segnalata,Una carreggiata a senso unico di marcia,Asciutto,Asfaltata,Verticale ed orizzontale,Sereno,Normale,Sufficiente,Sufficiente,2,0,0,1,12.55,41.9436,-1,2,Autovettura privata,In marcia / fermata / arresto,Conducente,M,Rimandato,0,NON DECEDUTO,,,
3971391,19,01/09/2018 15:35:00,Strada Urbana,VIA DEI MONTI DI PRIMAVALLE,in prossimit�,,del civico n.,130,,Scontro frontale/laterale SX fra veicoli in marcia,Curva a visuale libera,Una carreggiata a doppio senso,Asciutto,Asfaltata,Orizzontale,Nuvoloso,Normale,Sufficiente,Ore Diurne,1,0,0,2,12.4123,41.9109,-1,1,Autovettura privata,In marcia / fermata / arresto,Conducente,M,Illeso,0,,,,
3971391,19,01/09/2018 15:35:00,Strada Urbana,VIA DEI MONTI DI PRIMAVALLE,in prossimit�,,del civico n.,130,,Scontro frontale/laterale SX fra veicoli in marcia,Curva a visuale libera,Una carreggiata a doppio senso,Asciutto,Asfaltata,Orizzontale,Nuvoloso,Normale,Sufficiente,Ore Diurne,1,0,0,2,12.4123,41.9109,-1,2,Motociclo a solo,In marcia / fermata / arresto,Conducente,M,Illeso,0,,,,
3971391,19,01/09/2018 15:35:00,Strada Urbana,VIA DEI MONTI DI PRIMAVALLE,in prossimit�,,del civico n.,130,,Scontro frontale/laterale SX fra veicoli in marcia,Curva a visuale libera,Una carreggiata a doppio senso,Asciutto,Asfaltata,Orizzontale,Nuvoloso,Normale,Sufficiente,Ore Diurne,1,0,0,2,12.4123,41.9109,-1,2,Motociclo a solo,In marcia / fermata / arresto,Passeggero,M,Rimandato,0,NON DECEDUTO,Non accertato,,
3971396,4,02/09/2018 23:15:00,Strada Urbana,VIA DELLA BUFALOTTA,in corrispondenza,,del civico n.,895,,Scontro frontale/laterale SX fra veicoli in marcia,Rettilineo,Una carreggiata a doppio senso,Asciutto,Asfaltata,Verticale ed orizzontale,Sereno,Scarso,Buona,Sufficiente,0,0,0,4,12.5504,41.9705,-1,1,Autovettura privata,In marcia / fermata / arresto,Conducente,M,Illeso,0,,,,
3971396,4,02/09/2018 23:15:00,Strada Urbana,VIA DELLA BUFALOTTA,in corrispondenza,,del civico n.,895,,Scontro frontale/laterale SX fra veicoli in marcia,Rettilineo,Una carreggiata a doppio senso,Asciutto,Asfaltata,Verticale ed orizzontale,Sereno,Scarso,Buona,Sufficiente,0,0,0,4,12.5504,41.9705,-1,1,Autovettura privata,In marcia / fermata / arresto,Passeggero,F,Illeso,0,,,,
3971396,4,02/09/2018 23:15:00,Strada Urbana,VIA DELLA BUFALOTTA,in corrispondenza,,del civico n.,895,,Scontro frontale/laterale SX fra veicoli in marcia,Rettilineo,Una carreggiata a doppio senso,Asciutto,Asfaltata,Verticale ed orizzontale,Sereno,Scarso,Buona,Sufficiente,0,0,0,4,12.5504,41.9705,-1,2,Autovettura privata,In marcia / fermata / arresto,Conducente,M,Illeso,0,,,,
3971396,4,02/09/2018 23:15:00,Strada Urbana,VIA DELLA BUFALOTTA,in corrispondenza,,del civico n.,895,,Scontro frontale/laterale SX fra veicoli in marcia,Rettilineo,Una carreggiata a doppio senso,Asciutto,Asfaltata,Verticale ed orizzontale,Sereno,Scarso,Buona,Sufficiente,0,0,0,4,12.5504,41.9705,-1,2,Autovettura privata,In marcia / fermata / arresto,Passeggero,F,Illeso,0,,,,
3971400,2,02/09/2018 03:45:00,Strada Urbana,VIALE DI TOR DI QUINTO,da specificare,,,,ALTEZZA VIA DEL FORO ITALICO DIR. GRA,Scontro laterale fra veicoli in marcia,Rettilineo,Due carreggiate,Asciutto,Asfaltata,Verticale ed orizzontale,Sereno,Scarso,Sufficiente,Sufficiente,0,0,0,3,12.4785,41.9447,-1,1,Autovettura privata,In marcia / fermata / arresto,Conducente,M,Illeso,0,,Non accertato,Inesploso,
3971400,2,02/09/2018 03:45:00,Strada Urbana,VIALE DI TOR DI QUINTO,da specificare,,,,ALTEZZA VIA DEL FORO ITALICO DIR. GRA,Scontro laterale fra veicoli in marcia,Rettilineo,Due carreggiate,Asciutto,Asfaltata,Verticale ed orizzontale,Sereno,Scarso,Sufficiente,Sufficiente,0,0,0,3,12.4785,41.9447,-1,1,Autovettura privata,In marcia / fermata / arresto,Passeggero,F,Illeso,0,,Non accertato,Inesploso,
3971400,2,02/09/2018 03:45:00,Strada Urbana,VIALE DI TOR DI QUINTO,da specificare,,,,ALTEZZA VIA DEL FORO ITALICO DIR. GRA,Scontro laterale fra veicoli in marcia,Rettilineo,Due carreggiate,Asciutto,Asfaltata,Verticale ed orizzontale,Sereno,Scarso,Sufficiente,Sufficiente,0,0,0,3,12.4785,41.9447,-1,2,Autovettura privata,In marcia / fermata / arresto,Conducente,M,Illeso,0,,Non accertato,Inesploso,
3971403,2,01/09/2018 18:45:00,Strada Urbana,VIALE PARIOLI,all'intersezione con,VIA ANGELO SECCHI,VIA ANGELO SECCHI,,,Scontro frontale/laterale SX fra veicoli in marcia,Incrocio,Una carreggiata a doppio senso,Asciutto,Asfaltata,Temporanea di cantiere,Nuvoloso,Scarso,Buona,Ore Diurne,1,0,0,1,12.4874,41.9258,-1,1,Autovettura privata,In marcia / fermata / arresto,Conducente,M,Illeso,0,,,,
3971403,2,01/09/2018 18:45:00,Strada Urbana,VIALE PARIOLI,all'intersezione con,VIA ANGELO SECCHI,VIA ANGELO SECCHI,,,Scontro frontale/laterale SX fra veicoli in marcia,Incrocio,Una carreggiata a doppio senso,Asciutto,Asfaltata,Temporanea di cantiere,Nuvoloso,Scarso,Buona,Ore Diurne,1,0,0,1,12.4874,41.9258,-1,2,Motociclo a solo,In marcia / fermata / arresto,Conducente,M,Rimandato,0,NON DECEDUTO,,,
3971410,13,02/09/2018 06:20:00,Strada Urbana,VIA DEL MARE,da specificare,,,,PROSSMITA'  KM 22,200,Scontro frontale fra veicoli in marcia,Rettilineo,Una carreggiata a doppio senso,Asciutto,Asfaltata,Orizzontale,Sereno,Normale,Sufficiente,Inesistente,2,0,0,0,12.3159,41.7663,-1,1,Autovettura privata,In marcia / fermata / arresto,Conducente,M,Rimandato,0,NON DECEDUTO,Non accertato,Esploso
3971410,13,02/09/2018 06:20:00,Strada Urbana,VIA DEL MARE,da specificare,,,,PROSSMITA'  KM 22,200,Scontro frontale fra veicoli in marcia,Rettilineo,Una carreggiata a doppio senso,Asciutto,Asfaltata,Orizzontale,Sereno,Normale,Sufficiente,Inesistente,2,0,0,0,12.3159,41.7663,-1,2,Autovettura privata,In marcia / fermata / arresto,Conducente,M,Rimandato,0,NON DECEDUTO,Non accertato,Inesploso
3971424,7,01/09/2018 18:10:00,Strada Urbana,VIA TOR DE' SCHIAVI,all'intersezione con,VIA DEI PLATANI,VIA DEI PLATANI,,,Scontro frontale/laterale SX fra veicoli in marcia,Incrocio,Una carreggiata a doppio senso,Asciutto,Asfaltata,Verticale ed orizzontale,Sereno,Normale,Buona,Ore Diurne,0,0,0,3,12.5628,41.8849,-1,1,Autovettura privata,In marcia / fermata / arresto,Conducente,M,Illeso,0,,,,
3971424,7,01/09/2018 18:10:00,Strada Urbana,VIA TOR DE' SCHIAVI,all'intersezione con,VIA DEI PLATANI,VIA DEI PLATANI,,,Scontro frontale/laterale SX fra veicoli in marcia,Incrocio,Una carreggiata a doppio senso,Asciutto,Asfaltata,Verticale ed orizzontale,Sereno,Normale,Buona,Ore Diurne,0,0,0,3,12.5628,41.8849,-1,1,Autovettura privata,In marcia / fermata / arresto,Passeggero,F,Illeso,0,,,,
3971424,7,01/09/2018 18:10:00,Strada Urbana,VIA TOR DE' SCHIAVI,all'intersezione con,VIA DEI PLATANI,VIA DEI PLATANI,,,Scontro frontale/laterale SX fra veicoli in marcia,Incrocio,Una carreggiata a doppio senso,Asciutto,Asfaltata,Verticale ed orizzontale,Sereno,Normale,Buona,Ore Diurne,0,0,0,3,12.5628,41.8849,-1,2,Autovettura privata,In marcia / fermata / arresto,Conducente,M,Illeso,0,,,,
3971427,2,02/09/2018 22:30:00,Strada Urbana,VIALE PARIOLI,in prossimit�,,del civico n.,176,,Veicolo in marcia contro veicoli in sosta,Rettilineo,Una carreggiata a doppio senso,Asciutto,Asfaltata,Verticale ed orizzontale,Sereno,Scarso,Sufficiente,Sufficiente,1,0,0,0,12.486,41.929,-1,1,Autovettura privata,In marcia / fermata / arresto,Conducente,F,Ricoverato,0,NON DECEDUTO,,,
3971463,13,02/09/2018 20:45:00,Strada Urbana,VIA OSTIENSE,all'intersezione con,VIA DI PONTE LADRONE,VIA DI PONTE LADRONE,,,Scontro frontale/laterale SX fra veicoli in marcia,Incrocio,Una carreggiata a doppio senso,Asciutto,Asfaltata,Verticale ed orizzontale,Sereno,Scarso,Buona,Sufficiente,0,0,0,2,12.4229,41.8109,-1,1,Autovettura privata,In marcia / fermata / arresto,Conducente,F,Illeso,0,,Non accertato,Esploso,
3971463,13,02/09/2018 20:45:00,Strada Urbana,VIA OSTIENSE,all'intersezione con,VIA DI PONTE LADRONE,VIA DI PONTE LADRONE,,,Scontro frontale/laterale SX fra veicoli in marcia,Incrocio,Una carreggiata a doppio senso,Asciutto,Asfaltata,Verticale ed orizzontale,Sereno,Scarso,Buona,Sufficiente,0,0,0,2,12.4229,41.8109,-1,2,Autovettura privata,In marcia / fermata / arresto,Conducente,M,Illeso,0,,Non accertato,Inesploso,
3971549,7,02/09/2018 01:15:00,Strada Urbana,VIA CASILINA,in corrispondenza,,del civico n.,1754,,Scontro frontale/laterale DX fra veicoli in marcia,Rettilineo,Una carreggiata a doppio senso,Bagnato (umidit� in atto),Asfaltata,Verticale,Pioggia in atto,Scarso,Sufficiente,Sufficiente,2,0,0,2,12.6684,41.8641,-1,1,Autovettura privata,In marcia / fermata / arresto,Conducente,F,Illeso,0,,Non accertato,Inesploso,
3971549,7,02/09/2018 01:15:00,Strada Urbana,VIA CASILINA,in corrispondenza,,del civico n.,1754,,Scontro frontale/laterale DX fra veicoli in marcia,Rettilineo,Una carreggiata a doppio senso,Bagnato (umidit� in atto),Asfaltata,Verticale,Pioggia in atto,Scarso,Sufficiente,Sufficiente,2,0,0,2,12.6684,41.8641,-1,1,Autovettura privata,In marcia / fermata / arresto,Passeggero,F,Illeso,0,,Non accertato,Inesploso,
3971549,7,02/09/2018 01:15:00,Strada Urbana,VIA CASILINA,in corrispondenza,,del civico n.,1754,,Scontro frontale/laterale DX fra veicoli in marcia,Rettilineo,Una carreggiata a doppio senso,Bagnato (umidit� in atto),Asfaltata,Verticale,Pioggia in atto,Scarso,Sufficiente,Sufficiente,2,0,0,2,12.6684,41.8641,-1,2,Motociclo con passeggero,In marcia / fermata / arresto,Conducente,M,Rimandato,0,NON DECEDUTO,Non accertato,,
3971549,7,02/09/2018 01:15:00,Strada Urbana,VIA CASILINA,in corrispondenza,,del civico n.,1754,,Scontro frontale/laterale DX fra veicoli in marcia,Rettilineo,Una carreggiata a doppio senso,Bagnato (umidit� in atto),Asfaltata,Verticale,Pioggia in atto,Scarso,Sufficiente,Sufficiente,2,0,0,2,12.6684,41.8641,-1,2,Motociclo con passeggero,In marcia / fermata / arresto,Passeggero,F,Rifiuta cure immediate,0,NON DECEDUTO,Non accertato,,
3971560,13,01/09/2018 23:15:00,Strada Urbana,VIA DEI PESCATORI,da specificare,,,,"altezza ristorante "" la buzzicona""",Veicolo in marcia contro veicoli in sosta,Rettilineo,Una carreggiata a doppio senso,Asciutto,Asfaltata,Assente,Sereno,Scarso,Buona,Sufficiente,0,0,0,1,12.3344,41.7522,-1,3,Autovettura privata,In marcia / fermata / arresto,Conducente,M,Illeso,0,,,,
3971588,18,03/09/2018 09:45:00,Strada Urbana,VIA LEONE XIII,in prossimit�,,del civico n.,464,,Veicolo in marcia contro ostacolo fisso,Pendenza,Una carreggiata a senso unico di marcia,Asciutto,Asfaltata,Verticale,Sereno,Normale,Buona,Ore Diurne,1,0,0,0,12.4375,41.8933,0,1,Motociclo a solo,In marcia / fermata / arresto,Conducente,M,Rimandato,0,NON DECEDUTO,Utilizzato,,
3971653,1,02/09/2018 04:20:00,Strada Urbana,LUNGOTEVERE DEI VALLATI,in prossimit�,,del palo luce n.,7,,Veicolo in marcia contro veicoli in sosta,Rettilineo,Una carreggiata a senso unico di marcia,Asciutto,Asfaltata,Verticale ed orizzontale,Sereno,Scarso,Buona,Sufficiente,3,0,0,0,12.4738,41.8917,-1,1,Autovettura privata,In marcia / fermata / arresto,Conducente,M,Rimandato,0,NON DECEDUTO,Non accertato,Inesploso,
3971653,1,02/09/2018 04:20:00,Strada Urbana,LUNGOTEVERE DEI VALLATI,in prossimit�,,del palo luce n.,7,,Veicolo in marcia contro veicoli in sosta,Rettilineo,Una carreggiata a senso unico di marcia,Asciutto,Asfaltata,Verticale ed orizzontale,Sereno,Scarso,Buona,Sufficiente,3,0,0,0,12.4738,41.8917,-1,2,Autovettura privata,Sosta,Passeggero,M,Rimandato,0,NON DECEDUTO,Non accertato,Inesploso,