Protocollo,Gruppo,DataOraIncidente,Localizzazione1,STRADA1,Localizzazione2,STRADA2,Strada02,Chilometrica,DaSpecificare,NaturaIncidente,particolaritastrade,TipoStrada,FondoStradale,Pavimentazione,Segnaletica,CondizioneAtmosferica,Traffico,Visibilita,Illuminazione,NUM_FERITI,NUM_RISERVATA,NUM_MORTI,NUM_ILLESI,Longitudine,Latitudine,Confermato,Progressivo,TipoVeicolo,StatoVeicolo,TipoPersona,Sesso,Tipolesione,Deceduto,DecedutoDopo,CinturaCascoUtilizzato,Airbag,
3971653,1,02/09/2018 04:20:00,Strada Urbana,LUNGOTEVERE DEI VALLATI,in prossimit�,,del palo luce n.,7,,Veicolo in marcia contro veicoli in sosta,Rettilineo,Una carreggiata a senso unico di marcia,Asciutto,Asfaltata,Verticale ed orizzontale,Sereno,Scarso,Buona,Sufficiente,3,0,0,0,12.4738,41.8917,-1,2,Autovettura privata,Sosta,Passeggero,M,Rimandato,0,NON DECEDUTO,Non accertato,Inesploso,
3971673,3,02/09/2018 12:25:00,Strada Urbana,VIALE DELLE PROVINCIE,in corrispondenza,,del civico n.,37,,Scontro laterale fra veicoli in marcia,Pendenza,Una carreggiata a senso unico di marcia,Asciutto,Asfaltata,Orizzontale,Sereno,Scarso,Buona,Ore Diurne,0,1,0,1,12.5212,41.9111,-1,1,Autovettura privata,In marcia / fermata / arresto,Conducente,M,Illeso,0,,Non accertato,Inesploso,
3971673,3,02/09/2018 12:25:00,Strada Urbana,VIALE DELLE PROVINCIE,in corrispondenza,,del civico n.,37,,Scontro laterale fra veicoli in marcia,Pendenza,Una carreggiata a senso unico di marcia,Asciutto,Asfaltata,Orizzontale,Sereno,Scarso,Buona,Ore Diurne,0,1,0,1,12.5212,41.9111,-1,2,Motociclo a solo,In marcia / fermata / arresto,Conducente,M,Prognosi riservata,0,NON DECEDUTO,Non accertato,,
3971726,17,03/09/2018 11:00:00,Strada Urbana,VIA ANASTASIO II,in corrispondenza,,del civico n.,301,,Veicolo in marcia contro ostacolo accidentale,Rettilineo,Due carreggiate,Asciutto,Asfaltata,Verticale ed orizzontale,Sereno,Normale,Buona,Ore Diurne,0,0,0,1,12.4427,41.9038,-1,1,Autovettura privata,In marcia / fermata / arresto,Conducente,M,Illeso,0,,Non accertato,,
3971755,1,01/09/2018 15:00:00,Strada Urbana,VIA MERULANA,in prossimit�,,del civico n.,121,,Veicolo in marcia contro ostacolo accidentale,Rettilineo,Una carreggiata a doppio senso,Asciutto,Asfaltata,Verticale ed orizzontale,Sereno,Normale,Buona,Ore Diurne,0,0,0,2,12.5038,41.8887,-1,1,Autovettura privata,In marcia / fermata / arresto,Conducente,M,Illeso,0,,Non accertato,Inesploso,
3971755,1,01/09/2018 15:00:00,Strada Urbana,VIA MERULANA,in prossimit�,,del civico n.,121,,Veicolo in marcia contro ostacolo accidentale,Rettilineo,Una carreggiata a doppio senso,Asciutto,Asfaltata,Verticale ed orizzontale,Sereno,Normale,Buona,Ore Diurne,0,0,0,2,12.5038,41.8887,-1,1,Autovettura privata,In marcia / fermata / arresto,Passeggero,F,Illeso,0,,Non accertato,Inesploso,
3971769,1,01/09/2018 12:00:00,Strada Urbana,VIA MERULANA,in prossimit�,,del civico n.,124 B,,Veicolo in marcia contro ostacolo accidentale,Rettilineo,Una carreggiata a doppio senso,Asciutto,Asfaltata,Verticale ed orizzontale,Nuvoloso,Normale,Buona,Ore Diurne,0,0,0,1,,,0,1,Autovettura privata,In marcia / fermata / arresto,Conducente,M,Illeso,0,,Non accertato,Inesploso,
3971788,1,01/09/2018 12:40:00,Strada Urbana,PIAZZA DI PORTA MAGGIORE,all'intersezione semaforizzata con,VIA GIOVANNI GIOLITTI,VIA GIOVANNI GIOLITTI,,,Scontro laterale fra veicoli in marcia,Intersezione semaforizzata,Una carreggiata a senso unico di marcia,Asciutto,Asfaltata,Verticale ed orizzontale,Nuvoloso,Normale,Buona,Ore Diurne,0,0,0,2,,,0,1,Autovettura privata,In marcia / fermata / arresto,Conducente,F,Illeso,0,,Non accertato,Inesploso,
3971788,1,01/09/2018 12:40:00,Strada Urbana,PIAZZA DI PORTA MAGGIORE,all'intersezione semaforizzata con,VIA GIOVANNI GIOLITTI,VIA GIOVANNI GIOLITTI,,,Scontro laterale fra veicoli in marcia,Intersezione semaforizzata,Una carreggiata a senso unico di marcia,Asciutto,Asfaltata,Verticale ed orizzontale,Nuvoloso,Normale,Buona,Ore Diurne,0,0,0,2,,,0,1,Autovettura privata,In marcia / fermata / arresto,Passeggero,M,Illeso,0,,Non accertato,Inesploso,
3971814,1,01/09/2018 17:25:00,Strada Urbana,VIA GIOVANNI GIOLITTI,in prossimit�,,del civico n.,269,,Tamponamento,Rettilineo,Una carreggiata a senso unico di marcia,Asciutto,Asfaltata,Verticale ed orizzontale,Sereno,Normale,Buona,Ore Diurne,0,0,0,5,,,0,1,Autovettura privata,In marcia / fermata / arresto,Conducente,M,Illeso,0,,Non accertato,,
3971814,1,01/09/2018 17:25:00,Strada Urbana,VIA GIOVANNI GIOLITTI,in prossimit�,,del civico n.,269,,Tamponamento,Rettilineo,Una carreggiata a senso unico di marcia,Asciutto,Asfaltata,Verticale ed orizzontale,Sereno,Normale,Buona,Ore Diurne,0,0,0,5,,,0,1,Autovettura privata,In marcia / fermata / arresto,Passeggero,M,Illeso,0,,,,
3971814,1,01/09/2018 17:25:00,Strada Urbana,VIA GIOVANNI GIOLITTI,in prossimit�,,del civico n.,269,,Tamponamento,Rettilineo,Una carreggiata a senso unico di marcia,Asciutto,Asfaltata,Verticale ed orizzontale,Sereno,Normale,Buona,Ore Diurne,0,0,0,5,,,0,2,Autovettura privata,In marcia / fermata / arresto,Conducente,M,Illeso,0,,Non accertato,Inesploso,
3971814,1,01/09/2018 17:25:00,Strada Urbana,VIA GIOVANNI GIOLITTI,in prossimit�,,del civico n.,269,,Tamponamento,Rettilineo,Una carreggiata a senso unico di marcia,Asciutto,Asfaltata,Verticale ed orizzontale,Sereno,Normale,Buona,Ore Diurne,0,0,0,5,,,0,2,Autovettura privata,In marcia / fermata / arresto,Passeggero,M,Illeso,0,,,,
3971814,1,01/09/2018 17:25:00,Strada Urbana,VIA GIOVANNI GIOLITTI,in prossimit�,,del civico n.,269,,Tamponamento,Rettilineo,Una carreggiata a senso unico di marcia,Asciutto,Asfaltata,Verticale ed orizzontale,Sereno,Normale,Buona,Ore Diurne,0,0,0,5,,,0,2,Autovettura privata,In marcia / fermata / arresto,Passeggero,M,Illeso,0,,,,
3971829,16,03/09/2018 01:00:00,Strada Urbana,VIA PIETRO D'ASSISI,all'intersezione con,VIA CAMILLO DE LELLIS,VIA CAMILLO DE LELLIS,,,Scontro frontale/laterale DX fra veicoli in marcia,Incrocio,Una carreggiata a senso unico di marcia,Asciutto,Asfaltata,Verticale ed orizzontale,Sereno,Scarso,Sufficiente,Sufficiente,0,0,0,4,12.4506,41.8692,-1,1,Autovettura privata,In marcia / fermata / arresto,Conducente,M,Illeso,0,,Non accertato,Esploso,
3971829,16,03/09/2018 01:00:00,Strada Urbana,VIA PIETRO D'ASSISI,all'intersezione con,VIA CAMILLO DE LELLIS,VIA CAMILLO DE LELLIS,,,Scontro frontale/laterale DX fra veicoli in marcia,Incrocio,Una carreggiata a senso unico di marcia,Asciutto,Asfaltata,Verticale ed orizzontale,Sereno,Scarso,Sufficiente,Sufficiente,0,0,0,4,12.4506,41.8692,-1,2,Autovettura privata,In marcia / fermata / arresto,Conducente,F,Illeso,0,,Non accertato,Inesploso,
3971829,16,03/09/2018 01:00:00,Strada Urbana,VIA PIETRO D'ASSISI,all'intersezione con,VIA CAMILLO DE LELLIS,VIA CAMILLO DE LELLIS,,,Scontro frontale/laterale DX fra veicoli in marcia,Incrocio,Una carreggiata a senso unico di marcia,Asciutto,Asfaltata,Verticale ed orizzontale,Sereno,Scarso,Sufficiente,Sufficiente,0,0,0,4,12.4506,41.8692,-1,2,Autovettura privata,In marcia / fermata / arresto,Passeggero,F,Illeso,0,,Non accertato,Inesploso,
3971847,1,03/09/2018 11:30:00,Strada Urbana,LUNGOTEVERE DELLA FARNESINA,da specificare,,,,in prossimit� parcometro E60,Scontro laterale fra veicoli in marcia,Rettilineo,Una carreggiata a senso unico di marcia,Asciutto,Asfaltata,Verticale ed orizzontale,Nuvoloso,Normale,Buona,Ore Diurne,0,0,0,2,,,0,1,Autovettura privata,In marcia / fermata / arresto,Conducente,F,Illeso,0,,Non accertato,Inesploso,
3971847,1,03/09/2018 11:30:00,Strada Urbana,LUNGOTEVERE DELLA FARNESINA,da specificare,,,,in prossimit� parcometro E60,Scontro laterale fra veicoli in marcia,Rettilineo,Una carreggiata a senso unico di marcia,Asciutto,Asfaltata,Verticale ed orizzontale,Nuvoloso,Normale,Buona,Ore Diurne,0,0,0,2,,,0,2,Autovettura privata,In marcia / fermata / arresto,Conducente,M,Illeso,0,,,,
3971875,19,03/09/2018 07:10:00,Strada Urbana,PIAZZA CLEMENTE XI,all'intersezione con,VIA FEDERICO BORROMEO,VIA FEDERICO BORROMEO,,,Scontro frontale/laterale SX fra veicoli in marcia,Incrocio,Una carreggiata a senso unico di marcia,Asciutto,Asfaltata,Verticale ed orizzontale,Sereno,Normale,Buona,Ore Diurne,1,0,0,1,12.4146,41.9141,-1,1,Autovettura privata,In marcia / fermata / arresto,Conducente,F,Illeso,0,,Non accertato,Inesploso,
3971875,19,03/09/2018 07:10:00,Strada Urbana,PIAZZA CLEMENTE XI,all'intersezione con,VIA FEDERICO BORROMEO,VIA FEDERICO BORROMEO,,,Scontro frontale/laterale SX fra veicoli in marcia,Incrocio,Una carreggiata a senso unico di marcia,Asciutto,Asfaltata,Verticale ed orizzontale,Sereno,Normale,Buona,Ore Diurne,1,0,0,1,12.4146,41.9141,-1,2,Autovettura privata,In marcia / fermata / arresto,Conducente,M,Rifiuta cure immediate,0,NON DECEDUTO,Non accertato,Inesploso,
3971889,19,03/09/2018 12:00:00,Strada Urbana,VIA DI TORREVECCHIA,in prossimit�,,del civico n.,568,,Tamponamento,Rettilineo,Una carreggiata a doppio senso,Asciutto,Asfaltata,Verticale ed orizzontale,Nuvoloso,Normale,Buona,Ore Diurne,0,0,0,2,12.4126,41.9237,-1,1,Autovettura privata,In marcia / fermata / arresto,Conducente,F,Illeso,0,,Non accertato,Inesploso,
3971889,19,03/09/2018 12:00:00,Strada Urbana,VIA DI TORREVECCHIA,in prossimit�,,del civico n.,568,,Tamponamento,Rettilineo,Una carreggiata a doppio senso,Asciutto,Asfaltata,Verticale ed orizzontale,Nuvoloso,Normale,Buona,Ore Diurne,0,0,0,2,12.4126,41.9237,-1,2,Quadriciclo leggero,In marcia / fermata / arresto,Conducente,M,Illeso,0,,Non accertato,Inesistente,
3971950,18,03/09/2018 12:30:00,Strada Urbana,VIA CARDINALE GARAMPI,all'intersezione con,VIA CARDINAL PASSIONEI,VIA CARDINAL PASSIONEI,,,Investimento di pedone,Intersezione stradale segnalata,Una carreggiata a senso unico di marcia,Asciutto,Asfaltata,Verticale,Sereno,Scarso,Buona,Ore Diurne,1,0,0,1,12.4213,41.9114,-1,,,,Pedone,F,Ricoverato,0,NON DECEDUTO,,,
3971950,18,03/09/2018 12:30:00,Strada Urbana,VIA CARDINALE GARAMPI,all'intersezione con,VIA CARDINAL PASSIONEI,VIA CARDINAL PASSIONEI,,,Investimento di pedone,Intersezione stradale segnalata,Una carreggiata a senso unico di marcia,Asciutto,Asfaltata,Verticale,Sereno,Scarso,Buona,Ore Diurne,1,0,0,1,12.4213,41.9114,-1,1,Autovettura privata,In marcia / fermata / arresto,Conducente,M,Illeso,0,,,,
3972050,6,03/09/2018 15:40:00,Strada Urbana,VIA COLLATINA,all'intersezione con,VIA DI GROTTA DI GREGNA,VIA DI GROTTA DI GREGNA,,,Scontro frontale/laterale DX fra veicoli in marcia,Intersezione stradale segnalata,Una carreggiata a doppio senso,Asciutto,Asfaltata,Verticale ed orizzontale,Nuvoloso,Normale,Buona,Ore Diurne,0,0,0,2,12.5675,41.9008,-1,1,Autocarro inferiore 35 q.,In marcia / fermata / arresto,Conducente,M,Illeso,0,,Non accertato,Inesploso,
3972050,6,03/09/2018 15:40:00,Strada Urbana,VIA COLLATINA,all'intersezione con,VIA DI GROTTA DI GREGNA,VIA DI GROTTA DI GREGNA,,,Scontro frontale/laterale DX fra veicoli in marcia,Intersezione stradale segnalata,Una carreggiata a doppio senso,Asciutto,Asfaltata,Verticale ed orizzontale,Nuvoloso,Normale,Buona,Ore Diurne,0,0,0,2,12.5675,41.9008,-1,2,Autovettura privata,In marcia / fermata / arresto,Conducente,F,Illeso,0,,Non accertato,Inesploso,
3972057,19,03/09/2018 15:15:00,Strada Urbana,VIA CESARE LOMBROSO,in prossimit�,,del civico n.,37a,,Scontro frontale fra veicoli in marcia,Rettilineo,Una carreggiata a doppio senso,Asciutto,Asfaltata,Assente,Sereno,Scarso,Buona,Ore Diurne,1,0,0,1,12.4175,41.9354,-1,1,Autovettura privata,In marcia / fermata / arresto,Conducente,F,Illeso,0,,,,
3972057,19,03/09/2018 15:15:00,Strada Urbana,VIA CESARE LOMBROSO,in prossimit�,,del civico n.,37a,,Scontro frontale fra veicoli in marcia,Rettilineo,Una carreggiata a doppio senso,Asciutto,Asfaltata,Assente,Sereno,Scarso,Buona,Ore Diurne,1,0,0,1,12.4175,41.9354,-1,2,Motociclo a solo,In marcia / fermata / arresto,Conducente,M,Rifiuta cure immediate,0,NON DECEDUTO,,,
3972079,12,03/09/2018 15:30:00,Strada Urbana,VIA DI MEZZOCAMMINO,da specificare,,,,prossimit� palo acea n�78,Veicolo in marcia contro ostacolo accidentale,Rettilineo,Una carreggiata a doppio senso,Asciutto,Asfaltata,Assente,Sereno,Normale,Buona,Ore Diurne,0,0,0,1,12.4375,41.79,-1,1,Autoarticolato,In marcia / fermata / arresto,Conducente,M,Illeso,0,,Non accertato,Inesploso,
3972096,12,01/09/2018 13:50:00,Statale,VIA OSTIENSE,da specificare,,,,fronte civico 503 rotatoria,Veicolo in marcia contro ostacolo fisso,Rotatoria,Una carreggiata a doppio senso,Bagnato (pioggia),Asfaltata,Verticale ed orizzontale,Nuvoloso,Normale,Buona,Ore Diurne,0,0,0,2,12.4229,41.8109,-1,1,Autovettura privata,In marcia / fermata / arresto,Conducente,M,Illeso,0,,Non accertato,Inesploso,
3972096,12,01/09/2018 13:50:00,Statale,VIA OSTIENSE,da specificare,,,,fronte civico 503 rotatoria,Veicolo in marcia contro ostacolo fisso,Rotatoria,Una carreggiata a doppio senso,Bagnato (pioggia),Asfaltata,Verticale ed orizzontale,Nuvoloso,Normale,Buona,Ore Diurne,0,0,0,2,12.4229,41.8109,-1,2,Quadriciclo leggero,In marcia / fermata / arresto,Conducente,M,Illeso,0,,Non accertato,,
3972103,16,01/09/2018 02:15:00,Strada Urbana,CIRCONVALLAZIONE GIANICOLENSE,all'intersezione semaforizzata con,VIA EDOARDO JENNER,VIA EDOARDO JENNER,,,Scontro frontale/laterale DX fra veicoli in marcia,Intersezione semaforizzata,Pi� di due carreggiate,Bagnato (pioggia),Asfaltata,Verticale ed orizzontale,Nuvoloso,Scarso,Buona,Sufficiente,1,0,0,1,12.4496,41.8725,-1,1,Autovettura privata,In marcia / fermata / arresto,Conducente,M,Illeso,0,,,,
3972103,16,01/09/2018 02:15:00,Strada Urbana,CIRCONVALLAZIONE GIANICOLENSE,all'intersezione semaforizzata con,VIA EDOARDO JENNER,VIA EDOARDO JENNER,,,Scontro frontale/laterale DX fra veicoli in marcia,Intersezione semaforizzata,Pi� di due carreggiate,Bagnato (pioggia),Asfaltata,Verticale ed orizzontale,Nuvoloso,Scarso,Buona,Sufficiente,1,0,0,1,12.4496,41.8725,-1,2,Autovettura privata,In marcia / fermata / arresto,Conducente,M,Ricoverato,0,NON DECEDUTO,,,
3972145,6,03/09/2018 16:20:00,Strada Urbana,VIALE GIOVANNI BATTISTA VALENTE,in prossimit�,,del civico n.,13,,Veicolo in marcia contro veicolo fermo,Rettilineo,Due carreggiate,Asciutto,Asfaltata,Verticale ed orizzontale,Sereno,Scarso,Buona,Ore Diurne,0,0,0,5,12.5664,41.8955,-1,1,Autovettura privata,In marcia / fermata / arresto,Conducente,M,Illeso,0,,Non accertato,Inesploso,
3972145,6,03/09/2018 16:20:00,Strada Urbana,VIALE GIOVANNI BATTISTA VALENTE,in prossimit�,,del civico n.,13,,Veicolo in marcia contro veicolo fermo,Rettilineo,Due carreggiate,Asciutto,Asfaltata,Verticale ed orizzontale,Sereno,Scarso,Buona,Ore Diurne,0,0,0,5,12.5664,41.8955,-1,1,Autovettura privata,In marcia / fermata / arresto,Passeggero,M,Illeso,0,,Non accertato,Inesploso,
3972145,6,03/09/2018 16:20:00,Strada Urbana,VIALE GIOVANNI BATTISTA VALENTE,in prossimit�,,del civico n.,13,,Veicolo in marcia contro veicolo fermo,Rettilineo,Due carreggiate,Asciutto,Asfaltata,Verticale ed orizzontale,Sereno,Scarso,Buona,Ore Diurne,0,0,0,5,12.5664,41.8955,-1,1,Autovettura privata,In marcia / fermata / arresto,Passeggero,M,Illeso,0,,Non accertato,Inesploso,
3972145,6,03/09/2018 16:20:00,Strada Urbana,VIALE GIOVANNI BATTISTA VALENTE,in prossimit�,,del civico n.,13,,Veicolo in marcia contro veicolo fermo,Rettilineo,Due carreggiate,Asciutto,Asfaltata,Verticale ed orizzontale,Sereno,Scarso,Buona,Ore Diurne,0,0,0,5,12.5664,41.8955,-1,2,Autovettura privata,In marcia / fermata / arresto,Conducente,M,Illeso,0,,Non accertato,Inesploso,
3972146,3,02/09/2018 17:40:00,Strada Urbana,VIALE DELLO SCALO S. LORENZO,in prossimit�,,del civico n.,75,,Scontro laterale fra veicoli in marcia,Rettilineo,Una carreggiata a senso unico di marcia,Asciutto,Asfaltata,Verticale ed orizzontale,Sereno,Normale,Buona,Ore Diurne,0,0,0,3,12.5189,41.8968,-1,1,Autovettura privata,In marcia / fermata / arresto,Conducente,M,Illeso,0,,Non utilizzato,,
3972146,3,02/09/2018 17:40:00,Strada Urbana,VIALE DELLO SCALO S. LORENZO,in prossimit�,,del civico n.,75,,Scontro laterale fra veicoli in marcia,Rettilineo,Una carreggiata a senso unico di marcia,Asciutto,Asfaltata,Verticale ed orizzontale,Sereno,Normale,Buona,Ore Diurne,0,0,0,3,12.5189,41.8968,-1,1,Autovettura privata,In marcia / fermata / arresto,Passeggero,M,Illeso,0,,Non accertato,Inesploso,
3972146,3,02/09/2018 17:40:00,Strada Urbana,VIALE DELLO SCALO S. LORENZO,in prossimit�,,del civico n.,75,,Scontro laterale fra veicoli in marcia,Rettilineo,Una carreggiata a senso unico di marcia,Asciutto,Asfaltata,Verticale ed orizzontale,Sereno,Normale,Buona,Ore Diurne,0,0,0,3,12.5189,41.8968,-1,2,Autovettura privata,In marcia / fermata / arresto,Conducente,M,Illeso,0,,Non accertato,Inesploso,
3972150,12,01/09/2018 08:15:00,Provinciale,VIA DEL MARE,da specificare,,,,laterale direz.Ostia altezza svincolo G.R.A. direz,Tamponamento,Rettilineo,Due carreggiate,Asciutto,Asfaltata,Verticale ed orizzontale,Nebbia,Intenso,Buona,Ore Diurne,0,0,0,2,12.3967,41.819,-1,1,Autovettura privata,In marcia / fermata / arresto,Conducente,M,Illeso,0,,Non accertato,Inesploso,
3972150,12,01/09/2018 08:15:00,Provinciale,VIA DEL MARE,da specificare,,,,laterale direz.Ostia altezza svincolo G.R.A. direz,Tamponamento,Rettilineo,Due carreggiate,Asciutto,Asfaltata,Verticale ed orizzontale,Nebbia,Intenso,Buona,Ore Diurne,0,0,0,2,12.3967,41.819,-1,2,Autovettura privata,In marcia / fermata / arresto,Conducente,M,Illeso,0,,Non accertato,Inesploso,
3972170,12,02/09/2018 11:25:00,Provinciale,VIA PONTINA,in corrispondenza,,della chilometrica,21.4,,Tamponamento Multiplo,Rettilineo,Due carreggiate,Asciutto,Asfaltata,Verticale ed orizzontale,Sereno,Scarso,Buona,Ore Diurne,0,0,0,3,12.4463,41.7218,-1,1,Autovettura privata,In marcia / fermata / arresto,Conducente,M,Illeso,0,,Utilizzato,Inesploso,
3972170,12,02/09/2018 11:25:00,Provinciale,VIA PONTINA,in corrispondenza,,della chilometrica,21.4,,Tamponamento Multiplo,Rettilineo,Due carreggiate,Asciutto,Asfaltata,Verticale ed orizzontale,Sereno,Scarso,Buona,Ore Diurne,0,0,0,3,12.4463,41.7218,-1,2,Autovettura privata,In marcia / fermata / arresto,Conducente,M,Illeso,0,,Utilizzato,Inesploso,
3972170,12,02/09/2018 11:25:00,Provinciale,VIA PONTINA,in corrispondenza,,della chilometrica,21.4,,Tamponamento Multiplo,Rettilineo,Due carreggiate,Asciutto,Asfaltata,Verticale ed orizzontale,Sereno,Scarso,Buona,Ore Diurne,0,0,0,3,12.4463,41.7218,-1,3,Autocarro inferiore 35 q.,In marcia / fermata / arresto,Conducente,M,Illeso,0,,Non accertato,Inesploso,
3972179,16,01/09/2018 11:10:00,Strada Urbana,VIA BERNARDINO RAMAZZINI,all'intersezione semaforizzata con,CIRCONVALLAZIONE GIANICOLENSE,CIRCONVALLAZIONE GIANICOLENSE,,,Tamponamento,Incrocio,Una carreggiata a doppio senso,Asciutto,Asfaltata,Verticale ed orizzontale,Nuvoloso,Normale,Buona,Ore Diurne,0,0,0,3,12.4505,41.8666,-1,1,Autovettura privata,In marcia / fermata / arresto,Conducente,M,Illeso,0,,Non accertato,Inesploso,
3972179,16,01/09/2018 11:10:00,Strada Urbana,VIA BERNARDINO RAMAZZINI,all'intersezione semaforizzata con,CIRCONVALLAZIONE GIANICOLENSE,CIRCONVALLAZIONE GIANICOLENSE,,,Tamponamento,Incrocio,Una carreggiata a doppio senso,Asciutto,Asfaltata,Verticale ed orizzontale,Nuvoloso,Normale,Buona,Ore Diurne,0,0,0,3,12.4505,41.8666,-1,1,Autovettura privata,In marcia / fermata / arresto,Passeggero,F,Illeso,0,,Non accertato,Inesploso,
3972179,16,01/09/2018 11:10:00,Strada Urbana,VIA BERNARDINO RAMAZZINI,all'intersezione semaforizzata con,CIRCONVALLAZIONE GIANICOLENSE,CIRCONVALLAZIONE GIANICOLENSE,,,Tamponamento,Incrocio,Una carreggiata a doppio senso,Asciutto,Asfaltata,Verticale ed orizzontale,Nuvoloso,Normale,Buona,Ore Diurne,0,0,0,3,12.4505,41.8666,-1,2,Autovettura privata,In marcia / fermata / arresto,Conducente,F,Illeso,0,,Non accertato,Inesploso,
3972183,13,02/09/2018 04:00:00,Strada Urbana,LUNGOMARE DUCA DEGLI ABRUZZI,all'intersezione con,PIAZZA SCIPIONE AFRICANO,PIAZZA SCIPIONE AFRICANO,,,Veicolo in marcia contro ostacolo fisso,Incrocio,Una carreggiata a doppio senso,Asciutto,Asfaltata,Verticale ed orizzontale,Nuvoloso,Scarso,Buona,Sufficiente,2,1,0,0,12.2591,41.7353,-1,1,Autovettura privata,In marcia / fermata / arresto,Conducente,F,Rimandato,0,NON DECEDUTO,Non accertato,Esploso,
3972183,13,02/09/2018 04:00:00,Strada Urbana,LUNGOMARE DUCA DEGLI ABRUZZI,all'intersezione con,PIAZZA SCIPIONE AFRICANO,PIAZZA SCIPIONE AFRICANO,,,Veicolo in marcia contro ostacolo fisso,Incrocio,Una carreggiata a doppio senso,Asciutto,Asfaltata,Verticale ed orizzontale,Nuvoloso,Scarso,Buona,Sufficiente,2,1,0,0,12.2591,41.7353,-1,1,Autovettura privata,In marcia / fermata / arresto,Passeggero,M,Rimandato,0,NON DECEDUTO,Non accertato,Esploso,
3972183,13,02/09/2018 04:00:00,Strada Urbana,LUNGOMARE DUCA DEGLI ABRUZZI,all'intersezione con,PIAZZA SCIPIONE AFRICANO,PIAZZA SCIPIONE AFRICANO,,,Veicolo in marcia contro ostacolo fisso,Incrocio,Una carreggiata a doppio senso,Asciutto,Asfaltata,Verticale ed orizzontale,Nuvoloso,Scarso,Buona,Sufficiente,2,1,0,0,12.2591,41.7353,-1,1,Autovettura privata,In marcia / fermata / arresto,Passeggero,F,Prognosi riservata,0,NON DECEDUTO,Non accertato,Inesploso,
3972193,16,01/09/2018 18:30:00,,VIA OTTAVIO GASPARRI,in prossimit�,,del civico n.,13,,Veicolo in marcia contro ostacolo accidentale,,,,,,,,,,0,0,0,5,,,0,,,,Pedone,M,Illeso,0,,,,
3972193,16,01/09/2018 18:30:00,,VIA OTTAVIO GASPARRI,in prossimit�,,del civico n.,13,,Veicolo in marcia contro ostacolo accidentale,,,,,,,,,,0,0,0,5,,,0,1,Autovettura privata,In marcia / fermata / arresto,Conducente,M,Illeso,0,,,,
3972193,16,01/09/2018 18:30:00,,VIA OTTAVIO GASPARRI,in prossimit�,,del civico n.,13,,Veicolo in marcia contro ostacolo accidentale,,,,,,,,,,0,0,0,5,,,0,1,Autovettura privata,In marcia / fermata / arresto,Passeggero,F,Illeso,0,,,,
3972193,16,01/09/2018 18:30:00,,VIA OTTAVIO GASPARRI,in prossimit�,,del civico n.,13,,Veicolo in marcia contro ostacolo accidentale,,,,,,,,,,0,0,0,5,,,0,1,Autovettura privata,In marcia / fermata / arresto,Passeggero,M,Illeso,0,,,,
3972193,16,01/09/2018 18:30:00,,VIA OTTAVIO GASPARRI,in prossimit�,,del civico n.,13,,Veicolo in marcia contro ostacolo accidentale,,,,,,,,,,0,0,0,5,,,0,2,Velocipede,In marcia / fermata / arresto,Conducente,M,Illeso,0,,Esente,,
3972206,16,02/09/2018 10:30:00,Strada Urbana,PIAZZALE EUGENIO MORELLI,da specificare,,,,"interno area parcheggio supermercato ""CARREFOUR""",Investimento di pedone,Rettilineo,Una carreggiata a senso unico di marcia,Asciutto,Asfaltata,Orizzontale,Sereno,Normale,Buona,Ore Diurne,1,0,0,2,12.4434,41.8602,-1,,,,Pedone,F,Rimandato,0,NON DECEDUTO,,,
3972206,16,02/09/2018 10:30:00,Strada Urbana,PIAZZALE EUGENIO MORELLI,da specificare,,,,"interno area parcheggio supermercato ""CARREFOUR""",Investimento di pedone,Rettilineo,Una carreggiata a senso unico di marcia,Asciutto,Asfaltata,Orizzontale,Sereno,Normale,Buona,Ore Diurne,1,0,0,2,12.4434,41.8602,-1,1,Autovettura privata,In marcia / fermata / arresto,Conducente,M,Illeso,0,,Non accertato,Inesploso,
3972206,16,02/09/2018 10:30:00,Strada Urbana,PIAZZALE EUGENIO MORELLI,da specificare,,,,"interno area parcheggio supermercato ""CARREFOUR""",Investimento di pedone,Rettilineo,Una carreggiata a senso unico di marcia,Asciutto,Asfaltata,Orizzontale,Sereno,Normale,Buona,Ore Diurne,1,0,0,2,12.4434,41.8602,-1,1,Autovettura privata,In marcia / fermata / arresto,Passeggero,F,Illeso,0,,Non accertato,Inesploso,
3972207,9,03/09/2018 15:10:00,Strada Urbana,VIA DI S. MARIA AUSILIATRICE,all'intersezione con,VIA MUZIO SCEVOLA,VIA MUZIO SCEVOLA,,,Scontro frontale/laterale DX fra veicoli in marcia,Incrocio,Una carreggiata a doppio senso,Asciutto,Asfaltata,Verticale ed orizzontale,Sereno,Normale,Buona,Ore Diurne,1,0,0,1,12.5278,41.8729,-1,1,Autovettura privata,In marcia / fermata / arresto,Conducente,M,Illeso,0,,Non accertato,Inesploso,
3972207,9,03/09/2018 15:10:00,Strada Urbana,VIA DI S. MARIA AUSILIATRICE,all'intersezione con,VIA MUZIO SCEVOLA,VIA MUZIO SCEVOLA,,,Scontro frontale/laterale DX fra veicoli in marcia,Incrocio,Una carreggiata a doppio senso,Asciutto,Asfaltata,Verticale ed orizzontale,Sereno,Normale,Buona,Ore Diurne,1,0,0,1,12.5278,41.8729,-1,2,Autovettura privata,In marcia / fermata / arresto,Conducente,F,Rimandato,0,NON DECEDUTO,Utilizzato,Inesploso,