Protocollo,Gruppo,DataOraIncidente,Localizzazione1,STRADA1,Localizzazione2,STRADA2,Strada02,Chilometrica,DaSpecificare,NaturaIncidente,particolaritastrade,TipoStrada,FondoStradale,Pavimentazione,Segnaletica,CondizioneAtmosferica,Traffico,Visibilita,Illuminazione,NUM_FERITI,NUM_RISERVATA,NUM_MORTI,NUM_ILLESI,Longitudine,Latitudine,Confermato,Progressivo,TipoVeicolo,StatoVeicolo,TipoPersona,Sesso,Tipolesione,Deceduto,DecedutoDopo,CinturaCascoUtilizzato,Airbag,
3972214,16,02/09/2018 13:40:00,Strada Urbana,VIA GIACINTO CARINI,all'intersezione con,VIA GABRIELE ROSSETTI,VIA GABRIELE ROSSETTI,,,Scontro laterale fra veicoli in marcia,Incrocio,Una carreggiata a doppio senso,Asciutto,Asfaltata,Verticale ed orizzontale,Sereno,Normale,Buona,Ore Diurne,0,0,0,3,12.4609,41.8852,-1,1,Autovettura privata,In marcia / fermata / arresto,Conducente,M,Illeso,0,,Non accertato,Inesploso,
3972214,16,02/09/2018 13:40:00,Strada Urbana,VIA GIACINTO CARINI,all'intersezione con,VIA GABRIELE ROSSETTI,VIA GABRIELE ROSSETTI,,,Scontro laterale fra veicoli in marcia,Incrocio,Una carreggiata a doppio senso,Asciutto,Asfaltata,Verticale ed orizzontale,Sereno,Normale,Buona,Ore Diurne,0,0,0,3,12.4609,41.8852,-1,2,Autovettura privata,In marcia / fermata / arresto,Conducente,M,Illeso,0,,Non accertato,Inesploso,
3972214,16,02/09/2018 13:40:00,Strada Urbana,VIA GIACINTO CARINI,all'intersezione con,VIA GABRIELE ROSSETTI,VIA GABRIELE ROSSETTI,,,Scontro laterale fra veicoli in marcia,Incrocio,Una carreggiata a doppio senso,Asciutto,Asfaltata,Verticale ed orizzontale,Sereno,Normale,Buona,Ore Diurne,0,0,0,3,12.4609,41.8852,-1,2,Autovettura privata,In marcia / fermata / arresto,Passeggero,F,Illeso,0,,Non accertato,Inesploso,
3972216,9,03/09/2018 16:20:00,,VIA TUSCOLANA,in corrispondenza,,del civico n.,417,,Scontro frontale/laterale SX fra veicoli in marcia,,,,,,,,,,0,0,0,2,,,0,1,Autovettura privata,In marcia / fermata / arresto,Conducente,M,Illeso,0,,Non accertato,Inesploso,
3972216,9,03/09/2018 16:20:00,,VIA TUSCOLANA,in corrispondenza,,del civico n.,417,,Scontro frontale/laterale SX fra veicoli in marcia,,,,,,,,,,0,0,0,2,,,0,2,Motociclo a solo,In marcia / fermata / arresto,Conducente,M,Illeso,0,,Non accertato,,
3972219,1,03/09/2018 14:40:00,Strada Urbana,PIAZZA DI S. MARIA MAGGIORE,in prossimit�,,del civico n.,13,,Veicolo in marcia contro veicolo in sosta,Rettilineo,Una carreggiata a senso unico di marcia,Asciutto,Asfaltata,Verticale ed orizzontale,Nuvoloso,Normale,Buona,Ore Diurne,0,0,0,1,12.4988,41.8968,-1,2,Autovettura privata,In marcia / fermata / arresto,Conducente,F,Illeso,0,,Non accertato,Inesploso,
3972224,1,03/09/2018 14:50:00,Strada Urbana,VIA MERULANA,all'intersezione semaforizzata con,LARGO BRANCACCIO,LARGO BRANCACCIO,,,Tamponamento,Intersezione semaforizzata,Una carreggiata a doppio senso,Asciutto,Asfaltata,Verticale ed orizzontale,Nuvoloso,Normale,Buona,Ore Diurne,1,0,0,3,12.5022,41.8916,-1,1,Autovettura privata,In marcia / fermata / arresto,Conducente,M,Illeso,0,,Non accertato,Inesploso,
3972224,1,03/09/2018 14:50:00,Strada Urbana,VIA MERULANA,all'intersezione semaforizzata con,LARGO BRANCACCIO,LARGO BRANCACCIO,,,Tamponamento,Intersezione semaforizzata,Una carreggiata a doppio senso,Asciutto,Asfaltata,Verticale ed orizzontale,Nuvoloso,Normale,Buona,Ore Diurne,1,0,0,3,12.5022,41.8916,-1,1,Autovettura privata,In marcia / fermata / arresto,Passeggero,M,Illeso,0,,,,
3972224,1,03/09/2018 14:50:00,Strada Urbana,VIA MERULANA,all'intersezione semaforizzata con,LARGO BRANCACCIO,LARGO BRANCACCIO,,,Tamponamento,Intersezione semaforizzata,Una carreggiata a doppio senso,Asciutto,Asfaltata,Verticale ed orizzontale,Nuvoloso,Normale,Buona,Ore Diurne,1,0,0,3,12.5022,41.8916,-1,1,Autovettura privata,In marcia / fermata / arresto,Passeggero,F,Illeso,0,,,,
3972224,1,03/09/2018 14:50:00,Strada Urbana,VIA MERULANA,all'intersezione semaforizzata con,LARGO BRANCACCIO,LARGO BRANCACCIO,,,Tamponamento,Intersezione semaforizzata,Una carreggiata a doppio senso,Asciutto,Asfaltata,Verticale ed orizzontale,Nuvoloso,Normale,Buona,Ore Diurne,1,0,0,3,12.5022,41.8916,-1,2,Autovettura privata,In marcia / fermata / arresto,Conducente,F,Rimandato,0,NON DECEDUTO,,,
3972246,13,02/09/2018 05:20:00,Strada Urbana,VIA ARISTIDE CARABELLI,all'intersezione con,VIA COSTANZO CASANA,VIA COSTANZO CASANA,,,Scontro frontale/laterale DX fra veicoli in marcia,Intersezione semaforizzata,Due carreggiate,Asciutto,Asfaltata,Verticale,Sereno,Normale,Sufficiente,Insufficiente,0,0,0,2,12.2687,41.7386,-1,1,Autovettura privata,In marcia / fermata / arresto,Conducente,M,Illeso,0,,Non accertato,Esploso,
3972246,13,02/09/2018 05:20:00,Strada Urbana,VIA ARISTIDE CARABELLI,all'intersezione con,VIA COSTANZO CASANA,VIA COSTANZO CASANA,,,Scontro frontale/laterale DX fra veicoli in marcia,Intersezione semaforizzata,Due carreggiate,Asciutto,Asfaltata,Verticale,Sereno,Normale,Sufficiente,Insufficiente,0,0,0,2,12.2687,41.7386,-1,2,Autovettura privata,In marcia / fermata / arresto,Conducente,M,Illeso,0,,Non accertato,Esploso,
3972485,9,03/09/2018 18:15:00,,VIA DELL'ARCO DI TRAVERTINO,all'intersezione semaforizzata con,VIA TUSCOLANA,VIA TUSCOLANA,,,Scontro laterale fra veicoli in marcia,,,,,,,,,,0,0,0,3,,,0,1,Autovettura privata,In marcia / fermata / arresto,Conducente,M,Illeso,0,,,,
3972485,9,03/09/2018 18:15:00,,VIA DELL'ARCO DI TRAVERTINO,all'intersezione semaforizzata con,VIA TUSCOLANA,VIA TUSCOLANA,,,Scontro laterale fra veicoli in marcia,,,,,,,,,,0,0,0,3,,,0,2,Autovettura privata,In marcia / fermata / arresto,Conducente,M,Illeso,0,,,,
3972485,9,03/09/2018 18:15:00,,VIA DELL'ARCO DI TRAVERTINO,all'intersezione semaforizzata con,VIA TUSCOLANA,VIA TUSCOLANA,,,Scontro laterale fra veicoli in marcia,,,,,,,,,,0,0,0,3,,,0,3,Motociclo con passeggero,In marcia / fermata / arresto,Conducente,M,Illeso,0,,,,
3972493,9,03/09/2018 21:30:00,Strada Urbana,VIA PANNONIA,all'intersezione con,PIAZZALE METRONIO,PIAZZALE METRONIO,,,Investimento di pedone,Intersezione stradale segnalata,Una carreggiata a doppio senso,Asciutto,Asfaltata,Verticale ed orizzontale,Sereno,Scarso,Sufficiente,Sufficiente,1,0,0,1,12.5002,41.881,-1,,,,Pedone,M,Rimandato,0,NON DECEDUTO,,,
3972493,9,03/09/2018 21:30:00,Strada Urbana,VIA PANNONIA,all'intersezione con,PIAZZALE METRONIO,PIAZZALE METRONIO,,,Investimento di pedone,Intersezione stradale segnalata,Una carreggiata a doppio senso,Asciutto,Asfaltata,Verticale ed orizzontale,Sereno,Scarso,Sufficiente,Sufficiente,1,0,0,1,12.5002,41.881,-1,1,Autovettura privata,In marcia / fermata / arresto,Conducente,M,Illeso,0,,Non accertato,Inesploso,
3972498,11,03/09/2018 16:15:00,Strada Urbana,VIALE GUGLIELMO MARCONI,all'intersezione semaforizzata con,VIA TEMISTOCLE CALZECCHI ONESTI,VIA TEMISTOCLE CALZECCHI ONESTI,,,Scontro laterale fra veicoli in marcia,Intersezione semaforizzata,Due carreggiate,Asciutto,Asfaltata,Verticale ed orizzontale,Sereno,Intenso,Buona,Ore Diurne,0,0,0,2,12.4713,41.8574,-1,1,Autovettura privata,In marcia / fermata / arresto,Conducente,F,Illeso,0,,Non accertato,,
3972498,11,03/09/2018 16:15:00,Strada Urbana,VIALE GUGLIELMO MARCONI,all'intersezione semaforizzata con,VIA TEMISTOCLE CALZECCHI ONESTI,VIA TEMISTOCLE CALZECCHI ONESTI,,,Scontro laterale fra veicoli in marcia,Intersezione semaforizzata,Due carreggiate,Asciutto,Asfaltata,Verticale ed orizzontale,Sereno,Intenso,Buona,Ore Diurne,0,0,0,2,12.4713,41.8574,-1,2,Autovettura privata,In marcia / fermata / arresto,Conducente,F,Illeso,0,,Non accertato,,
3972499,8,03/09/2018 07:30:00,Strada Urbana,VIA COLLATINA,all'intersezione con,VIA GIOVANNI CICALI,VIA GIOVANNI CICALI,,,Scontro laterale fra veicoli in marcia,Rotatoria,Una carreggiata a senso unico di marcia,Asciutto,Asfaltata,Verticale ed orizzontale,Nuvoloso,Intenso,Buona,Ore Diurne,0,0,0,2,12.6108,41.9059,-1,1,Autovettura privata,In marcia / fermata / arresto,Conducente,M,Illeso,0,,Non accertato,Inesploso,
3972499,8,03/09/2018 07:30:00,Strada Urbana,VIA COLLATINA,all'intersezione con,VIA GIOVANNI CICALI,VIA GIOVANNI CICALI,,,Scontro laterale fra veicoli in marcia,Rotatoria,Una carreggiata a senso unico di marcia,Asciutto,Asfaltata,Verticale ed orizzontale,Nuvoloso,Intenso,Buona,Ore Diurne,0,0,0,2,12.6108,41.9059,-1,2,Autovettura privata,In marcia / fermata / arresto,Conducente,M,Illeso,0,,Non accertato,Inesploso,
3972508,8,03/09/2018 09:30:00,Regionale entro l'abitato,VIA CASILINA,da specificare,,,,prossimit� 1791 B direzione Roma Centro,Tamponamento,Curva a visuale libera,Una carreggiata a doppio senso,Asciutto,Asfaltata,Verticale ed orizzontale,Sereno,Intenso,Buona,Ore Diurne,1,0,0,1,12.6811,41.8629,-1,1,Autovettura privata,In marcia / fermata / arresto,Conducente,M,Rifiuta cure immediate,0,NON DECEDUTO,Non accertato,Inesploso,
3972508,8,03/09/2018 09:30:00,Regionale entro l'abitato,VIA CASILINA,da specificare,,,,prossimit� 1791 B direzione Roma Centro,Tamponamento,Curva a visuale libera,Una carreggiata a doppio senso,Asciutto,Asfaltata,Verticale ed orizzontale,Sereno,Intenso,Buona,Ore Diurne,1,0,0,1,12.6811,41.8629,-1,2,Autocarro inferiore 35 q.,In marcia / fermata / arresto,Conducente,M,Illeso,0,,Non accertato,Inesploso,
3972530,8,03/09/2018 09:45:00,Statale entro l'abitato,VIA CASILINA,in corrispondenza,,del civico n.,1882/B,,Veicolo in marcia contro veicolo arresto,Rettilineo,Una carreggiata a doppio senso,Asciutto,Asfaltata,Verticale ed orizzontale,Nuvoloso,Scarso,Buona,Ore Diurne,0,0,0,3,12.6892,41.8631,-1,1,Autovettura privata,In marcia / fermata / arresto,Conducente,M,Illeso,0,,Non accertato,Inesploso,
3972530,8,03/09/2018 09:45:00,Statale entro l'abitato,VIA CASILINA,in corrispondenza,,del civico n.,1882/B,,Veicolo in marcia contro veicolo arresto,Rettilineo,Una carreggiata a doppio senso,Asciutto,Asfaltata,Verticale ed orizzontale,Nuvoloso,Scarso,Buona,Ore Diurne,0,0,0,3,12.6892,41.8631,-1,2,Autovettura privata,In marcia / fermata / arresto,Conducente,M,Illeso,0,,Non accertato,Inesploso,
3972530,8,03/09/2018 09:45:00,Statale entro l'abitato,VIA CASILINA,in corrispondenza,,del civico n.,1882/B,,Veicolo in marcia contro veicolo arresto,Rettilineo,Una carreggiata a doppio senso,Asciutto,Asfaltata,Verticale ed orizzontale,Nuvoloso,Scarso,Buona,Ore Diurne,0,0,0,3,12.6892,41.8631,-1,2,Autovettura privata,In marcia / fermata / arresto,Passeggero,F,Illeso,0,,Non accertato,Inesploso,
3972532,8,03/09/2018 14:00:00,Strada Urbana,VIA BORGHESIANA,all'intersezione con,VIA TORREGROTTA,VIA TORREGROTTA,,,Scontro frontale/laterale DX fra veicoli in marcia,Incrocio,Una carreggiata a doppio senso,Asciutto,Asfaltata,Verticale ed orizzontale,Nuvoloso,Normale,Buona,Ore Diurne,1,0,0,2,12.6724,41.8765,-1,1,Autovettura privata,In marcia / fermata / arresto,Conducente,M,Illeso,0,,Non accertato,Inesploso,
3972532,8,03/09/2018 14:00:00,Strada Urbana,VIA BORGHESIANA,all'intersezione con,VIA TORREGROTTA,VIA TORREGROTTA,,,Scontro frontale/laterale DX fra veicoli in marcia,Incrocio,Una carreggiata a doppio senso,Asciutto,Asfaltata,Verticale ed orizzontale,Nuvoloso,Normale,Buona,Ore Diurne,1,0,0,2,12.6724,41.8765,-1,1,Autovettura privata,In marcia / fermata / arresto,Passeggero,M,Rifiuta cure immediate,0,NON DECEDUTO,Non accertato,Inesploso,
3972532,8,03/09/2018 14:00:00,Strada Urbana,VIA BORGHESIANA,all'intersezione con,VIA TORREGROTTA,VIA TORREGROTTA,,,Scontro frontale/laterale DX fra veicoli in marcia,Incrocio,Una carreggiata a doppio senso,Asciutto,Asfaltata,Verticale ed orizzontale,Nuvoloso,Normale,Buona,Ore Diurne,1,0,0,2,12.6724,41.8765,-1,2,Autovettura privata,In marcia / fermata / arresto,Conducente,M,Illeso,0,,Non accertato,Inesploso,
3972535,8,03/09/2018 14:25:00,Statale entro l'abitato,VIA CASILINA,all'intersezione semaforizzata con,PIAZZA DI TORRE GAIA,PIAZZA DI TORRE GAIA,,,Scontro laterale fra veicoli in marcia,Intersezione semaforizzata,Una carreggiata a doppio senso,Asciutto,Asfaltata,Verticale ed orizzontale,Sereno,Normale,Buona,Ore Diurne,0,0,0,2,12.6194,41.8629,-1,1,Autocarro superiore 35 q.,In marcia / fermata / arresto,Conducente,M,Illeso,0,,Non accertato,Inesploso,
3972535,8,03/09/2018 14:25:00,Statale entro l'abitato,VIA CASILINA,all'intersezione semaforizzata con,PIAZZA DI TORRE GAIA,PIAZZA DI TORRE GAIA,,,Scontro laterale fra veicoli in marcia,Intersezione semaforizzata,Una carreggiata a doppio senso,Asciutto,Asfaltata,Verticale ed orizzontale,Sereno,Normale,Buona,Ore Diurne,0,0,0,2,12.6194,41.8629,-1,2,Autovettura privata,In marcia / fermata / arresto,Conducente,M,Illeso,0,,Non accertato,Inesploso,
3972541,8,03/09/2018 17:00:00,Strada Urbana,VIA CASILINA,all'intersezione con,VIA SERRADIFALCO,VIA SERRADIFALCO,,,Tamponamento,Incrocio,Una carreggiata a doppio senso,Asciutto,Asfaltata,Verticale,Sereno,Intenso,Buona,Ore Diurne,0,0,0,3,12.6915,41.8637,-1,1,Autovettura privata,In marcia / fermata / arresto,Conducente,F,Illeso,0,,,,
3972541,8,03/09/2018 17:00:00,Strada Urbana,VIA CASILINA,all'intersezione con,VIA SERRADIFALCO,VIA SERRADIFALCO,,,Tamponamento,Incrocio,Una carreggiata a doppio senso,Asciutto,Asfaltata,Verticale,Sereno,Intenso,Buona,Ore Diurne,0,0,0,3,12.6915,41.8637,-1,2,Autovettura privata,In marcia / fermata / arresto,Conducente,F,Illeso,0,,,,
3972541,8,03/09/2018 17:00:00,Strada Urbana,VIA CASILINA,all'intersezione con,VIA SERRADIFALCO,VIA SERRADIFALCO,,,Tamponamento,Incrocio,Una carreggiata a doppio senso,Asciutto,Asfaltata,Verticale,Sereno,Intenso,Buona,Ore Diurne,0,0,0,3,12.6915,41.8637,-1,2,Autovettura privata,In marcia / fermata / arresto,Passeggero,F,Illeso,0,,,,
3972560,13,03/09/2018 06:00:00,Strada Urbana,VIA DI DRAGONE,in corrispondenza,,del civico n.,416,,Tamponamento,Rettilineo,Una carreggiata a doppio senso,Asciutto,Asfaltata,Assente,Sereno,Normale,Buona,Ore Diurne,0,0,0,1,12.3302,41.7867,-1,1,Autovettura privata,In marcia / fermata / arresto,Conducente,F,Illeso,0,,Non accertato,Inesploso,
3972562,20,03/09/2018 16:15:00,Strada Urbana,VIA TRIONFALE,all'intersezione con,VIA COLLEVECCHIO,VIA COLLEVECCHIO,,,Scontro laterale fra veicoli in marcia,Intersezione stradale segnalata,Una carreggiata a senso unico di marcia,Asciutto,Asfaltata,Verticale ed orizzontale,Sereno,Normale,Buona,Ore Diurne,1,0,0,1,12.4229,41.9409,-1,1,Autovettura privata,In marcia / fermata / arresto,Conducente,M,Illeso,0,,Non accertato,Inesploso,
3972562,20,03/09/2018 16:15:00,Strada Urbana,VIA TRIONFALE,all'intersezione con,VIA COLLEVECCHIO,VIA COLLEVECCHIO,,,Scontro laterale fra veicoli in marcia,Intersezione stradale segnalata,Una carreggiata a senso unico di marcia,Asciutto,Asfaltata,Verticale ed orizzontale,Sereno,Normale,Buona,Ore Diurne,1,0,0,1,12.4229,41.9409,-1,2,Velocipede,In marcia / fermata / arresto,Conducente,M,Ricoverato,0,NON DECEDUTO,Esente,,
3972595,12,03/09/2018 17:45:00,Strada Urbana,VIA DI PORTA MEDAGLIA,da specificare,,,,1 km dopo via Laurentina,Scontro frontale fra veicoli in marcia,Curva senza visuale libera,Una carreggiata a doppio senso,Bagnato (umidit� in atto),Asfaltata,Orizzontale,Sereno,Normale,Buona,Ore Diurne,3,0,0,0,12.5284,41.7574,-1,1,Autovettura privata,In marcia / fermata / arresto,Conducente,F,Rimandato,0,NON DECEDUTO,Non accertato,Esploso,
3972595,12,03/09/2018 17:45:00,Strada Urbana,VIA DI PORTA MEDAGLIA,da specificare,,,,1 km dopo via Laurentina,Scontro frontale fra veicoli in marcia,Curva senza visuale libera,Una carreggiata a doppio senso,Bagnato (umidit� in atto),Asfaltata,Orizzontale,Sereno,Normale,Buona,Ore Diurne,3,0,0,0,12.5284,41.7574,-1,1,Autovettura privata,In marcia / fermata / arresto,Passeggero,M,Rimandato,0,NON DECEDUTO,Non accertato,Esploso,
3972595,12,03/09/2018 17:45:00,Strada Urbana,VIA DI PORTA MEDAGLIA,da specificare,,,,1 km dopo via Laurentina,Scontro frontale fra veicoli in marcia,Curva senza visuale libera,Una carreggiata a doppio senso,Bagnato (umidit� in atto),Asfaltata,Orizzontale,Sereno,Normale,Buona,Ore Diurne,3,0,0,0,12.5284,41.7574,-1,2,Autocarro inferiore 35 q.,In marcia / fermata / arresto,Conducente,M,Rimandato,0,NON DECEDUTO,Non accertato,Inesploso,
3972598,1,03/09/2018 13:40:00,Strada Urbana,VIA CARLO ALBERTO,in corrispondenza,,del civico n.,45,,Infortunio per sola frenata improvvisa,Rettilineo,Una carreggiata a doppio senso,Asciutto,Asfaltata,Verticale ed orizzontale,Nuvoloso,Normale,Buona,Ore Diurne,1,0,0,1,12.5014,41.8962,-1,1,Motociclo a solo,In marcia / fermata / arresto,Conducente,M,Rimandato,0,NON DECEDUTO,Non accertato,,
3972598,1,03/09/2018 13:40:00,Strada Urbana,VIA CARLO ALBERTO,in corrispondenza,,del civico n.,45,,Infortunio per sola frenata improvvisa,Rettilineo,Una carreggiata a doppio senso,Asciutto,Asfaltata,Verticale ed orizzontale,Nuvoloso,Normale,Buona,Ore Diurne,1,0,0,1,12.5014,41.8962,-1,2,Autovettura privata,In marcia / fermata / arresto,Conducente,M,Illeso,0,,,,
3972605,20,03/09/2018 17:40:00,Strada Urbana,VIALE GEMONA DEL FRIULI,all'intersezione con,VIA ARTA TERME,VIA ARTA TERME,,,Scontro frontale/laterale DX fra veicoli in marcia,Incrocio,Una carreggiata a doppio senso,Asciutto,Asfaltata,Orizzontale,Sereno,Normale,Buona,Ore Diurne,1,0,0,1,12.4846,41.994,-1,1,Autovettura privata,In marcia / fermata / arresto,Conducente,M,Illeso,0,,,,
3972605,20,03/09/2018 17:40:00,Strada Urbana,VIALE GEMONA DEL FRIULI,all'intersezione con,VIA ARTA TERME,VIA ARTA TERME,,,Scontro frontale/laterale DX fra veicoli in marcia,Incrocio,Una carreggiata a doppio senso,Asciutto,Asfaltata,Orizzontale,Sereno,Normale,Buona,Ore Diurne,1,0,0,1,12.4846,41.994,-1,2,Autovettura privata,In marcia / fermata / arresto,Conducente,M,Rimandato,0,NON DECEDUTO,,,
3972614,7,04/09/2018 00:05:00,Strada Urbana,PIAZZA TEOFRASTO,da specificare,,,,alt. civico 7 e Piazza dei Gerani alt. civ. 47,Scontro laterale fra veicoli in marcia,Rettilineo,Una carreggiata a senso unico di marcia,Asciutto,Asfaltata,Verticale ed orizzontale,Sereno,Normale,Buona,Sufficiente,0,0,0,3,12.5639,41.8917,-1,1,Autobus di linea,In marcia / fermata / arresto,Conducente,M,Illeso,0,,Non accertato,,
3972614,7,04/09/2018 00:05:00,Strada Urbana,PIAZZA TEOFRASTO,da specificare,,,,alt. civico 7 e Piazza dei Gerani alt. civ. 47,Scontro laterale fra veicoli in marcia,Rettilineo,Una carreggiata a senso unico di marcia,Asciutto,Asfaltata,Verticale ed orizzontale,Sereno,Normale,Buona,Sufficiente,0,0,0,3,12.5639,41.8917,-1,2,Autovettura privata,In marcia / fermata / arresto,Conducente,M,Illeso,0,,Non accertato,Inesploso,
3972614,7,04/09/2018 00:05:00,Strada Urbana,PIAZZA TEOFRASTO,da specificare,,,,alt. civico 7 e Piazza dei Gerani alt. civ. 47,Scontro laterale fra veicoli in marcia,Rettilineo,Una carreggiata a senso unico di marcia,Asciutto,Asfaltata,Verticale ed orizzontale,Sereno,Normale,Buona,Sufficiente,0,0,0,3,12.5639,41.8917,-1,2,Autovettura privata,In marcia / fermata / arresto,Passeggero,M,Illeso,0,,Non accertato,Inesploso,
3972622,4,03/09/2018 14:40:00,Provinciale,VIA NOMENTANA,in corrispondenza,,della chilometrica,14.7,,Veicolo in marcia contro ostacolo fisso,Curva senza visuale libera,Una carreggiata a senso unico di marcia,Bagnato (pioggia),Asfaltata,Orizzontale,Pioggia in atto,Normale,Buona,Ore Diurne,0,0,0,1,12.6132,41.9725,-1,1,Motociclo a solo,In marcia / fermata / arresto,Conducente,M,Illeso,0,,Non accertato,,
3972630,1,04/09/2018 01:00:00,Strada Urbana,PIAZZALE NUMA POMPILIO,all'intersezione semaforizzata con,VIALE DELLE TERME DI CARACALLA,VIALE DELLE TERME DI CARACALLA,,,Scontro laterale fra veicoli in marcia,Intersezione semaforizzata,Una carreggiata a doppio senso,Asciutto,Asfaltata,Verticale ed orizzontale,Grandine in atto,Scarso,Sufficiente,Sufficiente,0,0,0,2,12.4957,41.8796,-1,1,Autovettura privata,In marcia / fermata / arresto,Conducente,M,Illeso,0,,Non accertato,Inesploso,
3972630,1,04/09/2018 01:00:00,Strada Urbana,PIAZZALE NUMA POMPILIO,all'intersezione semaforizzata con,VIALE DELLE TERME DI CARACALLA,VIALE DELLE TERME DI CARACALLA,,,Scontro laterale fra veicoli in marcia,Intersezione semaforizzata,Una carreggiata a doppio senso,Asciutto,Asfaltata,Verticale ed orizzontale,Grandine in atto,Scarso,Sufficiente,Sufficiente,0,0,0,2,12.4957,41.8796,-1,2,Autovettura privata,In marcia / fermata / arresto,Conducente,F,Illeso,0,,Non accertato,Inesploso,
3972631,12,03/09/2018 11:10:00,Strada Urbana,VIA DI TORRE S. ANASTASIA,da specificare,,,,ALTEZZA CIVICO 65,Veicolo in marcia contro ostacolo accidentale,Curva senza visuale libera,Una carreggiata a doppio senso,Asciutto,Asfaltata,Verticale ed orizzontale,Nuvoloso,Scarso,Buona,Ore Diurne,0,0,0,1,12.5302,41.7738,-1,1,Autovettura privata,In marcia / fermata / arresto,Conducente,M,Illeso,0,,Utilizzato,Inesploso,
3972635,13,03/09/2018 09:00:00,Strada Urbana,VIA DELLE BALENIERE,all'intersezione con,VIA ISOLE FIGI,VIA ISOLE FIGI,,,Scontro frontale/laterale SX fra veicoli in marcia,Incrocio,Una carreggiata a doppio senso,Asciutto,Asfaltata,Orizzontale,Sereno,Normale,Buona,Ore Diurne,0,0,0,2,12.2795,41.7382,-1,1,Autovettura privata,In marcia / fermata / arresto,Conducente,M,Illeso,0,,Non accertato,Inesploso,
3972635,13,03/09/2018 09:00:00,Strada Urbana,VIA DELLE BALENIERE,all'intersezione con,VIA ISOLE FIGI,VIA ISOLE FIGI,,,Scontro frontale/laterale SX fra veicoli in marcia,Incrocio,Una carreggiata a doppio senso,Asciutto,Asfaltata,Orizzontale,Sereno,Normale,Buona,Ore Diurne,0,0,0,2,12.2795,41.7382,-1,2,Autovettura privata,In marcia / fermata / arresto,Conducente,M,Illeso,0,,Non accertato,Inesploso,
3972639,4,03/09/2018 09:20:00,Strada Urbana,VIADOTTO SANDRO PERTINI,da specificare,,,,altezza rampa uscita Monte Giberto,Veicolo in marcia contro ostacolo fisso,Rettilineo,Due carreggiate,Asciutto,Asfaltata,Verticale ed orizzontale,Sereno,Normale,Buona,Ore Diurne,0,0,0,1,12.4964,41.9028,-1,1,Autovettura privata,In marcia / fermata / arresto,Conducente,F,Illeso,0,,,,
3972668,4,03/09/2018 08:45:00,Strada Urbana,VIA DELLE VIGNE NUOVE,in corrispondenza,,del civico n.,620,,Veicolo in marcia contro veicolo fermo,Rettilineo,Pi� di due carreggiate,Asciutto,Asfaltata,Assente,Nuvoloso,Scarso,Buona,Ore Diurne,0,0,0,2,12.5359,41.9631,-1,1,Autovettura privata,In marcia / fermata / arresto,Conducente,M,Illeso,0,,Non accertato,,
3972668,4,03/09/2018 08:45:00,Strada Urbana,VIA DELLE VIGNE NUOVE,in corrispondenza,,del civico n.,620,,Veicolo in marcia contro veicolo fermo,Rettilineo,Pi� di due carreggiate,Asciutto,Asfaltata,Assente,Nuvoloso,Scarso,Buona,Ore Diurne,0,0,0,2,12.5359,41.9631,-1,2,Autocarro inferiore 35 q.,In marcia / fermata / arresto,Conducente,M,Illeso,0,,Non accertato,,
3972682,4,03/09/2018 11:15:00,Strada Urbana,VIA DI CASAL BOCCONE,in corrispondenza,,del civico n.,286,,Scontro laterale fra veicoli in marcia,Rettilineo,Una carreggiata a doppio senso,Asciutto,Asfaltata,Verticale ed orizzontale,Sereno,Normale,Buona,Ore Diurne,0,0,0,1,12.5498,41.966,-1,1,Autovettura privata,In marcia / fermata / arresto,Conducente,M,Illeso,0,,Non accertato,Inesploso,
3972688,2,03/09/2018 10:20:00,Strada Urbana,VIA PO,all'intersezione semaforizzata con,VIA GIOVANNI SGAMBATI,VIA GIOVANNI SGAMBATI,,,Scontro frontale/laterale SX fra veicoli in marcia,Intersezione stradale segnalata,Una carreggiata a doppio senso,Asciutto,Asfaltata,Verticale ed orizzontale,Sereno,Normale,Buona,Ore Diurne,0,0,0,2,12.4959,41.9151,-1,1,Autovettura privata,In marcia / fermata / arresto,Conducente,M,Illeso,0,,Non accertato,Inesploso,
3972688,2,03/09/2018 10:20:00,Strada Urbana,VIA PO,all'intersezione semaforizzata con,VIA GIOVANNI SGAMBATI,VIA GIOVANNI SGAMBATI,,,Scontro frontale/laterale SX fra veicoli in marcia,Intersezione stradale segnalata,Una carreggiata a doppio senso,Asciutto,Asfaltata,Verticale ed orizzontale,Sereno,Normale,Buona,Ore Diurne,0,0,0,2,12.4959,41.9151,-1,2,Autovettura privata,In marcia / fermata / arresto,Conducente,M,Illeso,0,,Non accertato,Inesploso,
3972692,2,03/09/2018 17:10:00,Strada Urbana,VIA VALMICHI,all'intersezione con,VIALE DELLE BELLE ARTI,VIALE DELLE BELLE ARTI,,,Scontro frontale/laterale DX fra veicoli in marcia,Incrocio,Pi� di due carreggiate,Asciutto,Asfaltata,Verticale ed orizzontale,Sereno,Normale,Buona,Ore Diurne,0,0,0,3,12.4816,41.9158,-1,1,Autovettura privata,In marcia / fermata / arresto,Conducente,M,Illeso,0,,Non accertato,Inesploso,