Protocollo,Gruppo,DataOraIncidente,Localizzazione1,STRADA1,Localizzazione2,STRADA2,Strada02,Chilometrica,DaSpecificare,NaturaIncidente,particolaritastrade,TipoStrada,FondoStradale,Pavimentazione,Segnaletica,CondizioneAtmosferica,Traffico,Visibilita,Illuminazione,NUM_FERITI,NUM_RISERVATA,NUM_MORTI,NUM_ILLESI,Longitudine,Latitudine,Confermato,Progressivo,TipoVeicolo,StatoVeicolo,TipoPersona,Sesso,Tipolesione,Deceduto,DecedutoDopo,CinturaCascoUtilizzato,Airbag,
3974110,9,04/09/2018 22:15:00,Strada Urbana,VIA FOLIGNO,all'intersezione con,VIA TERNI,VIA TERNI,,,Scontro frontale/laterale DX fra veicoli in marcia,Incrocio,Una carreggiata a doppio senso,Asciutto,Asfaltata,Verticale,Sereno,Normale,Buona,Ore Diurne,1,0,0,1,12.5187,41.8852,-1,2,Motociclo a solo,In marcia / fermata / arresto,Conducente,M,Rimandato,0,NON DECEDUTO,Non accertato,,
3974113,8,04/09/2018 17:45:00,Strada Urbana,VIA WALTER TOBAGI,in prossimit�,,del civico n.,133,,Tamponamento Multiplo,Rettilineo,Una carreggiata a doppio senso,Asciutto,Asfaltata,Orizzontale,Sereno,Normale,Buona,Ore Diurne,2,0,0,4,12.5978,41.874,-1,1,Autovettura privata,In marcia / fermata / arresto,Conducente,M,Rifiuta cure immediate,0,NON DECEDUTO,Non accertato,Inesploso,
3974113,8,04/09/2018 17:45:00,Strada Urbana,VIA WALTER TOBAGI,in prossimit�,,del civico n.,133,,Tamponamento Multiplo,Rettilineo,Una carreggiata a doppio senso,Asciutto,Asfaltata,Orizzontale,Sereno,Normale,Buona,Ore Diurne,2,0,0,4,12.5978,41.874,-1,2,Autocarro inferiore 35 q.,In marcia / fermata / arresto,Conducente,F,Rifiuta cure immediate,0,NON DECEDUTO,Non accertato,Inesploso,
3974113,8,04/09/2018 17:45:00,Strada Urbana,VIA WALTER TOBAGI,in prossimit�,,del civico n.,133,,Tamponamento Multiplo,Rettilineo,Una carreggiata a doppio senso,Asciutto,Asfaltata,Orizzontale,Sereno,Normale,Buona,Ore Diurne,2,0,0,4,12.5978,41.874,-1,2,Autocarro inferiore 35 q.,In marcia / fermata / arresto,Passeggero,M,Illeso,0,,,,
3974113,8,04/09/2018 17:45:00,Strada Urbana,VIA WALTER TOBAGI,in prossimit�,,del civico n.,133,,Tamponamento Multiplo,Rettilineo,Una carreggiata a doppio senso,Asciutto,Asfaltata,Orizzontale,Sereno,Normale,Buona,Ore Diurne,2,0,0,4,12.5978,41.874,-1,2,Autocarro inferiore 35 q.,In marcia / fermata / arresto,Passeggero,F,Illeso,0,,,,
3974113,8,04/09/2018 17:45:00,Strada Urbana,VIA WALTER TOBAGI,in prossimit�,,del civico n.,133,,Tamponamento Multiplo,Rettilineo,Una carreggiata a doppio senso,Asciutto,Asfaltata,Orizzontale,Sereno,Normale,Buona,Ore Diurne,2,0,0,4,12.5978,41.874,-1,3,Autovettura privata,In marcia / fermata / arresto,Conducente,M,Illeso,0,,Non accertato,Inesploso,
3974115,7,04/09/2018 10:35:00,Strada Urbana,VIA DEI CASTANI,in corrispondenza,,del civico n.,22,,Scontro frontale/laterale SX fra veicoli in marcia,Rettilineo,Una carreggiata a doppio senso,Asciutto,Asfaltata,Orizzontale,Sereno,Normale,Buona,Ore Diurne,0,0,0,4,12.5665,41.8778,-1,1,Autovettura privata,In marcia / fermata / arresto,Conducente,M,Illeso,0,,Non accertato,Inesploso,
3974115,7,04/09/2018 10:35:00,Strada Urbana,VIA DEI CASTANI,in corrispondenza,,del civico n.,22,,Scontro frontale/laterale SX fra veicoli in marcia,Rettilineo,Una carreggiata a doppio senso,Asciutto,Asfaltata,Orizzontale,Sereno,Normale,Buona,Ore Diurne,0,0,0,4,12.5665,41.8778,-1,1,Autovettura privata,In marcia / fermata / arresto,Passeggero,M,Illeso,0,,Non accertato,Inesploso,
3974115,7,04/09/2018 10:35:00,Strada Urbana,VIA DEI CASTANI,in corrispondenza,,del civico n.,22,,Scontro frontale/laterale SX fra veicoli in marcia,Rettilineo,Una carreggiata a doppio senso,Asciutto,Asfaltata,Orizzontale,Sereno,Normale,Buona,Ore Diurne,0,0,0,4,12.5665,41.8778,-1,2,Autovettura privata,In marcia / fermata / arresto,Conducente,M,Illeso,0,,Non accertato,Inesploso,
3974115,7,04/09/2018 10:35:00,Strada Urbana,VIA DEI CASTANI,in corrispondenza,,del civico n.,22,,Scontro frontale/laterale SX fra veicoli in marcia,Rettilineo,Una carreggiata a doppio senso,Asciutto,Asfaltata,Orizzontale,Sereno,Normale,Buona,Ore Diurne,0,0,0,4,12.5665,41.8778,-1,2,Autovettura privata,In marcia / fermata / arresto,Passeggero,F,Illeso,0,,Non accertato,Inesploso,
3974120,9,04/09/2018 19:45:00,Strada Urbana,VIA NOCERA UMBRA,in prossimit�,,del civico n.,28,,Scontro laterale fra veicoli in marcia,Rettilineo,Due carreggiate,Asciutto,Asfaltata,Verticale ed orizzontale,Sereno,Scarso,Sufficiente,Sufficiente,0,0,0,3,12.5268,41.8769,-1,1,Autovettura privata,In marcia / fermata / arresto,Conducente,M,Illeso,0,,Non accertato,Inesploso,
3974120,9,04/09/2018 19:45:00,Strada Urbana,VIA NOCERA UMBRA,in prossimit�,,del civico n.,28,,Scontro laterale fra veicoli in marcia,Rettilineo,Due carreggiate,Asciutto,Asfaltata,Verticale ed orizzontale,Sereno,Scarso,Sufficiente,Sufficiente,0,0,0,3,12.5268,41.8769,-1,2,Autovettura privata,In marcia / fermata / arresto,Conducente,F,Illeso,0,,Non accertato,Inesploso,
3974120,9,04/09/2018 19:45:00,Strada Urbana,VIA NOCERA UMBRA,in prossimit�,,del civico n.,28,,Scontro laterale fra veicoli in marcia,Rettilineo,Due carreggiate,Asciutto,Asfaltata,Verticale ed orizzontale,Sereno,Scarso,Sufficiente,Sufficiente,0,0,0,3,12.5268,41.8769,-1,2,Autovettura privata,In marcia / fermata / arresto,Passeggero,M,Illeso,0,,Non accertato,Inesploso,
3974124,8,04/09/2018 17:30:00,Strada Urbana,VIA DI TOR BELLA MONACA,da specificare,,,,altezza cavalcavia Torrenova,Tamponamento,Curva a visuale libera,Due carreggiate,Asciutto,Asfaltata,Verticale ed orizzontale,Sereno,Normale,Buona,Ore Diurne,0,0,0,2,12.6282,41.8763,-1,1,Autovettura privata,In marcia / fermata / arresto,Conducente,M,Illeso,0,,,,
3974124,8,04/09/2018 17:30:00,Strada Urbana,VIA DI TOR BELLA MONACA,da specificare,,,,altezza cavalcavia Torrenova,Tamponamento,Curva a visuale libera,Due carreggiate,Asciutto,Asfaltata,Verticale ed orizzontale,Sereno,Normale,Buona,Ore Diurne,0,0,0,2,12.6282,41.8763,-1,2,Autovettura privata,In marcia / fermata / arresto,Conducente,M,Illeso,0,,,,
3974129,8,05/09/2018 00:30:00,Strada Urbana,VIA MONSIGNOR PIETRO ORSI,in corrispondenza,,del civico n.,37,,Veicolo in marcia contro ostacolo fisso,Rettilineo,Una carreggiata a doppio senso,Asciutto,Con buche,Verticale ed orizzontale,Sereno,Scarso,Sufficiente,Sufficiente,1,0,0,0,12.6702,41.9057,0,1,Motociclo a solo,In marcia / fermata / arresto,Conducente,M,Ricoverato,0,NON DECEDUTO,Non accertato,,
3974131,18,03/09/2018 11:00:00,Strada Urbana,VIA AURELIA,in corrispondenza,,del civico n.,414,,Scontro laterale fra veicoli in marcia,Rettilineo,Due carreggiate,Asciutto,Asfaltata,Verticale ed orizzontale,Nuvoloso,Intenso,Buona,Ore Diurne,0,0,0,4,12.4284,41.8987,-1,1,Autovettura privata,In marcia / fermata / arresto,Conducente,F,Illeso,0,,,,
3974131,18,03/09/2018 11:00:00,Strada Urbana,VIA AURELIA,in corrispondenza,,del civico n.,414,,Scontro laterale fra veicoli in marcia,Rettilineo,Due carreggiate,Asciutto,Asfaltata,Verticale ed orizzontale,Nuvoloso,Intenso,Buona,Ore Diurne,0,0,0,4,12.4284,41.8987,-1,1,Autovettura privata,In marcia / fermata / arresto,Passeggero,M,Illeso,0,,,,
3974131,18,03/09/2018 11:00:00,Strada Urbana,VIA AURELIA,in corrispondenza,,del civico n.,414,,Scontro laterale fra veicoli in marcia,Rettilineo,Due carreggiate,Asciutto,Asfaltata,Verticale ed orizzontale,Nuvoloso,Intenso,Buona,Ore Diurne,0,0,0,4,12.4284,41.8987,-1,1,Autovettura privata,In marcia / fermata / arresto,Passeggero,F,Illeso,0,,,,
3974131,18,03/09/2018 11:00:00,Strada Urbana,VIA AURELIA,in corrispondenza,,del civico n.,414,,Scontro laterale fra veicoli in marcia,Rettilineo,Due carreggiate,Asciutto,Asfaltata,Verticale ed orizzontale,Nuvoloso,Intenso,Buona,Ore Diurne,0,0,0,4,12.4284,41.8987,-1,2,Autocarro inferiore 35 q.,In marcia / fermata / arresto,Conducente,M,Illeso,0,,,,
3974132,18,04/09/2018 16:10:00,Strada Urbana,VIA DELLA PINETA SACCHETTI,in prossimit�,,del civico n.,85,,Tamponamento Multiplo,Rettilineo,Una carreggiata a doppio senso,Asciutto,Asfaltata,Verticale ed orizzontale,Sereno,Normale,Buona,Ore Diurne,0,0,0,3,12.4228,41.9143,-1,1,Autovettura privata,In marcia / fermata / arresto,Conducente,F,Illeso,0,,Non accertato,Inesploso,
3974132,18,04/09/2018 16:10:00,Strada Urbana,VIA DELLA PINETA SACCHETTI,in prossimit�,,del civico n.,85,,Tamponamento Multiplo,Rettilineo,Una carreggiata a doppio senso,Asciutto,Asfaltata,Verticale ed orizzontale,Sereno,Normale,Buona,Ore Diurne,0,0,0,3,12.4228,41.9143,-1,2,Autovettura privata,In marcia / fermata / arresto,Conducente,M,Illeso,0,,Non accertato,Inesistente,
3974132,18,04/09/2018 16:10:00,Strada Urbana,VIA DELLA PINETA SACCHETTI,in prossimit�,,del civico n.,85,,Tamponamento Multiplo,Rettilineo,Una carreggiata a doppio senso,Asciutto,Asfaltata,Verticale ed orizzontale,Sereno,Normale,Buona,Ore Diurne,0,0,0,3,12.4228,41.9143,-1,3,Autocarro inferiore 35 q.,In marcia / fermata / arresto,Conducente,M,Illeso,0,,Non accertato,Inesploso,
3974140,4,04/09/2018 14:50:00,Strada Urbana,VIA SCARPANTO,da specificare,,,,fr. 35,Investimento di pedone,Rettilineo,Due carreggiate,Asciutto,Asfaltata,Verticale ed orizzontale,Sereno,Normale,Buona,Ore Diurne,1,0,0,1,12.5275,41.9476,-1,,,,Pedone,F,Rimandato,0,NON DECEDUTO,,,
3974140,4,04/09/2018 14:50:00,Strada Urbana,VIA SCARPANTO,da specificare,,,,fr. 35,Investimento di pedone,Rettilineo,Due carreggiate,Asciutto,Asfaltata,Verticale ed orizzontale,Sereno,Normale,Buona,Ore Diurne,1,0,0,1,12.5275,41.9476,-1,1,Autovettura privata,In marcia / fermata / arresto,Conducente,F,Illeso,0,,,,
3974145,19,04/09/2018 21:45:00,Strada Urbana,VIA DI TORREVECCHIA,in corrispondenza,,del civico n.,127,,Tamponamento,Rettilineo,Una carreggiata a doppio senso,Asciutto,Asfaltata,Orizzontale,Sereno,Normale,Buona,Sufficiente,1,0,0,2,12.42,41.9339,-1,1,Autovettura privata,In marcia / fermata / arresto,Conducente,M,Illeso,0,,Non accertato,Inesploso,
3974145,19,04/09/2018 21:45:00,Strada Urbana,VIA DI TORREVECCHIA,in corrispondenza,,del civico n.,127,,Tamponamento,Rettilineo,Una carreggiata a doppio senso,Asciutto,Asfaltata,Orizzontale,Sereno,Normale,Buona,Sufficiente,1,0,0,2,12.42,41.9339,-1,1,Autovettura privata,In marcia / fermata / arresto,Passeggero,M,Illeso,0,,Non accertato,Inesploso,
3974145,19,04/09/2018 21:45:00,Strada Urbana,VIA DI TORREVECCHIA,in corrispondenza,,del civico n.,127,,Tamponamento,Rettilineo,Una carreggiata a doppio senso,Asciutto,Asfaltata,Orizzontale,Sereno,Normale,Buona,Sufficiente,1,0,0,2,12.42,41.9339,-1,2,Motociclo a solo,In marcia / fermata / arresto,Conducente,M,Rimandato,0,NON DECEDUTO,Non accertato,,
3974149,20,04/09/2018 09:10:00,Strada Urbana,VIA VITTORIO PICCININI,da specificare,,,,in prossimit� via Cassia,Investimento di pedone,Curva senza visuale libera,Una carreggiata a senso unico di marcia,Asciutto,Asfaltata,Verticale ed orizzontale,Sereno,Normale,Buona,Ore Diurne,1,0,0,2,12.4088,41.9839,-1,,,,Pedone,M,Rimandato,0,NON DECEDUTO,,,
3974149,20,04/09/2018 09:10:00,Strada Urbana,VIA VITTORIO PICCININI,da specificare,,,,in prossimit� via Cassia,Investimento di pedone,Curva senza visuale libera,Una carreggiata a senso unico di marcia,Asciutto,Asfaltata,Verticale ed orizzontale,Sereno,Normale,Buona,Ore Diurne,1,0,0,2,12.4088,41.9839,-1,1,Autovettura privata,In marcia / fermata / arresto,Conducente,M,Illeso,0,,Non accertato,,
3974149,20,04/09/2018 09:10:00,Strada Urbana,VIA VITTORIO PICCININI,da specificare,,,,in prossimit� via Cassia,Investimento di pedone,Curva senza visuale libera,Una carreggiata a senso unico di marcia,Asciutto,Asfaltata,Verticale ed orizzontale,Sereno,Normale,Buona,Ore Diurne,1,0,0,2,12.4088,41.9839,-1,1,Autovettura privata,In marcia / fermata / arresto,Passeggero,F,Illeso,0,,Utilizzato,Inesploso,
3974162,18,04/09/2018 08:20:00,Strada Urbana,VIA DI BOCCEA,da specificare,,,,prossimit� VIA DEL QUARTACCIO,Scontro laterale fra veicoli in marcia,Rettilineo,Una carreggiata a senso unico di marcia,Asciutto,Asfaltata,Verticale ed orizzontale,Sereno,Normale,Buona,Ore Diurne,1,0,0,1,12.3847,41.9149,-1,1,Motociclo a solo,In marcia / fermata / arresto,Conducente,M,Rifiuta cure immediate,0,NON DECEDUTO,,,
3974162,18,04/09/2018 08:20:00,Strada Urbana,VIA DI BOCCEA,da specificare,,,,prossimit� VIA DEL QUARTACCIO,Scontro laterale fra veicoli in marcia,Rettilineo,Una carreggiata a senso unico di marcia,Asciutto,Asfaltata,Verticale ed orizzontale,Sereno,Normale,Buona,Ore Diurne,1,0,0,1,12.3847,41.9149,-1,2,Autocarro inferiore 35 q.,In marcia / fermata / arresto,Conducente,M,Illeso,0,,,,
3974163,20,04/09/2018 08:45:00,Provinciale,VIA BRACCIANENSE,in prossimit�,,della chilometrica,11.1,,Tamponamento Multiplo,Rettilineo,Una carreggiata a doppio senso,Asciutto,Asfaltata,Verticale ed orizzontale,Sereno,Intenso,Buona,Ore Diurne,0,0,0,3,12.3654,42.0132,-1,1,Autovettura privata,In marcia / fermata / arresto,Conducente,M,Illeso,0,,Non accertato,Inesploso,
3974163,20,04/09/2018 08:45:00,Provinciale,VIA BRACCIANENSE,in prossimit�,,della chilometrica,11.1,,Tamponamento Multiplo,Rettilineo,Una carreggiata a doppio senso,Asciutto,Asfaltata,Verticale ed orizzontale,Sereno,Intenso,Buona,Ore Diurne,0,0,0,3,12.3654,42.0132,-1,2,Autovettura privata,In marcia / fermata / arresto,Conducente,M,Illeso,0,,Non accertato,Inesploso,
3974163,20,04/09/2018 08:45:00,Provinciale,VIA BRACCIANENSE,in prossimit�,,della chilometrica,11.1,,Tamponamento Multiplo,Rettilineo,Una carreggiata a doppio senso,Asciutto,Asfaltata,Verticale ed orizzontale,Sereno,Intenso,Buona,Ore Diurne,0,0,0,3,12.3654,42.0132,-1,3,Autovettura privata,In marcia / fermata / arresto,Conducente,M,Illeso,0,,Non accertato,Inesploso,
3974170,7,04/09/2018 09:43:00,Strada Urbana,VIA DAVIDE CAMPARI,in corrispondenza,,del civico n.,74,,Tamponamento,Rettilineo,Una carreggiata a doppio senso,Asciutto,Asfaltata,Verticale ed orizzontale,Sereno,Normale,Buona,Ore Diurne,2,0,0,0,12.586,41.8879,-1,1,Autovettura privata,In marcia / fermata / arresto,Conducente,M,Rimandato,0,NON DECEDUTO,Non accertato,,
3974170,7,04/09/2018 09:43:00,Strada Urbana,VIA DAVIDE CAMPARI,in corrispondenza,,del civico n.,74,,Tamponamento,Rettilineo,Una carreggiata a doppio senso,Asciutto,Asfaltata,Verticale ed orizzontale,Sereno,Normale,Buona,Ore Diurne,2,0,0,0,12.586,41.8879,-1,2,Autovettura privata,In marcia / fermata / arresto,Conducente,M,Rimandato,0,NON DECEDUTO,Non accertato,,
3974174,7,04/09/2018 07:50:00,Strada Urbana,VIA GIROLAMO COCCONI,all'intersezione con,VIA VINCENZO CESATI,VIA VINCENZO CESATI,,,Scontro frontale/laterale DX fra veicoli in marcia,Incrocio,Una carreggiata a doppio senso,Asciutto,Asfaltata,Verticale ed orizzontale,Sereno,Normale,Buona,Ore Diurne,0,0,0,4,12.5635,41.8936,-1,1,Motociclo a solo,In marcia / fermata / arresto,Conducente,M,Illeso,0,,Non accertato,,
3974174,7,04/09/2018 07:50:00,Strada Urbana,VIA GIROLAMO COCCONI,all'intersezione con,VIA VINCENZO CESATI,VIA VINCENZO CESATI,,,Scontro frontale/laterale DX fra veicoli in marcia,Incrocio,Una carreggiata a doppio senso,Asciutto,Asfaltata,Verticale ed orizzontale,Sereno,Normale,Buona,Ore Diurne,0,0,0,4,12.5635,41.8936,-1,2,Autovettura privata,In marcia / fermata / arresto,Conducente,F,Illeso,0,,Non accertato,Inesploso,
3974174,7,04/09/2018 07:50:00,Strada Urbana,VIA GIROLAMO COCCONI,all'intersezione con,VIA VINCENZO CESATI,VIA VINCENZO CESATI,,,Scontro frontale/laterale DX fra veicoli in marcia,Incrocio,Una carreggiata a doppio senso,Asciutto,Asfaltata,Verticale ed orizzontale,Sereno,Normale,Buona,Ore Diurne,0,0,0,4,12.5635,41.8936,-1,2,Autovettura privata,In marcia / fermata / arresto,Passeggero,F,Illeso,0,,Non accertato,Inesploso,
3974174,7,04/09/2018 07:50:00,Strada Urbana,VIA GIROLAMO COCCONI,all'intersezione con,VIA VINCENZO CESATI,VIA VINCENZO CESATI,,,Scontro frontale/laterale DX fra veicoli in marcia,Incrocio,Una carreggiata a doppio senso,Asciutto,Asfaltata,Verticale ed orizzontale,Sereno,Normale,Buona,Ore Diurne,0,0,0,4,12.5635,41.8936,-1,2,Autovettura privata,In marcia / fermata / arresto,Passeggero,M,Illeso,0,,Non accertato,Inesploso,
3974186,20,04/09/2018 17:10:00,Strada Urbana,VIA RIANO,in corrispondenza,,del civico n.,16,,Veicolo in marcia contro veicolo in sosta,Rettilineo,Una carreggiata a senso unico di marcia,Asciutto,Asfaltata,Verticale ed orizzontale,Sereno,Intenso,Buona,Ore Diurne,0,0,0,1,12.4694,41.9382,-1,1,Autovettura privata,In marcia / fermata / arresto,Conducente,M,Illeso,0,,,,
3974191,20,05/09/2018 02:10:00,Strada Urbana,PONTE DUCA D'AOSTA,da specificare,,,,pross. L.RE TAHON DI RAVEL,Ribaltamento senza urto contro ostacolo fisso,Rettilineo,Una carreggiata a doppio senso,Asciutto,Asfaltata,Orizzontale,Sereno,Scarso,Sufficiente,Sufficiente,0,0,0,3,12.4606,41.9312,-1,1,Quadriciclo leggero,In marcia / fermata / arresto,Conducente,M,Illeso,0,,,,
3974191,20,05/09/2018 02:10:00,Strada Urbana,PONTE DUCA D'AOSTA,da specificare,,,,pross. L.RE TAHON DI RAVEL,Ribaltamento senza urto contro ostacolo fisso,Rettilineo,Una carreggiata a doppio senso,Asciutto,Asfaltata,Orizzontale,Sereno,Scarso,Sufficiente,Sufficiente,0,0,0,3,12.4606,41.9312,-1,1,Quadriciclo leggero,In marcia / fermata / arresto,Passeggero,F,Illeso,0,,,,
3974191,20,05/09/2018 02:10:00,Strada Urbana,PONTE DUCA D'AOSTA,da specificare,,,,pross. L.RE TAHON DI RAVEL,Ribaltamento senza urto contro ostacolo fisso,Rettilineo,Una carreggiata a doppio senso,Asciutto,Asfaltata,Orizzontale,Sereno,Scarso,Sufficiente,Sufficiente,0,0,0,3,12.4606,41.9312,-1,1,Quadriciclo leggero,In marcia / fermata / arresto,Passeggero,M,Illeso,0,,,,
3974206,20,05/09/2018 06:00:00,Strada Urbana,VIA CASSIA NUOVA,da specificare,,,,prossimit� fermata Atac n. 70150,Fuoriuscita dalla sede stradale,Rettilineo,Una carreggiata a doppio senso,Asciutto,Asfaltata,Orizzontale,Sereno,Scarso,Sufficiente,Ore Diurne,1,0,0,0,12.4648,41.9537,-1,1,Autovettura privata,In marcia / fermata / arresto,Conducente,M,Rimandato,0,NON DECEDUTO,Non accertato,Inesploso,
3974208,7,05/09/2018 00:15:00,Strada Urbana,VIA DEI FAGGI,all'intersezione con,VIA TOR DE' SCHIAVI,VIA TOR DE' SCHIAVI,,,Scontro frontale/laterale SX fra veicoli in marcia,Incrocio,Una carreggiata a senso unico di marcia,Asciutto,Asfaltata,Verticale ed orizzontale,Sereno,Scarso,Buona,Sufficiente,2,0,0,3,12.5668,41.8841,-1,1,Autovettura privata,In marcia / fermata / arresto,Conducente,M,Illeso,0,,,,
3974208,7,05/09/2018 00:15:00,Strada Urbana,VIA DEI FAGGI,all'intersezione con,VIA TOR DE' SCHIAVI,VIA TOR DE' SCHIAVI,,,Scontro frontale/laterale SX fra veicoli in marcia,Incrocio,Una carreggiata a senso unico di marcia,Asciutto,Asfaltata,Verticale ed orizzontale,Sereno,Scarso,Buona,Sufficiente,2,0,0,3,12.5668,41.8841,-1,1,Autovettura privata,In marcia / fermata / arresto,Passeggero,M,Rimandato,0,NON DECEDUTO,,,
3974208,7,05/09/2018 00:15:00,Strada Urbana,VIA DEI FAGGI,all'intersezione con,VIA TOR DE' SCHIAVI,VIA TOR DE' SCHIAVI,,,Scontro frontale/laterale SX fra veicoli in marcia,Incrocio,Una carreggiata a senso unico di marcia,Asciutto,Asfaltata,Verticale ed orizzontale,Sereno,Scarso,Buona,Sufficiente,2,0,0,3,12.5668,41.8841,-1,1,Autovettura privata,In marcia / fermata / arresto,Passeggero Istruttore,M,Rimandato,0,NON DECEDUTO,,,
3974208,7,05/09/2018 00:15:00,Strada Urbana,VIA DEI FAGGI,all'intersezione con,VIA TOR DE' SCHIAVI,VIA TOR DE' SCHIAVI,,,Scontro frontale/laterale SX fra veicoli in marcia,Incrocio,Una carreggiata a senso unico di marcia,Asciutto,Asfaltata,Verticale ed orizzontale,Sereno,Scarso,Buona,Sufficiente,2,0,0,3,12.5668,41.8841,-1,2,Autovettura privata,In marcia / fermata / arresto,Conducente,M,Illeso,0,,Non accertato,Inesploso,
3974208,7,05/09/2018 00:15:00,Strada Urbana,VIA DEI FAGGI,all'intersezione con,VIA TOR DE' SCHIAVI,VIA TOR DE' SCHIAVI,,,Scontro frontale/laterale SX fra veicoli in marcia,Incrocio,Una carreggiata a senso unico di marcia,Asciutto,Asfaltata,Verticale ed orizzontale,Sereno,Scarso,Buona,Sufficiente,2,0,0,3,12.5668,41.8841,-1,2,Autovettura privata,In marcia / fermata / arresto,Passeggero,M,Illeso,0,,,,
3974214,12,04/09/2018 10:10:00,Strada Urbana,VIA DI DECIMA,all'intersezione semaforizzata con,VIALE DELL'OCEANO INDIANO,VIALE DELL'OCEANO INDIANO,,,Scontro laterale fra veicoli in marcia,Intersezione semaforizzata,Una carreggiata a doppio senso,Asciutto,Asfaltata,Verticale,Sereno,Normale,Buona,Ore Diurne,0,0,0,5,12.4437,41.821,-1,1,Autovettura privata,In marcia / fermata / arresto,Conducente,M,Illeso,0,,,Inesploso,
3974214,12,04/09/2018 10:10:00,Strada Urbana,VIA DI DECIMA,all'intersezione semaforizzata con,VIALE DELL'OCEANO INDIANO,VIALE DELL'OCEANO INDIANO,,,Scontro laterale fra veicoli in marcia,Intersezione semaforizzata,Una carreggiata a doppio senso,Asciutto,Asfaltata,Verticale,Sereno,Normale,Buona,Ore Diurne,0,0,0,5,12.4437,41.821,-1,1,Autovettura privata,In marcia / fermata / arresto,Passeggero,F,Illeso,0,,,,
3974214,12,04/09/2018 10:10:00,Strada Urbana,VIA DI DECIMA,all'intersezione semaforizzata con,VIALE DELL'OCEANO INDIANO,VIALE DELL'OCEANO INDIANO,,,Scontro laterale fra veicoli in marcia,Intersezione semaforizzata,Una carreggiata a doppio senso,Asciutto,Asfaltata,Verticale,Sereno,Normale,Buona,Ore Diurne,0,0,0,5,12.4437,41.821,-1,2,Autovettura privata,In marcia / fermata / arresto,Conducente,M,Illeso,0,,,,
3974214,12,04/09/2018 10:10:00,Strada Urbana,VIA DI DECIMA,all'intersezione semaforizzata con,VIALE DELL'OCEANO INDIANO,VIALE DELL'OCEANO INDIANO,,,Scontro laterale fra veicoli in marcia,Intersezione semaforizzata,Una carreggiata a doppio senso,Asciutto,Asfaltata,Verticale,Sereno,Normale,Buona,Ore Diurne,0,0,0,5,12.4437,41.821,-1,2,Autovettura privata,In marcia / fermata / arresto,Passeggero,F,Illeso,0,,,Inesploso,
3974214,12,04/09/2018 10:10:00,Strada Urbana,VIA DI DECIMA,all'intersezione semaforizzata con,VIALE DELL'OCEANO INDIANO,VIALE DELL'OCEANO INDIANO,,,Scontro laterale fra veicoli in marcia,Intersezione semaforizzata,Una carreggiata a doppio senso,Asciutto,Asfaltata,Verticale,Sereno,Normale,Buona,Ore Diurne,0,0,0,5,12.4437,41.821,-1,3,Autovettura privata,In marcia / fermata / arresto,Conducente,M,Illeso,0,,,,
3974218,4,04/09/2018 12:30:00,Strada Urbana,VIA CAMILLO PILOTTO,in prossimit�,,del civico n.,83/85,,Scontro laterale fra veicoli in marcia,Rettilineo,Una carreggiata a senso unico di marcia,Asciutto,Asfaltata,Verticale ed orizzontale,Sereno,Normale,Buona,Ore Diurne,0,0,0,2,12.5196,41.9668,-1,1,Autovettura privata,In marcia / fermata / arresto,Conducente,F,Illeso,0,,,,
3974218,4,04/09/2018 12:30:00,Strada Urbana,VIA CAMILLO PILOTTO,in prossimit�,,del civico n.,83/85,,Scontro laterale fra veicoli in marcia,Rettilineo,Una carreggiata a senso unico di marcia,Asciutto,Asfaltata,Verticale ed orizzontale,Sereno,Normale,Buona,Ore Diurne,0,0,0,2,12.5196,41.9668,-1,2,Autovettura privata,In marcia / fermata / arresto,Conducente,F,Illeso,0,,,,
3974277,23,04/09/2018 07:45:00,Comunale extraurbana,VIA CRISTOFORO COLOMBO,in prossimit�,,del civico n.,1761,,Tamponamento,Rettilineo,Due carreggiate,Asciutto,Asfaltata,Verticale ed orizzontale,Sereno,Intenso,Buona,Ore Diurne,1,0,0,1,12.3705,41.7556,-1,1,Motociclo a solo,In marcia / fermata / arresto,Conducente,F,Rimandato,0,NON DECEDUTO,Utilizzato,,
3974277,23,04/09/2018 07:45:00,Comunale extraurbana,VIA CRISTOFORO COLOMBO,in prossimit�,,del civico n.,1761,,Tamponamento,Rettilineo,Due carreggiate,Asciutto,Asfaltata,Verticale ed orizzontale,Sereno,Intenso,Buona,Ore Diurne,1,0,0,1,12.3705,41.7556,-1,2,Motociclo a solo,Allontanatosi,Conducente,M,Illeso,0,,,,
3974375,23,04/09/2018 15:00:00,Comunale extraurbana,VIA CRISTOFORO COLOMBO,all'intersezione semaforizzata con,VIA DEL CANALE DELLA LINGUA,VIA DEL CANALE DELLA LINGUA,,,Scontro laterale fra veicoli in marcia,Intersezione semaforizzata,Pi� di due carreggiate,Asciutto,Asfaltata,Verticale ed orizzontale,Sereno,Normale,Buona,Ore Diurne,0,0,0,2,12.3459,41.7364,-1,1,Autovettura privata,In marcia / fermata / arresto,Conducente,M,Illeso,0,,Non accertato,Inesploso,
3974375,23,04/09/2018 15:00:00,Comunale extraurbana,VIA CRISTOFORO COLOMBO,all'intersezione semaforizzata con,VIA DEL CANALE DELLA LINGUA,VIA DEL CANALE DELLA LINGUA,,,Scontro laterale fra veicoli in marcia,Intersezione semaforizzata,Pi� di due carreggiate,Asciutto,Asfaltata,Verticale ed orizzontale,Sereno,Normale,Buona,Ore Diurne,0,0,0,2,12.3459,41.7364,-1,2,Autovettura privata,In marcia / fermata / arresto,Conducente,M,Illeso,0,,Non accertato,Inesploso,