Protocollo,Gruppo,DataOraIncidente,Localizzazione1,STRADA1,Localizzazione2,STRADA2,Strada02,Chilometrica,DaSpecificare,NaturaIncidente,particolaritastrade,TipoStrada,FondoStradale,Pavimentazione,Segnaletica,CondizioneAtmosferica,Traffico,Visibilita,Illuminazione,NUM_FERITI,NUM_RISERVATA,NUM_MORTI,NUM_ILLESI,Longitudine,Latitudine,Confermato,Progressivo,TipoVeicolo,StatoVeicolo,TipoPersona,Sesso,Tipolesione,Deceduto,DecedutoDopo,CinturaCascoUtilizzato,Airbag,
3974379,13,04/09/2018 16:50:00,Strada Urbana,VIA DEL MARE,da specificare,,,,via ostiense/viale romagnoli/via azzorre,Scontro frontale/laterale DX fra veicoli in marcia,Rettilineo,Una carreggiata a doppio senso,Asciutto,Asfaltata,Assente,Sereno,Normale,Buona,Ore Diurne,0,0,0,2,12.4632,41.8403,-1,1,Autovettura privata,In marcia / fermata / arresto,Conducente,M,Illeso,0,,Non accertato,Inesploso,
3974379,13,04/09/2018 16:50:00,Strada Urbana,VIA DEL MARE,da specificare,,,,via ostiense/viale romagnoli/via azzorre,Scontro frontale/laterale DX fra veicoli in marcia,Rettilineo,Una carreggiata a doppio senso,Asciutto,Asfaltata,Assente,Sereno,Normale,Buona,Ore Diurne,0,0,0,2,12.4632,41.8403,-1,1,Autovettura privata,In marcia / fermata / arresto,Passeggero,M,Illeso,0,,,,
3974453,2,04/09/2018 11:00:00,Strada Urbana,VIALE GIOACCHINO ROSSINI,in prossimit�,,del civico n.,11,,Veicolo in marcia contro ostacolo accidentale,Rettilineo,Una carreggiata a senso unico di marcia,Asciutto,Asfaltata,Assente,Sereno,Scarso,Buona,Ore Diurne,1,0,0,0,12.4919,41.922,-1,1,Motociclo a solo,In marcia / fermata / arresto,Conducente,F,Rimandato,0,NON DECEDUTO,,,
3974454,2,04/09/2018 13:55:00,Strada Urbana,PIAZZA LAURO DE BOSIS,all'intersezione semaforizzata con,PONTE DUCA D'AOSTA,PONTE DUCA D'AOSTA,,,Scontro laterale fra veicoli in marcia,Incrocio,Due carreggiate,Asciutto,Asfaltata,Verticale ed orizzontale,Sereno,Normale,Buona,Ore Diurne,0,0,0,2,12.4586,41.9316,-1,1,Autovettura privata,In marcia / fermata / arresto,Conducente,F,Illeso,0,,Non accertato,Inesploso,
3974454,2,04/09/2018 13:55:00,Strada Urbana,PIAZZA LAURO DE BOSIS,all'intersezione semaforizzata con,PONTE DUCA D'AOSTA,PONTE DUCA D'AOSTA,,,Scontro laterale fra veicoli in marcia,Incrocio,Due carreggiate,Asciutto,Asfaltata,Verticale ed orizzontale,Sereno,Normale,Buona,Ore Diurne,0,0,0,2,12.4586,41.9316,-1,2,Autocarro inferiore 35 q.,In marcia / fermata / arresto,Conducente,M,Illeso,0,,Non accertato,Inesploso,
3974456,2,04/09/2018 18:10:00,Strada Urbana,VIALE GIOACCHINO ROSSINI,all'intersezione semaforizzata con,VIA ANTONIO BERTOLONI,VIA ANTONIO BERTOLONI,,,Investimento di pedone,Intersezione semaforizzata,Una carreggiata a senso unico di marcia,Asciutto,Asfaltata,Verticale ed orizzontale,Sereno,Normale,Buona,Ore Diurne,1,0,0,1,12.4917,41.9207,-1,,,,Pedone,F,Rimandato,0,NON DECEDUTO,,,
3974456,2,04/09/2018 18:10:00,Strada Urbana,VIALE GIOACCHINO ROSSINI,all'intersezione semaforizzata con,VIA ANTONIO BERTOLONI,VIA ANTONIO BERTOLONI,,,Investimento di pedone,Intersezione semaforizzata,Una carreggiata a senso unico di marcia,Asciutto,Asfaltata,Verticale ed orizzontale,Sereno,Normale,Buona,Ore Diurne,1,0,0,1,12.4917,41.9207,-1,1,Motociclo a solo,In marcia / fermata / arresto,Conducente,M,Illeso,0,,Non accertato,,
3974471,13,05/09/2018 01:20:00,Strada Urbana,VIA DI VALLE PORCINA,all'intersezione con,VIA GAVIRATE,VIA GAVIRATE,,,Veicolo in marcia contro veicolo in sosta,Incrocio,Una carreggiata a senso unico di marcia,Asciutto,Asfaltata,Verticale ed orizzontale,Sereno,Intenso,Buona,Ore Diurne,0,0,0,2,12.3719,41.7836,0,1,Motociclo con passeggero,In marcia / fermata / arresto,Conducente,M,Illeso,0,,Non accertato,,
3974471,13,05/09/2018 01:20:00,Strada Urbana,VIA DI VALLE PORCINA,all'intersezione con,VIA GAVIRATE,VIA GAVIRATE,,,Veicolo in marcia contro veicolo in sosta,Incrocio,Una carreggiata a senso unico di marcia,Asciutto,Asfaltata,Verticale ed orizzontale,Sereno,Intenso,Buona,Ore Diurne,0,0,0,2,12.3719,41.7836,0,1,Motociclo con passeggero,In marcia / fermata / arresto,Passeggero,M,Illeso,0,,Non accertato,,
3974474,15,05/09/2018 08:45:00,Strada Urbana,VIA PIAN DUE TORRI,in corrispondenza,,del civico n.,63,,Tamponamento,Rettilineo,Una carreggiata a senso unico di marcia,Asciutto,Asfaltata,Assente,Sereno,Scarso,Buona,Ore Diurne,0,0,0,2,12.4632,41.8497,-1,1,Autovettura privata,In marcia / fermata / arresto,Conducente,M,Illeso,0,,Non accertato,,
3974474,15,05/09/2018 08:45:00,Strada Urbana,VIA PIAN DUE TORRI,in corrispondenza,,del civico n.,63,,Tamponamento,Rettilineo,Una carreggiata a senso unico di marcia,Asciutto,Asfaltata,Assente,Sereno,Scarso,Buona,Ore Diurne,0,0,0,2,12.4632,41.8497,-1,2,Autovettura privata,In marcia / fermata / arresto,Conducente,F,Illeso,0,,,,
3974530,16,03/09/2018 10:20:00,Strada Urbana,VIA AURELIA ANTICA,in prossimit�,,del civico n.,300,,Fuoriuscita dalla sede stradale,Curva senza visuale libera,Una carreggiata a senso unico di marcia,Asciutto,Asfaltata,Verticale ed orizzontale,Sereno,Normale,Buona,Ore Diurne,2,0,0,0,12.4349,41.8902,-1,1,Motociclo con passeggero,In marcia / fermata / arresto,Conducente,M,Rimandato,0,NON DECEDUTO,Non accertato,,
3974530,16,03/09/2018 10:20:00,Strada Urbana,VIA AURELIA ANTICA,in prossimit�,,del civico n.,300,,Fuoriuscita dalla sede stradale,Curva senza visuale libera,Una carreggiata a senso unico di marcia,Asciutto,Asfaltata,Verticale ed orizzontale,Sereno,Normale,Buona,Ore Diurne,2,0,0,0,12.4349,41.8902,-1,1,Motociclo con passeggero,In marcia / fermata / arresto,Passeggero,F,Rimandato,0,NON DECEDUTO,Non accertato,,
3974542,18,04/09/2018 18:40:00,Strada Urbana,VIA CARIGNANO,all'intersezione con,VIA CANNOBIO,VIA CANNOBIO,,,Tamponamento,Intersezione non regolata/non segnalata,Una carreggiata a senso unico di marcia,Asciutto,Asfaltata,Assente,Sereno,Scarso,Buona,Ore Diurne,1,0,0,2,12.3681,41.9145,-1,1,Autovettura privata,In marcia / fermata / arresto,Conducente,M,Illeso,0,,Non accertato,Inesploso,
3974542,18,04/09/2018 18:40:00,Strada Urbana,VIA CARIGNANO,all'intersezione con,VIA CANNOBIO,VIA CANNOBIO,,,Tamponamento,Intersezione non regolata/non segnalata,Una carreggiata a senso unico di marcia,Asciutto,Asfaltata,Assente,Sereno,Scarso,Buona,Ore Diurne,1,0,0,2,12.3681,41.9145,-1,2,Autovettura privata,In marcia / fermata / arresto,Conducente,M,Illeso,0,,Non accertato,Inesploso,
3974542,18,04/09/2018 18:40:00,Strada Urbana,VIA CARIGNANO,all'intersezione con,VIA CANNOBIO,VIA CANNOBIO,,,Tamponamento,Intersezione non regolata/non segnalata,Una carreggiata a senso unico di marcia,Asciutto,Asfaltata,Assente,Sereno,Scarso,Buona,Ore Diurne,1,0,0,2,12.3681,41.9145,-1,2,Autovettura privata,In marcia / fermata / arresto,Passeggero,F,Rimandato,0,NON DECEDUTO,Non accertato,Inesploso,
3974628,1,04/09/2018 18:00:00,Strada Urbana,VIALE DELLE TERME DI CARACALLA,in prossimit�,,del palo luce n.,10,,Tamponamento,Rettilineo,Due carreggiate,Asciutto,Asfaltata,Verticale ed orizzontale,Sereno,Normale,Buona,Ore Diurne,1,0,0,1,12.4952,41.8789,-1,1,Autovettura privata,In marcia / fermata / arresto,Conducente,F,Rimandato,0,NON DECEDUTO,Non accertato,Inesploso,
3974628,1,04/09/2018 18:00:00,Strada Urbana,VIALE DELLE TERME DI CARACALLA,in prossimit�,,del palo luce n.,10,,Tamponamento,Rettilineo,Due carreggiate,Asciutto,Asfaltata,Verticale ed orizzontale,Sereno,Normale,Buona,Ore Diurne,1,0,0,1,12.4952,41.8789,-1,2,Autovettura privata,In marcia / fermata / arresto,Conducente,M,Illeso,0,,Non accertato,Inesploso,
3974733,1,04/09/2018 10:00:00,Strada Urbana,PIAZZA DI S. GIOVANNI IN LATERANO,in corrispondenza,,del civico n.,46,,Scontro laterale fra veicoli in marcia,Rettilineo,Una carreggiata a senso unico di marcia,Asciutto,Asfaltata,Verticale ed orizzontale,Sereno,Normale,Buona,Ore Diurne,0,0,0,2,12.5058,41.8874,-1,1,Autovettura privata,In marcia / fermata / arresto,Conducente,M,Illeso,0,,Non accertato,Inesploso,
3974733,1,04/09/2018 10:00:00,Strada Urbana,PIAZZA DI S. GIOVANNI IN LATERANO,in corrispondenza,,del civico n.,46,,Scontro laterale fra veicoli in marcia,Rettilineo,Una carreggiata a senso unico di marcia,Asciutto,Asfaltata,Verticale ed orizzontale,Sereno,Normale,Buona,Ore Diurne,0,0,0,2,12.5058,41.8874,-1,2,Autocarro inferiore 35 q.,In marcia / fermata / arresto,Conducente,M,Illeso,0,,Non accertato,Inesploso,
3974734,16,05/09/2018 07:20:00,Strada Urbana,VIA DELLA CONSOLATA,in corrispondenza,,del civico n.,39,,Tamponamento Multiplo,Rettilineo,Una carreggiata a doppio senso,Asciutto,Asfaltata,Verticale ed orizzontale,Sereno,Normale,Buona,Ore Diurne,0,0,0,3,12.4237,41.8768,-1,1,Autocarro inferiore 35 q.,In marcia / fermata / arresto,Conducente,M,Illeso,0,,Non accertato,,
3974734,16,05/09/2018 07:20:00,Strada Urbana,VIA DELLA CONSOLATA,in corrispondenza,,del civico n.,39,,Tamponamento Multiplo,Rettilineo,Una carreggiata a doppio senso,Asciutto,Asfaltata,Verticale ed orizzontale,Sereno,Normale,Buona,Ore Diurne,0,0,0,3,12.4237,41.8768,-1,2,Autovettura privata,In marcia / fermata / arresto,Conducente,M,Illeso,0,,Non accertato,,
3974734,16,05/09/2018 07:20:00,Strada Urbana,VIA DELLA CONSOLATA,in corrispondenza,,del civico n.,39,,Tamponamento Multiplo,Rettilineo,Una carreggiata a doppio senso,Asciutto,Asfaltata,Verticale ed orizzontale,Sereno,Normale,Buona,Ore Diurne,0,0,0,3,12.4237,41.8768,-1,3,Autovettura privata,In marcia / fermata / arresto,Conducente,M,Illeso,0,,Non accertato,,
3974772,20,05/09/2018 10:00:00,Strada Urbana,VIA DEL FORO ITALICO,da specificare,,,,direz. Giovanni XXIII cavalcavia Corso Francia Pal,Tamponamento,Rettilineo,Due carreggiate,Asciutto,Asfaltata,Verticale ed orizzontale,Sereno,Intenso,Buona,Ore Diurne,1,0,0,0,,,0,1,Autovettura privata,In marcia / fermata / arresto,Conducente,F,Rimandato,0,NON DECEDUTO,Non accertato,Esploso,
3974773,16,04/09/2018 09:05:00,Strada Urbana,VIALE DI VILLA PAMPHILI,in corrispondenza,,del civico n.,74,,Veicolo in marcia contro veicolo in sosta,Rettilineo,Una carreggiata a doppio senso,Asciutto,Asfaltata,Verticale ed orizzontale,Sereno,Normale,Buona,Ore Diurne,0,0,0,1,12.4565,41.8813,-1,2,Autovettura privata,In marcia / fermata / arresto,Conducente,F,Illeso,0,,Non accertato,Inesploso,
3974868,1,04/09/2018 21:00:00,Strada Urbana,PASSEGGIATA DI RIPETTA,in prossimit�,,del civico n.,23,,Scontro laterale fra veicoli in marcia,Curva a visuale libera,Una carreggiata a senso unico di marcia,Asciutto,Asfaltata,Verticale ed orizzontale,Sereno,Normale,Buona,Sufficiente,0,0,0,2,12.475,41.908,-1,1,Autovettura privata,In marcia / fermata / arresto,Conducente,F,Illeso,0,,Non accertato,Inesploso,
3974868,1,04/09/2018 21:00:00,Strada Urbana,PASSEGGIATA DI RIPETTA,in prossimit�,,del civico n.,23,,Scontro laterale fra veicoli in marcia,Curva a visuale libera,Una carreggiata a senso unico di marcia,Asciutto,Asfaltata,Verticale ed orizzontale,Sereno,Normale,Buona,Sufficiente,0,0,0,2,12.475,41.908,-1,2,Autovettura privata,In marcia / fermata / arresto,Conducente,F,Illeso,0,,Non accertato,Inesploso,
3974886,12,05/09/2018 13:55:00,Strada Urbana,VIALE UMBERTO TUPINI,da specificare,,,,pross. Piazza Gandhi,Scontro laterale fra veicoli in marcia,Pendenza,Una carreggiata a doppio senso,Asciutto,Asfaltata,Verticale ed orizzontale,Sereno,Normale,Buona,Ore Diurne,0,0,0,3,12.463,41.835,-1,1,Autovettura privata,In marcia / fermata / arresto,Conducente,F,Illeso,0,,Non accertato,Inesploso,
3974886,12,05/09/2018 13:55:00,Strada Urbana,VIALE UMBERTO TUPINI,da specificare,,,,pross. Piazza Gandhi,Scontro laterale fra veicoli in marcia,Pendenza,Una carreggiata a doppio senso,Asciutto,Asfaltata,Verticale ed orizzontale,Sereno,Normale,Buona,Ore Diurne,0,0,0,3,12.463,41.835,-1,1,Autovettura privata,In marcia / fermata / arresto,Passeggero,F,Illeso,0,,Non accertato,Inesploso,
3974886,12,05/09/2018 13:55:00,Strada Urbana,VIALE UMBERTO TUPINI,da specificare,,,,pross. Piazza Gandhi,Scontro laterale fra veicoli in marcia,Pendenza,Una carreggiata a doppio senso,Asciutto,Asfaltata,Verticale ed orizzontale,Sereno,Normale,Buona,Ore Diurne,0,0,0,3,12.463,41.835,-1,2,Motociclo a solo,In marcia / fermata / arresto,Conducente,M,Illeso,0,,Non accertato,,
3974905,1,05/09/2018 11:05:00,Strada Urbana,LUNGOTEVERE DEI VALLATI,in prossimit�,,del civico n.,5,,Veicolo in marcia contro veicolo fermo,Rettilineo,Una carreggiata a senso unico di marcia,Asciutto,Asfaltata,Verticale ed orizzontale,Sereno,Normale,Buona,Ore Diurne,1,0,0,2,12.4717,41.8926,-1,1,Autovettura privata,In marcia / fermata / arresto,Conducente,F,Illeso,0,,Non accertato,Inesploso,
3974905,1,05/09/2018 11:05:00,Strada Urbana,LUNGOTEVERE DEI VALLATI,in prossimit�,,del civico n.,5,,Veicolo in marcia contro veicolo fermo,Rettilineo,Una carreggiata a senso unico di marcia,Asciutto,Asfaltata,Verticale ed orizzontale,Sereno,Normale,Buona,Ore Diurne,1,0,0,2,12.4717,41.8926,-1,1,Autovettura privata,In marcia / fermata / arresto,Passeggero,M,Illeso,0,,Non accertato,Inesploso,
3974905,1,05/09/2018 11:05:00,Strada Urbana,LUNGOTEVERE DEI VALLATI,in prossimit�,,del civico n.,5,,Veicolo in marcia contro veicolo fermo,Rettilineo,Una carreggiata a senso unico di marcia,Asciutto,Asfaltata,Verticale ed orizzontale,Sereno,Normale,Buona,Ore Diurne,1,0,0,2,12.4717,41.8926,-1,2,Motociclo a solo,In marcia / fermata / arresto,Conducente,M,Rimandato,0,NON DECEDUTO,Non accertato,,
3974937,1,05/09/2018 12:25:00,Strada Urbana,LARGO DELLE TERME DI CARACALLA,all'intersezione semaforizzata con,VIALE GUIDO BACCELLI,VIALE GUIDO BACCELLI,,,Tamponamento,Intersezione semaforizzata,Due carreggiate,Asciutto,Asfaltata,Verticale ed orizzontale,Sereno,Normale,Buona,Ore Diurne,1,0,0,1,12.4965,41.8737,-1,1,Autovettura privata,In marcia / fermata / arresto,Conducente,F,Illeso,0,,Non accertato,Inesploso,
3974937,1,05/09/2018 12:25:00,Strada Urbana,LARGO DELLE TERME DI CARACALLA,all'intersezione semaforizzata con,VIALE GUIDO BACCELLI,VIALE GUIDO BACCELLI,,,Tamponamento,Intersezione semaforizzata,Due carreggiate,Asciutto,Asfaltata,Verticale ed orizzontale,Sereno,Normale,Buona,Ore Diurne,1,0,0,1,12.4965,41.8737,-1,2,Motociclo a solo,In marcia / fermata / arresto,Conducente,M,Rimandato,0,NON DECEDUTO,Non accertato,,
3975023,1,04/09/2018 12:00:00,Strada Urbana,PIAZZA DI PORTA MAGGIORE,all'intersezione semaforizzata con,VIA GIOVANNI GIOLITTI,VIA GIOVANNI GIOLITTI,,,Scontro laterale fra veicoli in marcia,Intersezione semaforizzata,Una carreggiata a senso unico di marcia,Asciutto,Asfaltata,Verticale ed orizzontale,Sereno,Normale,Buona,Ore Diurne,0,0,0,4,12.5145,41.8912,-1,1,Autovettura privata,In marcia / fermata / arresto,Conducente,M,Illeso,0,,Non accertato,Inesploso,
3975023,1,04/09/2018 12:00:00,Strada Urbana,PIAZZA DI PORTA MAGGIORE,all'intersezione semaforizzata con,VIA GIOVANNI GIOLITTI,VIA GIOVANNI GIOLITTI,,,Scontro laterale fra veicoli in marcia,Intersezione semaforizzata,Una carreggiata a senso unico di marcia,Asciutto,Asfaltata,Verticale ed orizzontale,Sereno,Normale,Buona,Ore Diurne,0,0,0,4,12.5145,41.8912,-1,1,Autovettura privata,In marcia / fermata / arresto,Passeggero,M,Illeso,0,,Non accertato,Inesploso,
3975023,1,04/09/2018 12:00:00,Strada Urbana,PIAZZA DI PORTA MAGGIORE,all'intersezione semaforizzata con,VIA GIOVANNI GIOLITTI,VIA GIOVANNI GIOLITTI,,,Scontro laterale fra veicoli in marcia,Intersezione semaforizzata,Una carreggiata a senso unico di marcia,Asciutto,Asfaltata,Verticale ed orizzontale,Sereno,Normale,Buona,Ore Diurne,0,0,0,4,12.5145,41.8912,-1,2,Quadriciclo,In marcia / fermata / arresto,Conducente,F,Illeso,0,,Non accertato,Inesploso,
3975062,1,04/09/2018 09:30:00,Strada Urbana,VIALE DI TRASTEVERE,da specificare,,,,0,Investimento di pedone,Rettilineo,Pi� di due carreggiate,Asciutto,Asfaltata,Verticale,Sereno,Normale,Buona,Ore Diurne,1,0,0,3,,,0,,,,Pedone,F,Rimandato,0,NON DECEDUTO,,,
3975062,1,04/09/2018 09:30:00,Strada Urbana,VIALE DI TRASTEVERE,da specificare,,,,0,Investimento di pedone,Rettilineo,Pi� di due carreggiate,Asciutto,Asfaltata,Verticale,Sereno,Normale,Buona,Ore Diurne,1,0,0,3,,,0,1,Autovettura privata,In marcia / fermata / arresto,Conducente,M,Illeso,0,,Non accertato,Inesploso,
3975062,1,04/09/2018 09:30:00,Strada Urbana,VIALE DI TRASTEVERE,da specificare,,,,0,Investimento di pedone,Rettilineo,Pi� di due carreggiate,Asciutto,Asfaltata,Verticale,Sereno,Normale,Buona,Ore Diurne,1,0,0,3,,,0,1,Autovettura privata,In marcia / fermata / arresto,Passeggero,F,Illeso,0,,,,
3975062,1,04/09/2018 09:30:00,Strada Urbana,VIALE DI TRASTEVERE,da specificare,,,,0,Investimento di pedone,Rettilineo,Pi� di due carreggiate,Asciutto,Asfaltata,Verticale,Sereno,Normale,Buona,Ore Diurne,1,0,0,3,,,0,1,Autovettura privata,In marcia / fermata / arresto,Passeggero,F,Illeso,0,,,,
3975085,1,04/09/2018 15:00:00,Strada Urbana,VIA PRINCIPE UMBERTO,in prossimit�,,del civico n.,11,,Veicolo in marcia contro veicolo in sosta,Rettilineo,Una carreggiata a senso unico di marcia,Asciutto,Asfaltata,Verticale ed orizzontale,Nuvoloso,Scarso,Buona,Ore Diurne,0,0,0,1,,,0,1,Autovettura privata,In marcia / fermata / arresto,Conducente,M,Illeso,0,,Non accertato,Inesploso,
3975098,10,05/09/2018 14:10:00,Strada Urbana,VIA LUCREZIA ROMANA,in corrispondenza,,del civico n.,41,,Scontro laterale fra veicoli in marcia,Rettilineo,Una carreggiata a doppio senso,Asciutto,Asfaltata,Orizzontale,Sereno,Normale,Buona,Ore Diurne,0,0,0,3,12.5777,41.8329,-1,1,Autovettura di polizia,In marcia / fermata / arresto,Conducente,M,Illeso,0,,,,
3975098,10,05/09/2018 14:10:00,Strada Urbana,VIA LUCREZIA ROMANA,in corrispondenza,,del civico n.,41,,Scontro laterale fra veicoli in marcia,Rettilineo,Una carreggiata a doppio senso,Asciutto,Asfaltata,Orizzontale,Sereno,Normale,Buona,Ore Diurne,0,0,0,3,12.5777,41.8329,-1,1,Autovettura di polizia,In marcia / fermata / arresto,Passeggero,M,Illeso,0,,Non accertato,Inesploso,
3975098,10,05/09/2018 14:10:00,Strada Urbana,VIA LUCREZIA ROMANA,in corrispondenza,,del civico n.,41,,Scontro laterale fra veicoli in marcia,Rettilineo,Una carreggiata a doppio senso,Asciutto,Asfaltata,Orizzontale,Sereno,Normale,Buona,Ore Diurne,0,0,0,3,12.5777,41.8329,-1,2,Autovettura privata,In marcia / fermata / arresto,Conducente,M,Illeso,0,,,,
3975107,1,04/09/2018 18:00:00,Strada Urbana,PIAZZA DI PORTA MAGGIORE,all'intersezione semaforizzata con,VIA GIOVANNI GIOLITTI,VIA GIOVANNI GIOLITTI,,,Scontro laterale fra veicoli in marcia,Intersezione semaforizzata,Pi� di due carreggiate,Asciutto,Asfaltata,Verticale ed orizzontale,Nuvoloso,Intenso,Buona,Ore Diurne,0,0,0,3,12.5145,41.8912,-1,1,Motociclo a solo,In marcia / fermata / arresto,Conducente,M,Illeso,0,,Non accertato,,
3975107,1,04/09/2018 18:00:00,Strada Urbana,PIAZZA DI PORTA MAGGIORE,all'intersezione semaforizzata con,VIA GIOVANNI GIOLITTI,VIA GIOVANNI GIOLITTI,,,Scontro laterale fra veicoli in marcia,Intersezione semaforizzata,Pi� di due carreggiate,Asciutto,Asfaltata,Verticale ed orizzontale,Nuvoloso,Intenso,Buona,Ore Diurne,0,0,0,3,12.5145,41.8912,-1,2,Autovettura privata,In marcia / fermata / arresto,Conducente,M,Illeso,0,,Non accertato,Inesploso,
3975107,1,04/09/2018 18:00:00,Strada Urbana,PIAZZA DI PORTA MAGGIORE,all'intersezione semaforizzata con,VIA GIOVANNI GIOLITTI,VIA GIOVANNI GIOLITTI,,,Scontro laterale fra veicoli in marcia,Intersezione semaforizzata,Pi� di due carreggiate,Asciutto,Asfaltata,Verticale ed orizzontale,Nuvoloso,Intenso,Buona,Ore Diurne,0,0,0,3,12.5145,41.8912,-1,2,Autovettura privata,In marcia / fermata / arresto,Passeggero,F,Illeso,0,,,,
3975126,1,04/09/2018 13:20:00,Strada Urbana,VIA BUONARROTI,in prossimit�,,del civico n.,14,,Veicolo in marcia contro veicolo in sosta,Pendenza,Una carreggiata a senso unico di marcia,Asciutto,Asfaltata,Verticale ed orizzontale,Nuvoloso,Normale,Buona,Ore Diurne,0,0,0,2,12.5022,41.8933,-1,1,Autovettura privata,In marcia / fermata / arresto,Conducente,M,Illeso,0,,Non accertato,Inesploso,
3975126,1,04/09/2018 13:20:00,Strada Urbana,VIA BUONARROTI,in prossimit�,,del civico n.,14,,Veicolo in marcia contro veicolo in sosta,Pendenza,Una carreggiata a senso unico di marcia,Asciutto,Asfaltata,Verticale ed orizzontale,Nuvoloso,Normale,Buona,Ore Diurne,0,0,0,2,12.5022,41.8933,-1,1,Autovettura privata,In marcia / fermata / arresto,Passeggero,F,Illeso,0,,,,
3975135,6,05/09/2018 16:00:00,Strada Urbana,VIA TOR DE' SCHIAVI,all'intersezione con,VIA VEROLI,VIA VEROLI,,,Veicolo in marcia contro veicolo in sosta,Incrocio,Due carreggiate,Asciutto,Asfaltata,Assente,Sereno,Normale,Buona,Ore Diurne,0,0,0,1,12.56,41.892,-1,1,Autovettura privata,In marcia / fermata / arresto,Conducente,F,Illeso,0,,Non accertato,Inesploso,
3975151,20,05/09/2018 12:15:00,Strada Urbana,VIA DELLA FARNESINA,in corrispondenza,,del civico n.,fr. 3,,Scontro frontale fra veicoli in marcia,Rettilineo,Una carreggiata a doppio senso,Asciutto,Asfaltata,Orizzontale,Sereno,Normale,Buona,Ore Diurne,1,0,0,2,12.4615,41.9412,-1,1,Autovettura privata,In marcia / fermata / arresto,Conducente,M,Illeso,0,,Non accertato,,
3975151,20,05/09/2018 12:15:00,Strada Urbana,VIA DELLA FARNESINA,in corrispondenza,,del civico n.,fr. 3,,Scontro frontale fra veicoli in marcia,Rettilineo,Una carreggiata a doppio senso,Asciutto,Asfaltata,Orizzontale,Sereno,Normale,Buona,Ore Diurne,1,0,0,2,12.4615,41.9412,-1,1,Autovettura privata,In marcia / fermata / arresto,Passeggero,M,Illeso,0,,Non accertato,Inesploso,
3975151,20,05/09/2018 12:15:00,Strada Urbana,VIA DELLA FARNESINA,in corrispondenza,,del civico n.,fr. 3,,Scontro frontale fra veicoli in marcia,Rettilineo,Una carreggiata a doppio senso,Asciutto,Asfaltata,Orizzontale,Sereno,Normale,Buona,Ore Diurne,1,0,0,2,12.4615,41.9412,-1,2,Motociclo a solo,In marcia / fermata / arresto,Conducente,M,Rimandato,0,NON DECEDUTO,Non accertato,,
3975152,1,05/09/2018 00:08:00,Strada Urbana,VIA GIOBERTI,all'intersezione semaforizzata con,VIA FARINI,VIA FARINI,,,Scontro frontale/laterale SX fra veicoli in marcia,Intersezione semaforizzata,Una carreggiata a senso unico di marcia,Asciutto,Asfaltata,Verticale ed orizzontale,Sereno,Scarso,Insufficiente,Insufficiente,0,0,0,2,12.5005,41.8988,-1,1,Autovettura privata,In marcia / fermata / arresto,Conducente,M,Illeso,0,,Non accertato,Inesploso,
3975152,1,05/09/2018 00:08:00,Strada Urbana,VIA GIOBERTI,all'intersezione semaforizzata con,VIA FARINI,VIA FARINI,,,Scontro frontale/laterale SX fra veicoli in marcia,Intersezione semaforizzata,Una carreggiata a senso unico di marcia,Asciutto,Asfaltata,Verticale ed orizzontale,Sereno,Scarso,Insufficiente,Insufficiente,0,0,0,2,12.5005,41.8988,-1,2,Autobus di linea,In marcia / fermata / arresto,Conducente,M,Illeso,0,,Esente,Inesploso,
3975176,1,05/09/2018 07:50:00,Strada Urbana,VIA DEL TEATRO DI MARCELLO,in prossimit�,,del civico n.,5,,Veicolo in marcia contro ostacolo fisso,Rettilineo,Una carreggiata a doppio senso,Asciutto,Acciotolata,Verticale ed orizzontale,Sereno,Normale,Buona,Ore Diurne,1,0,0,0,12.4806,41.8925,-1,1,Motociclo a solo,In marcia / fermata / arresto,Conducente,M,Rifiuta cure immediate,0,NON DECEDUTO,Non accertato,,
3975180,1,05/09/2018 10:45:00,Strada Urbana,VIA LABICANA,in prossimit�,,del civico n.,42,,Tamponamento,Rettilineo,Pi� di due carreggiate,Asciutto,Asfaltata,Verticale ed orizzontale,Sereno,Intenso,Buona,Ore Diurne,0,0,0,2,12.501,41.8894,-1,1,Autocarro inferiore 35 q.,In marcia / fermata / arresto,Conducente,M,Illeso,0,,Non accertato,Inesploso,
3975180,1,05/09/2018 10:45:00,Strada Urbana,VIA LABICANA,in prossimit�,,del civico n.,42,,Tamponamento,Rettilineo,Pi� di due carreggiate,Asciutto,Asfaltata,Verticale ed orizzontale,Sereno,Intenso,Buona,Ore Diurne,0,0,0,2,12.501,41.8894,-1,2,Autovettura privata,In marcia / fermata / arresto,Conducente,F,Illeso,0,,Non accertato,Inesploso,
3975198,1,05/09/2018 09:45:00,Strada Urbana,LUNGOTEVERE DEI PIERLEONI,da specificare,,,,altezza albero 27,Investimento di pedone,Rettilineo,Una carreggiata a senso unico di marcia,Asciutto,Asfaltata,Verticale ed orizzontale,Sereno,Intenso,Buona,Ore Diurne,1,0,0,2,12.4794,41.8908,-1,,,,Pedone,F,Rimandato,0,NON DECEDUTO,,,