Protocollo,Gruppo,DataOraIncidente,Localizzazione1,STRADA1,Localizzazione2,STRADA2,Strada02,Chilometrica,DaSpecificare,NaturaIncidente,particolaritastrade,TipoStrada,FondoStradale,Pavimentazione,Segnaletica,CondizioneAtmosferica,Traffico,Visibilita,Illuminazione,NUM_FERITI,NUM_RISERVATA,NUM_MORTI,NUM_ILLESI,Longitudine,Latitudine,Confermato,Progressivo,TipoVeicolo,StatoVeicolo,TipoPersona,Sesso,Tipolesione,Deceduto,DecedutoDopo,CinturaCascoUtilizzato,Airbag,
3975198,1,05/09/2018 09:45:00,Strada Urbana,LUNGOTEVERE DEI PIERLEONI,da specificare,,,,altezza albero 27,Investimento di pedone,Rettilineo,Una carreggiata a senso unico di marcia,Asciutto,Asfaltata,Verticale ed orizzontale,Sereno,Intenso,Buona,Ore Diurne,1,0,0,2,12.4794,41.8908,-1,1,Altro,In marcia / fermata / arresto,Conducente,M,Illeso,0,,Non accertato,Inesploso,
3975198,1,05/09/2018 09:45:00,Strada Urbana,LUNGOTEVERE DEI PIERLEONI,da specificare,,,,altezza albero 27,Investimento di pedone,Rettilineo,Una carreggiata a senso unico di marcia,Asciutto,Asfaltata,Verticale ed orizzontale,Sereno,Intenso,Buona,Ore Diurne,1,0,0,2,12.4794,41.8908,-1,2,Autovettura privata,In marcia / fermata / arresto,Conducente,M,Illeso,0,,Non accertato,Inesploso,
3975546,9,05/09/2018 18:10:00,Strada Urbana,LARGO VOLUMNIA,da specificare,,,,FRONTE VIA ALBANO,Scontro frontale/laterale DX fra veicoli in marcia,Rettilineo,Una carreggiata a doppio senso,Asciutto,Asfaltata,Verticale ed orizzontale,Sereno,Normale,Buona,Ore Diurne,1,0,0,1,12.5335,41.8715,-1,1,Autovettura privata,In marcia / fermata / arresto,Conducente,M,Illeso,0,,Utilizzato,Inesploso,
3975546,9,05/09/2018 18:10:00,Strada Urbana,LARGO VOLUMNIA,da specificare,,,,FRONTE VIA ALBANO,Scontro frontale/laterale DX fra veicoli in marcia,Rettilineo,Una carreggiata a doppio senso,Asciutto,Asfaltata,Verticale ed orizzontale,Sereno,Normale,Buona,Ore Diurne,1,0,0,1,12.5335,41.8715,-1,2,Motociclo a solo,In marcia / fermata / arresto,Conducente,M,Rimandato,0,NON DECEDUTO,Utilizzato,,
3975554,8,05/09/2018 12:30:00,Strada Urbana,VIALE DELLA SORBONA,in prossimit�,,del palo luce n.,79,,Tamponamento Multiplo,Curva a visuale libera,Due carreggiate,Asciutto,Asfaltata,Verticale ed orizzontale,Sereno,Normale,Buona,Ore Diurne,0,0,0,4,12.612,41.8546,-1,1,Autovettura privata,In marcia / fermata / arresto,Conducente,F,Illeso,0,,Non accertato,,
3975554,8,05/09/2018 12:30:00,Strada Urbana,VIALE DELLA SORBONA,in prossimit�,,del palo luce n.,79,,Tamponamento Multiplo,Curva a visuale libera,Due carreggiate,Asciutto,Asfaltata,Verticale ed orizzontale,Sereno,Normale,Buona,Ore Diurne,0,0,0,4,12.612,41.8546,-1,2,Autovettura privata,In marcia / fermata / arresto,Conducente,M,Illeso,0,,,,
3975554,8,05/09/2018 12:30:00,Strada Urbana,VIALE DELLA SORBONA,in prossimit�,,del palo luce n.,79,,Tamponamento Multiplo,Curva a visuale libera,Due carreggiate,Asciutto,Asfaltata,Verticale ed orizzontale,Sereno,Normale,Buona,Ore Diurne,0,0,0,4,12.612,41.8546,-1,3,Autovettura privata,In marcia / fermata / arresto,Conducente,M,Illeso,0,,,,
3975554,8,05/09/2018 12:30:00,Strada Urbana,VIALE DELLA SORBONA,in prossimit�,,del palo luce n.,79,,Tamponamento Multiplo,Curva a visuale libera,Due carreggiate,Asciutto,Asfaltata,Verticale ed orizzontale,Sereno,Normale,Buona,Ore Diurne,0,0,0,4,12.612,41.8546,-1,4,Autocarro inferiore 35 q.,In marcia / fermata / arresto,Conducente,F,Illeso,0,,,,
3975557,8,05/09/2018 22:00:00,Strada Urbana,VIA MASSA DI SAN GIULIANO,in prossimit�,,del civico n.,574,,Scontro laterale fra veicoli in marcia,Rettilineo,Una carreggiata a doppio senso,Asciutto,Asfaltata,Verticale ed orizzontale,Sereno,Normale,Buona,Sufficiente,0,0,0,2,12.6831,41.9177,-1,1,Autobus di linea,In marcia / fermata / arresto,Conducente,M,Illeso,0,,,,
3975557,8,05/09/2018 22:00:00,Strada Urbana,VIA MASSA DI SAN GIULIANO,in prossimit�,,del civico n.,574,,Scontro laterale fra veicoli in marcia,Rettilineo,Una carreggiata a doppio senso,Asciutto,Asfaltata,Verticale ed orizzontale,Sereno,Normale,Buona,Sufficiente,0,0,0,2,12.6831,41.9177,-1,2,Autovettura privata,In marcia / fermata / arresto,Conducente,F,Illeso,0,,,,
3975559,8,05/09/2018 18:30:00,Strada Urbana,VIA DELLA LITE,all'intersezione con,VIA DEL PONTE DI PANTANO,VIA DEL PONTE DI PANTANO,,,Scontro frontale/laterale SX fra veicoli in marcia,Incrocio,Una carreggiata a doppio senso,Asciutto,Asfaltata,Verticale,Sereno,Scarso,Buona,Ore Diurne,0,0,0,2,12.7158,41.8533,-1,1,Autovettura privata,In marcia / fermata / arresto,Conducente,M,Illeso,0,,Non accertato,Esploso,
3975559,8,05/09/2018 18:30:00,Strada Urbana,VIA DELLA LITE,all'intersezione con,VIA DEL PONTE DI PANTANO,VIA DEL PONTE DI PANTANO,,,Scontro frontale/laterale SX fra veicoli in marcia,Incrocio,Una carreggiata a doppio senso,Asciutto,Asfaltata,Verticale,Sereno,Scarso,Buona,Ore Diurne,0,0,0,2,12.7158,41.8533,-1,2,Autobus di linea,In marcia / fermata / arresto,Conducente,M,Illeso,0,,Non accertato,Inesploso,
3975561,8,05/09/2018 18:40:00,Strada Urbana,VIA DI TOR BELLA MONACA,all'intersezione con,VIALE PAOLO FERDINANDO QUAGLIA,VIALE PAOLO FERDINANDO QUAGLIA,,,Tamponamento,Incrocio,Due carreggiate,Asciutto,Asfaltata,Verticale ed orizzontale,Sereno,Normale,Buona,Ore Diurne,0,0,0,2,12.6282,41.8763,-1,1,Autovettura privata,In marcia / fermata / arresto,Conducente,M,Illeso,0,,,,
3975561,8,05/09/2018 18:40:00,Strada Urbana,VIA DI TOR BELLA MONACA,all'intersezione con,VIALE PAOLO FERDINANDO QUAGLIA,VIALE PAOLO FERDINANDO QUAGLIA,,,Tamponamento,Incrocio,Due carreggiate,Asciutto,Asfaltata,Verticale ed orizzontale,Sereno,Normale,Buona,Ore Diurne,0,0,0,2,12.6282,41.8763,-1,2,Autovettura privata,In marcia / fermata / arresto,Conducente,F,Illeso,0,,,,
3975562,8,05/09/2018 12:30:00,Strada Urbana,VIA DI TOR BELLA MONACA,da specificare,,,,alt. Via P. F. Quaglia dir. Via Casilina,Tamponamento Multiplo,Rettilineo,Due carreggiate,Asciutto,Asfaltata,Verticale ed orizzontale,Sereno,Normale,Buona,Ore Diurne,3,0,0,4,12.6282,41.8763,-1,1,Autovettura privata,In marcia / fermata / arresto,Conducente,F,Illeso,0,,Non accertato,Inesploso,
3975562,8,05/09/2018 12:30:00,Strada Urbana,VIA DI TOR BELLA MONACA,da specificare,,,,alt. Via P. F. Quaglia dir. Via Casilina,Tamponamento Multiplo,Rettilineo,Due carreggiate,Asciutto,Asfaltata,Verticale ed orizzontale,Sereno,Normale,Buona,Ore Diurne,3,0,0,4,12.6282,41.8763,-1,1,Autovettura privata,In marcia / fermata / arresto,Passeggero,F,Rifiuta cure immediate,0,NON DECEDUTO,,Inesploso,
3975562,8,05/09/2018 12:30:00,Strada Urbana,VIA DI TOR BELLA MONACA,da specificare,,,,alt. Via P. F. Quaglia dir. Via Casilina,Tamponamento Multiplo,Rettilineo,Due carreggiate,Asciutto,Asfaltata,Verticale ed orizzontale,Sereno,Normale,Buona,Ore Diurne,3,0,0,4,12.6282,41.8763,-1,1,Autovettura privata,In marcia / fermata / arresto,Passeggero,F,Illeso,0,,Non accertato,Inesploso,
3975562,8,05/09/2018 12:30:00,Strada Urbana,VIA DI TOR BELLA MONACA,da specificare,,,,alt. Via P. F. Quaglia dir. Via Casilina,Tamponamento Multiplo,Rettilineo,Due carreggiate,Asciutto,Asfaltata,Verticale ed orizzontale,Sereno,Normale,Buona,Ore Diurne,3,0,0,4,12.6282,41.8763,-1,1,Autovettura privata,In marcia / fermata / arresto,Passeggero,M,Illeso,0,,Non accertato,Inesploso,
3975562,8,05/09/2018 12:30:00,Strada Urbana,VIA DI TOR BELLA MONACA,da specificare,,,,alt. Via P. F. Quaglia dir. Via Casilina,Tamponamento Multiplo,Rettilineo,Due carreggiate,Asciutto,Asfaltata,Verticale ed orizzontale,Sereno,Normale,Buona,Ore Diurne,3,0,0,4,12.6282,41.8763,-1,2,Autovettura privata,In marcia / fermata / arresto,Conducente,F,Rifiuta cure immediate,0,NON DECEDUTO,Non accertato,Inesploso,
3975562,8,05/09/2018 12:30:00,Strada Urbana,VIA DI TOR BELLA MONACA,da specificare,,,,alt. Via P. F. Quaglia dir. Via Casilina,Tamponamento Multiplo,Rettilineo,Due carreggiate,Asciutto,Asfaltata,Verticale ed orizzontale,Sereno,Normale,Buona,Ore Diurne,3,0,0,4,12.6282,41.8763,-1,2,Autovettura privata,In marcia / fermata / arresto,Passeggero,M,Rifiuta cure immediate,0,NON DECEDUTO,Non accertato,Inesploso,
3975562,8,05/09/2018 12:30:00,Strada Urbana,VIA DI TOR BELLA MONACA,da specificare,,,,alt. Via P. F. Quaglia dir. Via Casilina,Tamponamento Multiplo,Rettilineo,Due carreggiate,Asciutto,Asfaltata,Verticale ed orizzontale,Sereno,Normale,Buona,Ore Diurne,3,0,0,4,12.6282,41.8763,-1,3,Autocarro inferiore 35 q.,In marcia / fermata / arresto,Conducente,M,Illeso,0,,Non accertato,Inesploso,
3975564,8,05/09/2018 11:30:00,Strada Urbana,VIA CARLO SARACENI,all'intersezione con,VIA ALFONSO ALBERGHETTI,VIA ALFONSO ALBERGHETTI,,,Scontro laterale fra veicoli in marcia,Intersezione stradale segnalata,Una carreggiata a senso unico di marcia,Asciutto,Asfaltata,Verticale,Sereno,Normale,Buona,Ore Diurne,2,0,0,1,12.6254,41.8664,-1,1,Autovettura privata,In marcia / fermata / arresto,Conducente,M,Rifiuta cure immediate,0,NON DECEDUTO,Non accertato,Inesploso,
3975564,8,05/09/2018 11:30:00,Strada Urbana,VIA CARLO SARACENI,all'intersezione con,VIA ALFONSO ALBERGHETTI,VIA ALFONSO ALBERGHETTI,,,Scontro laterale fra veicoli in marcia,Intersezione stradale segnalata,Una carreggiata a senso unico di marcia,Asciutto,Asfaltata,Verticale,Sereno,Normale,Buona,Ore Diurne,2,0,0,1,12.6254,41.8664,-1,1,Autovettura privata,In marcia / fermata / arresto,Passeggero,F,Rifiuta cure immediate,0,NON DECEDUTO,Non accertato,Inesploso,
3975564,8,05/09/2018 11:30:00,Strada Urbana,VIA CARLO SARACENI,all'intersezione con,VIA ALFONSO ALBERGHETTI,VIA ALFONSO ALBERGHETTI,,,Scontro laterale fra veicoli in marcia,Intersezione stradale segnalata,Una carreggiata a senso unico di marcia,Asciutto,Asfaltata,Verticale,Sereno,Normale,Buona,Ore Diurne,2,0,0,1,12.6254,41.8664,-1,2,Autovettura privata,In marcia / fermata / arresto,Conducente,M,Illeso,0,,Non accertato,Inesploso,
3975565,11,05/09/2018 16:10:00,Strada Urbana,VIA GIOVANNI BATTISTA CERRUTI,all'intersezione con,VIA GIUSEPPE CANDEO,VIA GIUSEPPE CANDEO,,,Infortunio per caduta del veicolo,Incrocio,Una carreggiata a senso unico di marcia,Asciutto,Asfaltata,Verticale ed orizzontale,Sereno,Scarso,Buona,Ore Diurne,0,0,0,3,12.4923,41.8679,-1,1,Autovettura privata,In marcia / fermata / arresto,Conducente,M,Illeso,0,,,,
3975565,11,05/09/2018 16:10:00,Strada Urbana,VIA GIOVANNI BATTISTA CERRUTI,all'intersezione con,VIA GIUSEPPE CANDEO,VIA GIUSEPPE CANDEO,,,Infortunio per caduta del veicolo,Incrocio,Una carreggiata a senso unico di marcia,Asciutto,Asfaltata,Verticale ed orizzontale,Sereno,Scarso,Buona,Ore Diurne,0,0,0,3,12.4923,41.8679,-1,1,Autovettura privata,In marcia / fermata / arresto,Passeggero,F,Illeso,0,,,,
3975565,11,05/09/2018 16:10:00,Strada Urbana,VIA GIOVANNI BATTISTA CERRUTI,all'intersezione con,VIA GIUSEPPE CANDEO,VIA GIUSEPPE CANDEO,,,Infortunio per caduta del veicolo,Incrocio,Una carreggiata a senso unico di marcia,Asciutto,Asfaltata,Verticale ed orizzontale,Sereno,Scarso,Buona,Ore Diurne,0,0,0,3,12.4923,41.8679,-1,2,Autovettura pubblica,In marcia / fermata / arresto,Conducente,F,Illeso,0,,,,
3975567,11,05/09/2018 23:45:00,Strada Urbana,VIALE GUGLIELMO MARCONI,all'intersezione semaforizzata con,VIA GIBILMANNA,VIA GIBILMANNA,,,Scontro frontale/laterale SX fra veicoli in marcia,Intersezione semaforizzata,Due carreggiate,Asciutto,Asfaltata,Verticale ed orizzontale,Sereno,Scarso,Buona,Sufficiente,1,0,0,4,12.4758,41.847,-1,1,Autovettura privata,In marcia / fermata / arresto,Conducente,M,Rimandato,0,NON DECEDUTO,,,
3975567,11,05/09/2018 23:45:00,Strada Urbana,VIALE GUGLIELMO MARCONI,all'intersezione semaforizzata con,VIA GIBILMANNA,VIA GIBILMANNA,,,Scontro frontale/laterale SX fra veicoli in marcia,Intersezione semaforizzata,Due carreggiate,Asciutto,Asfaltata,Verticale ed orizzontale,Sereno,Scarso,Buona,Sufficiente,1,0,0,4,12.4758,41.847,-1,2,Autovettura privata,In marcia / fermata / arresto,Conducente,M,Illeso,0,,Non accertato,,
3975567,11,05/09/2018 23:45:00,Strada Urbana,VIALE GUGLIELMO MARCONI,all'intersezione semaforizzata con,VIA GIBILMANNA,VIA GIBILMANNA,,,Scontro frontale/laterale SX fra veicoli in marcia,Intersezione semaforizzata,Due carreggiate,Asciutto,Asfaltata,Verticale ed orizzontale,Sereno,Scarso,Buona,Sufficiente,1,0,0,4,12.4758,41.847,-1,2,Autovettura privata,In marcia / fermata / arresto,Passeggero,M,Illeso,0,,,,
3975567,11,05/09/2018 23:45:00,Strada Urbana,VIALE GUGLIELMO MARCONI,all'intersezione semaforizzata con,VIA GIBILMANNA,VIA GIBILMANNA,,,Scontro frontale/laterale SX fra veicoli in marcia,Intersezione semaforizzata,Due carreggiate,Asciutto,Asfaltata,Verticale ed orizzontale,Sereno,Scarso,Buona,Sufficiente,1,0,0,4,12.4758,41.847,-1,2,Autovettura privata,In marcia / fermata / arresto,Passeggero,M,Illeso,0,,,,
3975567,11,05/09/2018 23:45:00,Strada Urbana,VIALE GUGLIELMO MARCONI,all'intersezione semaforizzata con,VIA GIBILMANNA,VIA GIBILMANNA,,,Scontro frontale/laterale SX fra veicoli in marcia,Intersezione semaforizzata,Due carreggiate,Asciutto,Asfaltata,Verticale ed orizzontale,Sereno,Scarso,Buona,Sufficiente,1,0,0,4,12.4758,41.847,-1,2,Autovettura privata,In marcia / fermata / arresto,Passeggero,M,Illeso,0,,,,
3975568,8,05/09/2018 09:40:00,Strada Urbana,VIA CARLO SANTARELLI,in corrispondenza,,del civico n.,98,,Tamponamento,Rettilineo,Una carreggiata a doppio senso,Asciutto,Asfaltata,Verticale ed orizzontale,Sereno,Normale,Buona,Ore Diurne,0,0,0,2,12.6065,41.8612,-1,1,Autovettura privata,In marcia / fermata / arresto,Conducente,M,Illeso,0,,Non accertato,Inesploso,
3975568,8,05/09/2018 09:40:00,Strada Urbana,VIA CARLO SANTARELLI,in corrispondenza,,del civico n.,98,,Tamponamento,Rettilineo,Una carreggiata a doppio senso,Asciutto,Asfaltata,Verticale ed orizzontale,Sereno,Normale,Buona,Ore Diurne,0,0,0,2,12.6065,41.8612,-1,2,Autovettura privata,In marcia / fermata / arresto,Conducente,F,Illeso,0,,Non accertato,Inesploso,
3975570,8,05/09/2018 09:30:00,Strada Urbana,VIA ALENDA,all'intersezione con,VIA GIOVANNI DUPRE',VIA GIOVANNI DUPRE',,,Scontro frontale/laterale SX fra veicoli in marcia,Incrocio,Una carreggiata a senso unico di marcia,Asciutto,Asfaltata,Verticale ed orizzontale,Sereno,Normale,Buona,Ore Diurne,0,0,0,2,12.6097,41.8601,-1,1,Autovettura privata,In marcia / fermata / arresto,Conducente,M,Illeso,0,,Non accertato,Inesploso,
3975570,8,05/09/2018 09:30:00,Strada Urbana,VIA ALENDA,all'intersezione con,VIA GIOVANNI DUPRE',VIA GIOVANNI DUPRE',,,Scontro frontale/laterale SX fra veicoli in marcia,Incrocio,Una carreggiata a senso unico di marcia,Asciutto,Asfaltata,Verticale ed orizzontale,Sereno,Normale,Buona,Ore Diurne,0,0,0,2,12.6097,41.8601,-1,2,Autovettura privata,In marcia / fermata / arresto,Conducente,M,Illeso,0,,,,
3975588,15,06/09/2018,Strada Urbana,VIA TULLIO LEVI CIVITA,all'intersezione con,VIA LEOPOLDO NOBILI,VIA LEOPOLDO NOBILI,,,Scontro frontale/laterale DX fra veicoli in marcia,Incrocio,Due carreggiate,Asciutto,Asfaltata,Verticale ed orizzontale,Sereno,Scarso,Sufficiente,Sufficiente,0,0,0,3,12.4734,41.8561,-1,1,Autovettura privata,In marcia / fermata / arresto,Conducente,M,Illeso,0,,Utilizzato,Inesploso,
3975588,15,06/09/2018,Strada Urbana,VIA TULLIO LEVI CIVITA,all'intersezione con,VIA LEOPOLDO NOBILI,VIA LEOPOLDO NOBILI,,,Scontro frontale/laterale DX fra veicoli in marcia,Incrocio,Due carreggiate,Asciutto,Asfaltata,Verticale ed orizzontale,Sereno,Scarso,Sufficiente,Sufficiente,0,0,0,3,12.4734,41.8561,-1,2,Autovettura privata,In marcia / fermata / arresto,Conducente,M,Illeso,0,,Utilizzato,Inesploso,
3975588,15,06/09/2018,Strada Urbana,VIA TULLIO LEVI CIVITA,all'intersezione con,VIA LEOPOLDO NOBILI,VIA LEOPOLDO NOBILI,,,Scontro frontale/laterale DX fra veicoli in marcia,Incrocio,Due carreggiate,Asciutto,Asfaltata,Verticale ed orizzontale,Sereno,Scarso,Sufficiente,Sufficiente,0,0,0,3,12.4734,41.8561,-1,2,Autovettura privata,In marcia / fermata / arresto,Passeggero,M,Illeso,0,,Utilizzato,Inesploso,
3975594,15,05/09/2018 16:20:00,Strada Urbana,VIA RICCARDO MORANDI,da specificare,,,,area parcheggio prox. Via Fiamma,Scontro frontale/laterale SX fra veicoli in marcia,Rettilineo,Pi� di due carreggiate,Asciutto,Asfaltata,Verticale,Sereno,Scarso,Buona,Ore Diurne,0,0,0,2,12.3379,41.8074,-1,1,Autovettura pubblica,In marcia / fermata / arresto,Conducente,M,Illeso,0,,Non accertato,,
3975594,15,05/09/2018 16:20:00,Strada Urbana,VIA RICCARDO MORANDI,da specificare,,,,area parcheggio prox. Via Fiamma,Scontro frontale/laterale SX fra veicoli in marcia,Rettilineo,Pi� di due carreggiate,Asciutto,Asfaltata,Verticale,Sereno,Scarso,Buona,Ore Diurne,0,0,0,2,12.3379,41.8074,-1,2,Autovettura privata,In marcia / fermata / arresto,Conducente,M,Illeso,0,,Non accertato,,
3975606,15,05/09/2018 15:30:00,Strada Urbana,VIA PORTUENSE,all'intersezione con,VIA DI POZZO PANTALEO,VIA DI POZZO PANTALEO,,,Scontro laterale fra veicoli in marcia,Incrocio,Una carreggiata a doppio senso,Asciutto,Asfaltata,Verticale ed orizzontale,Sereno,Normale,Buona,Ore Diurne,0,0,0,3,12.414,41.847,-1,1,Autovettura privata,In marcia / fermata / arresto,Conducente,M,Illeso,0,,Utilizzato,Inesploso,
3975606,15,05/09/2018 15:30:00,Strada Urbana,VIA PORTUENSE,all'intersezione con,VIA DI POZZO PANTALEO,VIA DI POZZO PANTALEO,,,Scontro laterale fra veicoli in marcia,Incrocio,Una carreggiata a doppio senso,Asciutto,Asfaltata,Verticale ed orizzontale,Sereno,Normale,Buona,Ore Diurne,0,0,0,3,12.414,41.847,-1,2,Autovettura privata,In marcia / fermata / arresto,Conducente,M,Illeso,0,,,,
3975606,15,05/09/2018 15:30:00,Strada Urbana,VIA PORTUENSE,all'intersezione con,VIA DI POZZO PANTALEO,VIA DI POZZO PANTALEO,,,Scontro laterale fra veicoli in marcia,Incrocio,Una carreggiata a doppio senso,Asciutto,Asfaltata,Verticale ed orizzontale,Sereno,Normale,Buona,Ore Diurne,0,0,0,3,12.414,41.847,-1,2,Autovettura privata,In marcia / fermata / arresto,Passeggero,F,Illeso,0,,Utilizzato,Inesploso,
3975607,20,05/09/2018 17:40:00,Regionale entro l'abitato,VIA FLAMINIA,in prossimit�,,del civico n.,892,,Tamponamento,Rettilineo,Una carreggiata a senso unico di marcia,Asciutto,Asfaltata,Orizzontale,Sereno,Normale,Buona,Ore Diurne,0,0,0,2,12.485,41.9562,-1,1,Autovettura privata,In marcia / fermata / arresto,Conducente,M,Illeso,0,,Non accertato,Inesploso,
3975607,20,05/09/2018 17:40:00,Regionale entro l'abitato,VIA FLAMINIA,in prossimit�,,del civico n.,892,,Tamponamento,Rettilineo,Una carreggiata a senso unico di marcia,Asciutto,Asfaltata,Orizzontale,Sereno,Normale,Buona,Ore Diurne,0,0,0,2,12.485,41.9562,-1,2,Autovettura privata,In marcia / fermata / arresto,Conducente,F,Illeso,0,,Non accertato,Inesploso,
3975613,20,05/09/2018 19:35:00,Regionale entro l'abitato,VIA CASSIA,in prossimit�,,del civico n.,600,,Scontro frontale fra veicoli in marcia,Rettilineo,Una carreggiata a doppio senso,Asciutto,Asfaltata,Verticale ed orizzontale,Sereno,Normale,Buona,Ore Diurne,1,0,0,1,12.4519,41.9643,-1,1,Autovettura privata,In marcia / fermata / arresto,Conducente,M,Illeso,0,,,,
3975613,20,05/09/2018 19:35:00,Regionale entro l'abitato,VIA CASSIA,in prossimit�,,del civico n.,600,,Scontro frontale fra veicoli in marcia,Rettilineo,Una carreggiata a doppio senso,Asciutto,Asfaltata,Verticale ed orizzontale,Sereno,Normale,Buona,Ore Diurne,1,0,0,1,12.4519,41.9643,-1,2,Autovettura privata,In marcia / fermata / arresto,Conducente,M,Rimandato,0,NON DECEDUTO,,,
3975616,15,05/09/2018 13:25:00,Strada Urbana,VIA FRANCESCO GRIMALDI,in corrispondenza,,del civico n.,116,,Scontro laterale fra veicoli in marcia,Rettilineo,Due carreggiate,Asciutto,Asfaltata,Verticale ed orizzontale,Sereno,Normale,Buona,Ore Diurne,1,0,0,1,12.4661,41.8654,-1,1,Autovettura privata,In marcia / fermata / arresto,Conducente,M,Illeso,0,,Non accertato,,
3975616,15,05/09/2018 13:25:00,Strada Urbana,VIA FRANCESCO GRIMALDI,in corrispondenza,,del civico n.,116,,Scontro laterale fra veicoli in marcia,Rettilineo,Due carreggiate,Asciutto,Asfaltata,Verticale ed orizzontale,Sereno,Normale,Buona,Ore Diurne,1,0,0,1,12.4661,41.8654,-1,2,Ciclomotore con passeggero,In marcia / fermata / arresto,Conducente,M,Rimandato,0,NON DECEDUTO,,,
3975617,6,05/09/2018 23:50:00,Strada Urbana,VIA PRENESTINA,all'intersezione semaforizzata con,VIA COLLATINA,VIA COLLATINA,,,Scontro frontale/laterale SX fra veicoli in marcia,Incrocio,Una carreggiata a doppio senso,Asciutto,Asfaltata,Verticale ed orizzontale,Sereno,Scarso,Sufficiente,Sufficiente,1,0,0,4,12.5638,41.8954,-1,1,Autovettura privata,In marcia / fermata / arresto,Conducente,M,Illeso,0,,Non accertato,Inesploso,
3975617,6,05/09/2018 23:50:00,Strada Urbana,VIA PRENESTINA,all'intersezione semaforizzata con,VIA COLLATINA,VIA COLLATINA,,,Scontro frontale/laterale SX fra veicoli in marcia,Incrocio,Una carreggiata a doppio senso,Asciutto,Asfaltata,Verticale ed orizzontale,Sereno,Scarso,Sufficiente,Sufficiente,1,0,0,4,12.5638,41.8954,-1,1,Autovettura privata,In marcia / fermata / arresto,Passeggero,F,Illeso,0,,,,
3975617,6,05/09/2018 23:50:00,Strada Urbana,VIA PRENESTINA,all'intersezione semaforizzata con,VIA COLLATINA,VIA COLLATINA,,,Scontro frontale/laterale SX fra veicoli in marcia,Incrocio,Una carreggiata a doppio senso,Asciutto,Asfaltata,Verticale ed orizzontale,Sereno,Scarso,Sufficiente,Sufficiente,1,0,0,4,12.5638,41.8954,-1,1,Autovettura privata,In marcia / fermata / arresto,Passeggero,M,Illeso,0,,,,
3975617,6,05/09/2018 23:50:00,Strada Urbana,VIA PRENESTINA,all'intersezione semaforizzata con,VIA COLLATINA,VIA COLLATINA,,,Scontro frontale/laterale SX fra veicoli in marcia,Incrocio,Una carreggiata a doppio senso,Asciutto,Asfaltata,Verticale ed orizzontale,Sereno,Scarso,Sufficiente,Sufficiente,1,0,0,4,12.5638,41.8954,-1,1,Autovettura privata,In marcia / fermata / arresto,Passeggero,M,Illeso,0,,,,
3975617,6,05/09/2018 23:50:00,Strada Urbana,VIA PRENESTINA,all'intersezione semaforizzata con,VIA COLLATINA,VIA COLLATINA,,,Scontro frontale/laterale SX fra veicoli in marcia,Incrocio,Una carreggiata a doppio senso,Asciutto,Asfaltata,Verticale ed orizzontale,Sereno,Scarso,Sufficiente,Sufficiente,1,0,0,4,12.5638,41.8954,-1,2,Ciclomotore,In marcia / fermata / arresto,Conducente,M,Rimandato,0,NON DECEDUTO,Non accertato,,
3975618,20,05/09/2018 18:10:00,Strada Urbana,VIA FLAMINIA,all'intersezione con,VIA SACROFANESE,VIA SACROFANESE,,,Tamponamento,Intersezione stradale segnalata,Una carreggiata a doppio senso,Asciutto,Asfaltata,Verticale ed orizzontale,Sereno,Normale,Buona,Ore Diurne,1,0,0,2,12.4718,41.9419,-1,1,Autovettura privata,In marcia / fermata / arresto,Conducente,M,Illeso,0,,,,
3975618,20,05/09/2018 18:10:00,Strada Urbana,VIA FLAMINIA,all'intersezione con,VIA SACROFANESE,VIA SACROFANESE,,,Tamponamento,Intersezione stradale segnalata,Una carreggiata a doppio senso,Asciutto,Asfaltata,Verticale ed orizzontale,Sereno,Normale,Buona,Ore Diurne,1,0,0,2,12.4718,41.9419,-1,1,Autovettura privata,In marcia / fermata / arresto,Passeggero,M,Illeso,0,,,,
3975618,20,05/09/2018 18:10:00,Strada Urbana,VIA FLAMINIA,all'intersezione con,VIA SACROFANESE,VIA SACROFANESE,,,Tamponamento,Intersezione stradale segnalata,Una carreggiata a doppio senso,Asciutto,Asfaltata,Verticale ed orizzontale,Sereno,Normale,Buona,Ore Diurne,1,0,0,2,12.4718,41.9419,-1,2,Autovettura privata,In marcia / fermata / arresto,Conducente,F,Rimandato,0,NON DECEDUTO,,,
3975626,15,05/09/2018 08:45:00,Strada Urbana,VIA DELLA MAGLIANA,da specificare,,,,palo acea 293,Tamponamento Multiplo,Rettilineo,Una carreggiata a doppio senso,Asciutto,Asfaltata,Verticale ed orizzontale,Sereno,Normale,Buona,Ore Diurne,3,0,0,1,12.4196,41.8317,-1,1,Autovettura privata,In marcia / fermata / arresto,Conducente,M,Rimandato,0,NON DECEDUTO,Utilizzato,Inesploso,
3975626,15,05/09/2018 08:45:00,Strada Urbana,VIA DELLA MAGLIANA,da specificare,,,,palo acea 293,Tamponamento Multiplo,Rettilineo,Una carreggiata a doppio senso,Asciutto,Asfaltata,Verticale ed orizzontale,Sereno,Normale,Buona,Ore Diurne,3,0,0,1,12.4196,41.8317,-1,1,Autovettura privata,In marcia / fermata / arresto,Passeggero,M,Illeso,0,,Utilizzato,Inesploso,