Protocollo,Gruppo,DataOraIncidente,Localizzazione1,STRADA1,Localizzazione2,STRADA2,Strada02,Chilometrica,DaSpecificare,NaturaIncidente,particolaritastrade,TipoStrada,FondoStradale,Pavimentazione,Segnaletica,CondizioneAtmosferica,Traffico,Visibilita,Illuminazione,NUM_FERITI,NUM_RISERVATA,NUM_MORTI,NUM_ILLESI,Longitudine,Latitudine,Confermato,Progressivo,TipoVeicolo,StatoVeicolo,TipoPersona,Sesso,Tipolesione,Deceduto,DecedutoDopo,CinturaCascoUtilizzato,Airbag,
3975626,15,05/09/2018 08:45:00,Strada Urbana,VIA DELLA MAGLIANA,da specificare,,,,palo acea 293,Tamponamento Multiplo,Rettilineo,Una carreggiata a doppio senso,Asciutto,Asfaltata,Verticale ed orizzontale,Sereno,Normale,Buona,Ore Diurne,3,0,0,1,12.4196,41.8317,-1,2,Autovettura privata,In marcia / fermata / arresto,Conducente,M,Rimandato,0,NON DECEDUTO,Utilizzato,Inesploso,
3975626,15,05/09/2018 08:45:00,Strada Urbana,VIA DELLA MAGLIANA,da specificare,,,,palo acea 293,Tamponamento Multiplo,Rettilineo,Una carreggiata a doppio senso,Asciutto,Asfaltata,Verticale ed orizzontale,Sereno,Normale,Buona,Ore Diurne,3,0,0,1,12.4196,41.8317,-1,3,Autovettura privata,In marcia / fermata / arresto,Conducente,M,Rimandato,0,NON DECEDUTO,Utilizzato,Inesploso,
3975629,20,05/09/2018 18:30:00,Strada Urbana,PIAZZALE DI PONTE MILVIO,in prossimit�,,del civico n.,24,,Investimento di pedone,Rettilineo,Una carreggiata a senso unico di marcia,Asciutto,Asfaltata,Orizzontale,Sereno,Normale,Buona,Ore Diurne,0,0,0,2,12.4659,41.9379,-1,,,,Pedone,M,Illeso,0,,,,
3975629,20,05/09/2018 18:30:00,Strada Urbana,PIAZZALE DI PONTE MILVIO,in prossimit�,,del civico n.,24,,Investimento di pedone,Rettilineo,Una carreggiata a senso unico di marcia,Asciutto,Asfaltata,Orizzontale,Sereno,Normale,Buona,Ore Diurne,0,0,0,2,12.4659,41.9379,-1,1,Autovettura privata,In marcia / fermata / arresto,Conducente,M,Illeso,0,,,,
3975659,20,05/09/2018 17:00:00,Strada Urbana,VIA DI GROTTAROSSA,in prossimit�,,del civico n.,327,,Scontro laterale fra veicoli in marcia,Curva senza visuale libera,Una carreggiata a doppio senso,Asciutto,Asfaltata,Orizzontale,Sereno,Normale,Buona,Ore Diurne,0,0,0,2,12.4514,41.9737,-1,1,Motociclo a solo,In marcia / fermata / arresto,Conducente,F,Illeso,0,,Non accertato,,
3975659,20,05/09/2018 17:00:00,Strada Urbana,VIA DI GROTTAROSSA,in prossimit�,,del civico n.,327,,Scontro laterale fra veicoli in marcia,Curva senza visuale libera,Una carreggiata a doppio senso,Asciutto,Asfaltata,Orizzontale,Sereno,Normale,Buona,Ore Diurne,0,0,0,2,12.4514,41.9737,-1,2,Autovettura privata,In marcia / fermata / arresto,Conducente,M,Illeso,0,,Non accertato,Inesploso,
3975662,16,05/09/2018 08:05:00,Strada Urbana,VIA GIOVANNI VOLPATO,in corrispondenza,,del civico n.,1,,Tamponamento Multiplo,Rettilineo,Due carreggiate,Asciutto,Asfaltata,Verticale ed orizzontale,Sereno,Intenso,Buona,Ore Diurne,1,0,0,2,12.4677,41.872,-1,1,Motociclo a solo,In marcia / fermata / arresto,Conducente,M,Rifiuta cure immediate,0,NON DECEDUTO,Non accertato,,
3975662,16,05/09/2018 08:05:00,Strada Urbana,VIA GIOVANNI VOLPATO,in corrispondenza,,del civico n.,1,,Tamponamento Multiplo,Rettilineo,Due carreggiate,Asciutto,Asfaltata,Verticale ed orizzontale,Sereno,Intenso,Buona,Ore Diurne,1,0,0,2,12.4677,41.872,-1,2,Autovettura privata,In marcia / fermata / arresto,Conducente,F,Illeso,0,,Non accertato,Inesploso,
3975662,16,05/09/2018 08:05:00,Strada Urbana,VIA GIOVANNI VOLPATO,in corrispondenza,,del civico n.,1,,Tamponamento Multiplo,Rettilineo,Due carreggiate,Asciutto,Asfaltata,Verticale ed orizzontale,Sereno,Intenso,Buona,Ore Diurne,1,0,0,2,12.4677,41.872,-1,3,Autovettura privata,In marcia / fermata / arresto,Conducente,F,Illeso,0,,Non accertato,Inesploso,
3975671,20,06/09/2018 02:15:00,Regionale entro l'abitato,VIA CASSIA,in prossimit�,,del palo luce n.,284,,Ribaltamento senza urto contro ostacolo fisso,Rettilineo,Una carreggiata a doppio senso,Asciutto,Asfaltata,Verticale ed orizzontale,Sereno,Scarso,Sufficiente,Sufficiente,1,0,0,0,12.4139,41.9827,-1,1,Autovettura privata,In marcia / fermata / arresto,Conducente,M,Rimandato,0,NON DECEDUTO,,,
3975672,10,05/09/2018 18:30:00,Strada Urbana,VIA FILOMUSI GUELFI,da specificare,,,,fronte civ. 6,Tamponamento,Rettilineo,Una carreggiata a doppio senso,Asciutto,Asfaltata,Orizzontale,Sereno,Normale,Buona,Ore Diurne,0,0,0,4,12.5714,41.8627,-1,1,Autovettura privata,In marcia / fermata / arresto,Conducente,M,Illeso,0,,Non accertato,Inesploso,
3975672,10,05/09/2018 18:30:00,Strada Urbana,VIA FILOMUSI GUELFI,da specificare,,,,fronte civ. 6,Tamponamento,Rettilineo,Una carreggiata a doppio senso,Asciutto,Asfaltata,Orizzontale,Sereno,Normale,Buona,Ore Diurne,0,0,0,4,12.5714,41.8627,-1,1,Autovettura privata,In marcia / fermata / arresto,Passeggero,F,Illeso,0,,Non accertato,Inesploso,
3975672,10,05/09/2018 18:30:00,Strada Urbana,VIA FILOMUSI GUELFI,da specificare,,,,fronte civ. 6,Tamponamento,Rettilineo,Una carreggiata a doppio senso,Asciutto,Asfaltata,Orizzontale,Sereno,Normale,Buona,Ore Diurne,0,0,0,4,12.5714,41.8627,-1,2,Autovettura privata,In marcia / fermata / arresto,Conducente,M,Illeso,0,,Non accertato,Inesploso,
3975672,10,05/09/2018 18:30:00,Strada Urbana,VIA FILOMUSI GUELFI,da specificare,,,,fronte civ. 6,Tamponamento,Rettilineo,Una carreggiata a doppio senso,Asciutto,Asfaltata,Orizzontale,Sereno,Normale,Buona,Ore Diurne,0,0,0,4,12.5714,41.8627,-1,2,Autovettura privata,In marcia / fermata / arresto,Passeggero,F,Illeso,0,,Non accertato,Inesploso,
3975674,16,05/09/2018 12:30:00,Strada Urbana,VIALE AURELIO SAFFI,in corrispondenza,,del civico n.,79,,Scontro frontale/laterale SX fra veicoli in marcia,Curva a visuale libera,Una carreggiata a doppio senso,Asciutto,Asfaltata,Orizzontale,Sereno,Scarso,Buona,Ore Diurne,0,0,0,3,12.4638,41.881,-1,1,Autovettura privata,In marcia / fermata / arresto,Conducente,F,Illeso,0,,Non accertato,Inesploso,
3975674,16,05/09/2018 12:30:00,Strada Urbana,VIALE AURELIO SAFFI,in corrispondenza,,del civico n.,79,,Scontro frontale/laterale SX fra veicoli in marcia,Curva a visuale libera,Una carreggiata a doppio senso,Asciutto,Asfaltata,Orizzontale,Sereno,Scarso,Buona,Ore Diurne,0,0,0,3,12.4638,41.881,-1,2,Autovettura privata,In marcia / fermata / arresto,Conducente,F,Illeso,0,,Non accertato,Inesploso,
3975674,16,05/09/2018 12:30:00,Strada Urbana,VIALE AURELIO SAFFI,in corrispondenza,,del civico n.,79,,Scontro frontale/laterale SX fra veicoli in marcia,Curva a visuale libera,Una carreggiata a doppio senso,Asciutto,Asfaltata,Orizzontale,Sereno,Scarso,Buona,Ore Diurne,0,0,0,3,12.4638,41.881,-1,2,Autovettura privata,In marcia / fermata / arresto,Passeggero Istruttore,M,Illeso,0,,Non accertato,Inesploso,
3975701,4,05/09/2018 11:20:00,Strada Urbana,VIA JACOPO SANNAZZARO,all'intersezione con,VIA PIZZO BERNINA,VIA PIZZO BERNINA,,,Scontro frontale/laterale DX fra veicoli in marcia,Incrocio,Due carreggiate,Asciutto,Asfaltata,Verticale ed orizzontale,Sereno,Normale,Buona,Ore Diurne,0,0,0,4,12.5411,41.9391,-1,1,Autovettura privata,In marcia / fermata / arresto,Conducente,F,Illeso,0,,Non accertato,Inesploso,
3975701,4,05/09/2018 11:20:00,Strada Urbana,VIA JACOPO SANNAZZARO,all'intersezione con,VIA PIZZO BERNINA,VIA PIZZO BERNINA,,,Scontro frontale/laterale DX fra veicoli in marcia,Incrocio,Due carreggiate,Asciutto,Asfaltata,Verticale ed orizzontale,Sereno,Normale,Buona,Ore Diurne,0,0,0,4,12.5411,41.9391,-1,1,Autovettura privata,In marcia / fermata / arresto,Passeggero,F,Illeso,0,,Non accertato,Inesploso,
3975701,4,05/09/2018 11:20:00,Strada Urbana,VIA JACOPO SANNAZZARO,all'intersezione con,VIA PIZZO BERNINA,VIA PIZZO BERNINA,,,Scontro frontale/laterale DX fra veicoli in marcia,Incrocio,Due carreggiate,Asciutto,Asfaltata,Verticale ed orizzontale,Sereno,Normale,Buona,Ore Diurne,0,0,0,4,12.5411,41.9391,-1,1,Autovettura privata,In marcia / fermata / arresto,Passeggero,F,Illeso,0,,Non accertato,,
3975701,4,05/09/2018 11:20:00,Strada Urbana,VIA JACOPO SANNAZZARO,all'intersezione con,VIA PIZZO BERNINA,VIA PIZZO BERNINA,,,Scontro frontale/laterale DX fra veicoli in marcia,Incrocio,Due carreggiate,Asciutto,Asfaltata,Verticale ed orizzontale,Sereno,Normale,Buona,Ore Diurne,0,0,0,4,12.5411,41.9391,-1,1,Autovettura privata,In marcia / fermata / arresto,Passeggero,F,Illeso,0,,Non accertato,,
3975726,7,05/09/2018 17:10:00,Strada Urbana,VIALE PALMIRO TOGLIATTI,in corrispondenza,,del civico n.,630,,Scontro laterale fra veicoli in marcia,Rettilineo,Una carreggiata a senso unico di marcia,Asciutto,Asfaltata,Verticale ed orizzontale,Sereno,Normale,Buona,Ore Diurne,0,0,0,3,12.573,41.8786,-1,1,Autovettura privata,In marcia / fermata / arresto,Conducente,F,Illeso,0,,Non accertato,Inesploso,
3975726,7,05/09/2018 17:10:00,Strada Urbana,VIALE PALMIRO TOGLIATTI,in corrispondenza,,del civico n.,630,,Scontro laterale fra veicoli in marcia,Rettilineo,Una carreggiata a senso unico di marcia,Asciutto,Asfaltata,Verticale ed orizzontale,Sereno,Normale,Buona,Ore Diurne,0,0,0,3,12.573,41.8786,-1,1,Autovettura privata,In marcia / fermata / arresto,Passeggero,F,Illeso,0,,Non accertato,Inesploso,
3975726,7,05/09/2018 17:10:00,Strada Urbana,VIALE PALMIRO TOGLIATTI,in corrispondenza,,del civico n.,630,,Scontro laterale fra veicoli in marcia,Rettilineo,Una carreggiata a senso unico di marcia,Asciutto,Asfaltata,Verticale ed orizzontale,Sereno,Normale,Buona,Ore Diurne,0,0,0,3,12.573,41.8786,-1,2,Autovettura privata,In marcia / fermata / arresto,Conducente,M,Illeso,0,,Non accertato,Inesploso,
3975739,1,05/09/2018 12:00:00,Strada Urbana,PIAZZA DI S. GIOVANNI IN LATERANO,all'intersezione semaforizzata con,VIA MERULANA,VIA MERULANA,,,Scontro laterale fra veicoli in marcia,Intersezione semaforizzata,Pi� di due carreggiate,Asciutto,Asfaltata,Verticale ed orizzontale,Sereno,Normale,Buona,Ore Diurne,0,0,0,2,12.5046,41.8872,-1,1,Autovettura privata,In marcia / fermata / arresto,Conducente,M,Illeso,0,,Non accertato,Inesploso,
3975739,1,05/09/2018 12:00:00,Strada Urbana,PIAZZA DI S. GIOVANNI IN LATERANO,all'intersezione semaforizzata con,VIA MERULANA,VIA MERULANA,,,Scontro laterale fra veicoli in marcia,Intersezione semaforizzata,Pi� di due carreggiate,Asciutto,Asfaltata,Verticale ed orizzontale,Sereno,Normale,Buona,Ore Diurne,0,0,0,2,12.5046,41.8872,-1,2,Autoarticolato,In marcia / fermata / arresto,Conducente,M,Illeso,0,,Non accertato,Inesploso,
3975741,7,05/09/2018 13:40:00,Strada Urbana,LARGO GIROLAMO COCCONI,all'intersezione con,VIA VINCENZO CESATI,VIA VINCENZO CESATI,,,Scontro frontale/laterale DX fra veicoli in marcia,Incrocio,Una carreggiata a doppio senso,Asciutto,Asfaltata,Verticale ed orizzontale,Sereno,Normale,Buona,Ore Diurne,0,0,0,2,12.5634,41.8935,-1,1,Autocarro inferiore 35 q.,In marcia / fermata / arresto,Conducente,M,Illeso,0,,Non accertato,Inesploso,
3975741,7,05/09/2018 13:40:00,Strada Urbana,LARGO GIROLAMO COCCONI,all'intersezione con,VIA VINCENZO CESATI,VIA VINCENZO CESATI,,,Scontro frontale/laterale DX fra veicoli in marcia,Incrocio,Una carreggiata a doppio senso,Asciutto,Asfaltata,Verticale ed orizzontale,Sereno,Normale,Buona,Ore Diurne,0,0,0,2,12.5634,41.8935,-1,2,Autovettura privata,In marcia / fermata / arresto,Conducente,M,Illeso,0,,Non accertato,Inesploso,
3975772,18,06/09/2018 08:00:00,Strada Urbana,CIRCONVALLAZIONE CORNELIA,da specificare,,,,in prossimit� di piazza dei giureconsulti,Scontro laterale fra veicoli in marcia,Rettilineo,Due carreggiate,Asciutto,Asfaltata,Verticale ed orizzontale,Sereno,Normale,Buona,Ore Diurne,0,0,0,2,12.4254,41.9023,-1,1,Autovettura privata,In marcia / fermata / arresto,Conducente,M,Illeso,0,,Non accertato,Inesploso,
3975772,18,06/09/2018 08:00:00,Strada Urbana,CIRCONVALLAZIONE CORNELIA,da specificare,,,,in prossimit� di piazza dei giureconsulti,Scontro laterale fra veicoli in marcia,Rettilineo,Due carreggiate,Asciutto,Asfaltata,Verticale ed orizzontale,Sereno,Normale,Buona,Ore Diurne,0,0,0,2,12.4254,41.9023,-1,2,Motociclo a solo,In marcia / fermata / arresto,Conducente,M,Illeso,0,,Non accertato,,
3975773,19,05/09/2018 15:50:00,Strada Urbana,VIA CHERASCO,all'intersezione con,VIA PALLANZENO,VIA PALLANZENO,,,Tamponamento,Incrocio,Una carreggiata a doppio senso,Asciutto,Asfaltata,Orizzontale,Sereno,Scarso,Buona,Ore Diurne,0,0,0,2,12.3451,41.9549,-1,1,Autovettura privata,In marcia / fermata / arresto,Conducente,F,Illeso,0,,Non accertato,Inesploso,
3975773,19,05/09/2018 15:50:00,Strada Urbana,VIA CHERASCO,all'intersezione con,VIA PALLANZENO,VIA PALLANZENO,,,Tamponamento,Incrocio,Una carreggiata a doppio senso,Asciutto,Asfaltata,Orizzontale,Sereno,Scarso,Buona,Ore Diurne,0,0,0,2,12.3451,41.9549,-1,2,Autovettura privata,In marcia / fermata / arresto,Conducente,M,Illeso,0,,Non accertato,Inesploso,
3975782,2,05/09/2018 08:40:00,Strada Urbana,CORSO TRIESTE,all'intersezione con,VIA CHIANA,VIA CHIANA,,,Scontro laterale fra veicoli in marcia,Incrocio,Due carreggiate,Asciutto,Asfaltata,Verticale ed orizzontale,Sereno,Normale,Buona,Ore Diurne,1,0,0,1,12.509,41.9203,-1,1,Motociclo a solo,In marcia / fermata / arresto,Conducente,F,Ricoverato,0,NON DECEDUTO,,,
3975782,2,05/09/2018 08:40:00,Strada Urbana,CORSO TRIESTE,all'intersezione con,VIA CHIANA,VIA CHIANA,,,Scontro laterale fra veicoli in marcia,Incrocio,Due carreggiate,Asciutto,Asfaltata,Verticale ed orizzontale,Sereno,Normale,Buona,Ore Diurne,1,0,0,1,12.509,41.9203,-1,2,Autovettura privata,In marcia / fermata / arresto,Conducente,F,Illeso,0,,,,
3975786,2,05/09/2018 10:10:00,Strada Urbana,LARGO GIUSEPPE TARTINI,in corrispondenza,,del civico n.,6,,Scontro frontale/laterale SX fra veicoli in marcia,Rettilineo,Una carreggiata a senso unico di marcia,Asciutto,Asfaltata,Verticale ed orizzontale,Sereno,Normale,Buona,Ore Diurne,0,0,0,2,12.4947,41.9162,-1,1,Autovettura privata,In marcia / fermata / arresto,Conducente,M,Illeso,0,,Non accertato,Inesploso,
3975786,2,05/09/2018 10:10:00,Strada Urbana,LARGO GIUSEPPE TARTINI,in corrispondenza,,del civico n.,6,,Scontro frontale/laterale SX fra veicoli in marcia,Rettilineo,Una carreggiata a senso unico di marcia,Asciutto,Asfaltata,Verticale ed orizzontale,Sereno,Normale,Buona,Ore Diurne,0,0,0,2,12.4947,41.9162,-1,2,Autovettura privata,In marcia / fermata / arresto,Conducente,F,Illeso,0,,Non accertato,Inesploso,
3975789,1,06/09/2018 00:30:00,Strada Urbana,VIA DEL CIRCO MASSIMO,all'intersezione con,PIAZZALE UGO LA MALFA,PIAZZALE UGO LA MALFA,,,Tamponamento,Incrocio,Una carreggiata a doppio senso,Asciutto,Asfaltata,Verticale ed orizzontale,Sereno,Normale,Sufficiente,Sufficiente,2,0,0,0,12.4852,41.8853,0,1,Autovettura privata,In marcia / fermata / arresto,Conducente,F,Rimandato,0,NON DECEDUTO,Non accertato,Inesploso,
3975789,1,06/09/2018 00:30:00,Strada Urbana,VIA DEL CIRCO MASSIMO,all'intersezione con,PIAZZALE UGO LA MALFA,PIAZZALE UGO LA MALFA,,,Tamponamento,Incrocio,Una carreggiata a doppio senso,Asciutto,Asfaltata,Verticale ed orizzontale,Sereno,Normale,Sufficiente,Sufficiente,2,0,0,0,12.4852,41.8853,0,1,Autovettura privata,In marcia / fermata / arresto,Passeggero,F,Rimandato,0,NON DECEDUTO,Non accertato,Inesploso,
3975792,2,05/09/2018 11:20:00,Strada Urbana,PIAZZA GONDAR,all'intersezione con,VIALE LIBIA,VIALE LIBIA,,,Scontro laterale fra veicoli in marcia,Incrocio,Due carreggiate,Asciutto,Asfaltata,Verticale ed orizzontale,Sereno,Normale,Buona,Ore Diurne,0,0,0,3,12.5209,41.9333,-1,1,Autovettura privata,In marcia / fermata / arresto,Conducente,M,Illeso,0,,,,
3975792,2,05/09/2018 11:20:00,Strada Urbana,PIAZZA GONDAR,all'intersezione con,VIALE LIBIA,VIALE LIBIA,,,Scontro laterale fra veicoli in marcia,Incrocio,Due carreggiate,Asciutto,Asfaltata,Verticale ed orizzontale,Sereno,Normale,Buona,Ore Diurne,0,0,0,3,12.5209,41.9333,-1,1,Autovettura privata,In marcia / fermata / arresto,Passeggero,F,Illeso,0,,,,
3975792,2,05/09/2018 11:20:00,Strada Urbana,PIAZZA GONDAR,all'intersezione con,VIALE LIBIA,VIALE LIBIA,,,Scontro laterale fra veicoli in marcia,Incrocio,Due carreggiate,Asciutto,Asfaltata,Verticale ed orizzontale,Sereno,Normale,Buona,Ore Diurne,0,0,0,3,12.5209,41.9333,-1,2,Motociclo a solo,In marcia / fermata / arresto,Conducente,M,Illeso,0,,,,
3975797,2,05/09/2018 11:25:00,Strada Urbana,VIA GADAMES,all'intersezione con,PIAZZA GIMMA,PIAZZA GIMMA,,,Veicolo in marcia contro veicolo fermo,Incrocio,Una carreggiata a senso unico di marcia,Asciutto,Asfaltata,Verticale ed orizzontale,Sereno,Normale,Buona,Ore Diurne,0,0,0,3,12.5185,41.9305,-1,1,Autovettura di polizia,In marcia / fermata / arresto,Conducente,M,Illeso,0,,,,
3975797,2,05/09/2018 11:25:00,Strada Urbana,VIA GADAMES,all'intersezione con,PIAZZA GIMMA,PIAZZA GIMMA,,,Veicolo in marcia contro veicolo fermo,Incrocio,Una carreggiata a senso unico di marcia,Asciutto,Asfaltata,Verticale ed orizzontale,Sereno,Normale,Buona,Ore Diurne,0,0,0,3,12.5185,41.9305,-1,1,Autovettura di polizia,In marcia / fermata / arresto,Passeggero,F,Illeso,0,,,,
3975797,2,05/09/2018 11:25:00,Strada Urbana,VIA GADAMES,all'intersezione con,PIAZZA GIMMA,PIAZZA GIMMA,,,Veicolo in marcia contro veicolo fermo,Incrocio,Una carreggiata a senso unico di marcia,Asciutto,Asfaltata,Verticale ed orizzontale,Sereno,Normale,Buona,Ore Diurne,0,0,0,3,12.5185,41.9305,-1,2,Motociclo a solo,In marcia / fermata / arresto,Conducente,M,Illeso,0,,,,
3975798,4,05/09/2018 16:00:00,Strada Urbana,VIALE JONIO,da specificare,,,,dir. P.zza Talenti, pross. svolta via M. Bandello,Scontro frontale/laterale SX fra veicoli in marcia,Rettilineo,Due carreggiate,Asciutto,Asfaltata,Verticale ed orizzontale,Sereno,Normale,Buona,Ore Diurne,0,0,0,2,12.536,41.9442,-1,1,Autocarro inferiore 35 q.,In marcia / fermata / arresto,Conducente,M,Illeso,0,,Non accertato,
3975798,4,05/09/2018 16:00:00,Strada Urbana,VIALE JONIO,da specificare,,,,dir. P.zza Talenti, pross. svolta via M. Bandello,Scontro frontale/laterale SX fra veicoli in marcia,Rettilineo,Due carreggiate,Asciutto,Asfaltata,Verticale ed orizzontale,Sereno,Normale,Buona,Ore Diurne,0,0,0,2,12.536,41.9442,-1,2,Autovettura privata,In marcia / fermata / arresto,Conducente,M,Illeso,0,,Non accertato,
3975801,2,05/09/2018 19:25:00,Strada Urbana,VIALE REGINA MARGHERITA,in prossimit�,,del civico n.,246,,Scontro frontale/laterale SX fra veicoli in marcia,Rettilineo,Una carreggiata a doppio senso,Asciutto,Asfaltata,Orizzontale,Sereno,Normale,Sufficiente,Ore Diurne,0,0,0,2,12.506,41.9133,-1,1,Autovettura privata,In marcia / fermata / arresto,Conducente,M,Illeso,0,,Non accertato,Inesploso,
3975801,2,05/09/2018 19:25:00,Strada Urbana,VIALE REGINA MARGHERITA,in prossimit�,,del civico n.,246,,Scontro frontale/laterale SX fra veicoli in marcia,Rettilineo,Una carreggiata a doppio senso,Asciutto,Asfaltata,Orizzontale,Sereno,Normale,Sufficiente,Ore Diurne,0,0,0,2,12.506,41.9133,-1,2,Motociclo a solo,In marcia / fermata / arresto,Conducente,M,Illeso,0,,,,
3975804,13,05/09/2018 07:00:00,Strada Urbana,VIA DEL PONTE DI TOR BOACCIANA,all'intersezione con,VIA DI TOR BOACCIANA,VIA DI TOR BOACCIANA,,,Scontro frontale/laterale DX fra veicoli in marcia,Intersezione stradale segnalata,Una carreggiata a senso unico di marcia,Asciutto,Asfaltata,Verticale ed orizzontale,Sereno,Intenso,Buona,Ore Diurne,1,0,0,1,12.2808,41.7512,-1,1,Autovettura privata,In marcia / fermata / arresto,Conducente,M,Illeso,0,,Non accertato,Inesploso,
3975804,13,05/09/2018 07:00:00,Strada Urbana,VIA DEL PONTE DI TOR BOACCIANA,all'intersezione con,VIA DI TOR BOACCIANA,VIA DI TOR BOACCIANA,,,Scontro frontale/laterale DX fra veicoli in marcia,Intersezione stradale segnalata,Una carreggiata a senso unico di marcia,Asciutto,Asfaltata,Verticale ed orizzontale,Sereno,Intenso,Buona,Ore Diurne,1,0,0,1,12.2808,41.7512,-1,2,Motociclo a solo,In marcia / fermata / arresto,Conducente,M,Rimandato,0,NON DECEDUTO,Non accertato,,
3975819,5,05/09/2018 18:30:00,Strada Urbana,VIA ALFONSO TORELLI,in corrispondenza,,del civico n.,9,,Tamponamento Multiplo,Rettilineo,Una carreggiata a doppio senso,Asciutto,Asfaltata,Orizzontale,Sereno,Normale,Buona,Ore Diurne,0,0,0,4,12.5385,41.8997,-1,1,Autovettura privata,In marcia / fermata / arresto,Conducente,F,Illeso,0,,Non accertato,,
3975819,5,05/09/2018 18:30:00,Strada Urbana,VIA ALFONSO TORELLI,in corrispondenza,,del civico n.,9,,Tamponamento Multiplo,Rettilineo,Una carreggiata a doppio senso,Asciutto,Asfaltata,Orizzontale,Sereno,Normale,Buona,Ore Diurne,0,0,0,4,12.5385,41.8997,-1,2,Autovettura privata,In marcia / fermata / arresto,Conducente,M,Illeso,0,,Non accertato,,
3975819,5,05/09/2018 18:30:00,Strada Urbana,VIA ALFONSO TORELLI,in corrispondenza,,del civico n.,9,,Tamponamento Multiplo,Rettilineo,Una carreggiata a doppio senso,Asciutto,Asfaltata,Orizzontale,Sereno,Normale,Buona,Ore Diurne,0,0,0,4,12.5385,41.8997,-1,3,Autovettura privata,In marcia / fermata / arresto,Conducente,M,Illeso,0,,Non accertato,,
3975819,5,05/09/2018 18:30:00,Strada Urbana,VIA ALFONSO TORELLI,in corrispondenza,,del civico n.,9,,Tamponamento Multiplo,Rettilineo,Una carreggiata a doppio senso,Asciutto,Asfaltata,Orizzontale,Sereno,Normale,Buona,Ore Diurne,0,0,0,4,12.5385,41.8997,-1,4,Autovettura privata,In marcia / fermata / arresto,Conducente,F,Illeso,0,,Non accertato,,
3975835,4,06/09/2018 00:05:00,Strada Urbana,VIA LORENZO IL MAGNIFICO,all'intersezione con,VIA TEODORICO,VIA TEODORICO,,,Scontro frontale/laterale SX fra veicoli in marcia,Incrocio,Una carreggiata a doppio senso,Asciutto,Asfaltata,Verticale ed orizzontale,Sereno,Scarso,Buona,Sufficiente,0,0,0,5,12.5251,41.9121,-1,1,Autovettura privata,In marcia / fermata / arresto,Conducente,F,Illeso,0,,Non accertato,Esploso,
3975835,4,06/09/2018 00:05:00,Strada Urbana,VIA LORENZO IL MAGNIFICO,all'intersezione con,VIA TEODORICO,VIA TEODORICO,,,Scontro frontale/laterale SX fra veicoli in marcia,Incrocio,Una carreggiata a doppio senso,Asciutto,Asfaltata,Verticale ed orizzontale,Sereno,Scarso,Buona,Sufficiente,0,0,0,5,12.5251,41.9121,-1,1,Autovettura privata,In marcia / fermata / arresto,Passeggero,M,Illeso,0,,,,
3975835,4,06/09/2018 00:05:00,Strada Urbana,VIA LORENZO IL MAGNIFICO,all'intersezione con,VIA TEODORICO,VIA TEODORICO,,,Scontro frontale/laterale SX fra veicoli in marcia,Incrocio,Una carreggiata a doppio senso,Asciutto,Asfaltata,Verticale ed orizzontale,Sereno,Scarso,Buona,Sufficiente,0,0,0,5,12.5251,41.9121,-1,1,Autovettura privata,In marcia / fermata / arresto,Passeggero,M,Illeso,0,,Non accertato,,
3975835,4,06/09/2018 00:05:00,Strada Urbana,VIA LORENZO IL MAGNIFICO,all'intersezione con,VIA TEODORICO,VIA TEODORICO,,,Scontro frontale/laterale SX fra veicoli in marcia,Incrocio,Una carreggiata a doppio senso,Asciutto,Asfaltata,Verticale ed orizzontale,Sereno,Scarso,Buona,Sufficiente,0,0,0,5,12.5251,41.9121,-1,2,Autovettura privata,In marcia / fermata / arresto,Conducente,M,Illeso,0,,Non accertato,,
3975835,4,06/09/2018 00:05:00,Strada Urbana,VIA LORENZO IL MAGNIFICO,all'intersezione con,VIA TEODORICO,VIA TEODORICO,,,Scontro frontale/laterale SX fra veicoli in marcia,Incrocio,Una carreggiata a doppio senso,Asciutto,Asfaltata,Verticale ed orizzontale,Sereno,Scarso,Buona,Sufficiente,0,0,0,5,12.5251,41.9121,-1,2,Autovettura privata,In marcia / fermata / arresto,Passeggero,M,Illeso,0,,,Inesploso,
3975837,5,05/09/2018 23:55:00,Strada Urbana,VIA BELMONTE IN SABINA,da specificare,,,,subito dopo svincolo G.R.A.,Scontro frontale/laterale SX fra veicoli in marcia,Rettilineo,Due carreggiate,Asciutto,Asfaltata,Verticale ed orizzontale,Sereno,Scarso,Sufficiente,Sufficiente,0,0,0,3,12.592,41.9462,-1,1,Autovettura privata,In marcia / fermata / arresto,Conducente,M,Illeso,0,,Non accertato,,
3975837,5,05/09/2018 23:55:00,Strada Urbana,VIA BELMONTE IN SABINA,da specificare,,,,subito dopo svincolo G.R.A.,Scontro frontale/laterale SX fra veicoli in marcia,Rettilineo,Due carreggiate,Asciutto,Asfaltata,Verticale ed orizzontale,Sereno,Scarso,Sufficiente,Sufficiente,0,0,0,3,12.592,41.9462,-1,1,Autovettura privata,In marcia / fermata / arresto,Passeggero,F,Illeso,0,,Non accertato,,
3975837,5,05/09/2018 23:55:00,Strada Urbana,VIA BELMONTE IN SABINA,da specificare,,,,subito dopo svincolo G.R.A.,Scontro frontale/laterale SX fra veicoli in marcia,Rettilineo,Due carreggiate,Asciutto,Asfaltata,Verticale ed orizzontale,Sereno,Scarso,Sufficiente,Sufficiente,0,0,0,3,12.592,41.9462,-1,2,Autovettura privata,In marcia / fermata / arresto,Conducente,M,Illeso,0,,Non accertato,,