Protocollo,Gruppo,DataOraIncidente,Localizzazione1,STRADA1,Localizzazione2,STRADA2,Strada02,Chilometrica,DaSpecificare,NaturaIncidente,particolaritastrade,TipoStrada,FondoStradale,Pavimentazione,Segnaletica,CondizioneAtmosferica,Traffico,Visibilita,Illuminazione,NUM_FERITI,NUM_RISERVATA,NUM_MORTI,NUM_ILLESI,Longitudine,Latitudine,Confermato,Progressivo,TipoVeicolo,StatoVeicolo,TipoPersona,Sesso,Tipolesione,Deceduto,DecedutoDopo,CinturaCascoUtilizzato,Airbag,
3975849,5,06/09/2018 03:30:00,Strada Urbana,VIALE KANT,da specificare,,,,a 300 metri da Via Nomentana,Veicolo in marcia contro veicoli in sosta,Rettilineo,Due carreggiate,Asciutto,Asfaltata,Verticale ed orizzontale,Sereno,Scarso,Sufficiente,Sufficiente,0,0,0,1,12.5528,41.9376,-1,3,Autovettura privata,In marcia / fermata / arresto,Conducente,F,Illeso,0,,Non accertato,Inesploso,
3975859,1,05/09/2018 18:20:00,Strada Urbana,PIAZZA VENEZIA,all'intersezione con,VIA CESARE BATTISTI,VIA CESARE BATTISTI,,,Scontro frontale/laterale SX fra veicoli in marcia,Incrocio,Una carreggiata a senso unico di marcia,Asciutto,In cubetti di porfido,Orizzontale,Sereno,Normale,Buona,Ore Diurne,0,0,0,3,,,0,1,Autovettura di polizia,In marcia / fermata / arresto,Conducente,M,Illeso,0,,Non accertato,Inesploso,
3975859,1,05/09/2018 18:20:00,Strada Urbana,PIAZZA VENEZIA,all'intersezione con,VIA CESARE BATTISTI,VIA CESARE BATTISTI,,,Scontro frontale/laterale SX fra veicoli in marcia,Incrocio,Una carreggiata a senso unico di marcia,Asciutto,In cubetti di porfido,Orizzontale,Sereno,Normale,Buona,Ore Diurne,0,0,0,3,,,0,1,Autovettura di polizia,In marcia / fermata / arresto,Passeggero,M,Illeso,0,,,,
3975859,1,05/09/2018 18:20:00,Strada Urbana,PIAZZA VENEZIA,all'intersezione con,VIA CESARE BATTISTI,VIA CESARE BATTISTI,,,Scontro frontale/laterale SX fra veicoli in marcia,Incrocio,Una carreggiata a senso unico di marcia,Asciutto,In cubetti di porfido,Orizzontale,Sereno,Normale,Buona,Ore Diurne,0,0,0,3,,,0,2,Motociclo a solo,In marcia / fermata / arresto,Conducente,M,Illeso,0,,Non accertato,,
3975914,1,05/09/2018 14:50:00,Strada Urbana,VIALE AVENTINO,in corrispondenza,,del civico n.,46,,Tamponamento,Rettilineo,Pi� di due carreggiate,Asciutto,Asfaltata,Verticale ed orizzontale,Sereno,Normale,Buona,Ore Diurne,0,0,0,3,,,0,1,Autovettura privata,In marcia / fermata / arresto,Conducente,M,Illeso,0,,Non accertato,Inesploso,
3975914,1,05/09/2018 14:50:00,Strada Urbana,VIALE AVENTINO,in corrispondenza,,del civico n.,46,,Tamponamento,Rettilineo,Pi� di due carreggiate,Asciutto,Asfaltata,Verticale ed orizzontale,Sereno,Normale,Buona,Ore Diurne,0,0,0,3,,,0,2,Autovettura privata,In marcia / fermata / arresto,Conducente,M,Illeso,0,,Non accertato,Inesploso,
3975914,1,05/09/2018 14:50:00,Strada Urbana,VIALE AVENTINO,in corrispondenza,,del civico n.,46,,Tamponamento,Rettilineo,Pi� di due carreggiate,Asciutto,Asfaltata,Verticale ed orizzontale,Sereno,Normale,Buona,Ore Diurne,0,0,0,3,,,0,2,Autovettura privata,In marcia / fermata / arresto,Passeggero,F,Illeso,0,,,,
3975929,6,06/09/2018 09:00:00,Strada Urbana,VIA COLLATINA,all'intersezione con,VIA SALVATORE TALAMO,VIA SALVATORE TALAMO,,,Scontro laterale fra veicoli in marcia,Incrocio,Una carreggiata a doppio senso,Asciutto,Asfaltata,Verticale ed orizzontale,Sereno,Normale,Buona,Ore Diurne,0,0,0,2,12.5644,41.8992,-1,1,Autovettura privata,In marcia / fermata / arresto,Conducente,F,Illeso,0,,Non accertato,Inesploso,
3975929,6,06/09/2018 09:00:00,Strada Urbana,VIA COLLATINA,all'intersezione con,VIA SALVATORE TALAMO,VIA SALVATORE TALAMO,,,Scontro laterale fra veicoli in marcia,Incrocio,Una carreggiata a doppio senso,Asciutto,Asfaltata,Verticale ed orizzontale,Sereno,Normale,Buona,Ore Diurne,0,0,0,2,12.5644,41.8992,-1,2,Autovettura privata,In marcia / fermata / arresto,Conducente,M,Illeso,0,,Non accertato,Inesploso,
3975931,13,05/09/2018 07:40:00,Strada Urbana,VIALE VASCO DE GAMA,all'intersezione semaforizzata con,VIA ORAZIO DELLO SBIRRO,VIA ORAZIO DELLO SBIRRO,,,Scontro frontale/laterale DX fra veicoli in marcia,Intersezione semaforizzata,Due carreggiate,Asciutto,Asfaltata,Verticale ed orizzontale,Sereno,Normale,Buona,Ore Diurne,2,0,0,0,12.277,41.7338,-1,1,Autovettura privata,In marcia / fermata / arresto,Conducente,M,Rimandato,0,NON DECEDUTO,Non accertato,Inesploso,
3975931,13,05/09/2018 07:40:00,Strada Urbana,VIALE VASCO DE GAMA,all'intersezione semaforizzata con,VIA ORAZIO DELLO SBIRRO,VIA ORAZIO DELLO SBIRRO,,,Scontro frontale/laterale DX fra veicoli in marcia,Intersezione semaforizzata,Due carreggiate,Asciutto,Asfaltata,Verticale ed orizzontale,Sereno,Normale,Buona,Ore Diurne,2,0,0,0,12.277,41.7338,-1,2,Autovettura privata,In marcia / fermata / arresto,Conducente,M,Rifiuta cure immediate,0,NON DECEDUTO,Non accertato,Inesploso,
3975967,13,05/09/2018 17:00:00,Strada Urbana,VIA DEI VELIERI,all'intersezione con,VIA DEI TRAGHETTI,VIA DEI TRAGHETTI,,,Scontro frontale/laterale SX fra veicoli in marcia,Intersezione stradale segnalata,Due carreggiate,Asciutto,Asfaltata,Verticale ed orizzontale,Sereno,Normale,Buona,Ore Diurne,0,0,0,5,12.2757,41.7365,-1,1,Autovettura privata,In marcia / fermata / arresto,Conducente,M,Illeso,0,,Non accertato,Inesploso,
3975967,13,05/09/2018 17:00:00,Strada Urbana,VIA DEI VELIERI,all'intersezione con,VIA DEI TRAGHETTI,VIA DEI TRAGHETTI,,,Scontro frontale/laterale SX fra veicoli in marcia,Intersezione stradale segnalata,Due carreggiate,Asciutto,Asfaltata,Verticale ed orizzontale,Sereno,Normale,Buona,Ore Diurne,0,0,0,5,12.2757,41.7365,-1,1,Autovettura privata,In marcia / fermata / arresto,Passeggero,F,Illeso,0,,Non accertato,Inesploso,
3975967,13,05/09/2018 17:00:00,Strada Urbana,VIA DEI VELIERI,all'intersezione con,VIA DEI TRAGHETTI,VIA DEI TRAGHETTI,,,Scontro frontale/laterale SX fra veicoli in marcia,Intersezione stradale segnalata,Due carreggiate,Asciutto,Asfaltata,Verticale ed orizzontale,Sereno,Normale,Buona,Ore Diurne,0,0,0,5,12.2757,41.7365,-1,2,Autovettura privata,In marcia / fermata / arresto,Conducente,M,Illeso,0,,Non accertato,Inesploso,
3975967,13,05/09/2018 17:00:00,Strada Urbana,VIA DEI VELIERI,all'intersezione con,VIA DEI TRAGHETTI,VIA DEI TRAGHETTI,,,Scontro frontale/laterale SX fra veicoli in marcia,Intersezione stradale segnalata,Due carreggiate,Asciutto,Asfaltata,Verticale ed orizzontale,Sereno,Normale,Buona,Ore Diurne,0,0,0,5,12.2757,41.7365,-1,2,Autovettura privata,In marcia / fermata / arresto,Passeggero,F,Illeso,0,,Non accertato,Inesploso,
3975967,13,05/09/2018 17:00:00,Strada Urbana,VIA DEI VELIERI,all'intersezione con,VIA DEI TRAGHETTI,VIA DEI TRAGHETTI,,,Scontro frontale/laterale SX fra veicoli in marcia,Intersezione stradale segnalata,Due carreggiate,Asciutto,Asfaltata,Verticale ed orizzontale,Sereno,Normale,Buona,Ore Diurne,0,0,0,5,12.2757,41.7365,-1,2,Autovettura privata,In marcia / fermata / arresto,Passeggero,M,Illeso,0,,Non accertato,Inesploso,
3975985,13,05/09/2018 10:00:00,Strada Urbana,VIA UMBERTO GIORDANO,in corrispondenza,,del civico n.,93,,Veicolo in marcia contro veicolo arresto,Rettilineo,Una carreggiata a senso unico di marcia,Asciutto,Asfaltata,Assente,Sereno,Scarso,Buona,Ore Diurne,0,0,0,2,12.361,41.7414,-1,1,Autovettura privata,In marcia / fermata / arresto,Conducente,M,Illeso,0,,,,
3975985,13,05/09/2018 10:00:00,Strada Urbana,VIA UMBERTO GIORDANO,in corrispondenza,,del civico n.,93,,Veicolo in marcia contro veicolo arresto,Rettilineo,Una carreggiata a senso unico di marcia,Asciutto,Asfaltata,Assente,Sereno,Scarso,Buona,Ore Diurne,0,0,0,2,12.361,41.7414,-1,2,Autovettura privata,In marcia / fermata / arresto,Conducente,M,Illeso,0,,,,
3975986,9,06/09/2018 08:40:00,Strada Urbana,VIA VOGHERA,all'intersezione con,VIA VOLTERRA,VIA VOLTERRA,,,Scontro frontale/laterale SX fra veicoli in marcia,Incrocio,Una carreggiata a doppio senso,Asciutto,Asfaltata,Verticale ed orizzontale,Sereno,Normale,Buona,Ore Diurne,0,0,0,3,12.5196,41.886,-1,1,Autovettura privata,In marcia / fermata / arresto,Conducente,M,Illeso,0,,Utilizzato,Inesploso,
3975986,9,06/09/2018 08:40:00,Strada Urbana,VIA VOGHERA,all'intersezione con,VIA VOLTERRA,VIA VOLTERRA,,,Scontro frontale/laterale SX fra veicoli in marcia,Incrocio,Una carreggiata a doppio senso,Asciutto,Asfaltata,Verticale ed orizzontale,Sereno,Normale,Buona,Ore Diurne,0,0,0,3,12.5196,41.886,-1,1,Autovettura privata,In marcia / fermata / arresto,Passeggero,M,Illeso,0,,Utilizzato,Inesploso,
3975986,9,06/09/2018 08:40:00,Strada Urbana,VIA VOGHERA,all'intersezione con,VIA VOLTERRA,VIA VOLTERRA,,,Scontro frontale/laterale SX fra veicoli in marcia,Incrocio,Una carreggiata a doppio senso,Asciutto,Asfaltata,Verticale ed orizzontale,Sereno,Normale,Buona,Ore Diurne,0,0,0,3,12.5196,41.886,-1,2,Autovettura privata,In marcia / fermata / arresto,Conducente,F,Illeso,0,,Utilizzato,Inesploso,
3976018,12,06/09/2018 07:45:00,Regionale,VIA PONTINA,da specificare,,,,corrispondenza svincolo direz. V.C.Levi,Scontro laterale fra veicoli in marcia,Rettilineo,Due carreggiate,Asciutto,Asfaltata,Verticale ed orizzontale,Sereno,Intenso,Buona,Ore Diurne,0,0,0,2,12.4607,41.8154,-1,1,Autovettura privata,In marcia / fermata / arresto,Conducente,F,Illeso,0,,Non accertato,Inesploso,
3976018,12,06/09/2018 07:45:00,Regionale,VIA PONTINA,da specificare,,,,corrispondenza svincolo direz. V.C.Levi,Scontro laterale fra veicoli in marcia,Rettilineo,Due carreggiate,Asciutto,Asfaltata,Verticale ed orizzontale,Sereno,Intenso,Buona,Ore Diurne,0,0,0,2,12.4607,41.8154,-1,2,Autovettura privata,In marcia / fermata / arresto,Conducente,M,Illeso,0,,,,
3976040,12,06/09/2018 08:10:00,Strada Urbana,VIA DELLE TRE FONTANE,in prossimit�,,del civico n.,29,,Scontro laterale fra veicoli in marcia,Rettilineo,Una carreggiata a doppio senso,Asciutto,Asfaltata,Verticale ed orizzontale,Sereno,Normale,Buona,Ore Diurne,1,0,0,1,12.4782,41.838,-1,1,Motociclo a solo,In marcia / fermata / arresto,Conducente,M,Rimandato,0,NON DECEDUTO,Non accertato,,
3976040,12,06/09/2018 08:10:00,Strada Urbana,VIA DELLE TRE FONTANE,in prossimit�,,del civico n.,29,,Scontro laterale fra veicoli in marcia,Rettilineo,Una carreggiata a doppio senso,Asciutto,Asfaltata,Verticale ed orizzontale,Sereno,Normale,Buona,Ore Diurne,1,0,0,1,12.4782,41.838,-1,2,Autovettura privata,In marcia / fermata / arresto,Conducente,F,Illeso,0,,Non accertato,Inesploso,
3976045,10,06/09/2018 10:50:00,Strada Urbana,VIA WALTER PROCACCINI,in prossimit�,,del palo luce n.,10,,Veicolo in marcia contro ostacolo fisso,Curva a visuale libera,Due carreggiate,Asciutto,Asfaltata,Verticale ed orizzontale,Sereno,Normale,Buona,Ore Diurne,0,0,1,0,12.5834,41.8486,-1,1,Motociclo a solo,In marcia / fermata / arresto,Conducente,M,Deceduto sul posto,-1,,,,
3976074,13,05/09/2018 17:30:00,Strada Urbana,VIA DI CASTEL FUSANO,da specificare,,,,alt. Via Dei Pescatori, con dir. Villa Di Plinio,Tamponamento,Rettilineo,Una carreggiata a doppio senso,Asciutto,Asfaltata,Verticale ed orizzontale,Sereno,Normale,Buona,Ore Diurne,0,0,0,2,12.3131,41.7332,-1,1,Autovettura privata,In marcia / fermata / arresto,Conducente,M,Illeso,0,,,
3976074,13,05/09/2018 17:30:00,Strada Urbana,VIA DI CASTEL FUSANO,da specificare,,,,alt. Via Dei Pescatori, con dir. Villa Di Plinio,Tamponamento,Rettilineo,Una carreggiata a doppio senso,Asciutto,Asfaltata,Verticale ed orizzontale,Sereno,Normale,Buona,Ore Diurne,0,0,0,2,12.3131,41.7332,-1,2,Autovettura privata,In marcia / fermata / arresto,Conducente,F,Illeso,0,,,
3976103,13,05/09/2018 08:20:00,Strada Urbana,VIA DI TOR BOACCIANA,da specificare,,,,m 20 prima svolta per fiumicino,Scontro laterale fra veicoli in marcia,Rettilineo,Una carreggiata a senso unico di marcia,Asciutto,Asfaltata,Verticale ed orizzontale,Sereno,Normale,Buona,Ore Diurne,0,0,0,1,12.2788,41.7533,-1,2,Autovettura privata,In marcia / fermata / arresto,Conducente,F,Illeso,0,,Non accertato,Inesploso,
3976249,7,06/09/2018 11:30:00,Strada Urbana,VIA DEI GELSI,all'intersezione con,VIA DELLE GASTERIE,VIA DELLE GASTERIE,,,Tamponamento,Incrocio,Due carreggiate,Asciutto,Asfaltata,Orizzontale,Sereno,Scarso,Buona,Ore Diurne,0,0,0,2,12.5685,41.8891,-1,1,Autovettura privata,In marcia / fermata / arresto,Conducente,M,Illeso,0,,Non accertato,Inesploso,
3976249,7,06/09/2018 11:30:00,Strada Urbana,VIA DEI GELSI,all'intersezione con,VIA DELLE GASTERIE,VIA DELLE GASTERIE,,,Tamponamento,Incrocio,Due carreggiate,Asciutto,Asfaltata,Orizzontale,Sereno,Scarso,Buona,Ore Diurne,0,0,0,2,12.5685,41.8891,-1,2,Autovettura privata,In marcia / fermata / arresto,Conducente,M,Illeso,0,,Non accertato,Inesploso,
3976316,9,06/09/2018 11:30:00,Strada Urbana,VIA TUSCOLANA,da specificare,,,,altezza VIA ROCCA DI PAPA,Scontro laterale fra veicoli in marcia,Rettilineo,Due carreggiate,Asciutto,Asfaltata,Verticale ed orizzontale,Sereno,Normale,Buona,Ore Diurne,0,0,0,3,12.5359,41.8703,-1,1,Autovettura di polizia,In marcia / fermata / arresto,Conducente,M,Illeso,0,,Non accertato,Inesploso,
3976316,9,06/09/2018 11:30:00,Strada Urbana,VIA TUSCOLANA,da specificare,,,,altezza VIA ROCCA DI PAPA,Scontro laterale fra veicoli in marcia,Rettilineo,Due carreggiate,Asciutto,Asfaltata,Verticale ed orizzontale,Sereno,Normale,Buona,Ore Diurne,0,0,0,3,12.5359,41.8703,-1,1,Autovettura di polizia,In marcia / fermata / arresto,Passeggero,M,Illeso,0,,Non accertato,Inesploso,
3976316,9,06/09/2018 11:30:00,Strada Urbana,VIA TUSCOLANA,da specificare,,,,altezza VIA ROCCA DI PAPA,Scontro laterale fra veicoli in marcia,Rettilineo,Due carreggiate,Asciutto,Asfaltata,Verticale ed orizzontale,Sereno,Normale,Buona,Ore Diurne,0,0,0,3,12.5359,41.8703,-1,2,Autovettura privata,In marcia / fermata / arresto,Conducente,F,Illeso,0,,Non accertato,Inesploso,
3976358,18,06/09/2018 10:10:00,Strada Urbana,VIA S. SECONDA,in corrispondenza,,del civico n.,16D,,Investimento di pedone,Rettilineo,Una carreggiata a doppio senso,Asciutto,Asfaltata,Verticale ed orizzontale,Sereno,Normale,Buona,Ore Diurne,1,0,0,1,12.3678,41.9177,0,,,,Pedone,F,Ricoverato,0,NON DECEDUTO,,,
3976358,18,06/09/2018 10:10:00,Strada Urbana,VIA S. SECONDA,in corrispondenza,,del civico n.,16D,,Investimento di pedone,Rettilineo,Una carreggiata a doppio senso,Asciutto,Asfaltata,Verticale ed orizzontale,Sereno,Normale,Buona,Ore Diurne,1,0,0,1,12.3678,41.9177,0,1,Autovettura privata,In marcia / fermata / arresto,Conducente,M,Illeso,0,,,,
3976462,18,05/09/2018 10:15:00,Strada Urbana,VIA MARTINO V,all'intersezione con,VIA PIO IX,VIA PIO IX,,,Scontro frontale/laterale DX fra veicoli in marcia,Intersezione stradale segnalata,Una carreggiata a senso unico di marcia,Asciutto,Asfaltata,Verticale ed orizzontale,Sereno,Normale,Buona,Ore Diurne,1,0,0,3,12.4218,41.9054,-1,1,Autovettura privata,In marcia / fermata / arresto,Conducente,F,Illeso,0,,Non accertato,Inesploso,
3976462,18,05/09/2018 10:15:00,Strada Urbana,VIA MARTINO V,all'intersezione con,VIA PIO IX,VIA PIO IX,,,Scontro frontale/laterale DX fra veicoli in marcia,Intersezione stradale segnalata,Una carreggiata a senso unico di marcia,Asciutto,Asfaltata,Verticale ed orizzontale,Sereno,Normale,Buona,Ore Diurne,1,0,0,3,12.4218,41.9054,-1,1,Autovettura privata,In marcia / fermata / arresto,Passeggero,F,Rifiuta cure immediate,0,NON DECEDUTO,Non accertato,Inesploso,
3976462,18,05/09/2018 10:15:00,Strada Urbana,VIA MARTINO V,all'intersezione con,VIA PIO IX,VIA PIO IX,,,Scontro frontale/laterale DX fra veicoli in marcia,Intersezione stradale segnalata,Una carreggiata a senso unico di marcia,Asciutto,Asfaltata,Verticale ed orizzontale,Sereno,Normale,Buona,Ore Diurne,1,0,0,3,12.4218,41.9054,-1,2,Autovettura privata,In marcia / fermata / arresto,Conducente,M,Illeso,0,,Non accertato,Inesploso,
3976462,18,05/09/2018 10:15:00,Strada Urbana,VIA MARTINO V,all'intersezione con,VIA PIO IX,VIA PIO IX,,,Scontro frontale/laterale DX fra veicoli in marcia,Intersezione stradale segnalata,Una carreggiata a senso unico di marcia,Asciutto,Asfaltata,Verticale ed orizzontale,Sereno,Normale,Buona,Ore Diurne,1,0,0,3,12.4218,41.9054,-1,2,Autovettura privata,In marcia / fermata / arresto,Passeggero,F,Illeso,0,,Non accertato,Inesploso,
3976547,18,05/09/2018 18:10:00,Strada Urbana,VIA DELLA STAZIONE VATICANA,in prossimit�,,del civico n.,1,,Scontro frontale fra veicoli in marcia,Rettilineo,Una carreggiata a doppio senso,Asciutto,Asfaltata,Verticale ed orizzontale,Sereno,Scarso,Buona,Ore Diurne,1,0,0,2,12.4533,41.9002,-1,1,Autovettura privata,In marcia / fermata / arresto,Conducente,M,Illeso,0,,Non accertato,Inesploso,
3976547,18,05/09/2018 18:10:00,Strada Urbana,VIA DELLA STAZIONE VATICANA,in prossimit�,,del civico n.,1,,Scontro frontale fra veicoli in marcia,Rettilineo,Una carreggiata a doppio senso,Asciutto,Asfaltata,Verticale ed orizzontale,Sereno,Scarso,Buona,Ore Diurne,1,0,0,2,12.4533,41.9002,-1,2,Autovettura privata,In marcia / fermata / arresto,Conducente,M,Illeso,0,,Non accertato,Inesploso,
3976547,18,05/09/2018 18:10:00,Strada Urbana,VIA DELLA STAZIONE VATICANA,in prossimit�,,del civico n.,1,,Scontro frontale fra veicoli in marcia,Rettilineo,Una carreggiata a doppio senso,Asciutto,Asfaltata,Verticale ed orizzontale,Sereno,Scarso,Buona,Ore Diurne,1,0,0,2,12.4533,41.9002,-1,2,Autovettura privata,In marcia / fermata / arresto,Passeggero,F,Rifiuta cure immediate,0,NON DECEDUTO,Non accertato,Inesploso,
3976571,18,05/09/2018 20:35:00,Strada Urbana,PIAZZA S. GIOVANNI BATTISTA DE LA SALLE,all'intersezione semaforizzata con,VIA AURELIA,VIA AURELIA,,,Scontro laterale fra veicoli in marcia,Intersezione semaforizzata,Pi� di due carreggiate,Asciutto,Asfaltata,Verticale ed orizzontale,Sereno,Normale,Buona,Sufficiente,0,0,0,4,12.4275,41.8984,-1,1,Autovettura privata,In marcia / fermata / arresto,Conducente,F,Illeso,0,,,,
3976571,18,05/09/2018 20:35:00,Strada Urbana,PIAZZA S. GIOVANNI BATTISTA DE LA SALLE,all'intersezione semaforizzata con,VIA AURELIA,VIA AURELIA,,,Scontro laterale fra veicoli in marcia,Intersezione semaforizzata,Pi� di due carreggiate,Asciutto,Asfaltata,Verticale ed orizzontale,Sereno,Normale,Buona,Sufficiente,0,0,0,4,12.4275,41.8984,-1,1,Autovettura privata,In marcia / fermata / arresto,Passeggero,F,Illeso,0,,,,
3976571,18,05/09/2018 20:35:00,Strada Urbana,PIAZZA S. GIOVANNI BATTISTA DE LA SALLE,all'intersezione semaforizzata con,VIA AURELIA,VIA AURELIA,,,Scontro laterale fra veicoli in marcia,Intersezione semaforizzata,Pi� di due carreggiate,Asciutto,Asfaltata,Verticale ed orizzontale,Sereno,Normale,Buona,Sufficiente,0,0,0,4,12.4275,41.8984,-1,2,Autovettura privata,In marcia / fermata / arresto,Conducente,M,Illeso,0,,,,
3976571,18,05/09/2018 20:35:00,Strada Urbana,PIAZZA S. GIOVANNI BATTISTA DE LA SALLE,all'intersezione semaforizzata con,VIA AURELIA,VIA AURELIA,,,Scontro laterale fra veicoli in marcia,Intersezione semaforizzata,Pi� di due carreggiate,Asciutto,Asfaltata,Verticale ed orizzontale,Sereno,Normale,Buona,Sufficiente,0,0,0,4,12.4275,41.8984,-1,2,Autovettura privata,In marcia / fermata / arresto,Passeggero,F,Illeso,0,,,,
3976607,18,06/09/2018 11:40:00,Strada Urbana,VIA DELLA MAGLIANELLA,all'intersezione con,VIA RISERVA DELLA TORRETTA,VIA RISERVA DELLA TORRETTA,,,Scontro frontale fra veicoli in marcia,Incrocio,Pi� di due carreggiate,Asciutto,Asfaltata,Verticale ed orizzontale,Sereno,Normale,Buona,Ore Diurne,2,0,0,0,12.3787,41.9013,-1,1,Autovettura privata,In marcia / fermata / arresto,Conducente,M,Rimandato,0,NON DECEDUTO,,,
3976607,18,06/09/2018 11:40:00,Strada Urbana,VIA DELLA MAGLIANELLA,all'intersezione con,VIA RISERVA DELLA TORRETTA,VIA RISERVA DELLA TORRETTA,,,Scontro frontale fra veicoli in marcia,Incrocio,Pi� di due carreggiate,Asciutto,Asfaltata,Verticale ed orizzontale,Sereno,Normale,Buona,Ore Diurne,2,0,0,0,12.3787,41.9013,-1,2,Autovettura privata,In marcia / fermata / arresto,Conducente,F,Rimandato,0,NON DECEDUTO,,,
3976623,10,06/09/2018 05:55:00,Strada Urbana,VIA APPIA PIGNATELLI,all'intersezione semaforizzata con,VIA ERODE ATTICO,VIA ERODE ATTICO,,,Scontro frontale/laterale DX fra veicoli in marcia,Intersezione semaforizzata,Una carreggiata a doppio senso,Asciutto,Asfaltata,Verticale ed orizzontale,Sereno,Scarso,Buona,Sufficiente,3,0,0,0,12.5358,41.8461,-1,1,Autovettura privata,In marcia / fermata / arresto,Conducente,M,Rimandato,0,NON DECEDUTO,Non accertato,Inesploso,
3976623,10,06/09/2018 05:55:00,Strada Urbana,VIA APPIA PIGNATELLI,all'intersezione semaforizzata con,VIA ERODE ATTICO,VIA ERODE ATTICO,,,Scontro frontale/laterale DX fra veicoli in marcia,Intersezione semaforizzata,Una carreggiata a doppio senso,Asciutto,Asfaltata,Verticale ed orizzontale,Sereno,Scarso,Buona,Sufficiente,3,0,0,0,12.5358,41.8461,-1,1,Autovettura privata,In marcia / fermata / arresto,Passeggero,F,Rimandato,0,NON DECEDUTO,Non accertato,Inesploso,
3976623,10,06/09/2018 05:55:00,Strada Urbana,VIA APPIA PIGNATELLI,all'intersezione semaforizzata con,VIA ERODE ATTICO,VIA ERODE ATTICO,,,Scontro frontale/laterale DX fra veicoli in marcia,Intersezione semaforizzata,Una carreggiata a doppio senso,Asciutto,Asfaltata,Verticale ed orizzontale,Sereno,Scarso,Buona,Sufficiente,3,0,0,0,12.5358,41.8461,-1,2,Autovettura privata,In marcia / fermata / arresto,Conducente,M,Rimandato,0,NON DECEDUTO,Non accertato,Inesploso,
3976637,13,06/09/2018 09:30:00,Strada Urbana,VIA DI ACILIA,all'intersezione con,VIA POSIDIPPO,VIA POSIDIPPO,,,Scontro frontale/laterale DX fra veicoli in marcia,Incrocio,Una carreggiata a doppio senso,Asciutto,Asfaltata,Verticale ed orizzontale,Sereno,Normale,Buona,Ore Diurne,1,0,0,3,12.3714,41.7737,-1,1,Autovettura privata,In marcia / fermata / arresto,Conducente,M,Illeso,0,,,,
3976637,13,06/09/2018 09:30:00,Strada Urbana,VIA DI ACILIA,all'intersezione con,VIA POSIDIPPO,VIA POSIDIPPO,,,Scontro frontale/laterale DX fra veicoli in marcia,Incrocio,Una carreggiata a doppio senso,Asciutto,Asfaltata,Verticale ed orizzontale,Sereno,Normale,Buona,Ore Diurne,1,0,0,3,12.3714,41.7737,-1,1,Autovettura privata,In marcia / fermata / arresto,Passeggero,F,Illeso,0,,,,
3976637,13,06/09/2018 09:30:00,Strada Urbana,VIA DI ACILIA,all'intersezione con,VIA POSIDIPPO,VIA POSIDIPPO,,,Scontro frontale/laterale DX fra veicoli in marcia,Incrocio,Una carreggiata a doppio senso,Asciutto,Asfaltata,Verticale ed orizzontale,Sereno,Normale,Buona,Ore Diurne,1,0,0,3,12.3714,41.7737,-1,2,Autovettura privata,In marcia / fermata / arresto,Conducente,F,Rimandato,0,NON DECEDUTO,,,
3976637,13,06/09/2018 09:30:00,Strada Urbana,VIA DI ACILIA,all'intersezione con,VIA POSIDIPPO,VIA POSIDIPPO,,,Scontro frontale/laterale DX fra veicoli in marcia,Incrocio,Una carreggiata a doppio senso,Asciutto,Asfaltata,Verticale ed orizzontale,Sereno,Normale,Buona,Ore Diurne,1,0,0,3,12.3714,41.7737,-1,3,Autovettura privata,In marcia / fermata / arresto,Conducente,M,Illeso,0,,,,
3976661,13,06/09/2018 12:05:00,Strada Urbana,VIA DI ACILIA,all'intersezione con,VIA DI PRATO CORNELIO,VIA DI PRATO CORNELIO,,,Scontro frontale/laterale DX fra veicoli in marcia,Incrocio,Una carreggiata a doppio senso,Asciutto,Asfaltata,Verticale ed orizzontale,Sereno,Normale,Buona,Ore Diurne,0,0,0,2,12.3714,41.7737,-1,1,Autocarro inferiore 35 q.,In marcia / fermata / arresto,Conducente,M,Illeso,0,,,,
3976661,13,06/09/2018 12:05:00,Strada Urbana,VIA DI ACILIA,all'intersezione con,VIA DI PRATO CORNELIO,VIA DI PRATO CORNELIO,,,Scontro frontale/laterale DX fra veicoli in marcia,Incrocio,Una carreggiata a doppio senso,Asciutto,Asfaltata,Verticale ed orizzontale,Sereno,Normale,Buona,Ore Diurne,0,0,0,2,12.3714,41.7737,-1,2,Autovettura privata,In marcia / fermata / arresto,Conducente,M,Illeso,0,,,,
3976709,23,05/09/2018 05:45:00,Strada Urbana,VIA CRISTOFORO COLOMBO,all'intersezione semaforizzata con,VIA DEL CANALE DELLA LINGUA,VIA DEL CANALE DELLA LINGUA,,,Scontro frontale/laterale DX fra veicoli in marcia,Intersezione semaforizzata,Pi� di due carreggiate,Asciutto,Asfaltata,Verticale ed orizzontale,Sereno,Normale,Buona,Ore Diurne,0,0,0,3,12.3457,41.7364,-1,1,Autovettura privata,In marcia / fermata / arresto,Conducente,F,Illeso,0,,Non accertato,Inesploso,