Protocollo,Gruppo,DataOraIncidente,Localizzazione1,STRADA1,Localizzazione2,STRADA2,Strada02,Chilometrica,DaSpecificare,NaturaIncidente,particolaritastrade,TipoStrada,FondoStradale,Pavimentazione,Segnaletica,CondizioneAtmosferica,Traffico,Visibilita,Illuminazione,NUM_FERITI,NUM_RISERVATA,NUM_MORTI,NUM_ILLESI,Longitudine,Latitudine,Confermato,Progressivo,TipoVeicolo,StatoVeicolo,TipoPersona,Sesso,Tipolesione,Deceduto,DecedutoDopo,CinturaCascoUtilizzato,Airbag,
3976709,23,05/09/2018 05:45:00,Strada Urbana,VIA CRISTOFORO COLOMBO,all'intersezione semaforizzata con,VIA DEL CANALE DELLA LINGUA,VIA DEL CANALE DELLA LINGUA,,,Scontro frontale/laterale DX fra veicoli in marcia,Intersezione semaforizzata,Pi� di due carreggiate,Asciutto,Asfaltata,Verticale ed orizzontale,Sereno,Normale,Buona,Ore Diurne,0,0,0,3,12.3457,41.7364,-1,2,Autovettura privata,In marcia / fermata / arresto,Conducente,M,Illeso,0,,Utilizzato,Esploso,
3976709,23,05/09/2018 05:45:00,Strada Urbana,VIA CRISTOFORO COLOMBO,all'intersezione semaforizzata con,VIA DEL CANALE DELLA LINGUA,VIA DEL CANALE DELLA LINGUA,,,Scontro frontale/laterale DX fra veicoli in marcia,Intersezione semaforizzata,Pi� di due carreggiate,Asciutto,Asfaltata,Verticale ed orizzontale,Sereno,Normale,Buona,Ore Diurne,0,0,0,3,12.3457,41.7364,-1,2,Autovettura privata,In marcia / fermata / arresto,Passeggero,M,Illeso,0,,Utilizzato,Esploso,
3976716,2,06/09/2018 14:20:00,Strada Urbana,VIA CASPERIA,in prossimit�,,del civico n.,18,,Veicolo in marcia contro veicolo arresto,Rettilineo,Una carreggiata a senso unico di marcia,Asciutto,Asfaltata,Verticale ed orizzontale,Sereno,Scarso,Buona,Ore Diurne,0,0,0,2,12.5154,41.9313,-1,1,Autovettura privata,In marcia / fermata / arresto,Conducente,F,Illeso,0,,Non accertato,Inesploso,
3976716,2,06/09/2018 14:20:00,Strada Urbana,VIA CASPERIA,in prossimit�,,del civico n.,18,,Veicolo in marcia contro veicolo arresto,Rettilineo,Una carreggiata a senso unico di marcia,Asciutto,Asfaltata,Verticale ed orizzontale,Sereno,Scarso,Buona,Ore Diurne,0,0,0,2,12.5154,41.9313,-1,2,Autovettura privata,In marcia / fermata / arresto,Conducente,M,Illeso,0,,Non accertato,Inesploso,
3976718,12,06/09/2018 17:50:00,Strada Urbana,VIALE DELL'ARTE,all'intersezione con,VIALE DELLA CIVILTA' ROMANA,VIALE DELLA CIVILTA' ROMANA,,,Scontro frontale/laterale SX fra veicoli in marcia,Incrocio,Una carreggiata a doppio senso,Asciutto,Asfaltata,Verticale ed orizzontale,Sereno,Normale,Buona,Ore Diurne,1,0,0,2,12.4756,41.832,-1,1,Motociclo a solo,In marcia / fermata / arresto,Conducente,M,Ricoverato,0,NON DECEDUTO,Utilizzato,,
3976718,12,06/09/2018 17:50:00,Strada Urbana,VIALE DELL'ARTE,all'intersezione con,VIALE DELLA CIVILTA' ROMANA,VIALE DELLA CIVILTA' ROMANA,,,Scontro frontale/laterale SX fra veicoli in marcia,Incrocio,Una carreggiata a doppio senso,Asciutto,Asfaltata,Verticale ed orizzontale,Sereno,Normale,Buona,Ore Diurne,1,0,0,2,12.4756,41.832,-1,2,Autovettura privata,In marcia / fermata / arresto,Conducente,F,Illeso,0,,Utilizzato,Inesploso,
3976718,12,06/09/2018 17:50:00,Strada Urbana,VIALE DELL'ARTE,all'intersezione con,VIALE DELLA CIVILTA' ROMANA,VIALE DELLA CIVILTA' ROMANA,,,Scontro frontale/laterale SX fra veicoli in marcia,Incrocio,Una carreggiata a doppio senso,Asciutto,Asfaltata,Verticale ed orizzontale,Sereno,Normale,Buona,Ore Diurne,1,0,0,2,12.4756,41.832,-1,2,Autovettura privata,In marcia / fermata / arresto,Passeggero,F,Illeso,0,,Utilizzato,Inesploso,
3976722,2,06/09/2018 16:50:00,Strada Urbana,VIA GUALTIERO CASTELLINI,da specificare,,,,fronte civico 28,Veicolo in marcia contro veicolo in sosta,Rettilineo,Una carreggiata a doppio senso,Asciutto,Asfaltata,Verticale ed orizzontale,Sereno,Normale,Buona,Ore Diurne,0,0,0,1,12.4898,41.9267,-1,1,Autovettura privata,In marcia / fermata / arresto,Conducente,M,Illeso,0,,Non accertato,Inesploso,
3976739,12,06/09/2018 14:15:00,Strada Urbana,VIA CRISTOFORO COLOMBO,in prossimit�,,del palo luce n.,592,,Tamponamento,Rettilineo,Due carreggiate,Asciutto,Asfaltata,Orizzontale,Sereno,Normale,Buona,Ore Diurne,0,0,0,2,12.4634,41.8195,-1,1,Autovettura privata,In marcia / fermata / arresto,Conducente,F,Illeso,0,,Utilizzato,Inesploso,
3976739,12,06/09/2018 14:15:00,Strada Urbana,VIA CRISTOFORO COLOMBO,in prossimit�,,del palo luce n.,592,,Tamponamento,Rettilineo,Due carreggiate,Asciutto,Asfaltata,Orizzontale,Sereno,Normale,Buona,Ore Diurne,0,0,0,2,12.4634,41.8195,-1,2,Autovettura privata,In marcia / fermata / arresto,Conducente,F,Illeso,0,,Utilizzato,Inesploso,
3976757,12,06/09/2018 16:25:00,Strada Urbana,VIA DELLE TRE FONTANE,all'intersezione semaforizzata con,VIALE DEL PATTINAGGIO,VIALE DEL PATTINAGGIO,,,Scontro frontale/laterale DX fra veicoli in marcia,Intersezione semaforizzata,Una carreggiata a doppio senso,Asciutto,Asfaltata,Verticale ed orizzontale,Sereno,Normale,Buona,Ore Diurne,0,0,0,3,12.4728,41.8396,-1,1,Autovettura privata,In marcia / fermata / arresto,Conducente,M,Illeso,0,,Utilizzato,Esploso,
3976757,12,06/09/2018 16:25:00,Strada Urbana,VIA DELLE TRE FONTANE,all'intersezione semaforizzata con,VIALE DEL PATTINAGGIO,VIALE DEL PATTINAGGIO,,,Scontro frontale/laterale DX fra veicoli in marcia,Intersezione semaforizzata,Una carreggiata a doppio senso,Asciutto,Asfaltata,Verticale ed orizzontale,Sereno,Normale,Buona,Ore Diurne,0,0,0,3,12.4728,41.8396,-1,2,Autoambulanza,In marcia / fermata / arresto,Conducente,F,Illeso,0,,Esente,Inesploso,
3976757,12,06/09/2018 16:25:00,Strada Urbana,VIA DELLE TRE FONTANE,all'intersezione semaforizzata con,VIALE DEL PATTINAGGIO,VIALE DEL PATTINAGGIO,,,Scontro frontale/laterale DX fra veicoli in marcia,Intersezione semaforizzata,Una carreggiata a doppio senso,Asciutto,Asfaltata,Verticale ed orizzontale,Sereno,Normale,Buona,Ore Diurne,0,0,0,3,12.4728,41.8396,-1,2,Autoambulanza,In marcia / fermata / arresto,Passeggero,F,Illeso,0,,Non accertato,Inesploso,
3976763,15,06/09/2018 15:00:00,Strada Urbana,VIA FABBRICHE DI VALLICO,in corrispondenza,,del civico n.,20/A,,Veicolo in marcia contro ostacolo accidentale,Curva a visuale libera,Una carreggiata a doppio senso,Asciutto,Strada pavimentata dissestata,Assente,Sereno,Scarso,Buona,Ore Diurne,0,0,0,1,12.4329,41.8312,-1,1,Autovettura privata,In marcia / fermata / arresto,Conducente,M,Illeso,0,,Non accertato,Inesploso,
3977154,11,06/09/2018 18:10:00,Strada Urbana,VIA GASPARE GOZZI,da specificare,,,,altezza palo Acea n. 16,Scontro frontale/laterale SX fra veicoli in marcia,Rettilineo,Una carreggiata a doppio senso,Asciutto,Asfaltata,Verticale ed orizzontale,Sereno,Normale,Buona,Ore Diurne,1,0,0,1,12.4783,41.8542,-1,1,Motociclo a solo,In marcia / fermata / arresto,Conducente,M,Rifiuta cure immediate,0,NON DECEDUTO,,,
3977154,11,06/09/2018 18:10:00,Strada Urbana,VIA GASPARE GOZZI,da specificare,,,,altezza palo Acea n. 16,Scontro frontale/laterale SX fra veicoli in marcia,Rettilineo,Una carreggiata a doppio senso,Asciutto,Asfaltata,Verticale ed orizzontale,Sereno,Normale,Buona,Ore Diurne,1,0,0,1,12.4783,41.8542,-1,2,Autovettura privata,In marcia / fermata / arresto,Conducente,F,Illeso,0,,,,
3977162,11,06/09/2018 10:10:00,Strada Urbana,VIALE GUGLIELMO MARCONI,da specificare,,,,altezza l.go Maestri del Lavoro,Scontro laterale fra veicoli in marcia,Rettilineo,Una carreggiata a senso unico di marcia,Asciutto,Asfaltata,Verticale ed orizzontale,Sereno,Normale,Buona,Ore Diurne,0,0,0,4,12.4744,41.8492,-1,1,Autovettura privata,In marcia / fermata / arresto,Conducente,F,Illeso,0,,Non accertato,,
3977162,11,06/09/2018 10:10:00,Strada Urbana,VIALE GUGLIELMO MARCONI,da specificare,,,,altezza l.go Maestri del Lavoro,Scontro laterale fra veicoli in marcia,Rettilineo,Una carreggiata a senso unico di marcia,Asciutto,Asfaltata,Verticale ed orizzontale,Sereno,Normale,Buona,Ore Diurne,0,0,0,4,12.4744,41.8492,-1,1,Autovettura privata,In marcia / fermata / arresto,Passeggero,F,Illeso,0,,Non accertato,,
3977162,11,06/09/2018 10:10:00,Strada Urbana,VIALE GUGLIELMO MARCONI,da specificare,,,,altezza l.go Maestri del Lavoro,Scontro laterale fra veicoli in marcia,Rettilineo,Una carreggiata a senso unico di marcia,Asciutto,Asfaltata,Verticale ed orizzontale,Sereno,Normale,Buona,Ore Diurne,0,0,0,4,12.4744,41.8492,-1,1,Autovettura privata,In marcia / fermata / arresto,Passeggero,M,Illeso,0,,Non accertato,,
3977162,11,06/09/2018 10:10:00,Strada Urbana,VIALE GUGLIELMO MARCONI,da specificare,,,,altezza l.go Maestri del Lavoro,Scontro laterale fra veicoli in marcia,Rettilineo,Una carreggiata a senso unico di marcia,Asciutto,Asfaltata,Verticale ed orizzontale,Sereno,Normale,Buona,Ore Diurne,0,0,0,4,12.4744,41.8492,-1,2,Autovettura privata,In marcia / fermata / arresto,Conducente,F,Illeso,0,,Non accertato,,
3977166,11,06/09/2018 19:30:00,Strada Urbana,VIA DEL PORTO FLUVIALE,da specificare,,,,prossimit� via Ostiense,Scontro laterale fra veicoli in marcia,Rettilineo,Una carreggiata a doppio senso,Asciutto,Asfaltata,Verticale ed orizzontale,Sereno,Normale,Buona,Ore Diurne,0,0,0,5,12.4797,41.8724,-1,1,Autovettura privata,In marcia / fermata / arresto,Conducente,M,Illeso,0,,Non accertato,,
3977166,11,06/09/2018 19:30:00,Strada Urbana,VIA DEL PORTO FLUVIALE,da specificare,,,,prossimit� via Ostiense,Scontro laterale fra veicoli in marcia,Rettilineo,Una carreggiata a doppio senso,Asciutto,Asfaltata,Verticale ed orizzontale,Sereno,Normale,Buona,Ore Diurne,0,0,0,5,12.4797,41.8724,-1,1,Autovettura privata,In marcia / fermata / arresto,Passeggero,F,Illeso,0,,Non accertato,,
3977166,11,06/09/2018 19:30:00,Strada Urbana,VIA DEL PORTO FLUVIALE,da specificare,,,,prossimit� via Ostiense,Scontro laterale fra veicoli in marcia,Rettilineo,Una carreggiata a doppio senso,Asciutto,Asfaltata,Verticale ed orizzontale,Sereno,Normale,Buona,Ore Diurne,0,0,0,5,12.4797,41.8724,-1,1,Autovettura privata,In marcia / fermata / arresto,Passeggero,M,Illeso,0,,Non accertato,,
3977166,11,06/09/2018 19:30:00,Strada Urbana,VIA DEL PORTO FLUVIALE,da specificare,,,,prossimit� via Ostiense,Scontro laterale fra veicoli in marcia,Rettilineo,Una carreggiata a doppio senso,Asciutto,Asfaltata,Verticale ed orizzontale,Sereno,Normale,Buona,Ore Diurne,0,0,0,5,12.4797,41.8724,-1,1,Autovettura privata,In marcia / fermata / arresto,Passeggero,F,Illeso,0,,Non accertato,,
3977166,11,06/09/2018 19:30:00,Strada Urbana,VIA DEL PORTO FLUVIALE,da specificare,,,,prossimit� via Ostiense,Scontro laterale fra veicoli in marcia,Rettilineo,Una carreggiata a doppio senso,Asciutto,Asfaltata,Verticale ed orizzontale,Sereno,Normale,Buona,Ore Diurne,0,0,0,5,12.4797,41.8724,-1,2,Motociclo a solo,In marcia / fermata / arresto,Conducente,M,Illeso,0,,Non accertato,,
3977169,10,06/09/2018 07:50:00,Strada Urbana,VIA TUSCOLANA,da specificare,,,,altezza V. GIUDICE,Scontro laterale fra veicoli in marcia,Rettilineo,Una carreggiata a senso unico di marcia,Asciutto,Asfaltata,Verticale ed orizzontale,Sereno,Normale,Buona,Ore Diurne,0,0,0,2,12.5867,41.8413,-1,1,Autovettura privata,In marcia / fermata / arresto,Conducente,M,Illeso,0,,Non accertato,Inesploso,
3977169,10,06/09/2018 07:50:00,Strada Urbana,VIA TUSCOLANA,da specificare,,,,altezza V. GIUDICE,Scontro laterale fra veicoli in marcia,Rettilineo,Una carreggiata a senso unico di marcia,Asciutto,Asfaltata,Verticale ed orizzontale,Sereno,Normale,Buona,Ore Diurne,0,0,0,2,12.5867,41.8413,-1,2,Autovettura privata,In marcia / fermata / arresto,Conducente,F,Illeso,0,,Non accertato,Inesploso,
3977175,20,06/09/2018 18:00:00,Regionale,VIA FLAMINIA,da specificare,,,,direzione Terni prossimit� uscita Grottarossa,Tamponamento Multiplo,Rettilineo,Due carreggiate,Asciutto,Asfaltata,Verticale ed orizzontale,Sereno,Normale,Buona,Ore Diurne,0,0,0,5,12.4718,41.9419,-1,1,Autocarro inferiore 35 q.,In marcia / fermata / arresto,Conducente,M,Illeso,0,,Non accertato,,
3977175,20,06/09/2018 18:00:00,Regionale,VIA FLAMINIA,da specificare,,,,direzione Terni prossimit� uscita Grottarossa,Tamponamento Multiplo,Rettilineo,Due carreggiate,Asciutto,Asfaltata,Verticale ed orizzontale,Sereno,Normale,Buona,Ore Diurne,0,0,0,5,12.4718,41.9419,-1,2,Autovettura privata,In marcia / fermata / arresto,Conducente,F,Illeso,0,,Non accertato,,
3977175,20,06/09/2018 18:00:00,Regionale,VIA FLAMINIA,da specificare,,,,direzione Terni prossimit� uscita Grottarossa,Tamponamento Multiplo,Rettilineo,Due carreggiate,Asciutto,Asfaltata,Verticale ed orizzontale,Sereno,Normale,Buona,Ore Diurne,0,0,0,5,12.4718,41.9419,-1,2,Autovettura privata,In marcia / fermata / arresto,Passeggero,F,Illeso,0,,Non accertato,,
3977175,20,06/09/2018 18:00:00,Regionale,VIA FLAMINIA,da specificare,,,,direzione Terni prossimit� uscita Grottarossa,Tamponamento Multiplo,Rettilineo,Due carreggiate,Asciutto,Asfaltata,Verticale ed orizzontale,Sereno,Normale,Buona,Ore Diurne,0,0,0,5,12.4718,41.9419,-1,2,Autovettura privata,In marcia / fermata / arresto,Passeggero,M,Illeso,0,,Non accertato,,
3977175,20,06/09/2018 18:00:00,Regionale,VIA FLAMINIA,da specificare,,,,direzione Terni prossimit� uscita Grottarossa,Tamponamento Multiplo,Rettilineo,Due carreggiate,Asciutto,Asfaltata,Verticale ed orizzontale,Sereno,Normale,Buona,Ore Diurne,0,0,0,5,12.4718,41.9419,-1,3,Autovettura privata,In marcia / fermata / arresto,Conducente,M,Illeso,0,,Non accertato,,
3977176,20,06/09/2018 16:20:00,Strada Urbana,VIALE DI TOR DI QUINTO,in corrispondenza,,del civico n.,35,,Tamponamento Multiplo,Rettilineo,Una carreggiata a doppio senso,Asciutto,Asfaltata,Verticale ed orizzontale,Sereno,Normale,Buona,Ore Diurne,4,0,0,4,12.4691,41.9374,-1,1,Autovettura privata,In marcia / fermata / arresto,Conducente,M,Illeso,0,,Non accertato,Inesploso,
3977176,20,06/09/2018 16:20:00,Strada Urbana,VIALE DI TOR DI QUINTO,in corrispondenza,,del civico n.,35,,Tamponamento Multiplo,Rettilineo,Una carreggiata a doppio senso,Asciutto,Asfaltata,Verticale ed orizzontale,Sereno,Normale,Buona,Ore Diurne,4,0,0,4,12.4691,41.9374,-1,1,Autovettura privata,In marcia / fermata / arresto,Passeggero,F,Illeso,0,,Non accertato,Inesploso,
3977176,20,06/09/2018 16:20:00,Strada Urbana,VIALE DI TOR DI QUINTO,in corrispondenza,,del civico n.,35,,Tamponamento Multiplo,Rettilineo,Una carreggiata a doppio senso,Asciutto,Asfaltata,Verticale ed orizzontale,Sereno,Normale,Buona,Ore Diurne,4,0,0,4,12.4691,41.9374,-1,2,Autovettura privata,In marcia / fermata / arresto,Conducente,M,Rimandato,0,NON DECEDUTO,Non accertato,Inesploso,
3977176,20,06/09/2018 16:20:00,Strada Urbana,VIALE DI TOR DI QUINTO,in corrispondenza,,del civico n.,35,,Tamponamento Multiplo,Rettilineo,Una carreggiata a doppio senso,Asciutto,Asfaltata,Verticale ed orizzontale,Sereno,Normale,Buona,Ore Diurne,4,0,0,4,12.4691,41.9374,-1,2,Autovettura privata,In marcia / fermata / arresto,Passeggero,F,Rimandato,0,NON DECEDUTO,Non accertato,Inesploso,
3977176,20,06/09/2018 16:20:00,Strada Urbana,VIALE DI TOR DI QUINTO,in corrispondenza,,del civico n.,35,,Tamponamento Multiplo,Rettilineo,Una carreggiata a doppio senso,Asciutto,Asfaltata,Verticale ed orizzontale,Sereno,Normale,Buona,Ore Diurne,4,0,0,4,12.4691,41.9374,-1,2,Autovettura privata,In marcia / fermata / arresto,Passeggero,M,Illeso,0,,Non accertato,Inesploso,
3977176,20,06/09/2018 16:20:00,Strada Urbana,VIALE DI TOR DI QUINTO,in corrispondenza,,del civico n.,35,,Tamponamento Multiplo,Rettilineo,Una carreggiata a doppio senso,Asciutto,Asfaltata,Verticale ed orizzontale,Sereno,Normale,Buona,Ore Diurne,4,0,0,4,12.4691,41.9374,-1,2,Autovettura privata,In marcia / fermata / arresto,Passeggero,F,Rimandato,0,NON DECEDUTO,Non accertato,Inesploso,
3977176,20,06/09/2018 16:20:00,Strada Urbana,VIALE DI TOR DI QUINTO,in corrispondenza,,del civico n.,35,,Tamponamento Multiplo,Rettilineo,Una carreggiata a doppio senso,Asciutto,Asfaltata,Verticale ed orizzontale,Sereno,Normale,Buona,Ore Diurne,4,0,0,4,12.4691,41.9374,-1,2,Autovettura privata,In marcia / fermata / arresto,Passeggero,M,Rimandato,0,NON DECEDUTO,Non accertato,Inesploso,
3977176,20,06/09/2018 16:20:00,Strada Urbana,VIALE DI TOR DI QUINTO,in corrispondenza,,del civico n.,35,,Tamponamento Multiplo,Rettilineo,Una carreggiata a doppio senso,Asciutto,Asfaltata,Verticale ed orizzontale,Sereno,Normale,Buona,Ore Diurne,4,0,0,4,12.4691,41.9374,-1,3,Autovettura privata,In marcia / fermata / arresto,Conducente,M,Illeso,0,,Non accertato,Inesploso,
3977183,10,06/09/2018 08:55:00,Strada Urbana,VIA APPIA NUOVA,in prossimit�,,del civico n.,1007,,Scontro laterale fra veicoli in marcia,Rettilineo,Una carreggiata a doppio senso,Asciutto,Asfaltata,Verticale ed orizzontale,Sereno,Normale,Buona,Ore Diurne,0,0,0,2,12.5532,41.8342,-1,1,Autovettura privata,In marcia / fermata / arresto,Conducente,M,Illeso,0,,Non accertato,Inesploso,
3977183,10,06/09/2018 08:55:00,Strada Urbana,VIA APPIA NUOVA,in prossimit�,,del civico n.,1007,,Scontro laterale fra veicoli in marcia,Rettilineo,Una carreggiata a doppio senso,Asciutto,Asfaltata,Verticale ed orizzontale,Sereno,Normale,Buona,Ore Diurne,0,0,0,2,12.5532,41.8342,-1,2,Autovettura privata,In marcia / fermata / arresto,Conducente,F,Illeso,0,,Non accertato,Inesploso,
3977188,11,06/09/2018 16:30:00,Strada Urbana,VIA DI VIGNA MURATA,da specificare,,,,palo acea n. 10,Tamponamento,Rettilineo,Due carreggiate,Asciutto,Asfaltata,Verticale ed orizzontale,Nebbia,Normale,Buona,Ore Diurne,1,0,0,1,12.4911,41.8263,-1,1,Autovettura privata,In marcia / fermata / arresto,Conducente,M,Illeso,0,,,,
3977188,11,06/09/2018 16:30:00,Strada Urbana,VIA DI VIGNA MURATA,da specificare,,,,palo acea n. 10,Tamponamento,Rettilineo,Due carreggiate,Asciutto,Asfaltata,Verticale ed orizzontale,Nebbia,Normale,Buona,Ore Diurne,1,0,0,1,12.4911,41.8263,-1,2,Autovettura privata,In marcia / fermata / arresto,Conducente,F,Rimandato,0,NON DECEDUTO,,,
3977191,20,06/09/2018 11:34:00,Strada Urbana,VIA TENUTA PICCIRILLI,in prossimit�,,del civico n.,99,,Veicolo in marcia contro ostacolo fisso,Rettilineo,Una carreggiata a doppio senso,Asciutto,Asfaltata,Assente,Sereno,Scarso,Buona,Ore Diurne,0,0,0,2,12.5114,42.0185,-1,1,Autoarticolato,In marcia / fermata / arresto,Conducente,F,Illeso,0,,,,
3977191,20,06/09/2018 11:34:00,Strada Urbana,VIA TENUTA PICCIRILLI,in prossimit�,,del civico n.,99,,Veicolo in marcia contro ostacolo fisso,Rettilineo,Una carreggiata a doppio senso,Asciutto,Asfaltata,Assente,Sereno,Scarso,Buona,Ore Diurne,0,0,0,2,12.5114,42.0185,-1,2,Rimorchio,In marcia / fermata / arresto,Conducente,F,Illeso,0,,,,
3977195,8,06/09/2018 07:30:00,Strada Urbana,VIA CASILINA,in prossimit�,,del civico n.,1791,,Scontro frontale/laterale SX fra veicoli in marcia,Rettilineo,Una carreggiata a doppio senso,Asciutto,Asfaltata,Verticale ed orizzontale,Sereno,Normale,Buona,Ore Diurne,1,0,0,1,12.6811,41.8629,-1,1,Autovettura privata,In marcia / fermata / arresto,Conducente,M,Illeso,0,,Non accertato,Inesploso,
3977195,8,06/09/2018 07:30:00,Strada Urbana,VIA CASILINA,in prossimit�,,del civico n.,1791,,Scontro frontale/laterale SX fra veicoli in marcia,Rettilineo,Una carreggiata a doppio senso,Asciutto,Asfaltata,Verticale ed orizzontale,Sereno,Normale,Buona,Ore Diurne,1,0,0,1,12.6811,41.8629,-1,2,Velocipede,In marcia / fermata / arresto,Conducente,M,Rimandato,0,NON DECEDUTO,Esente,,
3977199,10,06/09/2018 11:40:00,Strada Urbana,VIALE LUIGI SCHIAVONETTI,all'intersezione con,VIA BIAGIO PETROCELLI,VIA BIAGIO PETROCELLI,,,Scontro laterale fra veicoli in marcia,Rotatoria,Una carreggiata a senso unico di marcia,Asciutto,Asfaltata,Verticale ed orizzontale,Sereno,Normale,Buona,Ore Diurne,0,0,0,3,12.6108,41.8447,-1,1,Autovettura privata,In marcia / fermata / arresto,Conducente,M,Illeso,0,,Non accertato,Inesploso,
3977199,10,06/09/2018 11:40:00,Strada Urbana,VIALE LUIGI SCHIAVONETTI,all'intersezione con,VIA BIAGIO PETROCELLI,VIA BIAGIO PETROCELLI,,,Scontro laterale fra veicoli in marcia,Rotatoria,Una carreggiata a senso unico di marcia,Asciutto,Asfaltata,Verticale ed orizzontale,Sereno,Normale,Buona,Ore Diurne,0,0,0,3,12.6108,41.8447,-1,1,Autovettura privata,In marcia / fermata / arresto,Passeggero,F,Illeso,0,,Non accertato,Inesploso,
3977199,10,06/09/2018 11:40:00,Strada Urbana,VIALE LUIGI SCHIAVONETTI,all'intersezione con,VIA BIAGIO PETROCELLI,VIA BIAGIO PETROCELLI,,,Scontro laterale fra veicoli in marcia,Rotatoria,Una carreggiata a senso unico di marcia,Asciutto,Asfaltata,Verticale ed orizzontale,Sereno,Normale,Buona,Ore Diurne,0,0,0,3,12.6108,41.8447,-1,2,Autovettura privata,In marcia / fermata / arresto,Conducente,F,Illeso,0,,Non accertato,Inesploso,
3977202,8,06/09/2018 17:00:00,Provinciale entro l'abitato,VIA PRENESTINA,in prossimit�,,del civico n.,1189,,Scontro frontale/laterale DX fra veicoli in marcia,Rettilineo,Una carreggiata a doppio senso,Asciutto,Asfaltata,Verticale ed orizzontale,Sereno,Intenso,Buona,Ore Diurne,1,0,0,4,12.63,41.8928,-1,1,Autovettura privata,In marcia / fermata / arresto,Conducente,M,Illeso,0,,Non accertato,,
3977202,8,06/09/2018 17:00:00,Provinciale entro l'abitato,VIA PRENESTINA,in prossimit�,,del civico n.,1189,,Scontro frontale/laterale DX fra veicoli in marcia,Rettilineo,Una carreggiata a doppio senso,Asciutto,Asfaltata,Verticale ed orizzontale,Sereno,Intenso,Buona,Ore Diurne,1,0,0,4,12.63,41.8928,-1,1,Autovettura privata,In marcia / fermata / arresto,Passeggero,F,Illeso,0,,,,
3977202,8,06/09/2018 17:00:00,Provinciale entro l'abitato,VIA PRENESTINA,in prossimit�,,del civico n.,1189,,Scontro frontale/laterale DX fra veicoli in marcia,Rettilineo,Una carreggiata a doppio senso,Asciutto,Asfaltata,Verticale ed orizzontale,Sereno,Intenso,Buona,Ore Diurne,1,0,0,4,12.63,41.8928,-1,1,Autovettura privata,In marcia / fermata / arresto,Passeggero,F,Illeso,0,,Non accertato,,
3977202,8,06/09/2018 17:00:00,Provinciale entro l'abitato,VIA PRENESTINA,in prossimit�,,del civico n.,1189,,Scontro frontale/laterale DX fra veicoli in marcia,Rettilineo,Una carreggiata a doppio senso,Asciutto,Asfaltata,Verticale ed orizzontale,Sereno,Intenso,Buona,Ore Diurne,1,0,0,4,12.63,41.8928,-1,1,Autovettura privata,In marcia / fermata / arresto,Passeggero,M,Illeso,0,,,,
3977202,8,06/09/2018 17:00:00,Provinciale entro l'abitato,VIA PRENESTINA,in prossimit�,,del civico n.,1189,,Scontro frontale/laterale DX fra veicoli in marcia,Rettilineo,Una carreggiata a doppio senso,Asciutto,Asfaltata,Verticale ed orizzontale,Sereno,Intenso,Buona,Ore Diurne,1,0,0,4,12.63,41.8928,-1,2,Motociclo con passeggero,In marcia / fermata / arresto,Conducente,M,Ricoverato,0,NON DECEDUTO,Non accertato,,
3977211,8,06/09/2018 23:40:00,Strada Urbana,VIA EDOARDO MARTINI,da specificare,,,,fronte civico 30,Veicolo in marcia contro veicolo in sosta,Rettilineo,Una carreggiata a doppio senso,Asciutto,Asfaltata,Orizzontale,Sereno,Scarso,Sufficiente,Sufficiente,0,0,0,1,12.5883,41.8518,-1,2,Autovettura privata,In marcia / fermata / arresto,Conducente,F,Illeso,0,,Non accertato,Inesploso,
3977220,8,06/09/2018 21:20:00,Strada Urbana,VIA DELLE RONDINI,da specificare,,,,in prossimit� VIA ETTORE ARRIGONI DEGLI ODDI,Tamponamento,Rettilineo,Una carreggiata a senso unico di marcia,Asciutto,Asfaltata,Verticale ed orizzontale,Sereno,Normale,Buona,Sufficiente,0,0,0,3,12.5951,41.8622,-1,1,Autovettura privata,In marcia / fermata / arresto,Conducente,F,Illeso,0,,Non accertato,Inesploso,
3977220,8,06/09/2018 21:20:00,Strada Urbana,VIA DELLE RONDINI,da specificare,,,,in prossimit� VIA ETTORE ARRIGONI DEGLI ODDI,Tamponamento,Rettilineo,Una carreggiata a senso unico di marcia,Asciutto,Asfaltata,Verticale ed orizzontale,Sereno,Normale,Buona,Sufficiente,0,0,0,3,12.5951,41.8622,-1,2,Autovettura privata,In marcia / fermata / arresto,Conducente,M,Illeso,0,,Non accertato,Inesploso,
3977220,8,06/09/2018 21:20:00,Strada Urbana,VIA DELLE RONDINI,da specificare,,,,in prossimit� VIA ETTORE ARRIGONI DEGLI ODDI,Tamponamento,Rettilineo,Una carreggiata a senso unico di marcia,Asciutto,Asfaltata,Verticale ed orizzontale,Sereno,Normale,Buona,Sufficiente,0,0,0,3,12.5951,41.8622,-1,2,Autovettura privata,In marcia / fermata / arresto,Passeggero,F,Illeso,0,,Non accertato,Inesploso,