Protocollo,Gruppo,DataOraIncidente,Localizzazione1,STRADA1,Localizzazione2,STRADA2,Strada02,Chilometrica,DaSpecificare,NaturaIncidente,particolaritastrade,TipoStrada,FondoStradale,Pavimentazione,Segnaletica,CondizioneAtmosferica,Traffico,Visibilita,Illuminazione,NUM_FERITI,NUM_RISERVATA,NUM_MORTI,NUM_ILLESI,Longitudine,Latitudine,Confermato,Progressivo,TipoVeicolo,StatoVeicolo,TipoPersona,Sesso,Tipolesione,Deceduto,DecedutoDopo,CinturaCascoUtilizzato,Airbag,
3977228,13,07/09/2018 03:00:00,Strada Urbana,VIA DEI PESCATORI,all'intersezione semaforizzata con,VIA DI CASTEL FUSANO,VIA DI CASTEL FUSANO,,,Veicolo in marcia contro ostacolo accidentale,Incrocio,Una carreggiata a doppio senso,Asciutto,Asfaltata,Verticale ed orizzontale,Sereno,Scarso,Buona,Sufficiente,0,0,0,1,12.3344,41.7522,-1,1,Autovettura privata,In marcia / fermata / arresto,Conducente,M,Illeso,0,,Non accertato,Inesploso,
3977232,8,06/09/2018 19:05:00,Strada Urbana,VIALE DELLA SORBONA,da specificare,,,,altezza rotatoria VIA SILICELLA/FOSSO SANTA MAURA,Scontro laterale fra veicoli in marcia,Rotatoria,Una carreggiata a senso unico di marcia,Asciutto,Asfaltata,Verticale ed orizzontale,Sereno,Normale,Buona,Ore Diurne,0,0,0,2,12.612,41.8546,-1,1,Autovettura privata,In marcia / fermata / arresto,Conducente,F,Illeso,0,,Non accertato,Inesploso,
3977232,8,06/09/2018 19:05:00,Strada Urbana,VIALE DELLA SORBONA,da specificare,,,,altezza rotatoria VIA SILICELLA/FOSSO SANTA MAURA,Scontro laterale fra veicoli in marcia,Rotatoria,Una carreggiata a senso unico di marcia,Asciutto,Asfaltata,Verticale ed orizzontale,Sereno,Normale,Buona,Ore Diurne,0,0,0,2,12.612,41.8546,-1,2,Autovettura privata,In marcia / fermata / arresto,Conducente,M,Illeso,0,,Non accertato,Inesploso,
3977238,10,06/09/2018 13:45:00,Strada Urbana,VIA TUSCOLANA,all'intersezione semaforizzata con,PIAZZA DI CINECITTA',PIAZZA DI CINECITTA',,,Scontro laterale fra veicoli in marcia,Intersezione semaforizzata,Due carreggiate,Asciutto,Asfaltata,Verticale ed orizzontale,Sereno,Normale,Buona,Ore Diurne,0,0,0,2,12.568,41.8538,-1,1,Autovettura privata,In marcia / fermata / arresto,Conducente,F,Illeso,0,,Non accertato,Inesploso,
3977238,10,06/09/2018 13:45:00,Strada Urbana,VIA TUSCOLANA,all'intersezione semaforizzata con,PIAZZA DI CINECITTA',PIAZZA DI CINECITTA',,,Scontro laterale fra veicoli in marcia,Intersezione semaforizzata,Due carreggiate,Asciutto,Asfaltata,Verticale ed orizzontale,Sereno,Normale,Buona,Ore Diurne,0,0,0,2,12.568,41.8538,-1,2,Autovettura privata,In marcia / fermata / arresto,Conducente,F,Illeso,0,,Non accertato,Inesploso,
3977244,5,06/09/2018 12:00:00,Strada Urbana,VIA GIACOMO PERONI,in corrispondenza,,del civico n.,104,,Veicolo in marcia contro veicolo fermo,Rettilineo,Una carreggiata a senso unico alternato,Asciutto,Asfaltata,Verticale ed orizzontale,Sereno,Normale,Buona,Ore Diurne,0,0,0,2,12.6351,41.9365,-1,1,Autocarro inferiore 35 q.,In marcia / fermata / arresto,Conducente,M,Illeso,0,,Non accertato,Inesploso,
3977244,5,06/09/2018 12:00:00,Strada Urbana,VIA GIACOMO PERONI,in corrispondenza,,del civico n.,104,,Veicolo in marcia contro veicolo fermo,Rettilineo,Una carreggiata a senso unico alternato,Asciutto,Asfaltata,Verticale ed orizzontale,Sereno,Normale,Buona,Ore Diurne,0,0,0,2,12.6351,41.9365,-1,2,Autocarro inferiore 35 q.,In marcia / fermata / arresto,Conducente,M,Illeso,0,,Non accertato,Inesploso,
3977263,20,06/09/2018 23:30:00,Strada Urbana,VIA CASSIA,in prossimit�,,del civico n.,471,,Infortunio per caduta del veicolo,Curva a visuale libera,Una carreggiata a doppio senso,Asciutto,Asfaltata,Verticale ed orizzontale,Sereno,Scarso,Buona,Sufficiente,1,0,0,0,12.4554,41.9569,-1,1,Motociclo a solo,In marcia / fermata / arresto,Conducente,F,Rimandato,0,NON DECEDUTO,,,
3977265,10,06/09/2018 15:20:00,Strada Urbana,VIA PAPIRIA,all'intersezione con,VIALE MARCO FULVIO NOBILIORE,VIALE MARCO FULVIO NOBILIORE,,,Investimento di pedone,Incrocio,Una carreggiata a senso unico di marcia,Asciutto,Asfaltata,Orizzontale,Sereno,Normale,Buona,Ore Diurne,1,0,0,1,12.5669,41.8623,-1,,,,Pedone,M,Rimandato,0,NON DECEDUTO,,,
3977265,10,06/09/2018 15:20:00,Strada Urbana,VIA PAPIRIA,all'intersezione con,VIALE MARCO FULVIO NOBILIORE,VIALE MARCO FULVIO NOBILIORE,,,Investimento di pedone,Incrocio,Una carreggiata a senso unico di marcia,Asciutto,Asfaltata,Orizzontale,Sereno,Normale,Buona,Ore Diurne,1,0,0,1,12.5669,41.8623,-1,1,Autocarro inferiore 35 q.,In marcia / fermata / arresto,Conducente,M,Illeso,0,,Non accertato,Inesploso,
3977272,20,06/09/2018 20:45:00,Regionale entro l'abitato,VIA CASSIA,in corrispondenza,,del civico n.,258,,Scontro frontale/laterale SX fra veicoli in marcia,Curva a visuale libera,Una carreggiata a doppio senso,Asciutto,Asfaltata,Verticale ed orizzontale,Sereno,Normale,Buona,Sufficiente,0,0,0,2,12.4611,41.9503,-1,1,Motociclo a solo,In marcia / fermata / arresto,Conducente,M,Illeso,0,,Non accertato,,
3977272,20,06/09/2018 20:45:00,Regionale entro l'abitato,VIA CASSIA,in corrispondenza,,del civico n.,258,,Scontro frontale/laterale SX fra veicoli in marcia,Curva a visuale libera,Una carreggiata a doppio senso,Asciutto,Asfaltata,Verticale ed orizzontale,Sereno,Normale,Buona,Sufficiente,0,0,0,2,12.4611,41.9503,-1,2,Autovettura privata,In marcia / fermata / arresto,Conducente,M,Illeso,0,,Non accertato,Inesploso,
3977275,7,06/09/2018 17:30:00,Strada Urbana,VIALE PALMIRO TOGLIATTI,all'intersezione con,VIA CASILINA,VIA CASILINA,,,Scontro laterale fra veicoli in marcia,Intersezione semaforizzata,Due carreggiate,Asciutto,Asfaltata,Verticale ed orizzontale,Sereno,Normale,Buona,Ore Diurne,1,0,0,1,12.5699,41.8738,-1,1,Velocipede,In marcia / fermata / arresto,Conducente,M,Rimandato,0,NON DECEDUTO,Esente,,
3977275,7,06/09/2018 17:30:00,Strada Urbana,VIALE PALMIRO TOGLIATTI,all'intersezione con,VIA CASILINA,VIA CASILINA,,,Scontro laterale fra veicoli in marcia,Intersezione semaforizzata,Due carreggiate,Asciutto,Asfaltata,Verticale ed orizzontale,Sereno,Normale,Buona,Ore Diurne,1,0,0,1,12.5699,41.8738,-1,2,Autovettura privata,In marcia / fermata / arresto,Conducente,F,Illeso,0,,Non accertato,Inesploso,
3977276,2,06/09/2018 09:45:00,Strada Urbana,VIA NOMENTANA,in prossimit�,,del civico n.,449,,Infortunio per sola frenata improvvisa,Rettilineo,Due carreggiate,Asciutto,Asfaltata,Orizzontale,Sereno,Normale,Buona,Ore Diurne,1,0,0,0,12.623,41.9984,-1,1,Motociclo a solo,In marcia / fermata / arresto,Conducente,M,Rimandato,0,NON DECEDUTO,Non accertato,,
3977277,20,06/09/2018 07:05:00,Strada Urbana,VIA DELLA STAZIONE DI CESANO,in prossimit�,,del civico n.,538,,Scontro frontale/laterale SX fra veicoli in marcia,Rettilineo,Una carreggiata a doppio senso,Asciutto,Asfaltata,Verticale ed orizzontale,Sereno,Normale,Buona,Ore Diurne,1,0,0,2,12.3373,42.0733,-1,1,Autocarro inferiore 35 q.,In marcia / fermata / arresto,Conducente,M,Illeso,0,,,,
3977277,20,06/09/2018 07:05:00,Strada Urbana,VIA DELLA STAZIONE DI CESANO,in prossimit�,,del civico n.,538,,Scontro frontale/laterale SX fra veicoli in marcia,Rettilineo,Una carreggiata a doppio senso,Asciutto,Asfaltata,Verticale ed orizzontale,Sereno,Normale,Buona,Ore Diurne,1,0,0,2,12.3373,42.0733,-1,1,Autocarro inferiore 35 q.,In marcia / fermata / arresto,Passeggero,M,Illeso,0,,,,
3977277,20,06/09/2018 07:05:00,Strada Urbana,VIA DELLA STAZIONE DI CESANO,in prossimit�,,del civico n.,538,,Scontro frontale/laterale SX fra veicoli in marcia,Rettilineo,Una carreggiata a doppio senso,Asciutto,Asfaltata,Verticale ed orizzontale,Sereno,Normale,Buona,Ore Diurne,1,0,0,2,12.3373,42.0733,-1,2,Autovettura privata,In marcia / fermata / arresto,Conducente,M,Rimandato,0,NON DECEDUTO,,,
3977279,3,03/09/2018 23:00:00,Strada Urbana,VIALE BRUNO BUOZZI,da specificare,,,,PROX VIA BELLE ARTI,Veicolo in marcia contro ostacolo fisso,Curva a visuale libera,Una carreggiata a doppio senso,Asciutto,Asfaltata,Verticale ed orizzontale,Sereno,Scarso,Buona,Insufficiente,0,0,0,1,12.482,41.9216,-1,1,Autovettura privata,In marcia / fermata / arresto,Conducente,M,Illeso,0,,Non accertato,Inesploso,
3977283,3,04/09/2018 13:15:00,Strada Urbana,PIAZZA RUGGERO DI SICILIA,in prossimit�,,del civico n.,1,,Veicolo in marcia contro veicolo in sosta,Rettilineo,Una carreggiata a senso unico di marcia,Asciutto,Asfaltata,Verticale ed orizzontale,Sereno,Normale,Buona,Ore Diurne,0,0,0,1,12.5226,41.9116,-1,1,Autocarro superiore 35 q.,In marcia / fermata / arresto,Conducente,M,Illeso,0,,Non accertato,Inesploso,
3977294,7,06/09/2018 09:30:00,Strada Urbana,VIA PRENESTINA,all'intersezione con,VIA DI TOR TRE TESTE,VIA DI TOR TRE TESTE,,,Scontro frontale/laterale DX fra veicoli in marcia,Incrocio,Una carreggiata a doppio senso,Asciutto,Asfaltata,Verticale ed orizzontale,Sereno,Normale,Buona,Ore Diurne,1,0,0,4,12.5913,41.8941,-1,1,Autovettura privata,In marcia / fermata / arresto,Conducente,F,Illeso,0,,Non accertato,Inesploso,
3977294,7,06/09/2018 09:30:00,Strada Urbana,VIA PRENESTINA,all'intersezione con,VIA DI TOR TRE TESTE,VIA DI TOR TRE TESTE,,,Scontro frontale/laterale DX fra veicoli in marcia,Incrocio,Una carreggiata a doppio senso,Asciutto,Asfaltata,Verticale ed orizzontale,Sereno,Normale,Buona,Ore Diurne,1,0,0,4,12.5913,41.8941,-1,1,Autovettura privata,In marcia / fermata / arresto,Passeggero,F,Illeso,0,,Non accertato,Esploso,
3977294,7,06/09/2018 09:30:00,Strada Urbana,VIA PRENESTINA,all'intersezione con,VIA DI TOR TRE TESTE,VIA DI TOR TRE TESTE,,,Scontro frontale/laterale DX fra veicoli in marcia,Incrocio,Una carreggiata a doppio senso,Asciutto,Asfaltata,Verticale ed orizzontale,Sereno,Normale,Buona,Ore Diurne,1,0,0,4,12.5913,41.8941,-1,1,Autovettura privata,In marcia / fermata / arresto,Passeggero,M,Illeso,0,,Non accertato,Inesploso,
3977294,7,06/09/2018 09:30:00,Strada Urbana,VIA PRENESTINA,all'intersezione con,VIA DI TOR TRE TESTE,VIA DI TOR TRE TESTE,,,Scontro frontale/laterale DX fra veicoli in marcia,Incrocio,Una carreggiata a doppio senso,Asciutto,Asfaltata,Verticale ed orizzontale,Sereno,Normale,Buona,Ore Diurne,1,0,0,4,12.5913,41.8941,-1,2,Autovettura privata,In marcia / fermata / arresto,Conducente,M,Illeso,0,,Non accertato,Inesploso,
3977294,7,06/09/2018 09:30:00,Strada Urbana,VIA PRENESTINA,all'intersezione con,VIA DI TOR TRE TESTE,VIA DI TOR TRE TESTE,,,Scontro frontale/laterale DX fra veicoli in marcia,Incrocio,Una carreggiata a doppio senso,Asciutto,Asfaltata,Verticale ed orizzontale,Sereno,Normale,Buona,Ore Diurne,1,0,0,4,12.5913,41.8941,-1,2,Autovettura privata,In marcia / fermata / arresto,Passeggero,F,Rimandato,0,NON DECEDUTO,Non accertato,Inesploso,
3977299,9,06/09/2018 18:10:00,Strada Urbana,PIAZZALE APPIO,da specificare,,,,fronte via VIA APPIA NUOVA,Investimento di pedone,Rettilineo,Pi� di due carreggiate,Asciutto,Asfaltata,Verticale ed orizzontale,Sereno,Intenso,Buona,Ore Diurne,1,0,0,1,12.5095,41.8855,-1,,,,Pedone,M,Rimandato,0,NON DECEDUTO,,,
3977299,9,06/09/2018 18:10:00,Strada Urbana,PIAZZALE APPIO,da specificare,,,,fronte via VIA APPIA NUOVA,Investimento di pedone,Rettilineo,Pi� di due carreggiate,Asciutto,Asfaltata,Verticale ed orizzontale,Sereno,Intenso,Buona,Ore Diurne,1,0,0,1,12.5095,41.8855,-1,1,Motociclo a solo,In marcia / fermata / arresto,Conducente,M,Illeso,0,,Non accertato,,
3977304,18,06/09/2018 19:30:00,Strada Urbana,PIAZZA DEI GIURECONSULTI,all'intersezione semaforizzata con,VIA DI BOCCEA,VIA DI BOCCEA,,,Scontro laterale fra veicoli in marcia,Intersezione semaforizzata,Una carreggiata a doppio senso,Asciutto,Asfaltata,Verticale ed orizzontale,Sereno,Intenso,Buona,Ore Diurne,1,0,0,2,12.4257,41.9019,-1,1,Motociclo a solo,In marcia / fermata / arresto,Conducente,M,Ricoverato,0,NON DECEDUTO,,,
3977304,18,06/09/2018 19:30:00,Strada Urbana,PIAZZA DEI GIURECONSULTI,all'intersezione semaforizzata con,VIA DI BOCCEA,VIA DI BOCCEA,,,Scontro laterale fra veicoli in marcia,Intersezione semaforizzata,Una carreggiata a doppio senso,Asciutto,Asfaltata,Verticale ed orizzontale,Sereno,Intenso,Buona,Ore Diurne,1,0,0,2,12.4257,41.9019,-1,2,Autovettura privata,In marcia / fermata / arresto,Conducente,M,Illeso,0,,,,
3977304,18,06/09/2018 19:30:00,Strada Urbana,PIAZZA DEI GIURECONSULTI,all'intersezione semaforizzata con,VIA DI BOCCEA,VIA DI BOCCEA,,,Scontro laterale fra veicoli in marcia,Intersezione semaforizzata,Una carreggiata a doppio senso,Asciutto,Asfaltata,Verticale ed orizzontale,Sereno,Intenso,Buona,Ore Diurne,1,0,0,2,12.4257,41.9019,-1,2,Autovettura privata,In marcia / fermata / arresto,Passeggero,F,Illeso,0,,,,
3977308,20,06/09/2018 12:00:00,Strada Urbana,VIA DELLA FARNESINA,in corrispondenza,,del civico n.,3,,Veicolo in marcia contro ostacolo fisso,Rettilineo,Una carreggiata a doppio senso,Asciutto,Asfaltata,Assente,Sereno,Scarso,Buona,Ore Diurne,0,0,0,1,12.4654,41.9381,-1,1,Autovettura privata,In marcia / fermata / arresto,Conducente,M,Illeso,0,,Non accertato,Inesploso,
3977317,10,06/09/2018 17:40:00,Strada Urbana,VIA BERNARDINO ALIMENA,all'intersezione con,VIA ORAZIO RAIMONDO,VIA ORAZIO RAIMONDO,,,Scontro frontale/laterale DX fra veicoli in marcia,Incrocio,Due carreggiate,Asciutto,Asfaltata,Verticale ed orizzontale,Sereno,Normale,Buona,Ore Diurne,1,0,0,4,12.5977,41.8485,-1,1,Autovettura privata,In marcia / fermata / arresto,Conducente,F,Rifiuta cure immediate,0,NON DECEDUTO,Non accertato,Inesploso,
3977317,10,06/09/2018 17:40:00,Strada Urbana,VIA BERNARDINO ALIMENA,all'intersezione con,VIA ORAZIO RAIMONDO,VIA ORAZIO RAIMONDO,,,Scontro frontale/laterale DX fra veicoli in marcia,Incrocio,Due carreggiate,Asciutto,Asfaltata,Verticale ed orizzontale,Sereno,Normale,Buona,Ore Diurne,1,0,0,4,12.5977,41.8485,-1,1,Autovettura privata,In marcia / fermata / arresto,Passeggero,F,Illeso,0,,Non accertato,Inesploso,
3977317,10,06/09/2018 17:40:00,Strada Urbana,VIA BERNARDINO ALIMENA,all'intersezione con,VIA ORAZIO RAIMONDO,VIA ORAZIO RAIMONDO,,,Scontro frontale/laterale DX fra veicoli in marcia,Incrocio,Due carreggiate,Asciutto,Asfaltata,Verticale ed orizzontale,Sereno,Normale,Buona,Ore Diurne,1,0,0,4,12.5977,41.8485,-1,1,Autovettura privata,In marcia / fermata / arresto,Passeggero,F,Illeso,0,,Non accertato,Inesistente,
3977317,10,06/09/2018 17:40:00,Strada Urbana,VIA BERNARDINO ALIMENA,all'intersezione con,VIA ORAZIO RAIMONDO,VIA ORAZIO RAIMONDO,,,Scontro frontale/laterale DX fra veicoli in marcia,Incrocio,Due carreggiate,Asciutto,Asfaltata,Verticale ed orizzontale,Sereno,Normale,Buona,Ore Diurne,1,0,0,4,12.5977,41.8485,-1,1,Autovettura privata,In marcia / fermata / arresto,Passeggero,F,Illeso,0,,Non accertato,Inesistente,
3977317,10,06/09/2018 17:40:00,Strada Urbana,VIA BERNARDINO ALIMENA,all'intersezione con,VIA ORAZIO RAIMONDO,VIA ORAZIO RAIMONDO,,,Scontro frontale/laterale DX fra veicoli in marcia,Incrocio,Due carreggiate,Asciutto,Asfaltata,Verticale ed orizzontale,Sereno,Normale,Buona,Ore Diurne,1,0,0,4,12.5977,41.8485,-1,2,Autovettura privata,In marcia / fermata / arresto,Conducente,F,Illeso,0,,Non accertato,Inesploso,
3977318,2,07/09/2018 01:10:00,Strada Urbana,VIALE ERITREA,in prossimit�,,del civico n.,30,,Veicolo in marcia contro veicoli in sosta,Rettilineo,Una carreggiata a senso unico di marcia,Asciutto,Asfaltata,Verticale ed orizzontale,Sereno,Scarso,Buona,Sufficiente,0,0,0,2,12.5161,41.9256,-1,1,Autovettura privata,In marcia / fermata / arresto,Conducente,M,Illeso,0,,Non accertato,Inesploso,
3977318,2,07/09/2018 01:10:00,Strada Urbana,VIALE ERITREA,in prossimit�,,del civico n.,30,,Veicolo in marcia contro veicoli in sosta,Rettilineo,Una carreggiata a senso unico di marcia,Asciutto,Asfaltata,Verticale ed orizzontale,Sereno,Scarso,Buona,Sufficiente,0,0,0,2,12.5161,41.9256,-1,1,Autovettura privata,In marcia / fermata / arresto,Passeggero,M,Illeso,0,,,,
3977326,4,06/09/2018 14:25:00,Strada Urbana,VIA DI SETTEBAGNI,da specificare,,,,Rampa Via Settebagni per GRA (pross. V. Maddaloni),Scontro frontale fra veicoli in marcia,Curva a visuale libera,Una carreggiata a doppio senso,Asciutto,Asfaltata,Verticale ed orizzontale,Sereno,Normale,Buona,Ore Diurne,0,0,0,2,12.5402,41.9773,-1,1,Autovettura privata,In marcia / fermata / arresto,Conducente,M,Illeso,0,,Non accertato,,
3977326,4,06/09/2018 14:25:00,Strada Urbana,VIA DI SETTEBAGNI,da specificare,,,,Rampa Via Settebagni per GRA (pross. V. Maddaloni),Scontro frontale fra veicoli in marcia,Curva a visuale libera,Una carreggiata a doppio senso,Asciutto,Asfaltata,Verticale ed orizzontale,Sereno,Normale,Buona,Ore Diurne,0,0,0,2,12.5402,41.9773,-1,2,Autovettura privata,In marcia / fermata / arresto,Conducente,M,Illeso,0,,Non accertato,,
3977329,18,06/09/2018 21:00:00,Strada Urbana,VIA PIO IX,all'intersezione con,VIA DEL FORTE BOCCEA,VIA DEL FORTE BOCCEA,,,Scontro frontale/laterale DX fra veicoli in marcia,Intersezione stradale segnalata,Una carreggiata a doppio senso,Asciutto,Asfaltata,Verticale ed orizzontale,Sereno,Scarso,Buona,Sufficiente,1,0,0,1,12.4238,41.9064,-1,1,Autovettura privata,In marcia / fermata / arresto,Conducente,M,Illeso,0,,,,
3977329,18,06/09/2018 21:00:00,Strada Urbana,VIA PIO IX,all'intersezione con,VIA DEL FORTE BOCCEA,VIA DEL FORTE BOCCEA,,,Scontro frontale/laterale DX fra veicoli in marcia,Intersezione stradale segnalata,Una carreggiata a doppio senso,Asciutto,Asfaltata,Verticale ed orizzontale,Sereno,Scarso,Buona,Sufficiente,1,0,0,1,12.4238,41.9064,-1,2,Motociclo a solo,In marcia / fermata / arresto,Conducente,F,Rimandato,0,NON DECEDUTO,,,
3977333,7,06/09/2018 07:50:00,Strada Urbana,VIA DELLE MIMOSE,all'intersezione con,VIA ANTONIO SEBASTIANI,VIA ANTONIO SEBASTIANI,,,Scontro frontale/laterale DX fra veicoli in marcia,Incrocio,Una carreggiata a senso unico di marcia,Asciutto,Asfaltata,Verticale ed orizzontale,Sereno,Normale,Sufficiente,Ore Diurne,1,0,0,3,12.5704,41.8764,-1,1,Autovettura privata,In marcia / fermata / arresto,Conducente,M,Illeso,0,,,,
3977333,7,06/09/2018 07:50:00,Strada Urbana,VIA DELLE MIMOSE,all'intersezione con,VIA ANTONIO SEBASTIANI,VIA ANTONIO SEBASTIANI,,,Scontro frontale/laterale DX fra veicoli in marcia,Incrocio,Una carreggiata a senso unico di marcia,Asciutto,Asfaltata,Verticale ed orizzontale,Sereno,Normale,Sufficiente,Ore Diurne,1,0,0,3,12.5704,41.8764,-1,2,Autovettura privata,In marcia / fermata / arresto,Conducente,M,Rimandato,0,NON DECEDUTO,,,
3977333,7,06/09/2018 07:50:00,Strada Urbana,VIA DELLE MIMOSE,all'intersezione con,VIA ANTONIO SEBASTIANI,VIA ANTONIO SEBASTIANI,,,Scontro frontale/laterale DX fra veicoli in marcia,Incrocio,Una carreggiata a senso unico di marcia,Asciutto,Asfaltata,Verticale ed orizzontale,Sereno,Normale,Sufficiente,Ore Diurne,1,0,0,3,12.5704,41.8764,-1,2,Autovettura privata,In marcia / fermata / arresto,Passeggero,M,Illeso,0,,,,
3977333,7,06/09/2018 07:50:00,Strada Urbana,VIA DELLE MIMOSE,all'intersezione con,VIA ANTONIO SEBASTIANI,VIA ANTONIO SEBASTIANI,,,Scontro frontale/laterale DX fra veicoli in marcia,Incrocio,Una carreggiata a senso unico di marcia,Asciutto,Asfaltata,Verticale ed orizzontale,Sereno,Normale,Sufficiente,Ore Diurne,1,0,0,3,12.5704,41.8764,-1,2,Autovettura privata,In marcia / fermata / arresto,Passeggero,M,Illeso,0,,,,
3977339,9,05/09/2018 15:10:00,Strada Urbana,VIA TUSCOLANA,in corrispondenza,,del civico n.,535,,Tamponamento,Rettilineo,Due carreggiate,Asciutto,Asfaltata,Assente,Sereno,Normale,Buona,Ore Diurne,0,0,0,1,12.5411,41.8673,-1,1,Autovettura privata,In marcia / fermata / arresto,Conducente,M,Illeso,0,,,,
3977353,19,06/09/2018 16:00:00,Strada Urbana,VIA DI TORREVECCHIA,in corrispondenza,,del civico n.,476,,Scontro frontale fra veicoli in marcia,Rettilineo,Una carreggiata a doppio senso,Asciutto,Asfaltata,Orizzontale,Sereno,Normale,Buona,Ore Diurne,0,0,0,3,12.4132,41.9245,-1,1,Autovettura privata,In marcia / fermata / arresto,Conducente,M,Illeso,0,,,,
3977353,19,06/09/2018 16:00:00,Strada Urbana,VIA DI TORREVECCHIA,in corrispondenza,,del civico n.,476,,Scontro frontale fra veicoli in marcia,Rettilineo,Una carreggiata a doppio senso,Asciutto,Asfaltata,Orizzontale,Sereno,Normale,Buona,Ore Diurne,0,0,0,3,12.4132,41.9245,-1,1,Autovettura privata,In marcia / fermata / arresto,Passeggero,F,Illeso,0,,Non accertato,,
3977353,19,06/09/2018 16:00:00,Strada Urbana,VIA DI TORREVECCHIA,in corrispondenza,,del civico n.,476,,Scontro frontale fra veicoli in marcia,Rettilineo,Una carreggiata a doppio senso,Asciutto,Asfaltata,Orizzontale,Sereno,Normale,Buona,Ore Diurne,0,0,0,3,12.4132,41.9245,-1,2,Autovettura privata,In marcia / fermata / arresto,Conducente,M,Illeso,0,,,,
3977355,18,06/09/2018 13:45:00,Strada Urbana,VIA MOMBARUZZO,all'intersezione con,VIA CAPRIGLIO,VIA CAPRIGLIO,,,Scontro frontale/laterale DX fra veicoli in marcia,Intersezione non regolata/non segnalata,Una carreggiata a doppio senso,Asciutto,Asfaltata,Assente,Sereno,Scarso,Buona,Ore Diurne,1,0,0,1,12.3713,41.9242,-1,1,Autovettura privata,In marcia / fermata / arresto,Conducente,M,Illeso,0,,Non accertato,Esploso,
3977355,18,06/09/2018 13:45:00,Strada Urbana,VIA MOMBARUZZO,all'intersezione con,VIA CAPRIGLIO,VIA CAPRIGLIO,,,Scontro frontale/laterale DX fra veicoli in marcia,Intersezione non regolata/non segnalata,Una carreggiata a doppio senso,Asciutto,Asfaltata,Assente,Sereno,Scarso,Buona,Ore Diurne,1,0,0,1,12.3713,41.9242,-1,2,Autovettura privata,In marcia / fermata / arresto,Conducente,M,Rifiuta cure immediate,0,NON DECEDUTO,Non accertato,Esploso,
3977366,12,06/09/2018 10:00:00,Strada Urbana,VIA DEL FOSSO DEL SALCETO,da specificare,,,,fronte civico 13/15,Veicolo in marcia contro veicoli in sosta,Rettilineo,Una carreggiata a doppio senso,Asciutto,Asfaltata,Verticale ed orizzontale,Sereno,Normale,Buona,Ore Diurne,0,0,0,1,12.4413,41.7126,-1,1,Autovettura privata,In marcia / fermata / arresto,Conducente,F,Illeso,0,,Non accertato,Inesploso,
3977382,19,06/09/2018 10:30:00,Strada Urbana,VIA MATTIA BATTISTINI,all'intersezione con,VIA CARDINALE MERCATI,VIA CARDINALE MERCATI,,,Tamponamento,Intersezione semaforizzata,Una carreggiata a doppio senso,Asciutto,Asfaltata,Verticale ed orizzontale,Sereno,Normale,Buona,Ore Diurne,0,0,0,2,12.4192,41.9201,-1,1,Autovettura privata,In marcia / fermata / arresto,Conducente,F,Illeso,0,,Non accertato,Inesploso,
3977382,19,06/09/2018 10:30:00,Strada Urbana,VIA MATTIA BATTISTINI,all'intersezione con,VIA CARDINALE MERCATI,VIA CARDINALE MERCATI,,,Tamponamento,Intersezione semaforizzata,Una carreggiata a doppio senso,Asciutto,Asfaltata,Verticale ed orizzontale,Sereno,Normale,Buona,Ore Diurne,0,0,0,2,12.4192,41.9201,-1,2,Autocarro inferiore 35 q.,In marcia / fermata / arresto,Conducente,M,Illeso,0,,Non accertato,Inesploso,
3977390,3,03/09/2018 08:00:00,Strada Urbana,VIA CESARE DE LOLLIS,in prossimit�,,del civico n.,20,,Tamponamento Multiplo,Rettilineo,Una carreggiata a senso unico di marcia,Asciutto,Asfaltata,Verticale ed orizzontale,Sereno,Normale,Buona,Ore Diurne,0,0,0,5,12.5161,41.9011,-1,1,Autovettura privata,In marcia / fermata / arresto,Conducente,F,Illeso,0,,,Esploso,
3977390,3,03/09/2018 08:00:00,Strada Urbana,VIA CESARE DE LOLLIS,in prossimit�,,del civico n.,20,,Tamponamento Multiplo,Rettilineo,Una carreggiata a senso unico di marcia,Asciutto,Asfaltata,Verticale ed orizzontale,Sereno,Normale,Buona,Ore Diurne,0,0,0,5,12.5161,41.9011,-1,2,Autovettura privata,In marcia / fermata / arresto,Conducente,M,Illeso,0,,,Inesploso,
3977390,3,03/09/2018 08:00:00,Strada Urbana,VIA CESARE DE LOLLIS,in prossimit�,,del civico n.,20,,Tamponamento Multiplo,Rettilineo,Una carreggiata a senso unico di marcia,Asciutto,Asfaltata,Verticale ed orizzontale,Sereno,Normale,Buona,Ore Diurne,0,0,0,5,12.5161,41.9011,-1,2,Autovettura privata,In marcia / fermata / arresto,Passeggero,F,Illeso,0,,,Inesploso,
3977390,3,03/09/2018 08:00:00,Strada Urbana,VIA CESARE DE LOLLIS,in prossimit�,,del civico n.,20,,Tamponamento Multiplo,Rettilineo,Una carreggiata a senso unico di marcia,Asciutto,Asfaltata,Verticale ed orizzontale,Sereno,Normale,Buona,Ore Diurne,0,0,0,5,12.5161,41.9011,-1,2,Autovettura privata,In marcia / fermata / arresto,Passeggero,F,Illeso,0,,,Inesploso,