Protocollo,Gruppo,DataOraIncidente,Localizzazione1,STRADA1,Localizzazione2,STRADA2,Strada02,Chilometrica,DaSpecificare,NaturaIncidente,particolaritastrade,TipoStrada,FondoStradale,Pavimentazione,Segnaletica,CondizioneAtmosferica,Traffico,Visibilita,Illuminazione,NUM_FERITI,NUM_RISERVATA,NUM_MORTI,NUM_ILLESI,Longitudine,Latitudine,Confermato,Progressivo,TipoVeicolo,StatoVeicolo,TipoPersona,Sesso,Tipolesione,Deceduto,DecedutoDopo,CinturaCascoUtilizzato,Airbag,
3977390,3,03/09/2018 08:00:00,Strada Urbana,VIA CESARE DE LOLLIS,in prossimit�,,del civico n.,20,,Tamponamento Multiplo,Rettilineo,Una carreggiata a senso unico di marcia,Asciutto,Asfaltata,Verticale ed orizzontale,Sereno,Normale,Buona,Ore Diurne,0,0,0,5,12.5161,41.9011,-1,3,Autovettura privata,In marcia / fermata / arresto,Conducente,F,Illeso,0,,,Inesploso,
3977449,19,06/09/2018 17:20:00,Strada Urbana,VIA PASQUALE II,in corrispondenza,,del civico n.,343,,Tamponamento,Curva a visuale libera,Una carreggiata a doppio senso,Asciutto,Asfaltata,Verticale ed orizzontale,Sereno,Normale,Buona,Ore Diurne,0,0,0,2,12.4095,41.907,-1,1,Autovettura privata,In marcia / fermata / arresto,Conducente,M,Illeso,0,,,Inesploso,
3977449,19,06/09/2018 17:20:00,Strada Urbana,VIA PASQUALE II,in corrispondenza,,del civico n.,343,,Tamponamento,Curva a visuale libera,Una carreggiata a doppio senso,Asciutto,Asfaltata,Verticale ed orizzontale,Sereno,Normale,Buona,Ore Diurne,0,0,0,2,12.4095,41.907,-1,1,Autovettura privata,In marcia / fermata / arresto,Passeggero,F,Illeso,0,,Non accertato,Inesploso,
3977473,3,05/09/2018 08:40:00,Strada Urbana,VIA NOMENTANA,in prossimit�,,del civico n.,67,,Scontro laterale fra veicoli in marcia,Rettilineo,Una carreggiata a doppio senso,Asciutto,Asfaltata,Verticale ed orizzontale,Sereno,Intenso,Buona,Ore Diurne,0,0,0,3,12.5374,41.9359,-1,1,Autovettura privata,In marcia / fermata / arresto,Conducente,M,Illeso,0,,Non accertato,Inesploso,
3977473,3,05/09/2018 08:40:00,Strada Urbana,VIA NOMENTANA,in prossimit�,,del civico n.,67,,Scontro laterale fra veicoli in marcia,Rettilineo,Una carreggiata a doppio senso,Asciutto,Asfaltata,Verticale ed orizzontale,Sereno,Intenso,Buona,Ore Diurne,0,0,0,3,12.5374,41.9359,-1,1,Autovettura privata,In marcia / fermata / arresto,Passeggero,F,Illeso,0,,Non accertato,Inesploso,
3977473,3,05/09/2018 08:40:00,Strada Urbana,VIA NOMENTANA,in prossimit�,,del civico n.,67,,Scontro laterale fra veicoli in marcia,Rettilineo,Una carreggiata a doppio senso,Asciutto,Asfaltata,Verticale ed orizzontale,Sereno,Intenso,Buona,Ore Diurne,0,0,0,3,12.5374,41.9359,-1,2,Motociclo a solo,In marcia / fermata / arresto,Conducente,M,Illeso,0,,Non accertato,,
3977483,3,06/09/2018 08:50:00,Strada Urbana,VIA NOMENTANA,in prossimit�,,del civico n.,311,,Infortunio per sola frenata improvvisa,Rettilineo,Pi� di due carreggiate,Asciutto,Asfaltata,Verticale ed orizzontale,Sereno,Normale,Buona,Ore Diurne,0,0,0,2,12.5139,41.9181,-1,1,Autovettura privata,In marcia / fermata / arresto,Conducente,F,Illeso,0,,Non accertato,Inesploso,
3977483,3,06/09/2018 08:50:00,Strada Urbana,VIA NOMENTANA,in prossimit�,,del civico n.,311,,Infortunio per sola frenata improvvisa,Rettilineo,Pi� di due carreggiate,Asciutto,Asfaltata,Verticale ed orizzontale,Sereno,Normale,Buona,Ore Diurne,0,0,0,2,12.5139,41.9181,-1,2,Motociclo a solo,In marcia / fermata / arresto,Conducente,M,Illeso,0,,Non accertato,,
3977495,3,06/09/2018 10:40:00,Strada Urbana,VIA NOMENTANA,all'intersezione semaforizzata con,VIA CARLO FEA,VIA CARLO FEA,,,Infortunio per caduta del veicolo,Intersezione semaforizzata,Pi� di due carreggiate,Asciutto,Asfaltata,Verticale ed orizzontale,Sereno,Normale,Buona,Ore Diurne,2,0,0,2,12.5171,41.92,0,1,Filobus,In marcia / fermata / arresto,Conducente,M,Illeso,0,,Non accertato,Inesploso,
3977495,3,06/09/2018 10:40:00,Strada Urbana,VIA NOMENTANA,all'intersezione semaforizzata con,VIA CARLO FEA,VIA CARLO FEA,,,Infortunio per caduta del veicolo,Intersezione semaforizzata,Pi� di due carreggiate,Asciutto,Asfaltata,Verticale ed orizzontale,Sereno,Normale,Buona,Ore Diurne,2,0,0,2,12.5171,41.92,0,1,Filobus,In marcia / fermata / arresto,Passeggero,M,Rimandato,0,NON DECEDUTO,Non accertato,Inesploso,
3977495,3,06/09/2018 10:40:00,Strada Urbana,VIA NOMENTANA,all'intersezione semaforizzata con,VIA CARLO FEA,VIA CARLO FEA,,,Infortunio per caduta del veicolo,Intersezione semaforizzata,Pi� di due carreggiate,Asciutto,Asfaltata,Verticale ed orizzontale,Sereno,Normale,Buona,Ore Diurne,2,0,0,2,12.5171,41.92,0,1,Filobus,In marcia / fermata / arresto,Passeggero,F,Rimandato,0,NON DECEDUTO,Non accertato,Inesploso,
3977495,3,06/09/2018 10:40:00,Strada Urbana,VIA NOMENTANA,all'intersezione semaforizzata con,VIA CARLO FEA,VIA CARLO FEA,,,Infortunio per caduta del veicolo,Intersezione semaforizzata,Pi� di due carreggiate,Asciutto,Asfaltata,Verticale ed orizzontale,Sereno,Normale,Buona,Ore Diurne,2,0,0,2,12.5171,41.92,0,2,Autocarro inferiore 35 q.,In marcia / fermata / arresto,Conducente,M,Illeso,0,,Non accertato,Inesploso,
3977509,3,05/09/2018 18:25:00,Strada Urbana,LARGO DI VILLA MASSIMO,all'intersezione con,VIA GIOVANNI BATTISTA DE ROSSI,VIA GIOVANNI BATTISTA DE ROSSI,,,Scontro frontale/laterale SX fra veicoli in marcia,Incrocio,Una carreggiata a senso unico di marcia,Asciutto,Asfaltata,Verticale ed orizzontale,Sereno,Normale,Sufficiente,Ore Diurne,2,0,0,1,,,0,1,Autovettura privata,In marcia / fermata / arresto,Conducente,M,Illeso,0,,Non accertato,Inesploso,
3977509,3,05/09/2018 18:25:00,Strada Urbana,LARGO DI VILLA MASSIMO,all'intersezione con,VIA GIOVANNI BATTISTA DE ROSSI,VIA GIOVANNI BATTISTA DE ROSSI,,,Scontro frontale/laterale SX fra veicoli in marcia,Incrocio,Una carreggiata a senso unico di marcia,Asciutto,Asfaltata,Verticale ed orizzontale,Sereno,Normale,Sufficiente,Ore Diurne,2,0,0,1,,,0,2,Autovettura privata,In marcia / fermata / arresto,Conducente,M,Rifiuta cure immediate,0,NON DECEDUTO,Non accertato,Inesploso,
3977509,3,05/09/2018 18:25:00,Strada Urbana,LARGO DI VILLA MASSIMO,all'intersezione con,VIA GIOVANNI BATTISTA DE ROSSI,VIA GIOVANNI BATTISTA DE ROSSI,,,Scontro frontale/laterale SX fra veicoli in marcia,Incrocio,Una carreggiata a senso unico di marcia,Asciutto,Asfaltata,Verticale ed orizzontale,Sereno,Normale,Sufficiente,Ore Diurne,2,0,0,1,,,0,2,Autovettura privata,In marcia / fermata / arresto,Passeggero,F,Rifiuta cure immediate,0,NON DECEDUTO,Non accertato,Inesploso,
3977517,3,03/09/2018 12:10:00,Strada Urbana,VIA TIBURTINA,da specificare,,,,prox PIAZZALE VALERIO MASSIMO,Investimento di pedone,Rettilineo,Pi� di due carreggiate,Asciutto,Asfaltata,Verticale ed orizzontale,Sereno,Normale,Buona,Ore Diurne,1,0,0,1,12.5185,41.9012,-1,,,,Pedone,M,Ricoverato,0,NON DECEDUTO,,,
3977517,3,03/09/2018 12:10:00,Strada Urbana,VIA TIBURTINA,da specificare,,,,prox PIAZZALE VALERIO MASSIMO,Investimento di pedone,Rettilineo,Pi� di due carreggiate,Asciutto,Asfaltata,Verticale ed orizzontale,Sereno,Normale,Buona,Ore Diurne,1,0,0,1,12.5185,41.9012,-1,1,Autovettura pubblica,In marcia / fermata / arresto,Conducente,M,Illeso,0,,Non accertato,Inesploso,
3977523,19,06/09/2018 18:10:00,Strada Urbana,VIA DEL QUARTACCIO,all'intersezione con,VIA DEL MONTE DELLA CAPANNA,VIA DEL MONTE DELLA CAPANNA,,,Scontro frontale/laterale DX fra veicoli in marcia,Incrocio,Una carreggiata a doppio senso,Asciutto,Asfaltata,Orizzontale,Sereno,Normale,Buona,Ore Diurne,1,0,0,1,12.3932,41.9185,-1,1,Autovettura privata,In marcia / fermata / arresto,Conducente,M,Illeso,0,,,,
3977523,19,06/09/2018 18:10:00,Strada Urbana,VIA DEL QUARTACCIO,all'intersezione con,VIA DEL MONTE DELLA CAPANNA,VIA DEL MONTE DELLA CAPANNA,,,Scontro frontale/laterale DX fra veicoli in marcia,Incrocio,Una carreggiata a doppio senso,Asciutto,Asfaltata,Orizzontale,Sereno,Normale,Buona,Ore Diurne,1,0,0,1,12.3932,41.9185,-1,2,Motociclo a solo,In marcia / fermata / arresto,Conducente,M,Rimandato,0,NON DECEDUTO,,,
3977527,3,04/09/2018 16:45:00,Strada Urbana,VIA NOMENTANA,in prossimit�,,del civico n.,52,,Tamponamento Multiplo,Rettilineo,Pi� di due carreggiate,Asciutto,Asfaltata,Verticale ed orizzontale,Sereno,Intenso,Buona,Ore Diurne,0,0,0,5,12.5071,41.9132,-1,1,Autovettura privata,In marcia / fermata / arresto,Conducente,F,Illeso,0,,,,
3977527,3,04/09/2018 16:45:00,Strada Urbana,VIA NOMENTANA,in prossimit�,,del civico n.,52,,Tamponamento Multiplo,Rettilineo,Pi� di due carreggiate,Asciutto,Asfaltata,Verticale ed orizzontale,Sereno,Intenso,Buona,Ore Diurne,0,0,0,5,12.5071,41.9132,-1,2,Autovettura privata,In marcia / fermata / arresto,Conducente,M,Illeso,0,,,Inesploso,
3977527,3,04/09/2018 16:45:00,Strada Urbana,VIA NOMENTANA,in prossimit�,,del civico n.,52,,Tamponamento Multiplo,Rettilineo,Pi� di due carreggiate,Asciutto,Asfaltata,Verticale ed orizzontale,Sereno,Intenso,Buona,Ore Diurne,0,0,0,5,12.5071,41.9132,-1,3,Autocarro inferiore 35 q.,In marcia / fermata / arresto,Conducente,M,Illeso,0,,,Inesploso,
3977527,3,04/09/2018 16:45:00,Strada Urbana,VIA NOMENTANA,in prossimit�,,del civico n.,52,,Tamponamento Multiplo,Rettilineo,Pi� di due carreggiate,Asciutto,Asfaltata,Verticale ed orizzontale,Sereno,Intenso,Buona,Ore Diurne,0,0,0,5,12.5071,41.9132,-1,4,Autovettura privata,In marcia / fermata / arresto,Conducente,F,Illeso,0,,,Inesploso,
3977527,3,04/09/2018 16:45:00,Strada Urbana,VIA NOMENTANA,in prossimit�,,del civico n.,52,,Tamponamento Multiplo,Rettilineo,Pi� di due carreggiate,Asciutto,Asfaltata,Verticale ed orizzontale,Sereno,Intenso,Buona,Ore Diurne,0,0,0,5,12.5071,41.9132,-1,4,Autovettura privata,In marcia / fermata / arresto,Passeggero,F,Illeso,0,,,,
3977562,3,05/09/2018 03:50:00,Strada Urbana,PIAZZA ORAZIO MARUCCHI,all'intersezione con,VIA RODOLFO LANCIANI,VIA RODOLFO LANCIANI,,,Scontro frontale/laterale DX fra veicoli in marcia,Rotatoria,Una carreggiata a senso unico di marcia,Asciutto,Asfaltata,Verticale ed orizzontale,Sereno,Scarso,Buona,Sufficiente,0,0,0,3,12.5213,41.9208,-1,1,Autovettura di polizia,In marcia / fermata / arresto,Conducente,M,Illeso,0,,Non accertato,Inesploso,
3977562,3,05/09/2018 03:50:00,Strada Urbana,PIAZZA ORAZIO MARUCCHI,all'intersezione con,VIA RODOLFO LANCIANI,VIA RODOLFO LANCIANI,,,Scontro frontale/laterale DX fra veicoli in marcia,Rotatoria,Una carreggiata a senso unico di marcia,Asciutto,Asfaltata,Verticale ed orizzontale,Sereno,Scarso,Buona,Sufficiente,0,0,0,3,12.5213,41.9208,-1,1,Autovettura di polizia,In marcia / fermata / arresto,Passeggero,M,Illeso,0,,Non accertato,Inesploso,
3977562,3,05/09/2018 03:50:00,Strada Urbana,PIAZZA ORAZIO MARUCCHI,all'intersezione con,VIA RODOLFO LANCIANI,VIA RODOLFO LANCIANI,,,Scontro frontale/laterale DX fra veicoli in marcia,Rotatoria,Una carreggiata a senso unico di marcia,Asciutto,Asfaltata,Verticale ed orizzontale,Sereno,Scarso,Buona,Sufficiente,0,0,0,3,12.5213,41.9208,-1,2,Autovettura privata,In marcia / fermata / arresto,Conducente,M,Illeso,0,,Non accertato,Inesploso,
3977569,12,05/09/2018 12:35:00,Regionale,VIA PONTINA,da specificare,,,,carreggiata laretale dr Roma prox v.Valle di Perna,Scontro frontale/laterale DX fra veicoli in marcia,Rettilineo,Una carreggiata a doppio senso,Asciutto,Asfaltata,Orizzontale,Sereno,Normale,Buona,Ore Diurne,3,0,0,1,12.7972,41.5094,-1,1,Autovettura privata,In marcia / fermata / arresto,Conducente,M,Illeso,0,,,Esploso,
3977569,12,05/09/2018 12:35:00,Regionale,VIA PONTINA,da specificare,,,,carreggiata laretale dr Roma prox v.Valle di Perna,Scontro frontale/laterale DX fra veicoli in marcia,Rettilineo,Una carreggiata a doppio senso,Asciutto,Asfaltata,Orizzontale,Sereno,Normale,Buona,Ore Diurne,3,0,0,1,12.7972,41.5094,-1,2,Autovettura privata,In marcia / fermata / arresto,Conducente,M,Rimandato,0,NON DECEDUTO,,Esploso,
3977569,12,05/09/2018 12:35:00,Regionale,VIA PONTINA,da specificare,,,,carreggiata laretale dr Roma prox v.Valle di Perna,Scontro frontale/laterale DX fra veicoli in marcia,Rettilineo,Una carreggiata a doppio senso,Asciutto,Asfaltata,Orizzontale,Sereno,Normale,Buona,Ore Diurne,3,0,0,1,12.7972,41.5094,-1,2,Autovettura privata,In marcia / fermata / arresto,Passeggero,M,Rimandato,0,NON DECEDUTO,Utilizzato,Esploso,
3977569,12,05/09/2018 12:35:00,Regionale,VIA PONTINA,da specificare,,,,carreggiata laretale dr Roma prox v.Valle di Perna,Scontro frontale/laterale DX fra veicoli in marcia,Rettilineo,Una carreggiata a doppio senso,Asciutto,Asfaltata,Orizzontale,Sereno,Normale,Buona,Ore Diurne,3,0,0,1,12.7972,41.5094,-1,2,Autovettura privata,In marcia / fermata / arresto,Passeggero,F,Rimandato,0,NON DECEDUTO,Non accertato,Inesploso,
3977581,23,06/09/2018 16:40:00,Strada Urbana,LUNGOTEVERE MARZIO,da specificare,,,,in prossimit� di Ponte Cavour,Scontro laterale fra veicoli in marcia,Rettilineo,Una carreggiata a senso unico di marcia,Asciutto,Asfaltata,Verticale ed orizzontale,Sereno,Normale,Buona,Ore Diurne,1,0,0,1,12.475,41.9049,-1,1,Motociclo a solo,In marcia / fermata / arresto,Conducente,M,Rimandato,0,NON DECEDUTO,Utilizzato,,
3977581,23,06/09/2018 16:40:00,Strada Urbana,LUNGOTEVERE MARZIO,da specificare,,,,in prossimit� di Ponte Cavour,Scontro laterale fra veicoli in marcia,Rettilineo,Una carreggiata a senso unico di marcia,Asciutto,Asfaltata,Verticale ed orizzontale,Sereno,Normale,Buona,Ore Diurne,1,0,0,1,12.475,41.9049,-1,2,Autovettura privata,In marcia / fermata / arresto,Conducente,M,Illeso,0,,Non accertato,Inesistente,
3977587,3,05/09/2018 08:30:00,Strada Urbana,VIA GAETANO MORONI,da specificare,,,,fr civ 16,Veicolo in marcia contro ostacolo fisso,Rettilineo,Una carreggiata a doppio senso,Asciutto,In cubetti di porfido,Verticale ed orizzontale,Sereno,Scarso,Buona,Ore Diurne,0,0,0,1,12.5204,41.9161,-1,1,Autovettura privata,In marcia / fermata / arresto,Conducente,M,Illeso,0,,Non accertato,Inesploso,
3977615,12,06/09/2018 20:40:00,Strada Urbana,VIA LAURENTINA,all'intersezione semaforizzata con,VIA CELINE,VIA CELINE,,,Tamponamento,Intersezione semaforizzata,Pi� di due carreggiate,Asciutto,Asfaltata,Verticale ed orizzontale,Sereno,Scarso,Buona,Insufficiente,1,0,0,1,12.485,41.8087,-1,1,Autovettura privata,In marcia / fermata / arresto,Conducente,F,Rimandato,0,NON DECEDUTO,,Inesploso,
3977615,12,06/09/2018 20:40:00,Strada Urbana,VIA LAURENTINA,all'intersezione semaforizzata con,VIA CELINE,VIA CELINE,,,Tamponamento,Intersezione semaforizzata,Pi� di due carreggiate,Asciutto,Asfaltata,Verticale ed orizzontale,Sereno,Scarso,Buona,Insufficiente,1,0,0,1,12.485,41.8087,-1,2,Autovettura privata,In marcia / fermata / arresto,Conducente,F,Illeso,0,,,,
3977832,12,06/09/2018 12:30:00,Strada Urbana,VIA ELIO VITTORINI,all'intersezione con,VIALE CESARE PAVESE,VIALE CESARE PAVESE,,,Investimento di pedone,Incrocio,Una carreggiata a doppio senso,Asciutto,Asfaltata,Verticale ed orizzontale,Sereno,Normale,Buona,Ore Diurne,0,0,0,3,12.4709,41.8183,-1,,,,Pedone,F,Illeso,0,,,,
3977832,12,06/09/2018 12:30:00,Strada Urbana,VIA ELIO VITTORINI,all'intersezione con,VIALE CESARE PAVESE,VIALE CESARE PAVESE,,,Investimento di pedone,Incrocio,Una carreggiata a doppio senso,Asciutto,Asfaltata,Verticale ed orizzontale,Sereno,Normale,Buona,Ore Diurne,0,0,0,3,12.4709,41.8183,-1,1,Autovettura privata,In marcia / fermata / arresto,Conducente,M,Illeso,0,,Non accertato,Inesploso,
3977832,12,06/09/2018 12:30:00,Strada Urbana,VIA ELIO VITTORINI,all'intersezione con,VIALE CESARE PAVESE,VIALE CESARE PAVESE,,,Investimento di pedone,Incrocio,Una carreggiata a doppio senso,Asciutto,Asfaltata,Verticale ed orizzontale,Sereno,Normale,Buona,Ore Diurne,0,0,0,3,12.4709,41.8183,-1,1,Autovettura privata,In marcia / fermata / arresto,Passeggero,F,Illeso,0,,Non accertato,Inesploso,
3977863,16,05/09/2018 20:20:00,Strada Urbana,VIA OTTAVIO GASPARRI,all'intersezione con,CIRCONVALLAZIONE GIANICOLENSE,CIRCONVALLAZIONE GIANICOLENSE,,,Tamponamento,Incrocio,Due carreggiate,Asciutto,Asfaltata,Verticale ed orizzontale,Sereno,Normale,Buona,Sufficiente,1,0,0,3,12.4419,41.8782,-1,1,Autovettura privata,In marcia / fermata / arresto,Conducente,M,Illeso,0,,Non accertato,,
3977863,16,05/09/2018 20:20:00,Strada Urbana,VIA OTTAVIO GASPARRI,all'intersezione con,CIRCONVALLAZIONE GIANICOLENSE,CIRCONVALLAZIONE GIANICOLENSE,,,Tamponamento,Incrocio,Due carreggiate,Asciutto,Asfaltata,Verticale ed orizzontale,Sereno,Normale,Buona,Sufficiente,1,0,0,3,12.4419,41.8782,-1,1,Autovettura privata,In marcia / fermata / arresto,Passeggero,F,Illeso,0,,Non accertato,,
3977863,16,05/09/2018 20:20:00,Strada Urbana,VIA OTTAVIO GASPARRI,all'intersezione con,CIRCONVALLAZIONE GIANICOLENSE,CIRCONVALLAZIONE GIANICOLENSE,,,Tamponamento,Incrocio,Due carreggiate,Asciutto,Asfaltata,Verticale ed orizzontale,Sereno,Normale,Buona,Sufficiente,1,0,0,3,12.4419,41.8782,-1,1,Autovettura privata,In marcia / fermata / arresto,Passeggero,M,Illeso,0,,Non accertato,,
3977863,16,05/09/2018 20:20:00,Strada Urbana,VIA OTTAVIO GASPARRI,all'intersezione con,CIRCONVALLAZIONE GIANICOLENSE,CIRCONVALLAZIONE GIANICOLENSE,,,Tamponamento,Incrocio,Due carreggiate,Asciutto,Asfaltata,Verticale ed orizzontale,Sereno,Normale,Buona,Sufficiente,1,0,0,3,12.4419,41.8782,-1,2,Motociclo a solo,In marcia / fermata / arresto,Conducente,F,Rimandato,0,NON DECEDUTO,Non accertato,,
3977899,12,06/09/2018 21:20:00,Strada Urbana,VIALE DELL'OCEANO INDIANO,all'intersezione con,VIA SUEZ,VIA SUEZ,,,Infortunio per caduta del veicolo,Intersezione semaforizzata,Una carreggiata a doppio senso,Asciutto,Asfaltata,Verticale ed orizzontale,Sereno,Normale,Buona,Sufficiente,1,0,0,2,12.4468,41.8233,-1,1,Motociclo con passeggero,In marcia / fermata / arresto,Conducente,M,Rimandato,0,NON DECEDUTO,Utilizzato,,
3977899,12,06/09/2018 21:20:00,Strada Urbana,VIALE DELL'OCEANO INDIANO,all'intersezione con,VIA SUEZ,VIA SUEZ,,,Infortunio per caduta del veicolo,Intersezione semaforizzata,Una carreggiata a doppio senso,Asciutto,Asfaltata,Verticale ed orizzontale,Sereno,Normale,Buona,Sufficiente,1,0,0,2,12.4468,41.8233,-1,2,Autovettura privata,In marcia / fermata / arresto,Conducente,M,Illeso,0,,,,
3977899,12,06/09/2018 21:20:00,Strada Urbana,VIALE DELL'OCEANO INDIANO,all'intersezione con,VIA SUEZ,VIA SUEZ,,,Infortunio per caduta del veicolo,Intersezione semaforizzata,Una carreggiata a doppio senso,Asciutto,Asfaltata,Verticale ed orizzontale,Sereno,Normale,Buona,Sufficiente,1,0,0,2,12.4468,41.8233,-1,2,Autovettura privata,In marcia / fermata / arresto,Passeggero,M,Illeso,0,,,,
3977902,18,07/09/2018 08:00:00,Strada Urbana,VIA GREGORIO VII,da specificare,,,,inversione di marcia pross. civ. 601,Scontro frontale/laterale DX fra veicoli in marcia,Pendenza,Pi� di due carreggiate,Asciutto,Asfaltata,Verticale ed orizzontale,Sereno,Normale,Buona,Ore Diurne,1,0,0,1,12.431,41.8943,-1,1,Autocarro inferiore 35 q.,In marcia / fermata / arresto,Conducente,M,Illeso,0,,Non accertato,Inesistente,
3977902,18,07/09/2018 08:00:00,Strada Urbana,VIA GREGORIO VII,da specificare,,,,inversione di marcia pross. civ. 601,Scontro frontale/laterale DX fra veicoli in marcia,Pendenza,Pi� di due carreggiate,Asciutto,Asfaltata,Verticale ed orizzontale,Sereno,Normale,Buona,Ore Diurne,1,0,0,1,12.431,41.8943,-1,2,Motociclo a solo,In marcia / fermata / arresto,Conducente,M,Rimandato,0,NON DECEDUTO,,,
3977910,6,07/09/2018 15:00:00,Strada Urbana,VIA DELLA MARRANELLA,in prossimit�,,del civico n.,104,,Veicolo in marcia contro veicolo in sosta,Rettilineo,Una carreggiata a senso unico di marcia,Asciutto,Asfaltata,Orizzontale,Nuvoloso,Scarso,Buona,Ore Diurne,0,0,0,1,12.5424,41.8832,-1,1,Autocarro inferiore 35 q.,In marcia / fermata / arresto,Conducente,M,Illeso,0,,Non accertato,Inesploso,
3977937,17,04/09/2018 15:45:00,Strada Urbana,PONTE CAVOUR,all'intersezione semaforizzata con,LUNGOTEVERE DEI MELLINI,LUNGOTEVERE DEI MELLINI,,,Tamponamento,Intersezione semaforizzata,Una carreggiata a doppio senso,Asciutto,Acciotolata,Verticale ed orizzontale,Sereno,Normale,Buona,Ore Diurne,1,0,0,2,12.4736,41.905,-1,1,Autobus urbano,In marcia / fermata / arresto,Conducente,M,Illeso,0,,,,
3977937,17,04/09/2018 15:45:00,Strada Urbana,PONTE CAVOUR,all'intersezione semaforizzata con,LUNGOTEVERE DEI MELLINI,LUNGOTEVERE DEI MELLINI,,,Tamponamento,Intersezione semaforizzata,Una carreggiata a doppio senso,Asciutto,Acciotolata,Verticale ed orizzontale,Sereno,Normale,Buona,Ore Diurne,1,0,0,2,12.4736,41.905,-1,1,Autobus urbano,In marcia / fermata / arresto,Passeggero,F,Rimandato,0,NON DECEDUTO,,,
3977937,17,04/09/2018 15:45:00,Strada Urbana,PONTE CAVOUR,all'intersezione semaforizzata con,LUNGOTEVERE DEI MELLINI,LUNGOTEVERE DEI MELLINI,,,Tamponamento,Intersezione semaforizzata,Una carreggiata a doppio senso,Asciutto,Acciotolata,Verticale ed orizzontale,Sereno,Normale,Buona,Ore Diurne,1,0,0,2,12.4736,41.905,-1,2,Autovettura privata,In marcia / fermata / arresto,Conducente,F,Illeso,0,,,,
3977958,11,07/09/2018 08:20:00,Strada Urbana,VIA GABRIELLO CHIABRERA,all'intersezione con,VIA SILVIO D'AMICO,VIA SILVIO D'AMICO,,,Scontro frontale/laterale SX fra veicoli in marcia,Intersezione stradale segnalata,Due carreggiate,Asciutto,Asfaltata,Verticale ed orizzontale,Nuvoloso,Normale,Buona,Ore Diurne,0,0,0,2,12.4787,41.8517,-1,1,Autovettura privata,In marcia / fermata / arresto,Conducente,F,Illeso,0,,,,
3977958,11,07/09/2018 08:20:00,Strada Urbana,VIA GABRIELLO CHIABRERA,all'intersezione con,VIA SILVIO D'AMICO,VIA SILVIO D'AMICO,,,Scontro frontale/laterale SX fra veicoli in marcia,Intersezione stradale segnalata,Due carreggiate,Asciutto,Asfaltata,Verticale ed orizzontale,Nuvoloso,Normale,Buona,Ore Diurne,0,0,0,2,12.4787,41.8517,-1,2,Autovettura privata,In marcia / fermata / arresto,Conducente,F,Illeso,0,,,,
3977965,9,07/09/2018 14:30:00,Strada Urbana,VIA PANNONIA,all'intersezione con,VIA TRACIA,VIA TRACIA,,,Scontro frontale/laterale SX fra veicoli in marcia,Incrocio,Una carreggiata a doppio senso,Asciutto,Asfaltata,Verticale ed orizzontale,Nuvoloso,Normale,Buona,Ore Diurne,0,0,0,2,12.5002,41.881,-1,1,Autovettura privata,In marcia / fermata / arresto,Conducente,F,Illeso,0,,Utilizzato,Inesploso,
3977965,9,07/09/2018 14:30:00,Strada Urbana,VIA PANNONIA,all'intersezione con,VIA TRACIA,VIA TRACIA,,,Scontro frontale/laterale SX fra veicoli in marcia,Incrocio,Una carreggiata a doppio senso,Asciutto,Asfaltata,Verticale ed orizzontale,Nuvoloso,Normale,Buona,Ore Diurne,0,0,0,2,12.5002,41.881,-1,2,Autovettura privata,In marcia / fermata / arresto,Conducente,M,Illeso,0,,Utilizzato,Inesploso,
3977970,11,07/09/2018 09:45:00,Strada Urbana,VIA ROSA GUARNIERI CARDUCCI,all'intersezione con,VIA ROSA RAIMONDI GARIBALDI,VIA ROSA RAIMONDI GARIBALDI,,,Scontro frontale/laterale DX fra veicoli in marcia,Intersezione stradale segnalata,Una carreggiata a doppio senso,Asciutto,Asfaltata,Verticale ed orizzontale,Nuvoloso,Normale,Buona,Ore Diurne,0,0,0,1,12.4909,41.8576,-1,1,Autovettura privata,In marcia / fermata / arresto,Conducente,M,Illeso,0,,Non accertato,,
3977983,16,06/09/2018 01:30:00,Strada Urbana,VIA FEDERICO OZANAM,in prossimit�,,del civico n.,75,,Veicolo in marcia contro veicoli in sosta,Rettilineo,Una carreggiata a doppio senso,Asciutto,Asfaltata,Verticale ed orizzontale,Sereno,Scarso,Sufficiente,Sufficiente,0,0,0,1,12.4494,41.8771,-1,1,Autovettura pubblica,In marcia / fermata / arresto,Conducente,M,Illeso,0,,Non accertato,,
3977989,19,07/09/2018 12:30:00,Strada Urbana,VIA DI TORREVECCHIA,in prossimit�,,del civico n.,141/a,,Tamponamento,Rettilineo,Una carreggiata a doppio senso,Asciutto,Asfaltata,Orizzontale,Nuvoloso,Normale,Buona,Ore Diurne,1,0,0,2,12.4197,41.9329,-1,1,Autovettura privata,In marcia / fermata / arresto,Conducente,F,Illeso,0,,Non accertato,Inesploso,
3977989,19,07/09/2018 12:30:00,Strada Urbana,VIA DI TORREVECCHIA,in prossimit�,,del civico n.,141/a,,Tamponamento,Rettilineo,Una carreggiata a doppio senso,Asciutto,Asfaltata,Orizzontale,Nuvoloso,Normale,Buona,Ore Diurne,1,0,0,2,12.4197,41.9329,-1,1,Autovettura privata,In marcia / fermata / arresto,Passeggero,M,Illeso,0,,Non accertato,Inesploso,
3977989,19,07/09/2018 12:30:00,Strada Urbana,VIA DI TORREVECCHIA,in prossimit�,,del civico n.,141/a,,Tamponamento,Rettilineo,Una carreggiata a doppio senso,Asciutto,Asfaltata,Orizzontale,Nuvoloso,Normale,Buona,Ore Diurne,1,0,0,2,12.4197,41.9329,-1,2,Motociclo a solo,In marcia / fermata / arresto,Conducente,M,Rimandato,0,NON DECEDUTO,Non accertato,,