Protocollo,Gruppo,DataOraIncidente,Localizzazione1,STRADA1,Localizzazione2,STRADA2,Strada02,Chilometrica,DaSpecificare,NaturaIncidente,particolaritastrade,TipoStrada,FondoStradale,Pavimentazione,Segnaletica,CondizioneAtmosferica,Traffico,Visibilita,Illuminazione,NUM_FERITI,NUM_RISERVATA,NUM_MORTI,NUM_ILLESI,Longitudine,Latitudine,Confermato,Progressivo,TipoVeicolo,StatoVeicolo,TipoPersona,Sesso,Tipolesione,Deceduto,DecedutoDopo,CinturaCascoUtilizzato,Airbag,
3978000,11,07/09/2018 10:15:00,Strada Urbana,VIA OSTIENSE,in corrispondenza,,del civico n.,139,,Scontro laterale fra veicoli in marcia,Rettilineo,Pi� di due carreggiate,Asciutto,Asfaltata,Verticale ed orizzontale,Sereno,Normale,Buona,Ore Diurne,0,0,0,2,12.4794,41.8638,-1,1,Quadriciclo leggero,In marcia / fermata / arresto,Conducente,M,Illeso,0,,,,
3978000,11,07/09/2018 10:15:00,Strada Urbana,VIA OSTIENSE,in corrispondenza,,del civico n.,139,,Scontro laterale fra veicoli in marcia,Rettilineo,Pi� di due carreggiate,Asciutto,Asfaltata,Verticale ed orizzontale,Sereno,Normale,Buona,Ore Diurne,0,0,0,2,12.4794,41.8638,-1,2,Autovettura privata,In marcia / fermata / arresto,Conducente,F,Illeso,0,,,,
3978017,11,07/09/2018 10:45:00,Strada Urbana,LARGO LEONARDO DA VINCI,in prossimit�,,del civico n.,5,,Scontro laterale fra veicoli in marcia,Rettilineo,Una carreggiata a senso unico di marcia,Asciutto,Asfaltata,Verticale ed orizzontale,Nuvoloso,Normale,Buona,Ore Diurne,0,0,0,3,12.4808,41.8568,-1,1,Autovettura privata,In marcia / fermata / arresto,Conducente,F,Illeso,0,,Non accertato,,
3978017,11,07/09/2018 10:45:00,Strada Urbana,LARGO LEONARDO DA VINCI,in prossimit�,,del civico n.,5,,Scontro laterale fra veicoli in marcia,Rettilineo,Una carreggiata a senso unico di marcia,Asciutto,Asfaltata,Verticale ed orizzontale,Nuvoloso,Normale,Buona,Ore Diurne,0,0,0,3,12.4808,41.8568,-1,2,Autovettura privata,In marcia / fermata / arresto,Conducente,M,Illeso,0,,Non accertato,,
3978017,11,07/09/2018 10:45:00,Strada Urbana,LARGO LEONARDO DA VINCI,in prossimit�,,del civico n.,5,,Scontro laterale fra veicoli in marcia,Rettilineo,Una carreggiata a senso unico di marcia,Asciutto,Asfaltata,Verticale ed orizzontale,Nuvoloso,Normale,Buona,Ore Diurne,0,0,0,3,12.4808,41.8568,-1,2,Autovettura privata,In marcia / fermata / arresto,Passeggero,M,Illeso,0,,Non accertato,,
3978018,12,07/09/2018 13:20:00,Strada Urbana,VIA CINA,in corrispondenza,,del civico n.,91,,Scontro laterale fra veicoli in marcia,Pendenza,Una carreggiata a doppio senso,Asciutto,Asfaltata,Verticale ed orizzontale,Sereno,Normale,Buona,Ore Diurne,0,0,0,2,12.4358,41.8132,-1,1,Autovettura privata,In marcia / fermata / arresto,Conducente,M,Illeso,0,,Non accertato,Inesploso,
3978018,12,07/09/2018 13:20:00,Strada Urbana,VIA CINA,in corrispondenza,,del civico n.,91,,Scontro laterale fra veicoli in marcia,Pendenza,Una carreggiata a doppio senso,Asciutto,Asfaltata,Verticale ed orizzontale,Sereno,Normale,Buona,Ore Diurne,0,0,0,2,12.4358,41.8132,-1,2,Autovettura privata,In marcia / fermata / arresto,Conducente,F,Illeso,0,,Non accertato,Inesploso,
3978178,16,07/09/2018 07:00:00,Strada Urbana,VIA GIUSEPPE GHISLIERI,in corrispondenza,,del civico n.,21,,Veicolo in marcia contro veicoli in sosta,Rettilineo,Una carreggiata a senso unico di marcia,Bagnato (umidit� in atto),Asfaltata,Verticale ed orizzontale,Sereno,Normale,Buona,Ore Diurne,0,0,0,2,12.4495,41.8753,-1,3,Autovettura privata,In marcia / fermata / arresto,Conducente,F,Illeso,0,,Non accertato,Esploso,
3978178,16,07/09/2018 07:00:00,Strada Urbana,VIA GIUSEPPE GHISLIERI,in corrispondenza,,del civico n.,21,,Veicolo in marcia contro veicoli in sosta,Rettilineo,Una carreggiata a senso unico di marcia,Bagnato (umidit� in atto),Asfaltata,Verticale ed orizzontale,Sereno,Normale,Buona,Ore Diurne,0,0,0,2,12.4495,41.8753,-1,3,Autovettura privata,In marcia / fermata / arresto,Passeggero,F,Illeso,0,,Non accertato,,
3978190,16,06/09/2018 09:15:00,Strada Urbana,VIA VIRGINIA AGNELLI,all'intersezione con,VIA RAFFAELE BATTISTINI,VIA RAFFAELE BATTISTINI,,,Scontro laterale fra veicoli in marcia,Intersezione non regolata/non segnalata,Due carreggiate,Asciutto,Asfaltata,Orizzontale,Sereno,Normale,Buona,Ore Diurne,0,0,0,2,12.4461,41.8624,-1,1,Autovettura privata,In marcia / fermata / arresto,Conducente,M,Illeso,0,,Non accertato,Inesploso,
3978190,16,06/09/2018 09:15:00,Strada Urbana,VIA VIRGINIA AGNELLI,all'intersezione con,VIA RAFFAELE BATTISTINI,VIA RAFFAELE BATTISTINI,,,Scontro laterale fra veicoli in marcia,Intersezione non regolata/non segnalata,Due carreggiate,Asciutto,Asfaltata,Orizzontale,Sereno,Normale,Buona,Ore Diurne,0,0,0,2,12.4461,41.8624,-1,2,Autovettura privata,In marcia / fermata / arresto,Conducente,F,Illeso,0,,Non accertato,Inesploso,
3978193,7,07/09/2018 12:30:00,Strada Urbana,VIA DEI FIORI,all'intersezione con,VIA DEL CAMPO,VIA DEL CAMPO,,,Scontro frontale/laterale SX fra veicoli in marcia,Incrocio,Una carreggiata a senso unico di marcia,Asciutto,Asfaltata,Verticale ed orizzontale,Sereno,Normale,Buona,Ore Diurne,0,0,0,2,12.5773,41.8768,-1,1,Autovettura privata,In marcia / fermata / arresto,Conducente,M,Illeso,0,,Non accertato,Inesploso,
3978193,7,07/09/2018 12:30:00,Strada Urbana,VIA DEI FIORI,all'intersezione con,VIA DEL CAMPO,VIA DEL CAMPO,,,Scontro frontale/laterale SX fra veicoli in marcia,Incrocio,Una carreggiata a senso unico di marcia,Asciutto,Asfaltata,Verticale ed orizzontale,Sereno,Normale,Buona,Ore Diurne,0,0,0,2,12.5773,41.8768,-1,2,Autovettura privata,In marcia / fermata / arresto,Conducente,F,Illeso,0,,Non accertato,Inesploso,
3978215,20,07/09/2018 11:45:00,Strada Urbana,VIA FLAMINIA NUOVA,in prossimit�,,del civico n.,f.c. 297,,Tamponamento Multiplo,Rettilineo,Una carreggiata a doppio senso,Asciutto,Asfaltata,Verticale ed orizzontale,Sereno,Normale,Buona,Ore Diurne,2,0,0,2,12.4792,41.9609,-1,1,Autovettura privata,In marcia / fermata / arresto,Conducente,M,Illeso,0,,,,
3978215,20,07/09/2018 11:45:00,Strada Urbana,VIA FLAMINIA NUOVA,in prossimit�,,del civico n.,f.c. 297,,Tamponamento Multiplo,Rettilineo,Una carreggiata a doppio senso,Asciutto,Asfaltata,Verticale ed orizzontale,Sereno,Normale,Buona,Ore Diurne,2,0,0,2,12.4792,41.9609,-1,2,Autovettura privata,In marcia / fermata / arresto,Conducente,M,Rimandato,0,NON DECEDUTO,,,
3978215,20,07/09/2018 11:45:00,Strada Urbana,VIA FLAMINIA NUOVA,in prossimit�,,del civico n.,f.c. 297,,Tamponamento Multiplo,Rettilineo,Una carreggiata a doppio senso,Asciutto,Asfaltata,Verticale ed orizzontale,Sereno,Normale,Buona,Ore Diurne,2,0,0,2,12.4792,41.9609,-1,2,Autovettura privata,In marcia / fermata / arresto,Passeggero,F,Rimandato,0,NON DECEDUTO,,,
3978215,20,07/09/2018 11:45:00,Strada Urbana,VIA FLAMINIA NUOVA,in prossimit�,,del civico n.,f.c. 297,,Tamponamento Multiplo,Rettilineo,Una carreggiata a doppio senso,Asciutto,Asfaltata,Verticale ed orizzontale,Sereno,Normale,Buona,Ore Diurne,2,0,0,2,12.4792,41.9609,-1,3,Autovettura privata,In marcia / fermata / arresto,Conducente,M,Illeso,0,,,,
3978219,10,07/09/2018 18:00:00,Strada Urbana,VIA DELLE CAPANNELLE,da specificare,,,,intersezione strada privata civ. 136,Scontro frontale/laterale DX fra veicoli in marcia,Rettilineo,Una carreggiata a doppio senso,Asciutto,Asfaltata,Assente,Sereno,Intenso,Buona,Sufficiente,1,0,0,1,12.5713,41.8352,-1,1,Autovettura privata,In marcia / fermata / arresto,Conducente,F,Illeso,0,,Non accertato,Inesploso,
3978219,10,07/09/2018 18:00:00,Strada Urbana,VIA DELLE CAPANNELLE,da specificare,,,,intersezione strada privata civ. 136,Scontro frontale/laterale DX fra veicoli in marcia,Rettilineo,Una carreggiata a doppio senso,Asciutto,Asfaltata,Assente,Sereno,Intenso,Buona,Sufficiente,1,0,0,1,12.5713,41.8352,-1,2,Motociclo a solo,In marcia / fermata / arresto,Conducente,M,Rimandato,0,NON DECEDUTO,Non accertato,,
3978228,17,05/09/2018 14:15:00,Strada Urbana,VIA ANDREA DORIA,in prossimit�,,del civico n.,4,,Tamponamento,Rettilineo,Una carreggiata a doppio senso,Asciutto,Asfaltata,Verticale ed orizzontale,Sereno,Normale,Sufficiente,Ore Diurne,0,0,0,3,12.4545,41.9103,0,1,Autovettura privata,In marcia / fermata / arresto,Conducente,M,Illeso,0,,,,
3978228,17,05/09/2018 14:15:00,Strada Urbana,VIA ANDREA DORIA,in prossimit�,,del civico n.,4,,Tamponamento,Rettilineo,Una carreggiata a doppio senso,Asciutto,Asfaltata,Verticale ed orizzontale,Sereno,Normale,Sufficiente,Ore Diurne,0,0,0,3,12.4545,41.9103,0,1,Autovettura privata,In marcia / fermata / arresto,Passeggero,F,Illeso,0,,,,
3978228,17,05/09/2018 14:15:00,Strada Urbana,VIA ANDREA DORIA,in prossimit�,,del civico n.,4,,Tamponamento,Rettilineo,Una carreggiata a doppio senso,Asciutto,Asfaltata,Verticale ed orizzontale,Sereno,Normale,Sufficiente,Ore Diurne,0,0,0,3,12.4545,41.9103,0,1,Autovettura privata,In marcia / fermata / arresto,Passeggero,M,Illeso,0,,,,
3978236,20,07/09/2018 09:05:00,Regionale entro l'abitato,VIA CASSIA,all'intersezione con,VIA GIACOMO ANDREASSI,VIA GIACOMO ANDREASSI,,,Scontro frontale/laterale SX fra veicoli in marcia,Incrocio,Una carreggiata a doppio senso,Asciutto,Asfaltata,Verticale ed orizzontale,Nuvoloso,Intenso,Buona,Ore Diurne,1,0,0,1,12.3949,42.002,-1,1,Autovettura privata,In marcia / fermata / arresto,Conducente,F,Illeso,0,,Non accertato,Inesploso,
3978236,20,07/09/2018 09:05:00,Regionale entro l'abitato,VIA CASSIA,all'intersezione con,VIA GIACOMO ANDREASSI,VIA GIACOMO ANDREASSI,,,Scontro frontale/laterale SX fra veicoli in marcia,Incrocio,Una carreggiata a doppio senso,Asciutto,Asfaltata,Verticale ed orizzontale,Nuvoloso,Intenso,Buona,Ore Diurne,1,0,0,1,12.3949,42.002,-1,2,Ciclomotore,In marcia / fermata / arresto,Conducente,M,Rimandato,0,NON DECEDUTO,Non accertato,,
3978281,17,06/09/2018 14:47:00,Strada Urbana,VIALE GIUSEPPE MAZZINI,in corrispondenza,,del civico n.,80,,Investimento di pedone,Rettilineo,Una carreggiata a senso unico di marcia,Asciutto,Asfaltata,Verticale ed orizzontale,Sereno,Normale,Buona,Ore Diurne,1,0,0,1,12.4628,41.9158,-1,,,,Pedone,F,Rimandato,0,NON DECEDUTO,,,
3978281,17,06/09/2018 14:47:00,Strada Urbana,VIALE GIUSEPPE MAZZINI,in corrispondenza,,del civico n.,80,,Investimento di pedone,Rettilineo,Una carreggiata a senso unico di marcia,Asciutto,Asfaltata,Verticale ed orizzontale,Sereno,Normale,Buona,Ore Diurne,1,0,0,1,12.4628,41.9158,-1,1,Autovettura privata,In marcia / fermata / arresto,Conducente,M,Illeso,0,,,,
3978310,17,06/09/2018 15:25:00,Strada Urbana,PONTE CAVOUR,all'intersezione semaforizzata con,LUNGOTEVERE PRATI,LUNGOTEVERE PRATI,,,Veicolo in marcia contro veicolo arresto,Intersezione semaforizzata,Una carreggiata a doppio senso,Asciutto,Asfaltata,Verticale ed orizzontale,Sereno,Intenso,Buona,Ore Diurne,0,0,0,4,12.4734,41.905,-1,1,Autovettura di polizia,In marcia / fermata / arresto,Conducente,M,Illeso,0,,,,
3978310,17,06/09/2018 15:25:00,Strada Urbana,PONTE CAVOUR,all'intersezione semaforizzata con,LUNGOTEVERE PRATI,LUNGOTEVERE PRATI,,,Veicolo in marcia contro veicolo arresto,Intersezione semaforizzata,Una carreggiata a doppio senso,Asciutto,Asfaltata,Verticale ed orizzontale,Sereno,Intenso,Buona,Ore Diurne,0,0,0,4,12.4734,41.905,-1,1,Autovettura di polizia,In marcia / fermata / arresto,Passeggero,M,Illeso,0,,,,
3978310,17,06/09/2018 15:25:00,Strada Urbana,PONTE CAVOUR,all'intersezione semaforizzata con,LUNGOTEVERE PRATI,LUNGOTEVERE PRATI,,,Veicolo in marcia contro veicolo arresto,Intersezione semaforizzata,Una carreggiata a doppio senso,Asciutto,Asfaltata,Verticale ed orizzontale,Sereno,Intenso,Buona,Ore Diurne,0,0,0,4,12.4734,41.905,-1,2,Autobus turistico,In marcia / fermata / arresto,Conducente,M,Illeso,0,,,,
3978310,17,06/09/2018 15:25:00,Strada Urbana,PONTE CAVOUR,all'intersezione semaforizzata con,LUNGOTEVERE PRATI,LUNGOTEVERE PRATI,,,Veicolo in marcia contro veicolo arresto,Intersezione semaforizzata,Una carreggiata a doppio senso,Asciutto,Asfaltata,Verticale ed orizzontale,Sereno,Intenso,Buona,Ore Diurne,0,0,0,4,12.4734,41.905,-1,2,Autobus turistico,In marcia / fermata / arresto,Passeggero,M,Illeso,0,,,,
3978313,12,07/09/2018 17:45:00,Strada Urbana,VIALE DELLA GRANDE MURAGLIA,in prossimit�,,del civico n.,302,,Scontro laterale fra veicoli in marcia,Rettilineo,Pi� di due carreggiate,Asciutto,Asfaltata,Verticale ed orizzontale,Sereno,Normale,Buona,Ore Diurne,1,0,0,2,12.4474,41.8163,-1,1,Motociclo con passeggero,In marcia / fermata / arresto,Conducente,M,Illeso,0,,Non accertato,,
3978313,12,07/09/2018 17:45:00,Strada Urbana,VIALE DELLA GRANDE MURAGLIA,in prossimit�,,del civico n.,302,,Scontro laterale fra veicoli in marcia,Rettilineo,Pi� di due carreggiate,Asciutto,Asfaltata,Verticale ed orizzontale,Sereno,Normale,Buona,Ore Diurne,1,0,0,2,12.4474,41.8163,-1,1,Motociclo con passeggero,In marcia / fermata / arresto,Passeggero,F,Rimandato,0,NON DECEDUTO,Non accertato,,
3978313,12,07/09/2018 17:45:00,Strada Urbana,VIALE DELLA GRANDE MURAGLIA,in prossimit�,,del civico n.,302,,Scontro laterale fra veicoli in marcia,Rettilineo,Pi� di due carreggiate,Asciutto,Asfaltata,Verticale ed orizzontale,Sereno,Normale,Buona,Ore Diurne,1,0,0,2,12.4474,41.8163,-1,2,Autovettura privata,In marcia / fermata / arresto,Conducente,M,Illeso,0,,Non accertato,Inesploso,
3978418,10,07/09/2018 22:50:00,Strada Urbana,VIA TUSCOLANA,da specificare,,,,in prossimit� di via Sestio Calvino,Veicolo in marcia contro ostacolo fisso,Rettilineo,Una carreggiata a senso unico di marcia,Asciutto,Asfaltata,Verticale ed orizzontale,Sereno,Scarso,Buona,Sufficiente,1,0,0,2,12.5662,41.8545,-1,1,Autovettura privata,In marcia / fermata / arresto,Conducente,M,Illeso,0,,Non accertato,Esploso,
3978418,10,07/09/2018 22:50:00,Strada Urbana,VIA TUSCOLANA,da specificare,,,,in prossimit� di via Sestio Calvino,Veicolo in marcia contro ostacolo fisso,Rettilineo,Una carreggiata a senso unico di marcia,Asciutto,Asfaltata,Verticale ed orizzontale,Sereno,Scarso,Buona,Sufficiente,1,0,0,2,12.5662,41.8545,-1,1,Autovettura privata,In marcia / fermata / arresto,Passeggero,F,Rimandato,0,NON DECEDUTO,Non accertato,Esploso,
3978418,10,07/09/2018 22:50:00,Strada Urbana,VIA TUSCOLANA,da specificare,,,,in prossimit� di via Sestio Calvino,Veicolo in marcia contro ostacolo fisso,Rettilineo,Una carreggiata a senso unico di marcia,Asciutto,Asfaltata,Verticale ed orizzontale,Sereno,Scarso,Buona,Sufficiente,1,0,0,2,12.5662,41.8545,-1,1,Autovettura privata,In marcia / fermata / arresto,Passeggero,M,Illeso,0,,Non accertato,Inesploso,
3978601,15,07/09/2018 16:50:00,Strada Urbana,VIA GIOVANNI PORZIO,in corrispondenza,,del civico n.,56,,Scontro frontale/laterale SX fra veicoli in marcia,Rettilineo,Una carreggiata a doppio senso,Asciutto,Asfaltata,Orizzontale,Sereno,Normale,Buona,Ore Diurne,1,0,0,1,12.4416,41.8422,-1,1,Autovettura privata,In marcia / fermata / arresto,Conducente,M,Illeso,0,,Utilizzato,,
3978601,15,07/09/2018 16:50:00,Strada Urbana,VIA GIOVANNI PORZIO,in corrispondenza,,del civico n.,56,,Scontro frontale/laterale SX fra veicoli in marcia,Rettilineo,Una carreggiata a doppio senso,Asciutto,Asfaltata,Orizzontale,Sereno,Normale,Buona,Ore Diurne,1,0,0,1,12.4416,41.8422,-1,4,Motociclo a solo,In marcia / fermata / arresto,Conducente,M,Ricoverato,0,NON DECEDUTO,Utilizzato,,
3978606,11,08/09/2018 03:45:00,Strada Urbana,VIALE DEL TINTORETTO,all'intersezione con,VIA ALESSIO BALDOVINETTI,VIA ALESSIO BALDOVINETTI,,,Fuoriuscita dalla sede stradale,Incrocio,Due carreggiate,Asciutto,Asfaltata,Verticale ed orizzontale,Sereno,Scarso,Sufficiente,Sufficiente,1,0,0,2,12.4948,41.8334,-1,1,Autovettura privata,In marcia / fermata / arresto,Conducente,M,Rimandato,0,NON DECEDUTO,,,
3978606,11,08/09/2018 03:45:00,Strada Urbana,VIALE DEL TINTORETTO,all'intersezione con,VIA ALESSIO BALDOVINETTI,VIA ALESSIO BALDOVINETTI,,,Fuoriuscita dalla sede stradale,Incrocio,Due carreggiate,Asciutto,Asfaltata,Verticale ed orizzontale,Sereno,Scarso,Sufficiente,Sufficiente,1,0,0,2,12.4948,41.8334,-1,1,Autovettura privata,In marcia / fermata / arresto,Passeggero,M,Illeso,0,,,,
3978606,11,08/09/2018 03:45:00,Strada Urbana,VIALE DEL TINTORETTO,all'intersezione con,VIA ALESSIO BALDOVINETTI,VIA ALESSIO BALDOVINETTI,,,Fuoriuscita dalla sede stradale,Incrocio,Due carreggiate,Asciutto,Asfaltata,Verticale ed orizzontale,Sereno,Scarso,Sufficiente,Sufficiente,1,0,0,2,12.4948,41.8334,-1,1,Autovettura privata,In marcia / fermata / arresto,Passeggero,M,Illeso,0,,,,
3978607,11,07/09/2018 17:10:00,Strada Urbana,VIALE DELLE ACCADEMIE,in corrispondenza,,del civico n.,63,,Veicolo in marcia contro veicolo in sosta,Rettilineo,Una carreggiata a doppio senso,Asciutto,Asfaltata,Assente,Nuvoloso,Normale,Buona,Ore Diurne,0,0,0,1,12.492,41.8518,0,1,Autovettura privata,In marcia / fermata / arresto,Conducente,M,Illeso,0,,Non accertato,,
3978608,15,07/09/2018 15:20:00,Strada Urbana,VIA PORTUENSE,all'intersezione con,VIA GIACOMO FOLCHI,VIA GIACOMO FOLCHI,,,Investimento di pedone,Intersezione semaforizzata,Una carreggiata a doppio senso,Asciutto,Asfaltata,Orizzontale,Sereno,Normale,Buona,Ore Diurne,2,0,0,2,12.414,41.847,-1,,,,Pedone,F,Illeso,0,,,,
3978608,15,07/09/2018 15:20:00,Strada Urbana,VIA PORTUENSE,all'intersezione con,VIA GIACOMO FOLCHI,VIA GIACOMO FOLCHI,,,Investimento di pedone,Intersezione semaforizzata,Una carreggiata a doppio senso,Asciutto,Asfaltata,Orizzontale,Sereno,Normale,Buona,Ore Diurne,2,0,0,2,12.414,41.847,-1,,,,Pedone,F,Ricoverato,0,NON DECEDUTO,,,
3978608,15,07/09/2018 15:20:00,Strada Urbana,VIA PORTUENSE,all'intersezione con,VIA GIACOMO FOLCHI,VIA GIACOMO FOLCHI,,,Investimento di pedone,Intersezione semaforizzata,Una carreggiata a doppio senso,Asciutto,Asfaltata,Orizzontale,Sereno,Normale,Buona,Ore Diurne,2,0,0,2,12.414,41.847,-1,1,Autovettura privata,In marcia / fermata / arresto,Conducente,F,Rimandato,0,NON DECEDUTO,Utilizzato,,
3978608,15,07/09/2018 15:20:00,Strada Urbana,VIA PORTUENSE,all'intersezione con,VIA GIACOMO FOLCHI,VIA GIACOMO FOLCHI,,,Investimento di pedone,Intersezione semaforizzata,Una carreggiata a doppio senso,Asciutto,Asfaltata,Orizzontale,Sereno,Normale,Buona,Ore Diurne,2,0,0,2,12.414,41.847,-1,1,Autovettura privata,In marcia / fermata / arresto,Passeggero,M,Illeso,0,,Utilizzato,,
3978614,15,07/09/2018 12:35:00,Strada Urbana,VIA POGGIO VERDE,all'intersezione con,LARGO EMILIO QUADRELLI,LARGO EMILIO QUADRELLI,,,Scontro frontale/laterale DX fra veicoli in marcia,Incrocio,Una carreggiata a senso unico di marcia,Asciutto,Asfaltata,Verticale ed orizzontale,Sereno,Normale,Buona,Ore Diurne,0,0,0,3,12.4159,41.8534,-1,1,Motociclo con passeggero,In marcia / fermata / arresto,Conducente,M,Illeso,0,,,,
3978614,15,07/09/2018 12:35:00,Strada Urbana,VIA POGGIO VERDE,all'intersezione con,LARGO EMILIO QUADRELLI,LARGO EMILIO QUADRELLI,,,Scontro frontale/laterale DX fra veicoli in marcia,Incrocio,Una carreggiata a senso unico di marcia,Asciutto,Asfaltata,Verticale ed orizzontale,Sereno,Normale,Buona,Ore Diurne,0,0,0,3,12.4159,41.8534,-1,1,Motociclo con passeggero,In marcia / fermata / arresto,Passeggero,F,Illeso,0,,,,
3978614,15,07/09/2018 12:35:00,Strada Urbana,VIA POGGIO VERDE,all'intersezione con,LARGO EMILIO QUADRELLI,LARGO EMILIO QUADRELLI,,,Scontro frontale/laterale DX fra veicoli in marcia,Incrocio,Una carreggiata a senso unico di marcia,Asciutto,Asfaltata,Verticale ed orizzontale,Sereno,Normale,Buona,Ore Diurne,0,0,0,3,12.4159,41.8534,-1,2,Autovettura privata,In marcia / fermata / arresto,Conducente,M,Illeso,0,,,,
3978628,7,07/09/2018 18:00:00,Strada Urbana,VIA GIOVANNI CAPRANESI,in prossimit�,,del civico n.,20,,Scontro frontale/laterale SX fra veicoli in marcia,Rettilineo,Una carreggiata a doppio senso,Asciutto,Asfaltata,Orizzontale,Sereno,Normale,Buona,Ore Diurne,0,0,0,3,12.6111,41.9035,-1,1,Autocarro inferiore 35 q.,In marcia / fermata / arresto,Conducente,M,Illeso,0,,Non accertato,Inesploso,
3978628,7,07/09/2018 18:00:00,Strada Urbana,VIA GIOVANNI CAPRANESI,in prossimit�,,del civico n.,20,,Scontro frontale/laterale SX fra veicoli in marcia,Rettilineo,Una carreggiata a doppio senso,Asciutto,Asfaltata,Orizzontale,Sereno,Normale,Buona,Ore Diurne,0,0,0,3,12.6111,41.9035,-1,2,Autovettura privata,In marcia / fermata / arresto,Conducente,M,Illeso,0,,Non accertato,Esploso,
3978628,7,07/09/2018 18:00:00,Strada Urbana,VIA GIOVANNI CAPRANESI,in prossimit�,,del civico n.,20,,Scontro frontale/laterale SX fra veicoli in marcia,Rettilineo,Una carreggiata a doppio senso,Asciutto,Asfaltata,Orizzontale,Sereno,Normale,Buona,Ore Diurne,0,0,0,3,12.6111,41.9035,-1,2,Autovettura privata,In marcia / fermata / arresto,Passeggero,F,Illeso,0,,Non accertato,Esploso,
3978631,13,07/09/2018 10:30:00,Strada Urbana,VIA OSTIENSE,da specificare,,,,circa 100 m dopo stazione Acilia direz. Roma,Tamponamento Multiplo,Rettilineo,Una carreggiata a senso unico di marcia,Asciutto,Asfaltata,Verticale ed orizzontale,Sereno,Intenso,Buona,Ore Diurne,4,0,0,4,12.3618,41.7835,-1,1,Autovettura privata,In marcia / fermata / arresto,Conducente,F,Illeso,0,,,,
3978631,13,07/09/2018 10:30:00,Strada Urbana,VIA OSTIENSE,da specificare,,,,circa 100 m dopo stazione Acilia direz. Roma,Tamponamento Multiplo,Rettilineo,Una carreggiata a senso unico di marcia,Asciutto,Asfaltata,Verticale ed orizzontale,Sereno,Intenso,Buona,Ore Diurne,4,0,0,4,12.3618,41.7835,-1,2,Autovettura privata,In marcia / fermata / arresto,Conducente,M,Illeso,0,,,,
3978631,13,07/09/2018 10:30:00,Strada Urbana,VIA OSTIENSE,da specificare,,,,circa 100 m dopo stazione Acilia direz. Roma,Tamponamento Multiplo,Rettilineo,Una carreggiata a senso unico di marcia,Asciutto,Asfaltata,Verticale ed orizzontale,Sereno,Intenso,Buona,Ore Diurne,4,0,0,4,12.3618,41.7835,-1,3,Autovettura privata,In marcia / fermata / arresto,Conducente,F,Illeso,0,,,,
3978631,13,07/09/2018 10:30:00,Strada Urbana,VIA OSTIENSE,da specificare,,,,circa 100 m dopo stazione Acilia direz. Roma,Tamponamento Multiplo,Rettilineo,Una carreggiata a senso unico di marcia,Asciutto,Asfaltata,Verticale ed orizzontale,Sereno,Intenso,Buona,Ore Diurne,4,0,0,4,12.3618,41.7835,-1,4,Autovettura privata,In marcia / fermata / arresto,Conducente,M,Rimandato,0,NON DECEDUTO,,,
3978631,13,07/09/2018 10:30:00,Strada Urbana,VIA OSTIENSE,da specificare,,,,circa 100 m dopo stazione Acilia direz. Roma,Tamponamento Multiplo,Rettilineo,Una carreggiata a senso unico di marcia,Asciutto,Asfaltata,Verticale ed orizzontale,Sereno,Intenso,Buona,Ore Diurne,4,0,0,4,12.3618,41.7835,-1,5,Autobus di linea,In marcia / fermata / arresto,Conducente,M,Illeso,0,,,,
3978631,13,07/09/2018 10:30:00,Strada Urbana,VIA OSTIENSE,da specificare,,,,circa 100 m dopo stazione Acilia direz. Roma,Tamponamento Multiplo,Rettilineo,Una carreggiata a senso unico di marcia,Asciutto,Asfaltata,Verticale ed orizzontale,Sereno,Intenso,Buona,Ore Diurne,4,0,0,4,12.3618,41.7835,-1,5,Autobus di linea,In marcia / fermata / arresto,Passeggero,F,Rimandato,0,NON DECEDUTO,,,
3978634,13,07/09/2018 18:40:00,Strada Urbana,VIA CAPO SPARTIVENTO,in corrispondenza,,del civico n.,123,,Scontro laterale fra veicoli in marcia,Rettilineo,Due carreggiate,Asciutto,Asfaltata,Assente,Sereno,Normale,Buona,Ore Diurne,0,0,0,5,12.2863,41.7384,-1,1,Autovettura privata,In marcia / fermata / arresto,Conducente,M,Illeso,0,,,,
3978634,13,07/09/2018 18:40:00,Strada Urbana,VIA CAPO SPARTIVENTO,in corrispondenza,,del civico n.,123,,Scontro laterale fra veicoli in marcia,Rettilineo,Due carreggiate,Asciutto,Asfaltata,Assente,Sereno,Normale,Buona,Ore Diurne,0,0,0,5,12.2863,41.7384,-1,1,Autovettura privata,In marcia / fermata / arresto,Passeggero,F,Illeso,0,,Non accertato,Inesploso,
3978634,13,07/09/2018 18:40:00,Strada Urbana,VIA CAPO SPARTIVENTO,in corrispondenza,,del civico n.,123,,Scontro laterale fra veicoli in marcia,Rettilineo,Due carreggiate,Asciutto,Asfaltata,Assente,Sereno,Normale,Buona,Ore Diurne,0,0,0,5,12.2863,41.7384,-1,1,Autovettura privata,In marcia / fermata / arresto,Passeggero,M,Illeso,0,,Non accertato,Inesploso,