Protocollo,Gruppo,DataOraIncidente,Localizzazione1,STRADA1,Localizzazione2,STRADA2,Strada02,Chilometrica,DaSpecificare,NaturaIncidente,particolaritastrade,TipoStrada,FondoStradale,Pavimentazione,Segnaletica,CondizioneAtmosferica,Traffico,Visibilita,Illuminazione,NUM_FERITI,NUM_RISERVATA,NUM_MORTI,NUM_ILLESI,Longitudine,Latitudine,Confermato,Progressivo,TipoVeicolo,StatoVeicolo,TipoPersona,Sesso,Tipolesione,Deceduto,DecedutoDopo,CinturaCascoUtilizzato,Airbag,
3980067,16,08/09/2018 17:45:00,Strada Urbana,VIA AURELIA ANTICA,all'intersezione con,VIA DI S. PANCRAZIO,VIA DI S. PANCRAZIO,,,Scontro laterale fra veicoli in marcia,Incrocio,Una carreggiata a doppio senso,Asciutto,Asfaltata,Verticale ed orizzontale,Sereno,Normale,Buona,Ore Diurne,0,0,0,4,12.435,41.8902,-1,1,Autovettura privata,In marcia / fermata / arresto,Conducente,M,Illeso,0,,Non accertato,Inesploso,
3980067,16,08/09/2018 17:45:00,Strada Urbana,VIA AURELIA ANTICA,all'intersezione con,VIA DI S. PANCRAZIO,VIA DI S. PANCRAZIO,,,Scontro laterale fra veicoli in marcia,Incrocio,Una carreggiata a doppio senso,Asciutto,Asfaltata,Verticale ed orizzontale,Sereno,Normale,Buona,Ore Diurne,0,0,0,4,12.435,41.8902,-1,1,Autovettura privata,In marcia / fermata / arresto,Passeggero,F,Illeso,0,,Non accertato,Inesploso,
3980067,16,08/09/2018 17:45:00,Strada Urbana,VIA AURELIA ANTICA,all'intersezione con,VIA DI S. PANCRAZIO,VIA DI S. PANCRAZIO,,,Scontro laterale fra veicoli in marcia,Incrocio,Una carreggiata a doppio senso,Asciutto,Asfaltata,Verticale ed orizzontale,Sereno,Normale,Buona,Ore Diurne,0,0,0,4,12.435,41.8902,-1,1,Autovettura privata,In marcia / fermata / arresto,Passeggero,F,Illeso,0,,Non accertato,Inesploso,
3980067,16,08/09/2018 17:45:00,Strada Urbana,VIA AURELIA ANTICA,all'intersezione con,VIA DI S. PANCRAZIO,VIA DI S. PANCRAZIO,,,Scontro laterale fra veicoli in marcia,Incrocio,Una carreggiata a doppio senso,Asciutto,Asfaltata,Verticale ed orizzontale,Sereno,Normale,Buona,Ore Diurne,0,0,0,4,12.435,41.8902,-1,2,Autovettura privata,In marcia / fermata / arresto,Conducente,F,Illeso,0,,Non accertato,Inesploso,
3980068,10,07/09/2018 10:00:00,Strada Urbana,VIA DOMENICO BACCARINI,in prossimit�,,del civico n.,7,,Investimento di pedone,Rettilineo,Una carreggiata a doppio senso,Asciutto,Asfaltata,Assente,Nuvoloso,Scarso,Buona,Ore Diurne,1,0,0,1,12.5948,41.8395,-1,,,,Pedone,F,Rifiuta cure immediate,0,NON DECEDUTO,,,
3980068,10,07/09/2018 10:00:00,Strada Urbana,VIA DOMENICO BACCARINI,in prossimit�,,del civico n.,7,,Investimento di pedone,Rettilineo,Una carreggiata a doppio senso,Asciutto,Asfaltata,Assente,Nuvoloso,Scarso,Buona,Ore Diurne,1,0,0,1,12.5948,41.8395,-1,1,Autobus urbano,In marcia / fermata / arresto,Conducente,M,Illeso,0,,Non accertato,Inesistente,
3980072,10,08/09/2018 04:20:00,Strada Urbana,VIA MESTRE,da specificare,,,,fronte civico 16,Veicolo in marcia contro veicoli in sosta,Rettilineo,Una carreggiata a doppio senso,Asciutto,Asfaltata,Verticale ed orizzontale,Sereno,Scarso,Buona,Sufficiente,0,0,0,2,12.5228,41.8803,-1,1,Autovettura privata,In marcia / fermata / arresto,Conducente,M,Illeso,0,,Non accertato,Inesploso,
3980072,10,08/09/2018 04:20:00,Strada Urbana,VIA MESTRE,da specificare,,,,fronte civico 16,Veicolo in marcia contro veicoli in sosta,Rettilineo,Una carreggiata a doppio senso,Asciutto,Asfaltata,Verticale ed orizzontale,Sereno,Scarso,Buona,Sufficiente,0,0,0,2,12.5228,41.8803,-1,1,Autovettura privata,In marcia / fermata / arresto,Passeggero,M,Illeso,0,,Non accertato,Inesploso,
3980080,10,08/09/2018 22:30:00,Strada Urbana,VIA DELLE CAPANNELLE,all'intersezione semaforizzata con,VIA TUSCOLANA,VIA TUSCOLANA,,,Veicolo in marcia contro ostacolo accidentale,Intersezione semaforizzata,Due carreggiate,Asciutto,Asfaltata,Verticale ed orizzontale,Sereno,Scarso,Sufficiente,Sufficiente,1,0,0,1,12.5756,41.8485,-1,1,Motociclo a solo,In marcia / fermata / arresto,Conducente,M,Rimandato,0,NON DECEDUTO,Non accertato,,
3980080,10,08/09/2018 22:30:00,Strada Urbana,VIA DELLE CAPANNELLE,all'intersezione semaforizzata con,VIA TUSCOLANA,VIA TUSCOLANA,,,Veicolo in marcia contro ostacolo accidentale,Intersezione semaforizzata,Due carreggiate,Asciutto,Asfaltata,Verticale ed orizzontale,Sereno,Scarso,Sufficiente,Sufficiente,1,0,0,1,12.5756,41.8485,-1,1,Motociclo a solo,In marcia / fermata / arresto,Passeggero,F,Illeso,0,,Non accertato,,
3980082,16,09/09/2018 10:50:00,Strada Urbana,VIA CESARE PASCARELLA,all'intersezione con,VIALE DI TRASTEVERE,VIALE DI TRASTEVERE,,,Scontro laterale fra veicoli in marcia,Incrocio,Una carreggiata a senso unico di marcia,Asciutto,Asfaltata,Verticale ed orizzontale,Sereno,Normale,Buona,Ore Diurne,1,0,0,1,12.4674,41.8767,-1,1,Autovettura privata,In marcia / fermata / arresto,Conducente,M,Illeso,0,,Non accertato,Inesploso,
3980082,16,09/09/2018 10:50:00,Strada Urbana,VIA CESARE PASCARELLA,all'intersezione con,VIALE DI TRASTEVERE,VIALE DI TRASTEVERE,,,Scontro laterale fra veicoli in marcia,Incrocio,Una carreggiata a senso unico di marcia,Asciutto,Asfaltata,Verticale ed orizzontale,Sereno,Normale,Buona,Ore Diurne,1,0,0,1,12.4674,41.8767,-1,2,Motociclo con passeggero,In marcia / fermata / arresto,Conducente,M,Rimandato,0,NON DECEDUTO,Non accertato,,
3980086,10,09/09/2018 14:55:00,Strada Urbana,VIA TUSCOLANA,all'intersezione semaforizzata con,VIA DELLE CAPANNELLE,VIA DELLE CAPANNELLE,,,Scontro frontale/laterale SX fra veicoli in marcia,Incrocio,Due carreggiate,Asciutto,Asfaltata,Verticale ed orizzontale,Sereno,Scarso,Buona,Ore Diurne,0,0,0,3,12.5756,41.8484,-1,1,Autovettura privata,In marcia / fermata / arresto,Conducente,M,Illeso,0,,Non accertato,Inesploso,
3980086,10,09/09/2018 14:55:00,Strada Urbana,VIA TUSCOLANA,all'intersezione semaforizzata con,VIA DELLE CAPANNELLE,VIA DELLE CAPANNELLE,,,Scontro frontale/laterale SX fra veicoli in marcia,Incrocio,Due carreggiate,Asciutto,Asfaltata,Verticale ed orizzontale,Sereno,Scarso,Buona,Ore Diurne,0,0,0,3,12.5756,41.8484,-1,2,Autovettura privata,In marcia / fermata / arresto,Conducente,M,Illeso,0,,Non accertato,Inesploso,
3980086,10,09/09/2018 14:55:00,Strada Urbana,VIA TUSCOLANA,all'intersezione semaforizzata con,VIA DELLE CAPANNELLE,VIA DELLE CAPANNELLE,,,Scontro frontale/laterale SX fra veicoli in marcia,Incrocio,Due carreggiate,Asciutto,Asfaltata,Verticale ed orizzontale,Sereno,Scarso,Buona,Ore Diurne,0,0,0,3,12.5756,41.8484,-1,2,Autovettura privata,In marcia / fermata / arresto,Passeggero,F,Illeso,0,,,,
3980097,16,09/09/2018 12:00:00,Strada Urbana,VIA SILVESTRI,da specificare,,,,fronte palo ACEA n. 17,Veicolo in marcia contro veicolo in sosta,Curva a visuale libera,Una carreggiata a doppio senso,Asciutto,Asfaltata,Verticale ed orizzontale,Sereno,Scarso,Buona,Ore Diurne,1,0,0,0,12.4326,41.8779,-1,1,Autovettura privata,In marcia / fermata / arresto,Conducente,M,Ricoverato,0,NON DECEDUTO,Non accertato,,
3980114,12,08/09/2018 12:05:00,Provinciale,VIA DI PORTA MEDAGLIA,all'intersezione con,VIA DI TORRE S. ANASTASIA,VIA DI TORRE S. ANASTASIA,,,Scontro frontale/laterale DX fra veicoli in marcia,Incrocio,Una carreggiata a doppio senso,Asciutto,Asfaltata,Verticale ed orizzontale,Sereno,Normale,Buona,Ore Diurne,1,0,0,2,12.5241,41.7606,-1,1,Autovettura privata,In marcia / fermata / arresto,Conducente,M,Illeso,0,,,,
3980114,12,08/09/2018 12:05:00,Provinciale,VIA DI PORTA MEDAGLIA,all'intersezione con,VIA DI TORRE S. ANASTASIA,VIA DI TORRE S. ANASTASIA,,,Scontro frontale/laterale DX fra veicoli in marcia,Incrocio,Una carreggiata a doppio senso,Asciutto,Asfaltata,Verticale ed orizzontale,Sereno,Normale,Buona,Ore Diurne,1,0,0,2,12.5241,41.7606,-1,2,Autovettura privata,In marcia / fermata / arresto,Conducente,M,Illeso,0,,,,
3980114,12,08/09/2018 12:05:00,Provinciale,VIA DI PORTA MEDAGLIA,all'intersezione con,VIA DI TORRE S. ANASTASIA,VIA DI TORRE S. ANASTASIA,,,Scontro frontale/laterale DX fra veicoli in marcia,Incrocio,Una carreggiata a doppio senso,Asciutto,Asfaltata,Verticale ed orizzontale,Sereno,Normale,Buona,Ore Diurne,1,0,0,2,12.5241,41.7606,-1,2,Autovettura privata,In marcia / fermata / arresto,Passeggero,M,Rimandato,0,NON DECEDUTO,,,
3980120,12,08/09/2018 09:30:00,Strada Urbana,VIA CRISTOFORO COLOMBO,da specificare,,,,intersez. Vial America direzione Europa,Scontro laterale fra veicoli in marcia,Rettilineo,Una carreggiata a senso unico di marcia,Asciutto,Asfaltata,Verticale ed orizzontale,Sereno,Scarso,Buona,Ore Diurne,0,0,0,2,12.4121,41.786,-1,1,Motociclo a solo,In marcia / fermata / arresto,Conducente,M,Illeso,0,,Non accertato,,
3980120,12,08/09/2018 09:30:00,Strada Urbana,VIA CRISTOFORO COLOMBO,da specificare,,,,intersez. Vial America direzione Europa,Scontro laterale fra veicoli in marcia,Rettilineo,Una carreggiata a senso unico di marcia,Asciutto,Asfaltata,Verticale ed orizzontale,Sereno,Scarso,Buona,Ore Diurne,0,0,0,2,12.4121,41.786,-1,2,Autovettura pubblica,In marcia / fermata / arresto,Conducente,M,Illeso,0,,Non accertato,Inesploso,
3980123,12,09/09/2018 02:00:00,Strada Urbana,PIAZZALE DELL'AGRICOLTURA,da specificare,,,,prox VIA C. COLOMBO CAPOLINEA 707-708,Veicolo in marcia contro ostacolo fisso,Curva a visuale libera,Pi� di due carreggiate,Asciutto,Asfaltata,Verticale ed orizzontale,Sereno,Scarso,Buona,Sufficiente,0,0,0,1,12.4701,41.8373,-1,1,Autovettura privata,In marcia / fermata / arresto,Conducente,M,Illeso,0,,Non accertato,Inesploso,
3980222,9,08/09/2018 12:20:00,,PIAZZALE LABICANO,da specificare,,,,altezza VIA PRENESTINA,Scontro laterale fra veicoli in marcia,,,,,,,,,,0,0,0,4,,,0,1,Autovettura privata,In marcia / fermata / arresto,Conducente,F,Illeso,0,,,,
3980222,9,08/09/2018 12:20:00,,PIAZZALE LABICANO,da specificare,,,,altezza VIA PRENESTINA,Scontro laterale fra veicoli in marcia,,,,,,,,,,0,0,0,4,,,0,1,Autovettura privata,In marcia / fermata / arresto,Passeggero,M,Illeso,0,,,,
3980222,9,08/09/2018 12:20:00,,PIAZZALE LABICANO,da specificare,,,,altezza VIA PRENESTINA,Scontro laterale fra veicoli in marcia,,,,,,,,,,0,0,0,4,,,0,2,Autocarro inferiore 35 q.,In marcia / fermata / arresto,Conducente,M,Illeso,0,,,,
3980222,9,08/09/2018 12:20:00,,PIAZZALE LABICANO,da specificare,,,,altezza VIA PRENESTINA,Scontro laterale fra veicoli in marcia,,,,,,,,,,0,0,0,4,,,0,2,Autocarro inferiore 35 q.,In marcia / fermata / arresto,Passeggero,M,Illeso,0,,,,
3980234,9,08/09/2018 15:45:00,Strada Urbana,VIA GALLIA,in prossimit�,,del civico n.,13/D,,Scontro frontale/laterale SX fra veicoli in marcia,Rettilineo,Una carreggiata a doppio senso,Asciutto,Asfaltata,Assente,Sereno,Scarso,Buona,Ore Diurne,1,0,0,4,12.5014,41.8817,-1,,,,Pedone,M,Illeso,0,,,,
3980234,9,08/09/2018 15:45:00,Strada Urbana,VIA GALLIA,in prossimit�,,del civico n.,13/D,,Scontro frontale/laterale SX fra veicoli in marcia,Rettilineo,Una carreggiata a doppio senso,Asciutto,Asfaltata,Assente,Sereno,Scarso,Buona,Ore Diurne,1,0,0,4,12.5014,41.8817,-1,1,Autovettura privata,In marcia / fermata / arresto,Conducente,F,Illeso,0,,Non accertato,Inesploso,
3980234,9,08/09/2018 15:45:00,Strada Urbana,VIA GALLIA,in prossimit�,,del civico n.,13/D,,Scontro frontale/laterale SX fra veicoli in marcia,Rettilineo,Una carreggiata a doppio senso,Asciutto,Asfaltata,Assente,Sereno,Scarso,Buona,Ore Diurne,1,0,0,4,12.5014,41.8817,-1,1,Autovettura privata,In marcia / fermata / arresto,Passeggero,M,Illeso,0,,Non accertato,Inesploso,
3980234,9,08/09/2018 15:45:00,Strada Urbana,VIA GALLIA,in prossimit�,,del civico n.,13/D,,Scontro frontale/laterale SX fra veicoli in marcia,Rettilineo,Una carreggiata a doppio senso,Asciutto,Asfaltata,Assente,Sereno,Scarso,Buona,Ore Diurne,1,0,0,4,12.5014,41.8817,-1,1,Autovettura privata,In marcia / fermata / arresto,Passeggero,M,Illeso,0,,Non accertato,Inesploso,
3980234,9,08/09/2018 15:45:00,Strada Urbana,VIA GALLIA,in prossimit�,,del civico n.,13/D,,Scontro frontale/laterale SX fra veicoli in marcia,Rettilineo,Una carreggiata a doppio senso,Asciutto,Asfaltata,Assente,Sereno,Scarso,Buona,Ore Diurne,1,0,0,4,12.5014,41.8817,-1,2,Motociclo a solo,In marcia / fermata / arresto,Conducente,M,Rimandato,0,NON DECEDUTO,Non accertato,,
3980250,9,08/09/2018 17:20:00,Strada Urbana,PIAZZA CASTROREALE,all'intersezione con,VIA ALGHERO,VIA ALGHERO,,,Scontro frontale/laterale SX fra veicoli in marcia,Incrocio,Due carreggiate,Asciutto,Asfaltata,Orizzontale,Sereno,Normale,Buona,Ore Diurne,1,0,0,1,12.5218,41.8858,-1,1,Autovettura privata,In marcia / fermata / arresto,Conducente,M,Illeso,0,,Non accertato,Inesploso,
3980250,9,08/09/2018 17:20:00,Strada Urbana,PIAZZA CASTROREALE,all'intersezione con,VIA ALGHERO,VIA ALGHERO,,,Scontro frontale/laterale SX fra veicoli in marcia,Incrocio,Due carreggiate,Asciutto,Asfaltata,Orizzontale,Sereno,Normale,Buona,Ore Diurne,1,0,0,1,12.5218,41.8858,-1,2,Motociclo a solo,In marcia / fermata / arresto,Conducente,M,Rimandato,0,NON DECEDUTO,Non accertato,,
3980514,9,09/09/2018 02:05:00,Strada Urbana,VIA CESARE CORRENTI,in corrispondenza,,del civico n.,9,,Veicolo in marcia contro veicoli in sosta,Rettilineo,Una carreggiata a senso unico di marcia,Asciutto,Asfaltata,Assente,Sereno,Scarso,Sufficiente,Sufficiente,1,0,0,0,12.5165,41.8729,-1,1,Autovettura privata,In marcia / fermata / arresto,Conducente,M,Rimandato,0,NON DECEDUTO,Non accertato,Inesploso,
3980518,11,08/09/2018 10:40:00,Strada Urbana,VIA ARDEATINA,da specificare,,,,altezza palo acea 141 dir centro,Tamponamento,Rettilineo,Una carreggiata a doppio senso,Asciutto,Asfaltata,Assente,Sereno,Normale,Buona,Ore Diurne,1,0,0,2,12.5178,41.8247,-1,1,Autovettura privata,In marcia / fermata / arresto,Conducente,F,Illeso,0,,,,
3980518,11,08/09/2018 10:40:00,Strada Urbana,VIA ARDEATINA,da specificare,,,,altezza palo acea 141 dir centro,Tamponamento,Rettilineo,Una carreggiata a doppio senso,Asciutto,Asfaltata,Assente,Sereno,Normale,Buona,Ore Diurne,1,0,0,2,12.5178,41.8247,-1,1,Autovettura privata,In marcia / fermata / arresto,Passeggero,M,Illeso,0,,,,
3980518,11,08/09/2018 10:40:00,Strada Urbana,VIA ARDEATINA,da specificare,,,,altezza palo acea 141 dir centro,Tamponamento,Rettilineo,Una carreggiata a doppio senso,Asciutto,Asfaltata,Assente,Sereno,Normale,Buona,Ore Diurne,1,0,0,2,12.5178,41.8247,-1,2,Motociclo a solo,In marcia / fermata / arresto,Conducente,M,Rimandato,0,NON DECEDUTO,,,
3980519,6,09/09/2018 19:45:00,Strada Urbana,VIA PRENESTINA,in prossimit�,,del civico n.,490,,Scontro frontale/laterale SX fra veicoli in marcia,Rettilineo,Una carreggiata a senso unico di marcia,Asciutto,Asfaltata,Orizzontale,Sereno,Scarso,Sufficiente,Sufficiente,0,0,0,2,12.5705,41.8949,-1,1,Autovettura privata,In marcia / fermata / arresto,Conducente,M,Illeso,0,,,,
3980519,6,09/09/2018 19:45:00,Strada Urbana,VIA PRENESTINA,in prossimit�,,del civico n.,490,,Scontro frontale/laterale SX fra veicoli in marcia,Rettilineo,Una carreggiata a senso unico di marcia,Asciutto,Asfaltata,Orizzontale,Sereno,Scarso,Sufficiente,Sufficiente,0,0,0,2,12.5705,41.8949,-1,2,Autovettura privata,In marcia / fermata / arresto,Conducente,F,Illeso,0,,,,
3980540,11,09/09/2018 04:30:00,Strada Urbana,VIA EDGARDO NEGRI,in prossimit�,,del civico n.,40,,Veicolo in marcia contro veicoli in sosta,Rettilineo,Una carreggiata a doppio senso,Asciutto,Asfaltata,Assente,Sereno,Scarso,Buona,Sufficiente,2,0,0,0,12.4291,41.7878,-1,1,Autovettura privata,In marcia / fermata / arresto,Conducente,F,Rimandato,0,NON DECEDUTO,Non accertato,,
3980540,11,09/09/2018 04:30:00,Strada Urbana,VIA EDGARDO NEGRI,in prossimit�,,del civico n.,40,,Veicolo in marcia contro veicoli in sosta,Rettilineo,Una carreggiata a doppio senso,Asciutto,Asfaltata,Assente,Sereno,Scarso,Buona,Sufficiente,2,0,0,0,12.4291,41.7878,-1,1,Autovettura privata,In marcia / fermata / arresto,Passeggero,M,Rimandato,0,NON DECEDUTO,Non accertato,,
3980544,7,08/09/2018 14:15:00,Strada Urbana,VIA DEI FAGGI,all'intersezione con,VIA DEI LAURI,VIA DEI LAURI,,,Scontro frontale/laterale SX fra veicoli in marcia,Incrocio,Una carreggiata a doppio senso,Asciutto,Asfaltata,Verticale ed orizzontale,Sereno,Normale,Buona,Ore Diurne,0,0,0,3,12.5642,41.8842,-1,1,Autovettura privata,In marcia / fermata / arresto,Conducente,M,Illeso,0,,Non accertato,Inesploso,
3980544,7,08/09/2018 14:15:00,Strada Urbana,VIA DEI FAGGI,all'intersezione con,VIA DEI LAURI,VIA DEI LAURI,,,Scontro frontale/laterale SX fra veicoli in marcia,Incrocio,Una carreggiata a doppio senso,Asciutto,Asfaltata,Verticale ed orizzontale,Sereno,Normale,Buona,Ore Diurne,0,0,0,3,12.5642,41.8842,-1,2,Autovettura privata,In marcia / fermata / arresto,Conducente,F,Illeso,0,,Non accertato,Inesploso,
3980544,7,08/09/2018 14:15:00,Strada Urbana,VIA DEI FAGGI,all'intersezione con,VIA DEI LAURI,VIA DEI LAURI,,,Scontro frontale/laterale SX fra veicoli in marcia,Incrocio,Una carreggiata a doppio senso,Asciutto,Asfaltata,Verticale ed orizzontale,Sereno,Normale,Buona,Ore Diurne,0,0,0,3,12.5642,41.8842,-1,2,Autovettura privata,In marcia / fermata / arresto,Passeggero,M,Illeso,0,,Non accertato,Inesploso,
3980559,11,09/09/2018 18:10:00,Strada Urbana,VIA ARDEATINA,da specificare,,,,prossimit� fronte civico n. 588,Fuoriuscita dalla sede stradale,Rettilineo,Una carreggiata a doppio senso,Asciutto,Asfaltata,Orizzontale,Sereno,Normale,Buona,Ore Diurne,0,0,0,1,12.52,41.8215,-1,1,Autovettura privata,In marcia / fermata / arresto,Conducente,M,Illeso,0,,,,
3980571,9,09/09/2018 19:15:00,Strada Urbana,VIA APPIA NUOVA,all'intersezione con,VIA FALERIA,VIA FALERIA,,,Scontro laterale fra veicoli in marcia,Incrocio,Due carreggiate,Asciutto,Asfaltata,Verticale ed orizzontale,Sereno,Scarso,Buona,Ore Diurne,3,0,0,0,12.5114,41.8839,-1,1,Autovettura privata,In marcia / fermata / arresto,Conducente,M,Rimandato,0,NON DECEDUTO,,,
3980571,9,09/09/2018 19:15:00,Strada Urbana,VIA APPIA NUOVA,all'intersezione con,VIA FALERIA,VIA FALERIA,,,Scontro laterale fra veicoli in marcia,Incrocio,Due carreggiate,Asciutto,Asfaltata,Verticale ed orizzontale,Sereno,Scarso,Buona,Ore Diurne,3,0,0,0,12.5114,41.8839,-1,2,Ciclomotore,In marcia / fermata / arresto,Conducente,M,Rimandato,0,NON DECEDUTO,,,
3980571,9,09/09/2018 19:15:00,Strada Urbana,VIA APPIA NUOVA,all'intersezione con,VIA FALERIA,VIA FALERIA,,,Scontro laterale fra veicoli in marcia,Incrocio,Due carreggiate,Asciutto,Asfaltata,Verticale ed orizzontale,Sereno,Scarso,Buona,Ore Diurne,3,0,0,0,12.5114,41.8839,-1,2,Ciclomotore,In marcia / fermata / arresto,Passeggero,M,Rimandato,0,NON DECEDUTO,Non accertato,,
3980572,9,09/09/2018 18:30:00,Strada Urbana,VIA MIRANDOLA,in corrispondenza,,del civico n.,34,,Veicolo in marcia contro veicolo in sosta,Rettilineo,Una carreggiata a doppio senso,Bagnato (pioggia),Asfaltata,Verticale ed orizzontale,Sereno,Normale,Buona,Ore Diurne,0,0,0,2,12.524,41.882,-1,1,Autovettura privata,In marcia / fermata / arresto,Conducente,M,Illeso,0,,Non accertato,Inesploso,
3980572,9,09/09/2018 18:30:00,Strada Urbana,VIA MIRANDOLA,in corrispondenza,,del civico n.,34,,Veicolo in marcia contro veicolo in sosta,Rettilineo,Una carreggiata a doppio senso,Bagnato (pioggia),Asfaltata,Verticale ed orizzontale,Sereno,Normale,Buona,Ore Diurne,0,0,0,2,12.524,41.882,-1,1,Autovettura privata,In marcia / fermata / arresto,Passeggero,F,Illeso,0,,Non accertato,Inesploso,
3980573,5,08/09/2018 10:20:00,Strada Urbana,VIA FILIPPO MEDA,all'intersezione con,VIA ACHILLE BENEDETTI,VIA ACHILLE BENEDETTI,,,Scontro laterale fra veicoli in marcia,Incrocio,Una carreggiata a doppio senso,Asciutto,Asfaltata,Verticale ed orizzontale,Sereno,Normale,Buona,Ore Diurne,1,0,0,2,12.5435,41.9132,-1,1,Autovettura privata,In marcia / fermata / arresto,Conducente,F,Rimandato,0,NON DECEDUTO,Non accertato,,
3980573,5,08/09/2018 10:20:00,Strada Urbana,VIA FILIPPO MEDA,all'intersezione con,VIA ACHILLE BENEDETTI,VIA ACHILLE BENEDETTI,,,Scontro laterale fra veicoli in marcia,Incrocio,Una carreggiata a doppio senso,Asciutto,Asfaltata,Verticale ed orizzontale,Sereno,Normale,Buona,Ore Diurne,1,0,0,2,12.5435,41.9132,-1,1,Autovettura privata,In marcia / fermata / arresto,Passeggero,F,Illeso,0,,Non accertato,,
3980573,5,08/09/2018 10:20:00,Strada Urbana,VIA FILIPPO MEDA,all'intersezione con,VIA ACHILLE BENEDETTI,VIA ACHILLE BENEDETTI,,,Scontro laterale fra veicoli in marcia,Incrocio,Una carreggiata a doppio senso,Asciutto,Asfaltata,Verticale ed orizzontale,Sereno,Normale,Buona,Ore Diurne,1,0,0,2,12.5435,41.9132,-1,2,Autocarro inferiore 35 q.,In marcia / fermata / arresto,Conducente,M,Illeso,0,,Non accertato,,
3980574,15,09/09/2018 21:50:00,Strada Urbana,VIA PORTUENSE,all'intersezione con,VIA DELL'IMBRECCIATO,VIA DELL'IMBRECCIATO,,,Scontro frontale/laterale SX fra veicoli in marcia,Incrocio,Due carreggiate,Asciutto,Asfaltata,Verticale ed orizzontale,Sereno,Normale,Buona,Sufficiente,0,0,0,3,12.414,41.847,-1,1,Autovettura privata,In marcia / fermata / arresto,Conducente,M,Illeso,0,,,,
3980574,15,09/09/2018 21:50:00,Strada Urbana,VIA PORTUENSE,all'intersezione con,VIA DELL'IMBRECCIATO,VIA DELL'IMBRECCIATO,,,Scontro frontale/laterale SX fra veicoli in marcia,Incrocio,Due carreggiate,Asciutto,Asfaltata,Verticale ed orizzontale,Sereno,Normale,Buona,Sufficiente,0,0,0,3,12.414,41.847,-1,2,Autovettura privata,In marcia / fermata / arresto,Conducente,M,Illeso,0,,,,
3980574,15,09/09/2018 21:50:00,Strada Urbana,VIA PORTUENSE,all'intersezione con,VIA DELL'IMBRECCIATO,VIA DELL'IMBRECCIATO,,,Scontro frontale/laterale SX fra veicoli in marcia,Incrocio,Due carreggiate,Asciutto,Asfaltata,Verticale ed orizzontale,Sereno,Normale,Buona,Sufficiente,0,0,0,3,12.414,41.847,-1,2,Autovettura privata,In marcia / fermata / arresto,Passeggero,M,Illeso,0,,,,
3980581,15,08/09/2018 18:20:00,Strada Urbana,VIALE GUGLIELMO MARCONI,in prossimit�,,del civico n.,176,,Veicolo in marcia contro veicolo in sosta,Rettilineo,Una carreggiata a doppio senso,Asciutto,Asfaltata,Verticale ed orizzontale,Sereno,Intenso,Buona,Ore Diurne,0,0,0,3,12.4686,41.8656,-1,1,Autovettura privata,Sosta,Passeggero,F,Illeso,0,,,,
3980581,15,08/09/2018 18:20:00,Strada Urbana,VIALE GUGLIELMO MARCONI,in prossimit�,,del civico n.,176,,Veicolo in marcia contro veicolo in sosta,Rettilineo,Una carreggiata a doppio senso,Asciutto,Asfaltata,Verticale ed orizzontale,Sereno,Intenso,Buona,Ore Diurne,0,0,0,3,12.4686,41.8656,-1,2,Autovettura privata,In marcia / fermata / arresto,Conducente,M,Illeso,0,,,,
3980581,15,08/09/2018 18:20:00,Strada Urbana,VIALE GUGLIELMO MARCONI,in prossimit�,,del civico n.,176,,Veicolo in marcia contro veicolo in sosta,Rettilineo,Una carreggiata a doppio senso,Asciutto,Asfaltata,Verticale ed orizzontale,Sereno,Intenso,Buona,Ore Diurne,0,0,0,3,12.4686,41.8656,-1,2,Autovettura privata,In marcia / fermata / arresto,Passeggero,M,Illeso,0,,,,
3980582,1,06/09/2018 15:12:00,Strada Urbana,VIA PRINCIPE AMEDEO,in corrispondenza,,del civico n.,285,,Investimento di pedone,Rettilineo,Una carreggiata a senso unico di marcia,Asciutto,Asfaltata,Verticale ed orizzontale,Sereno,Normale,Buona,Ore Diurne,1,0,0,2,12.5064,41.895,-1,,,,Pedone,M,Rimandato,0,NON DECEDUTO,,,
3980582,1,06/09/2018 15:12:00,Strada Urbana,VIA PRINCIPE AMEDEO,in corrispondenza,,del civico n.,285,,Investimento di pedone,Rettilineo,Una carreggiata a senso unico di marcia,Asciutto,Asfaltata,Verticale ed orizzontale,Sereno,Normale,Buona,Ore Diurne,1,0,0,2,12.5064,41.895,-1,1,Autovettura privata,In marcia / fermata / arresto,Conducente,M,Illeso,0,,Non accertato,,
3980582,1,06/09/2018 15:12:00,Strada Urbana,VIA PRINCIPE AMEDEO,in corrispondenza,,del civico n.,285,,Investimento di pedone,Rettilineo,Una carreggiata a senso unico di marcia,Asciutto,Asfaltata,Verticale ed orizzontale,Sereno,Normale,Buona,Ore Diurne,1,0,0,2,12.5064,41.895,-1,1,Autovettura privata,In marcia / fermata / arresto,Passeggero,F,Illeso,0,,Non accertato,,
3980588,7,09/09/2018 08:45:00,Strada Urbana,VIA DI TOR SAPIENZA,all'intersezione con,VIA PRENESTINA,VIA PRENESTINA,,,Scontro laterale fra veicoli in marcia,Incrocio,Una carreggiata a doppio senso,Asciutto,Asfaltata,Verticale ed orizzontale,Sereno,Normale,Buona,Ore Diurne,1,0,0,1,12.5911,41.8992,-1,1,Motociclo con passeggero,In marcia / fermata / arresto,Conducente,M,Rimandato,0,NON DECEDUTO,Non accertato,,