Protocollo,Gruppo,DataOraIncidente,Localizzazione1,STRADA1,Localizzazione2,STRADA2,Strada02,Chilometrica,DaSpecificare,NaturaIncidente,particolaritastrade,TipoStrada,FondoStradale,Pavimentazione,Segnaletica,CondizioneAtmosferica,Traffico,Visibilita,Illuminazione,NUM_FERITI,NUM_RISERVATA,NUM_MORTI,NUM_ILLESI,Longitudine,Latitudine,Confermato,Progressivo,TipoVeicolo,StatoVeicolo,TipoPersona,Sesso,Tipolesione,Deceduto,DecedutoDopo,CinturaCascoUtilizzato,Airbag,
3980588,7,09/09/2018 08:45:00,Strada Urbana,VIA DI TOR SAPIENZA,all'intersezione con,VIA PRENESTINA,VIA PRENESTINA,,,Scontro laterale fra veicoli in marcia,Incrocio,Una carreggiata a doppio senso,Asciutto,Asfaltata,Verticale ed orizzontale,Sereno,Normale,Buona,Ore Diurne,1,0,0,1,12.5911,41.8992,-1,2,Autovettura privata,In marcia / fermata / arresto,Conducente,M,Illeso,0,,,,
3980590,17,10/09/2018 05:45:00,Strada Urbana,VIA BERNARDINO TELESIO,all'intersezione con,VIA GIROLAMO SAVONAROLA,VIA GIROLAMO SAVONAROLA,,,Veicolo in marcia contro veicolo fermo,Incrocio,Una carreggiata a senso unico di marcia,Asciutto,Asfaltata,Verticale ed orizzontale,Sereno,Intenso,Buona,Ore Diurne,0,0,0,3,12.4512,41.9113,-1,1,Autovettura privata,In marcia / fermata / arresto,Conducente,M,Illeso,0,,,,
3980590,17,10/09/2018 05:45:00,Strada Urbana,VIA BERNARDINO TELESIO,all'intersezione con,VIA GIROLAMO SAVONAROLA,VIA GIROLAMO SAVONAROLA,,,Veicolo in marcia contro veicolo fermo,Incrocio,Una carreggiata a senso unico di marcia,Asciutto,Asfaltata,Verticale ed orizzontale,Sereno,Intenso,Buona,Ore Diurne,0,0,0,3,12.4512,41.9113,-1,1,Autovettura privata,In marcia / fermata / arresto,Passeggero,M,Illeso,0,,,,
3980590,17,10/09/2018 05:45:00,Strada Urbana,VIA BERNARDINO TELESIO,all'intersezione con,VIA GIROLAMO SAVONAROLA,VIA GIROLAMO SAVONAROLA,,,Veicolo in marcia contro veicolo fermo,Incrocio,Una carreggiata a senso unico di marcia,Asciutto,Asfaltata,Verticale ed orizzontale,Sereno,Intenso,Buona,Ore Diurne,0,0,0,3,12.4512,41.9113,-1,2,Autovettura privata,In marcia / fermata / arresto,Conducente,M,Illeso,0,,,,
3980594,5,07/09/2018 10:50:00,,VIA DI CASAL BRUCIATO,in prossimit�,,del civico n.,55,,Veicolo in marcia contro veicolo in sosta,,,,,,,,,,0,0,0,2,12.5476,41.9051,0,1,Autovettura privata,In marcia / fermata / arresto,Conducente,M,Illeso,0,,,,
3980594,5,07/09/2018 10:50:00,,VIA DI CASAL BRUCIATO,in prossimit�,,del civico n.,55,,Veicolo in marcia contro veicolo in sosta,,,,,,,,,,0,0,0,2,12.5476,41.9051,0,2,Autovettura privata,In marcia / fermata / arresto,Conducente,M,Illeso,0,,,,
3980595,7,10/09/2018 04:15:00,Strada Urbana,VIALE DELLE GARDENIE,in corrispondenza,,del civico n.,10,,Veicolo in marcia contro veicoli in sosta,Rettilineo,Due carreggiate,Asciutto,Asfaltata,Verticale,Sereno,Scarso,Sufficiente,Sufficiente,0,0,0,2,12.5631,41.8859,-1,1,Autovettura privata,In marcia / fermata / arresto,Conducente,M,Illeso,0,,Non accertato,Inesploso,
3980595,7,10/09/2018 04:15:00,Strada Urbana,VIALE DELLE GARDENIE,in corrispondenza,,del civico n.,10,,Veicolo in marcia contro veicoli in sosta,Rettilineo,Due carreggiate,Asciutto,Asfaltata,Verticale,Sereno,Scarso,Sufficiente,Sufficiente,0,0,0,2,12.5631,41.8859,-1,1,Autovettura privata,In marcia / fermata / arresto,Passeggero,M,Illeso,0,,Non accertato,Inesploso,
3980596,19,07/09/2018 21:00:00,Strada Urbana,VIA ENRICO PESTALOZZI,in corrispondenza,,del civico n.,25,,Tamponamento,Rettilineo,Una carreggiata a senso unico di marcia,Asciutto,Asfaltata,Verticale ed orizzontale,Sereno,Scarso,Insufficiente,Insufficiente,0,0,0,2,12.4256,41.9362,-1,1,Autovettura privata,In marcia / fermata / arresto,Conducente,F,Illeso,0,,,,
3980596,19,07/09/2018 21:00:00,Strada Urbana,VIA ENRICO PESTALOZZI,in corrispondenza,,del civico n.,25,,Tamponamento,Rettilineo,Una carreggiata a senso unico di marcia,Asciutto,Asfaltata,Verticale ed orizzontale,Sereno,Scarso,Insufficiente,Insufficiente,0,0,0,2,12.4256,41.9362,-1,2,Autovettura privata,In marcia / fermata / arresto,Conducente,F,Illeso,0,,,,
3980598,7,09/09/2018 09:00:00,Strada Urbana,VIALE PALMIRO TOGLIATTI,all'intersezione con,VIA DELL'EDERA,VIA DELL'EDERA,,,Veicolo in marcia contro veicoli in sosta,Incrocio,Due carreggiate,Asciutto,Asfaltata,Assente,Sereno,Scarso,Buona,Ore Diurne,0,0,0,1,12.5733,41.8872,-1,5,Autovettura privata,In marcia / fermata / arresto,Conducente,M,Illeso,0,,,,
3980605,5,07/09/2018 16:10:00,,NUOVA CIRCONVALLAZIONE INTERNA,da specificare,,,,dir. S. Giovanni 100 mt prima di Via Tiburtina,Tamponamento,,,,,,,,,,0,0,0,2,12.5294,41.9103,0,1,Autovettura privata,In marcia / fermata / arresto,Conducente,F,Illeso,0,,,,
3980605,5,07/09/2018 16:10:00,,NUOVA CIRCONVALLAZIONE INTERNA,da specificare,,,,dir. S. Giovanni 100 mt prima di Via Tiburtina,Tamponamento,,,,,,,,,,0,0,0,2,12.5294,41.9103,0,2,Autovettura privata,In marcia / fermata / arresto,Conducente,F,Illeso,0,,,,
3980608,19,07/09/2018 20:00:00,Strada Urbana,VIA DELLA STORTA,da specificare,,,,Circa 150 metri dal civ. 727 (caserma Marina).,Veicolo in marcia contro ostacolo accidentale,Rettilineo,Una carreggiata a doppio senso,Asciutto,Asfaltata,Orizzontale,Sereno,Scarso,Insufficiente,Inesistente,0,0,0,1,12.3648,41.9661,-1,1,Autovettura privata,In marcia / fermata / arresto,Conducente,F,Illeso,0,,Non accertato,Inesploso,
3980617,7,09/09/2018 18:15:00,Strada Urbana,VIA PRENESTINA,all'intersezione con,VIA EMILIO LONGONI,VIA EMILIO LONGONI,,,Tamponamento Multiplo,Rotatoria,Due carreggiate,Asciutto,Asfaltata,Verticale ed orizzontale,Sereno,Normale,Buona,Ore Diurne,0,0,0,5,12.6032,41.893,-1,2,Autovettura privata,In marcia / fermata / arresto,Conducente,M,Illeso,0,,,,
3980617,7,09/09/2018 18:15:00,Strada Urbana,VIA PRENESTINA,all'intersezione con,VIA EMILIO LONGONI,VIA EMILIO LONGONI,,,Tamponamento Multiplo,Rotatoria,Due carreggiate,Asciutto,Asfaltata,Verticale ed orizzontale,Sereno,Normale,Buona,Ore Diurne,0,0,0,5,12.6032,41.893,-1,3,Autovettura privata,In marcia / fermata / arresto,Conducente,M,Illeso,0,,,,
3980617,7,09/09/2018 18:15:00,Strada Urbana,VIA PRENESTINA,all'intersezione con,VIA EMILIO LONGONI,VIA EMILIO LONGONI,,,Tamponamento Multiplo,Rotatoria,Due carreggiate,Asciutto,Asfaltata,Verticale ed orizzontale,Sereno,Normale,Buona,Ore Diurne,0,0,0,5,12.6032,41.893,-1,3,Autovettura privata,In marcia / fermata / arresto,Passeggero,M,Illeso,0,,Non accertato,Inesploso,
3980617,7,09/09/2018 18:15:00,Strada Urbana,VIA PRENESTINA,all'intersezione con,VIA EMILIO LONGONI,VIA EMILIO LONGONI,,,Tamponamento Multiplo,Rotatoria,Due carreggiate,Asciutto,Asfaltata,Verticale ed orizzontale,Sereno,Normale,Buona,Ore Diurne,0,0,0,5,12.6032,41.893,-1,3,Autovettura privata,In marcia / fermata / arresto,Passeggero,F,Illeso,0,,Non accertato,Inesploso,
3980617,7,09/09/2018 18:15:00,Strada Urbana,VIA PRENESTINA,all'intersezione con,VIA EMILIO LONGONI,VIA EMILIO LONGONI,,,Tamponamento Multiplo,Rotatoria,Due carreggiate,Asciutto,Asfaltata,Verticale ed orizzontale,Sereno,Normale,Buona,Ore Diurne,0,0,0,5,12.6032,41.893,-1,3,Autovettura privata,In marcia / fermata / arresto,Passeggero,M,Illeso,0,,Non accertato,Inesploso,
3980623,19,08/09/2018 10:30:00,Strada Urbana,VIA ROMEO RODRIGUEZ PEREIRA,all'intersezione con,LARGO GIORGIO MACCAGNO,LARGO GIORGIO MACCAGNO,,,Scontro laterale fra veicoli in marcia,Incrocio,Una carreggiata a doppio senso,Asciutto,Asfaltata,Verticale ed orizzontale,Sereno,Normale,Buona,Ore Diurne,1,0,0,1,12.4377,41.9178,-1,1,Autovettura privata,In marcia / fermata / arresto,Conducente,M,Rifiuta cure immediate,0,NON DECEDUTO,Non accertato,Inesploso,
3980623,19,08/09/2018 10:30:00,Strada Urbana,VIA ROMEO RODRIGUEZ PEREIRA,all'intersezione con,LARGO GIORGIO MACCAGNO,LARGO GIORGIO MACCAGNO,,,Scontro laterale fra veicoli in marcia,Incrocio,Una carreggiata a doppio senso,Asciutto,Asfaltata,Verticale ed orizzontale,Sereno,Normale,Buona,Ore Diurne,1,0,0,1,12.4377,41.9178,-1,2,Autovettura privata,In marcia / fermata / arresto,Conducente,M,Illeso,0,,Non accertato,Inesploso,
3980643,1,06/09/2018 20:50:00,Strada Urbana,LUNGOTEVERE RIPA,in corrispondenza,,del civico n.,FC 7,,Investimento di pedone,Rettilineo,Una carreggiata a senso unico di marcia,Asciutto,Asfaltata,Verticale ed orizzontale,Sereno,Normale,Sufficiente,Sufficiente,1,0,0,1,12.4786,41.8883,-1,,,,Pedone,F,Rimandato,0,NON DECEDUTO,,,
3980643,1,06/09/2018 20:50:00,Strada Urbana,LUNGOTEVERE RIPA,in corrispondenza,,del civico n.,FC 7,,Investimento di pedone,Rettilineo,Una carreggiata a senso unico di marcia,Asciutto,Asfaltata,Verticale ed orizzontale,Sereno,Normale,Sufficiente,Sufficiente,1,0,0,1,12.4786,41.8883,-1,1,Motociclo a solo,In marcia / fermata / arresto,Conducente,F,Illeso,0,,Utilizzato,,
3980647,19,08/09/2018 19:55:00,Strada Urbana,VIA ANDREA BARBATO,all'intersezione con,VIA RUGGERO ORLANDO,VIA RUGGERO ORLANDO,,,Scontro frontale/laterale SX fra veicoli in marcia,Incrocio,Una carreggiata a senso unico di marcia,Asciutto,Asfaltata,Verticale ed orizzontale,Sereno,Scarso,Buona,Sufficiente,1,0,0,5,12.4009,41.9301,-1,1,Autovettura privata,In marcia / fermata / arresto,Conducente,M,Illeso,0,,Non accertato,Inesploso,
3980647,19,08/09/2018 19:55:00,Strada Urbana,VIA ANDREA BARBATO,all'intersezione con,VIA RUGGERO ORLANDO,VIA RUGGERO ORLANDO,,,Scontro frontale/laterale SX fra veicoli in marcia,Incrocio,Una carreggiata a senso unico di marcia,Asciutto,Asfaltata,Verticale ed orizzontale,Sereno,Scarso,Buona,Sufficiente,1,0,0,5,12.4009,41.9301,-1,1,Autovettura privata,In marcia / fermata / arresto,Passeggero,F,Rimandato,0,NON DECEDUTO,Non accertato,Inesploso,
3980647,19,08/09/2018 19:55:00,Strada Urbana,VIA ANDREA BARBATO,all'intersezione con,VIA RUGGERO ORLANDO,VIA RUGGERO ORLANDO,,,Scontro frontale/laterale SX fra veicoli in marcia,Incrocio,Una carreggiata a senso unico di marcia,Asciutto,Asfaltata,Verticale ed orizzontale,Sereno,Scarso,Buona,Sufficiente,1,0,0,5,12.4009,41.9301,-1,1,Autovettura privata,In marcia / fermata / arresto,Passeggero,M,Illeso,0,,Non accertato,Inesploso,
3980647,19,08/09/2018 19:55:00,Strada Urbana,VIA ANDREA BARBATO,all'intersezione con,VIA RUGGERO ORLANDO,VIA RUGGERO ORLANDO,,,Scontro frontale/laterale SX fra veicoli in marcia,Incrocio,Una carreggiata a senso unico di marcia,Asciutto,Asfaltata,Verticale ed orizzontale,Sereno,Scarso,Buona,Sufficiente,1,0,0,5,12.4009,41.9301,-1,2,Autovettura privata,In marcia / fermata / arresto,Conducente,F,Illeso,0,,Non accertato,Inesploso,
3980647,19,08/09/2018 19:55:00,Strada Urbana,VIA ANDREA BARBATO,all'intersezione con,VIA RUGGERO ORLANDO,VIA RUGGERO ORLANDO,,,Scontro frontale/laterale SX fra veicoli in marcia,Incrocio,Una carreggiata a senso unico di marcia,Asciutto,Asfaltata,Verticale ed orizzontale,Sereno,Scarso,Buona,Sufficiente,1,0,0,5,12.4009,41.9301,-1,2,Autovettura privata,In marcia / fermata / arresto,Passeggero,F,Illeso,0,,Non accertato,Inesploso,
3980647,19,08/09/2018 19:55:00,Strada Urbana,VIA ANDREA BARBATO,all'intersezione con,VIA RUGGERO ORLANDO,VIA RUGGERO ORLANDO,,,Scontro frontale/laterale SX fra veicoli in marcia,Incrocio,Una carreggiata a senso unico di marcia,Asciutto,Asfaltata,Verticale ed orizzontale,Sereno,Scarso,Buona,Sufficiente,1,0,0,5,12.4009,41.9301,-1,2,Autovettura privata,In marcia / fermata / arresto,Passeggero,F,Illeso,0,,Non accertato,Inesploso,
3980648,19,08/09/2018 10:30:00,Strada Urbana,VIA DI TORREVECCHIA,in corrispondenza,,del civico n.,262,,Veicolo in marcia contro veicolo arresto,Rettilineo,Una carreggiata a doppio senso,Asciutto,Asfaltata,Verticale,Sereno,Intenso,Buona,Ore Diurne,0,0,0,4,12.4163,41.9278,-1,1,Autovettura privata,In marcia / fermata / arresto,Conducente,M,Illeso,0,,Non accertato,Inesploso,
3980648,19,08/09/2018 10:30:00,Strada Urbana,VIA DI TORREVECCHIA,in corrispondenza,,del civico n.,262,,Veicolo in marcia contro veicolo arresto,Rettilineo,Una carreggiata a doppio senso,Asciutto,Asfaltata,Verticale,Sereno,Intenso,Buona,Ore Diurne,0,0,0,4,12.4163,41.9278,-1,1,Autovettura privata,In marcia / fermata / arresto,Passeggero,F,Illeso,0,,Non accertato,Inesploso,
3980648,19,08/09/2018 10:30:00,Strada Urbana,VIA DI TORREVECCHIA,in corrispondenza,,del civico n.,262,,Veicolo in marcia contro veicolo arresto,Rettilineo,Una carreggiata a doppio senso,Asciutto,Asfaltata,Verticale,Sereno,Intenso,Buona,Ore Diurne,0,0,0,4,12.4163,41.9278,-1,1,Autovettura privata,In marcia / fermata / arresto,Passeggero,M,Illeso,0,,Non accertato,Inesploso,
3980648,19,08/09/2018 10:30:00,Strada Urbana,VIA DI TORREVECCHIA,in corrispondenza,,del civico n.,262,,Veicolo in marcia contro veicolo arresto,Rettilineo,Una carreggiata a doppio senso,Asciutto,Asfaltata,Verticale,Sereno,Intenso,Buona,Ore Diurne,0,0,0,4,12.4163,41.9278,-1,2,Autobus di linea,In marcia / fermata / arresto,Conducente,M,Illeso,0,,Non accertato,Inesploso,
3980657,4,07/09/2018 20:30:00,Provinciale entro l'abitato,VIA NOMENTANA,in prossimit�,,del civico n.,1051,,Veicolo in marcia contro veicolo fermo,Rettilineo,Una carreggiata a doppio senso,Asciutto,Sterrata,Assente,Sereno,Normale,Sufficiente,Sufficiente,0,0,0,3,12.5697,41.95,0,1,Autovettura privata,In marcia / fermata / arresto,Conducente,M,Illeso,0,,,,
3980657,4,07/09/2018 20:30:00,Provinciale entro l'abitato,VIA NOMENTANA,in prossimit�,,del civico n.,1051,,Veicolo in marcia contro veicolo fermo,Rettilineo,Una carreggiata a doppio senso,Asciutto,Sterrata,Assente,Sereno,Normale,Sufficiente,Sufficiente,0,0,0,3,12.5697,41.95,0,2,Autovettura privata,In marcia / fermata / arresto,Conducente,M,Illeso,0,,Non accertato,,
3980657,4,07/09/2018 20:30:00,Provinciale entro l'abitato,VIA NOMENTANA,in prossimit�,,del civico n.,1051,,Veicolo in marcia contro veicolo fermo,Rettilineo,Una carreggiata a doppio senso,Asciutto,Sterrata,Assente,Sereno,Normale,Sufficiente,Sufficiente,0,0,0,3,12.5697,41.95,0,2,Autovettura privata,In marcia / fermata / arresto,Passeggero,F,Illeso,0,,,,
3980658,8,08/09/2018 16:35:00,Strada Urbana,VIALE OXFORD,in prossimit�,,del civico n.,81,,Scontro frontale/laterale DX fra veicoli in marcia,Rettilineo,Una carreggiata a senso unico di marcia,Asciutto,Asfaltata,Verticale ed orizzontale,Sereno,Scarso,Buona,Ore Diurne,2,0,0,4,12.6299,41.8585,-1,1,Autovettura privata,In marcia / fermata / arresto,Conducente,M,Rifiuta cure immediate,0,NON DECEDUTO,,,
3980658,8,08/09/2018 16:35:00,Strada Urbana,VIALE OXFORD,in prossimit�,,del civico n.,81,,Scontro frontale/laterale DX fra veicoli in marcia,Rettilineo,Una carreggiata a senso unico di marcia,Asciutto,Asfaltata,Verticale ed orizzontale,Sereno,Scarso,Buona,Ore Diurne,2,0,0,4,12.6299,41.8585,-1,1,Autovettura privata,In marcia / fermata / arresto,Passeggero,F,Illeso,0,,,,
3980658,8,08/09/2018 16:35:00,Strada Urbana,VIALE OXFORD,in prossimit�,,del civico n.,81,,Scontro frontale/laterale DX fra veicoli in marcia,Rettilineo,Una carreggiata a senso unico di marcia,Asciutto,Asfaltata,Verticale ed orizzontale,Sereno,Scarso,Buona,Ore Diurne,2,0,0,4,12.6299,41.8585,-1,1,Autovettura privata,In marcia / fermata / arresto,Passeggero,M,Illeso,0,,,,
3980658,8,08/09/2018 16:35:00,Strada Urbana,VIALE OXFORD,in prossimit�,,del civico n.,81,,Scontro frontale/laterale DX fra veicoli in marcia,Rettilineo,Una carreggiata a senso unico di marcia,Asciutto,Asfaltata,Verticale ed orizzontale,Sereno,Scarso,Buona,Ore Diurne,2,0,0,4,12.6299,41.8585,-1,1,Autovettura privata,In marcia / fermata / arresto,Passeggero,M,Rimandato,0,NON DECEDUTO,,,
3980658,8,08/09/2018 16:35:00,Strada Urbana,VIALE OXFORD,in prossimit�,,del civico n.,81,,Scontro frontale/laterale DX fra veicoli in marcia,Rettilineo,Una carreggiata a senso unico di marcia,Asciutto,Asfaltata,Verticale ed orizzontale,Sereno,Scarso,Buona,Ore Diurne,2,0,0,4,12.6299,41.8585,-1,1,Autovettura privata,In marcia / fermata / arresto,Passeggero,F,Illeso,0,,,,
3980658,8,08/09/2018 16:35:00,Strada Urbana,VIALE OXFORD,in prossimit�,,del civico n.,81,,Scontro frontale/laterale DX fra veicoli in marcia,Rettilineo,Una carreggiata a senso unico di marcia,Asciutto,Asfaltata,Verticale ed orizzontale,Sereno,Scarso,Buona,Ore Diurne,2,0,0,4,12.6299,41.8585,-1,2,Autovettura privata,In marcia / fermata / arresto,Conducente,M,Illeso,0,,,,
3980659,2,08/09/2018 17:35:00,Strada Urbana,VIA FLAMINIA,all'intersezione semaforizzata con,VIA LUIGI CANINA,VIA LUIGI CANINA,,,Scontro frontale/laterale SX fra veicoli in marcia,Intersezione semaforizzata,Una carreggiata a senso unico di marcia,Asciutto,Asfaltata,Verticale ed orizzontale,Sereno,Scarso,Buona,Ore Diurne,1,0,0,3,12.4718,41.9419,0,1,Autovettura privata,In marcia / fermata / arresto,Conducente,M,Illeso,0,,,,
3980659,2,08/09/2018 17:35:00,Strada Urbana,VIA FLAMINIA,all'intersezione semaforizzata con,VIA LUIGI CANINA,VIA LUIGI CANINA,,,Scontro frontale/laterale SX fra veicoli in marcia,Intersezione semaforizzata,Una carreggiata a senso unico di marcia,Asciutto,Asfaltata,Verticale ed orizzontale,Sereno,Scarso,Buona,Ore Diurne,1,0,0,3,12.4718,41.9419,0,1,Autovettura privata,In marcia / fermata / arresto,Passeggero,F,Illeso,0,,,,
3980659,2,08/09/2018 17:35:00,Strada Urbana,VIA FLAMINIA,all'intersezione semaforizzata con,VIA LUIGI CANINA,VIA LUIGI CANINA,,,Scontro frontale/laterale SX fra veicoli in marcia,Intersezione semaforizzata,Una carreggiata a senso unico di marcia,Asciutto,Asfaltata,Verticale ed orizzontale,Sereno,Scarso,Buona,Ore Diurne,1,0,0,3,12.4718,41.9419,0,2,Motociclo con passeggero,In marcia / fermata / arresto,Conducente,M,Illeso,0,,,,
3980659,2,08/09/2018 17:35:00,Strada Urbana,VIA FLAMINIA,all'intersezione semaforizzata con,VIA LUIGI CANINA,VIA LUIGI CANINA,,,Scontro frontale/laterale SX fra veicoli in marcia,Intersezione semaforizzata,Una carreggiata a senso unico di marcia,Asciutto,Asfaltata,Verticale ed orizzontale,Sereno,Scarso,Buona,Ore Diurne,1,0,0,3,12.4718,41.9419,0,2,Motociclo con passeggero,In marcia / fermata / arresto,Passeggero,F,Rimandato,0,NON DECEDUTO,,,
3980660,8,08/09/2018 15:05:00,Strada Urbana,VIA DI TOR BELLA MONACA,all'intersezione semaforizzata con,VIA DI TOR BELLA MONACA,VIA DI TOR BELLA MONACA,,,Tamponamento Multiplo,Intersezione semaforizzata,Due carreggiate,Asciutto,Asfaltata,Verticale ed orizzontale,Sereno,Normale,Buona,Ore Diurne,0,0,0,4,12.6282,41.8763,-1,1,Autovettura privata,In marcia / fermata / arresto,Conducente,F,Illeso,0,,Non accertato,Inesploso,
3980660,8,08/09/2018 15:05:00,Strada Urbana,VIA DI TOR BELLA MONACA,all'intersezione semaforizzata con,VIA DI TOR BELLA MONACA,VIA DI TOR BELLA MONACA,,,Tamponamento Multiplo,Intersezione semaforizzata,Due carreggiate,Asciutto,Asfaltata,Verticale ed orizzontale,Sereno,Normale,Buona,Ore Diurne,0,0,0,4,12.6282,41.8763,-1,2,Autovettura privata,In marcia / fermata / arresto,Conducente,M,Illeso,0,,,,
3980660,8,08/09/2018 15:05:00,Strada Urbana,VIA DI TOR BELLA MONACA,all'intersezione semaforizzata con,VIA DI TOR BELLA MONACA,VIA DI TOR BELLA MONACA,,,Tamponamento Multiplo,Intersezione semaforizzata,Due carreggiate,Asciutto,Asfaltata,Verticale ed orizzontale,Sereno,Normale,Buona,Ore Diurne,0,0,0,4,12.6282,41.8763,-1,3,Autovettura privata,In marcia / fermata / arresto,Conducente,M,Illeso,0,,,,
3980660,8,08/09/2018 15:05:00,Strada Urbana,VIA DI TOR BELLA MONACA,all'intersezione semaforizzata con,VIA DI TOR BELLA MONACA,VIA DI TOR BELLA MONACA,,,Tamponamento Multiplo,Intersezione semaforizzata,Due carreggiate,Asciutto,Asfaltata,Verticale ed orizzontale,Sereno,Normale,Buona,Ore Diurne,0,0,0,4,12.6282,41.8763,-1,3,Autovettura privata,In marcia / fermata / arresto,Passeggero,F,Illeso,0,,Non accertato,Inesploso,
3980661,8,08/09/2018 18:10:00,Provinciale entro l'abitato,VIA PRENESTINA,in prossimit�,,del civico n.,1825,,Scontro laterale fra veicoli in marcia,Rettilineo,Una carreggiata a doppio senso,Asciutto,Asfaltata,Verticale ed orizzontale,Sereno,Intenso,Buona,Ore Diurne,1,0,0,1,12.6981,41.8906,-1,1,Autovettura privata,In marcia / fermata / arresto,Conducente,M,Illeso,0,,Non accertato,Inesploso,
3980661,8,08/09/2018 18:10:00,Provinciale entro l'abitato,VIA PRENESTINA,in prossimit�,,del civico n.,1825,,Scontro laterale fra veicoli in marcia,Rettilineo,Una carreggiata a doppio senso,Asciutto,Asfaltata,Verticale ed orizzontale,Sereno,Intenso,Buona,Ore Diurne,1,0,0,1,12.6981,41.8906,-1,2,Velocipede,In marcia / fermata / arresto,Conducente,M,Ricoverato,0,NON DECEDUTO,Esente,,
3980668,7,07/09/2018 05:40:00,Strada Urbana,VIA ROCCA DI PAPA,all'intersezione con,VIA DEI COLLI ALBANI,VIA DEI COLLI ALBANI,,,Scontro laterale fra veicoli in marcia,Intersezione semaforizzata,Due carreggiate,Asciutto,Asfaltata,Verticale ed orizzontale,Nuvoloso,Normale,Sufficiente,Ore Diurne,0,0,0,2,12.5341,41.8685,0,1,Autovettura privata,In marcia / fermata / arresto,Conducente,M,Illeso,0,,,,
3980668,7,07/09/2018 05:40:00,Strada Urbana,VIA ROCCA DI PAPA,all'intersezione con,VIA DEI COLLI ALBANI,VIA DEI COLLI ALBANI,,,Scontro laterale fra veicoli in marcia,Intersezione semaforizzata,Due carreggiate,Asciutto,Asfaltata,Verticale ed orizzontale,Nuvoloso,Normale,Sufficiente,Ore Diurne,0,0,0,2,12.5341,41.8685,0,2,Autovettura privata,In marcia / fermata / arresto,Conducente,M,Illeso,0,,,,
3980672,13,09/09/2018 10:15:00,Strada Urbana,VIA CARLO CASINI,all'intersezione con,VIA PIETRO BENEDETTI,VIA PIETRO BENEDETTI,,,Scontro frontale/laterale SX fra veicoli in marcia,Intersezione stradale segnalata,Una carreggiata a senso unico di marcia,Asciutto,Asfaltata,Verticale,Sereno,Normale,Buona,Ore Diurne,0,0,0,3,12.3374,41.7823,-1,1,Autovettura privata,In marcia / fermata / arresto,Conducente,M,Illeso,0,,Non accertato,Inesploso,
3980672,13,09/09/2018 10:15:00,Strada Urbana,VIA CARLO CASINI,all'intersezione con,VIA PIETRO BENEDETTI,VIA PIETRO BENEDETTI,,,Scontro frontale/laterale SX fra veicoli in marcia,Intersezione stradale segnalata,Una carreggiata a senso unico di marcia,Asciutto,Asfaltata,Verticale,Sereno,Normale,Buona,Ore Diurne,0,0,0,3,12.3374,41.7823,-1,2,Autovettura privata,In marcia / fermata / arresto,Conducente,F,Illeso,0,,Non accertato,Inesploso,
3980672,13,09/09/2018 10:15:00,Strada Urbana,VIA CARLO CASINI,all'intersezione con,VIA PIETRO BENEDETTI,VIA PIETRO BENEDETTI,,,Scontro frontale/laterale SX fra veicoli in marcia,Intersezione stradale segnalata,Una carreggiata a senso unico di marcia,Asciutto,Asfaltata,Verticale,Sereno,Normale,Buona,Ore Diurne,0,0,0,3,12.3374,41.7823,-1,2,Autovettura privata,In marcia / fermata / arresto,Passeggero,F,Illeso,0,,Non accertato,,
3980675,17,08/09/2018 20:25:00,Strada Urbana,VIALE DELLE MEDAGLIE D'ORO,all'intersezione semaforizzata con,VIA ANTONIO LABRIOLA,VIA ANTONIO LABRIOLA,,,Scontro laterale fra veicoli in marcia,Incrocio,Una carreggiata a doppio senso,Asciutto,Asfaltata,Verticale ed orizzontale,Sereno,Normale,Buona,Sufficiente,0,0,0,2,12.4428,41.9168,-1,1,Autobus di linea,In marcia / fermata / arresto,Conducente,M,Illeso,0,,,,
3980675,17,08/09/2018 20:25:00,Strada Urbana,VIALE DELLE MEDAGLIE D'ORO,all'intersezione semaforizzata con,VIA ANTONIO LABRIOLA,VIA ANTONIO LABRIOLA,,,Scontro laterale fra veicoli in marcia,Incrocio,Una carreggiata a doppio senso,Asciutto,Asfaltata,Verticale ed orizzontale,Sereno,Normale,Buona,Sufficiente,0,0,0,2,12.4428,41.9168,-1,2,Autovettura privata,In marcia / fermata / arresto,Conducente,M,Illeso,0,,,,
3980676,7,10/09/2018 00:10:00,Strada Urbana,VIA COLLATINA,da specificare,,,,altezza V.le P. Togliatti,Veicolo in marcia contro ostacolo fisso,Rettilineo,Una carreggiata a doppio senso,Asciutto,Asfaltata,Verticale ed orizzontale,Sereno,Scarso,Buona,Sufficiente,0,0,0,1,12.575,41.9031,0,1,Autovettura privata,In marcia / fermata / arresto,Conducente,F,Illeso,0,,Non accertato,Inesploso,
3980682,19,08/09/2018 23:50:00,Strada Urbana,VIA FEDERICO BORROMEO,all'intersezione con,VIA NICOLO' ALBERGATI,VIA NICOLO' ALBERGATI,,,Scontro laterale fra veicoli in marcia,Incrocio,Una carreggiata a doppio senso,Asciutto,Asfaltata,Verticale ed orizzontale,Sereno,Scarso,Buona,Ore Diurne,1,0,0,2,12.4155,41.9201,-1,1,Autovettura privata,In marcia / fermata / arresto,Conducente,M,Illeso,0,,Non accertato,Inesploso,
3980682,19,08/09/2018 23:50:00,Strada Urbana,VIA FEDERICO BORROMEO,all'intersezione con,VIA NICOLO' ALBERGATI,VIA NICOLO' ALBERGATI,,,Scontro laterale fra veicoli in marcia,Incrocio,Una carreggiata a doppio senso,Asciutto,Asfaltata,Verticale ed orizzontale,Sereno,Scarso,Buona,Ore Diurne,1,0,0,2,12.4155,41.9201,-1,1,Autovettura privata,In marcia / fermata / arresto,Passeggero,M,Illeso,0,,Non accertato,Inesploso,