Protocollo,Gruppo,DataOraIncidente,Localizzazione1,STRADA1,Localizzazione2,STRADA2,Strada02,Chilometrica,DaSpecificare,NaturaIncidente,particolaritastrade,TipoStrada,FondoStradale,Pavimentazione,Segnaletica,CondizioneAtmosferica,Traffico,Visibilita,Illuminazione,NUM_FERITI,NUM_RISERVATA,NUM_MORTI,NUM_ILLESI,Longitudine,Latitudine,Confermato,Progressivo,TipoVeicolo,StatoVeicolo,TipoPersona,Sesso,Tipolesione,Deceduto,DecedutoDopo,CinturaCascoUtilizzato,Airbag,
3980682,19,08/09/2018 23:50:00,Strada Urbana,VIA FEDERICO BORROMEO,all'intersezione con,VIA NICOLO' ALBERGATI,VIA NICOLO' ALBERGATI,,,Scontro laterale fra veicoli in marcia,Incrocio,Una carreggiata a doppio senso,Asciutto,Asfaltata,Verticale ed orizzontale,Sereno,Scarso,Buona,Ore Diurne,1,0,0,2,12.4155,41.9201,-1,2,Autovettura privata,In marcia / fermata / arresto,Conducente,M,Rimandato,0,NON DECEDUTO,,,
3980693,19,09/09/2018 16:15:00,Strada Urbana,VIA DELLA VALLE DEI FONTANILI,da specificare,,,,fronte civ. 6,Scontro frontale/laterale SX fra veicoli in marcia,Rettilineo,Una carreggiata a doppio senso,Asciutto,Asfaltata,Orizzontale,Sereno,Normale,Buona,Ore Diurne,1,0,0,2,12.4068,41.9282,-1,1,Autovettura privata,In marcia / fermata / arresto,Conducente,M,Illeso,0,,,,
3980693,19,09/09/2018 16:15:00,Strada Urbana,VIA DELLA VALLE DEI FONTANILI,da specificare,,,,fronte civ. 6,Scontro frontale/laterale SX fra veicoli in marcia,Rettilineo,Una carreggiata a doppio senso,Asciutto,Asfaltata,Orizzontale,Sereno,Normale,Buona,Ore Diurne,1,0,0,2,12.4068,41.9282,-1,1,Autovettura privata,In marcia / fermata / arresto,Passeggero,M,Illeso,0,,,,
3980693,19,09/09/2018 16:15:00,Strada Urbana,VIA DELLA VALLE DEI FONTANILI,da specificare,,,,fronte civ. 6,Scontro frontale/laterale SX fra veicoli in marcia,Rettilineo,Una carreggiata a doppio senso,Asciutto,Asfaltata,Orizzontale,Sereno,Normale,Buona,Ore Diurne,1,0,0,2,12.4068,41.9282,-1,2,Autovettura privata,In marcia / fermata / arresto,Conducente,F,Rimandato,0,NON DECEDUTO,,,
3980694,8,08/09/2018 19:15:00,Strada Urbana,VIA SANT'ELPIDIO A MARE,all'intersezione con,VIA SERRA SAN QUIRICO,VIA SERRA SAN QUIRICO,,,Scontro frontale/laterale SX fra veicoli in marcia,Incrocio,Una carreggiata a doppio senso,Asciutto,Asfaltata,Verticale ed orizzontale,Sereno,Intenso,Buona,Ore Diurne,3,0,0,1,12.7264,41.9181,-1,1,Autovettura privata,In marcia / fermata / arresto,Conducente,M,Illeso,0,,Non accertato,Esploso,
3980694,8,08/09/2018 19:15:00,Strada Urbana,VIA SANT'ELPIDIO A MARE,all'intersezione con,VIA SERRA SAN QUIRICO,VIA SERRA SAN QUIRICO,,,Scontro frontale/laterale SX fra veicoli in marcia,Incrocio,Una carreggiata a doppio senso,Asciutto,Asfaltata,Verticale ed orizzontale,Sereno,Intenso,Buona,Ore Diurne,3,0,0,1,12.7264,41.9181,-1,2,Autovettura privata,In marcia / fermata / arresto,Conducente,M,Rimandato,0,NON DECEDUTO,Non accertato,Inesistente,
3980694,8,08/09/2018 19:15:00,Strada Urbana,VIA SANT'ELPIDIO A MARE,all'intersezione con,VIA SERRA SAN QUIRICO,VIA SERRA SAN QUIRICO,,,Scontro frontale/laterale SX fra veicoli in marcia,Incrocio,Una carreggiata a doppio senso,Asciutto,Asfaltata,Verticale ed orizzontale,Sereno,Intenso,Buona,Ore Diurne,3,0,0,1,12.7264,41.9181,-1,2,Autovettura privata,In marcia / fermata / arresto,Passeggero,M,Rimandato,0,NON DECEDUTO,,,
3980694,8,08/09/2018 19:15:00,Strada Urbana,VIA SANT'ELPIDIO A MARE,all'intersezione con,VIA SERRA SAN QUIRICO,VIA SERRA SAN QUIRICO,,,Scontro frontale/laterale SX fra veicoli in marcia,Incrocio,Una carreggiata a doppio senso,Asciutto,Asfaltata,Verticale ed orizzontale,Sereno,Intenso,Buona,Ore Diurne,3,0,0,1,12.7264,41.9181,-1,2,Autovettura privata,In marcia / fermata / arresto,Passeggero,F,Rimandato,0,NON DECEDUTO,Non accertato,Inesploso,
3980698,8,08/09/2018 12:40:00,Strada Urbana,VIALE NUSCO,all'intersezione con,VIA MIRABELLA ECLANO,VIA MIRABELLA ECLANO,,,Scontro laterale fra veicoli in marcia,Incrocio,Una carreggiata a senso unico di marcia,Asciutto,Asfaltata,Verticale,Sereno,Normale,Insufficiente,Ore Diurne,4,0,0,2,12.6317,41.8911,-1,1,Autovettura privata,In marcia / fermata / arresto,Conducente,F,Illeso,0,,Non accertato,Inesploso,
3980698,8,08/09/2018 12:40:00,Strada Urbana,VIALE NUSCO,all'intersezione con,VIA MIRABELLA ECLANO,VIA MIRABELLA ECLANO,,,Scontro laterale fra veicoli in marcia,Incrocio,Una carreggiata a senso unico di marcia,Asciutto,Asfaltata,Verticale,Sereno,Normale,Insufficiente,Ore Diurne,4,0,0,2,12.6317,41.8911,-1,1,Autovettura privata,In marcia / fermata / arresto,Passeggero,F,Rifiuta cure immediate,0,NON DECEDUTO,Non accertato,Inesploso,
3980698,8,08/09/2018 12:40:00,Strada Urbana,VIALE NUSCO,all'intersezione con,VIA MIRABELLA ECLANO,VIA MIRABELLA ECLANO,,,Scontro laterale fra veicoli in marcia,Incrocio,Una carreggiata a senso unico di marcia,Asciutto,Asfaltata,Verticale,Sereno,Normale,Insufficiente,Ore Diurne,4,0,0,2,12.6317,41.8911,-1,2,Autovettura privata,In marcia / fermata / arresto,Conducente,M,Rifiuta cure immediate,0,NON DECEDUTO,Non accertato,Inesploso,
3980698,8,08/09/2018 12:40:00,Strada Urbana,VIALE NUSCO,all'intersezione con,VIA MIRABELLA ECLANO,VIA MIRABELLA ECLANO,,,Scontro laterale fra veicoli in marcia,Incrocio,Una carreggiata a senso unico di marcia,Asciutto,Asfaltata,Verticale,Sereno,Normale,Insufficiente,Ore Diurne,4,0,0,2,12.6317,41.8911,-1,2,Autovettura privata,In marcia / fermata / arresto,Passeggero,F,Rifiuta cure immediate,0,NON DECEDUTO,Non accertato,Inesploso,
3980698,8,08/09/2018 12:40:00,Strada Urbana,VIALE NUSCO,all'intersezione con,VIA MIRABELLA ECLANO,VIA MIRABELLA ECLANO,,,Scontro laterale fra veicoli in marcia,Incrocio,Una carreggiata a senso unico di marcia,Asciutto,Asfaltata,Verticale,Sereno,Normale,Insufficiente,Ore Diurne,4,0,0,2,12.6317,41.8911,-1,2,Autovettura privata,In marcia / fermata / arresto,Passeggero,F,Illeso,0,,Non accertato,Inesploso,
3980698,8,08/09/2018 12:40:00,Strada Urbana,VIALE NUSCO,all'intersezione con,VIA MIRABELLA ECLANO,VIA MIRABELLA ECLANO,,,Scontro laterale fra veicoli in marcia,Incrocio,Una carreggiata a senso unico di marcia,Asciutto,Asfaltata,Verticale,Sereno,Normale,Insufficiente,Ore Diurne,4,0,0,2,12.6317,41.8911,-1,2,Autovettura privata,In marcia / fermata / arresto,Passeggero,M,Rifiuta cure immediate,0,NON DECEDUTO,Non accertato,Inesploso,
3980704,7,10/09/2018 04:45:00,Strada Urbana,VIALE ALESSANDRINO,in corrispondenza,,del civico n.,541,,Veicolo in marcia contro veicoli in sosta,Rettilineo,Una carreggiata a doppio senso,Asciutto,Asfaltata,Assente,Sereno,Scarso,Buona,Sufficiente,0,0,0,1,12.5773,41.8825,-1,1,Autovettura privata,In marcia / fermata / arresto,Conducente,F,Illeso,0,,Non accertato,Inesploso,
3980708,8,08/09/2018 13:40:00,Provinciale entro l'abitato,VIA PRENESTINA,all'intersezione con,RAMPA USCITA G.R.A. CARREGGIATA INTERNA,RAMPA USCITA G.R.A. CARREGGIATA INTERNA,,,Scontro frontale/laterale DX fra veicoli in marcia,Intersezione stradale segnalata,Una carreggiata a doppio senso,Asciutto,Asfaltata,Verticale ed orizzontale,Sereno,Normale,Buona,Ore Diurne,1,0,0,2,12.6152,41.8933,-1,1,Autovettura privata,In marcia / fermata / arresto,Conducente,M,Ricoverato,0,NON DECEDUTO,Non accertato,Esploso,
3980708,8,08/09/2018 13:40:00,Provinciale entro l'abitato,VIA PRENESTINA,all'intersezione con,RAMPA USCITA G.R.A. CARREGGIATA INTERNA,RAMPA USCITA G.R.A. CARREGGIATA INTERNA,,,Scontro frontale/laterale DX fra veicoli in marcia,Intersezione stradale segnalata,Una carreggiata a doppio senso,Asciutto,Asfaltata,Verticale ed orizzontale,Sereno,Normale,Buona,Ore Diurne,1,0,0,2,12.6152,41.8933,-1,1,Autovettura privata,In marcia / fermata / arresto,Passeggero,M,Illeso,0,,,,
3980708,8,08/09/2018 13:40:00,Provinciale entro l'abitato,VIA PRENESTINA,all'intersezione con,RAMPA USCITA G.R.A. CARREGGIATA INTERNA,RAMPA USCITA G.R.A. CARREGGIATA INTERNA,,,Scontro frontale/laterale DX fra veicoli in marcia,Intersezione stradale segnalata,Una carreggiata a doppio senso,Asciutto,Asfaltata,Verticale ed orizzontale,Sereno,Normale,Buona,Ore Diurne,1,0,0,2,12.6152,41.8933,-1,2,Autovettura privata,In marcia / fermata / arresto,Conducente,M,Illeso,0,,Non accertato,Inesploso,
3980710,5,08/09/2018 13:58:00,Strada Urbana,VIA DI PIETRALATA,in corrispondenza,,del civico n.,292,,Investimento di pedone,Rettilineo,Una carreggiata a doppio senso,Asciutto,Asfaltata,Verticale ed orizzontale,Sereno,Normale,Buona,Ore Diurne,1,0,0,1,12.5468,41.922,-1,,,,Pedone,M,Rimandato,0,NON DECEDUTO,,,
3980710,5,08/09/2018 13:58:00,Strada Urbana,VIA DI PIETRALATA,in corrispondenza,,del civico n.,292,,Investimento di pedone,Rettilineo,Una carreggiata a doppio senso,Asciutto,Asfaltata,Verticale ed orizzontale,Sereno,Normale,Buona,Ore Diurne,1,0,0,1,12.5468,41.922,-1,1,Autovettura privata,In marcia / fermata / arresto,Conducente,M,Illeso,0,,Non accertato,Inesploso,
3980713,8,08/09/2018 08:45:00,Strada Urbana,VIA COLLATINA,in prossimit�,,del palo luce n.,582,,Veicolo in marcia contro ostacolo accidentale,Curva senza visuale libera,Una carreggiata a doppio senso,Asciutto,Asfaltata,Verticale ed orizzontale,Sereno,Normale,Buona,Ore Diurne,1,0,0,0,12.6108,41.9059,-1,1,Motociclo a solo,In marcia / fermata / arresto,Conducente,F,Ricoverato,0,NON DECEDUTO,,,
3980717,5,10/09/2018 00:30:00,Strada Urbana,VIA TIBURTINA,all'intersezione con,VIA GALLA PLACIDIA,VIA GALLA PLACIDIA,,,Scontro frontale/laterale SX fra veicoli in marcia,Intersezione semaforizzata,Pi� di due carreggiate,Asciutto,Asfaltata,Verticale ed orizzontale,Sereno,Scarso,Sufficiente,Sufficiente,0,0,0,2,12.5427,41.9085,-1,1,Autovettura privata,In marcia / fermata / arresto,Conducente,F,Illeso,0,,Non accertato,,
3980717,5,10/09/2018 00:30:00,Strada Urbana,VIA TIBURTINA,all'intersezione con,VIA GALLA PLACIDIA,VIA GALLA PLACIDIA,,,Scontro frontale/laterale SX fra veicoli in marcia,Intersezione semaforizzata,Pi� di due carreggiate,Asciutto,Asfaltata,Verticale ed orizzontale,Sereno,Scarso,Sufficiente,Sufficiente,0,0,0,2,12.5427,41.9085,-1,2,Autovettura privata,In marcia / fermata / arresto,Conducente,M,Illeso,0,,Non accertato,,
3980720,8,07/09/2018 20:25:00,Strada Urbana,VIALE S. RITA DA CASCIA,all'intersezione con,VIALE PAOLO FERDINANDO QUAGLIA,VIALE PAOLO FERDINANDO QUAGLIA,,,Tamponamento Multiplo,Rotatoria,Una carreggiata a senso unico di marcia,Asciutto,Asfaltata,Verticale ed orizzontale,Sereno,Normale,Buona,Sufficiente,0,0,0,2,12.6436,41.8699,-1,1,Autovettura privata,In marcia / fermata / arresto,Conducente,M,Illeso,0,,,,
3980720,8,07/09/2018 20:25:00,Strada Urbana,VIALE S. RITA DA CASCIA,all'intersezione con,VIALE PAOLO FERDINANDO QUAGLIA,VIALE PAOLO FERDINANDO QUAGLIA,,,Tamponamento Multiplo,Rotatoria,Una carreggiata a senso unico di marcia,Asciutto,Asfaltata,Verticale ed orizzontale,Sereno,Normale,Buona,Sufficiente,0,0,0,2,12.6436,41.8699,-1,1,Autovettura privata,In marcia / fermata / arresto,Passeggero,M,Illeso,0,,,,
3980724,13,09/09/2018 18:20:00,Provinciale,VIA GUIDO CALZA,all'intersezione con,VIA DI TOR BOACCIANA,VIA DI TOR BOACCIANA,,,Scontro laterale fra veicoli in marcia,Incrocio,Due carreggiate,Asciutto,Asfaltata,Verticale ed orizzontale,Sereno,Intenso,Buona,Ore Diurne,1,0,0,2,12.4964,41.9028,-1,1,Autovettura privata,In marcia / fermata / arresto,Conducente,M,Illeso,0,,,,
3980724,13,09/09/2018 18:20:00,Provinciale,VIA GUIDO CALZA,all'intersezione con,VIA DI TOR BOACCIANA,VIA DI TOR BOACCIANA,,,Scontro laterale fra veicoli in marcia,Incrocio,Due carreggiate,Asciutto,Asfaltata,Verticale ed orizzontale,Sereno,Intenso,Buona,Ore Diurne,1,0,0,2,12.4964,41.9028,-1,1,Autovettura privata,In marcia / fermata / arresto,Passeggero,F,Illeso,0,,,,
3980724,13,09/09/2018 18:20:00,Provinciale,VIA GUIDO CALZA,all'intersezione con,VIA DI TOR BOACCIANA,VIA DI TOR BOACCIANA,,,Scontro laterale fra veicoli in marcia,Incrocio,Due carreggiate,Asciutto,Asfaltata,Verticale ed orizzontale,Sereno,Intenso,Buona,Ore Diurne,1,0,0,2,12.4964,41.9028,-1,2,Motociclo a solo,In marcia / fermata / arresto,Conducente,M,Rimandato,0,NON DECEDUTO,,,
3980725,5,10/09/2018 06:05:00,Strada Urbana,VIA TIBURTINA,da specificare,,,,direzione centro prossimit� P.zza S.M. soccorso,Scontro laterale fra veicoli in marcia,Rettilineo,Una carreggiata a senso unico di marcia,Asciutto,Asfaltata,Verticale ed orizzontale,Sereno,Scarso,Sufficiente,Sufficiente,0,0,0,2,12.5617,41.9158,-1,1,Autovettura privata,In marcia / fermata / arresto,Conducente,F,Illeso,0,,Non accertato,,
3980725,5,10/09/2018 06:05:00,Strada Urbana,VIA TIBURTINA,da specificare,,,,direzione centro prossimit� P.zza S.M. soccorso,Scontro laterale fra veicoli in marcia,Rettilineo,Una carreggiata a senso unico di marcia,Asciutto,Asfaltata,Verticale ed orizzontale,Sereno,Scarso,Sufficiente,Sufficiente,0,0,0,2,12.5617,41.9158,-1,2,Autovettura privata,In marcia / fermata / arresto,Conducente,M,Illeso,0,,Non accertato,,
3980727,8,08/09/2018 03:10:00,Statale entro l'abitato,VIA CASILINA,in prossimit�,,del civico n.,1805,,Tamponamento,Rettilineo,Una carreggiata a doppio senso,Asciutto,Asfaltata,Orizzontale,Sereno,Scarso,Sufficiente,Sufficiente,0,0,0,3,12.6802,41.8631,-1,1,Autovettura privata,In marcia / fermata / arresto,Conducente,M,Illeso,0,,,,
3980727,8,08/09/2018 03:10:00,Statale entro l'abitato,VIA CASILINA,in prossimit�,,del civico n.,1805,,Tamponamento,Rettilineo,Una carreggiata a doppio senso,Asciutto,Asfaltata,Orizzontale,Sereno,Scarso,Sufficiente,Sufficiente,0,0,0,3,12.6802,41.8631,-1,1,Autovettura privata,In marcia / fermata / arresto,Passeggero,F,Illeso,0,,,,
3980727,8,08/09/2018 03:10:00,Statale entro l'abitato,VIA CASILINA,in prossimit�,,del civico n.,1805,,Tamponamento,Rettilineo,Una carreggiata a doppio senso,Asciutto,Asfaltata,Orizzontale,Sereno,Scarso,Sufficiente,Sufficiente,0,0,0,3,12.6802,41.8631,-1,2,Autovettura privata,In marcia / fermata / arresto,Conducente,M,Illeso,0,,,,
3980729,8,08/09/2018 08:30:00,Strada Urbana,VIALE DEI ROMANISTI,all'intersezione con,VIA MARIO LIZZANI,VIA MARIO LIZZANI,,,Scontro frontale/laterale SX fra veicoli in marcia,Intersezione stradale segnalata,Due carreggiate,Asciutto,Asfaltata,Verticale,Sereno,Normale,Buona,Ore Diurne,1,0,0,1,12.5728,41.8689,-1,1,Autovettura privata,In marcia / fermata / arresto,Conducente,M,Illeso,0,,,,
3980729,8,08/09/2018 08:30:00,Strada Urbana,VIALE DEI ROMANISTI,all'intersezione con,VIA MARIO LIZZANI,VIA MARIO LIZZANI,,,Scontro frontale/laterale SX fra veicoli in marcia,Intersezione stradale segnalata,Due carreggiate,Asciutto,Asfaltata,Verticale,Sereno,Normale,Buona,Ore Diurne,1,0,0,1,12.5728,41.8689,-1,2,Velocipede,In marcia / fermata / arresto,Conducente,M,Rifiuta cure immediate,0,NON DECEDUTO,Esente,,
3980739,5,07/09/2018 18:50:00,Strada Urbana,PIAZZA MONTE GENNARO,in prossimit�,,del civico n.,10,,Scontro frontale/laterale DX fra veicoli in marcia,Rettilineo,Una carreggiata a doppio senso,Asciutto,Asfaltata,Verticale ed orizzontale,Sereno,Normale,Buona,Ore Diurne,0,0,0,2,12.5379,41.9447,-1,1,Autovettura di polizia,In marcia / fermata / arresto,Conducente,M,Illeso,0,,Non accertato,Inesploso,
3980739,5,07/09/2018 18:50:00,Strada Urbana,PIAZZA MONTE GENNARO,in prossimit�,,del civico n.,10,,Scontro frontale/laterale DX fra veicoli in marcia,Rettilineo,Una carreggiata a doppio senso,Asciutto,Asfaltata,Verticale ed orizzontale,Sereno,Normale,Buona,Ore Diurne,0,0,0,2,12.5379,41.9447,-1,2,Autocarro inferiore 35 q.,In marcia / fermata / arresto,Conducente,M,Illeso,0,,Non accertato,Inesploso,
3980742,8,07/09/2018 09:00:00,Strada Urbana,VIA CATERINA USAI,all'intersezione con,VIA RAOUL FOLLEREAU,VIA RAOUL FOLLEREAU,,,Scontro frontale/laterale DX fra veicoli in marcia,Incrocio,Una carreggiata a doppio senso,Bagnato (umidit� in atto),Asfaltata,Verticale ed orizzontale,Nuvoloso,Normale,Buona,Ore Diurne,2,0,0,0,12.6752,41.8956,-1,1,Autovettura privata,In marcia / fermata / arresto,Conducente,M,Ricoverato,0,NON DECEDUTO,Non accertato,Inesploso,
3980742,8,07/09/2018 09:00:00,Strada Urbana,VIA CATERINA USAI,all'intersezione con,VIA RAOUL FOLLEREAU,VIA RAOUL FOLLEREAU,,,Scontro frontale/laterale DX fra veicoli in marcia,Incrocio,Una carreggiata a doppio senso,Bagnato (umidit� in atto),Asfaltata,Verticale ed orizzontale,Nuvoloso,Normale,Buona,Ore Diurne,2,0,0,0,12.6752,41.8956,-1,2,Autovettura privata,In marcia / fermata / arresto,Conducente,M,Rifiuta cure immediate,0,NON DECEDUTO,,,
3980746,5,08/09/2018 02:30:00,Strada Urbana,VIA DI PORTONACCIO,da specificare,,,,fronte Via Mirri direzione Prenestina,Investimento di pedone,Curva a visuale libera,Due carreggiate,Asciutto,Asfaltata,Orizzontale,Sereno,Scarso,Sufficiente,Sufficiente,2,1,0,0,12.5361,41.9033,-1,,,,Pedone,M,Prognosi riservata,0,NON DECEDUTO,,,
3980746,5,08/09/2018 02:30:00,Strada Urbana,VIA DI PORTONACCIO,da specificare,,,,fronte Via Mirri direzione Prenestina,Investimento di pedone,Curva a visuale libera,Due carreggiate,Asciutto,Asfaltata,Orizzontale,Sereno,Scarso,Sufficiente,Sufficiente,2,1,0,0,12.5361,41.9033,-1,1,Motociclo a solo,In marcia / fermata / arresto,Conducente,M,Rimandato,0,NON DECEDUTO,Non accertato,,
3980746,5,08/09/2018 02:30:00,Strada Urbana,VIA DI PORTONACCIO,da specificare,,,,fronte Via Mirri direzione Prenestina,Investimento di pedone,Curva a visuale libera,Due carreggiate,Asciutto,Asfaltata,Orizzontale,Sereno,Scarso,Sufficiente,Sufficiente,2,1,0,0,12.5361,41.9033,-1,1,Motociclo a solo,In marcia / fermata / arresto,Passeggero,F,Rimandato,0,NON DECEDUTO,Non accertato,,
3980748,8,09/09/2018 19:40:00,Statale entro l'abitato,VIA CASILINA,in corrispondenza,,del civico n.,1829,,Tamponamento,Rettilineo,Una carreggiata a doppio senso,Asciutto,Asfaltata,Verticale ed orizzontale,Sereno,Normale,Buona,Ore Diurne,0,0,0,5,12.6855,41.8628,-1,1,Autovettura privata,In marcia / fermata / arresto,Conducente,M,Illeso,0,,Non accertato,Inesploso,
3980748,8,09/09/2018 19:40:00,Statale entro l'abitato,VIA CASILINA,in corrispondenza,,del civico n.,1829,,Tamponamento,Rettilineo,Una carreggiata a doppio senso,Asciutto,Asfaltata,Verticale ed orizzontale,Sereno,Normale,Buona,Ore Diurne,0,0,0,5,12.6855,41.8628,-1,1,Autovettura privata,In marcia / fermata / arresto,Passeggero,F,Illeso,0,,Non accertato,Inesploso,
3980748,8,09/09/2018 19:40:00,Statale entro l'abitato,VIA CASILINA,in corrispondenza,,del civico n.,1829,,Tamponamento,Rettilineo,Una carreggiata a doppio senso,Asciutto,Asfaltata,Verticale ed orizzontale,Sereno,Normale,Buona,Ore Diurne,0,0,0,5,12.6855,41.8628,-1,2,Autovettura privata,In marcia / fermata / arresto,Conducente,F,Illeso,0,,Non accertato,Inesploso,
3980748,8,09/09/2018 19:40:00,Statale entro l'abitato,VIA CASILINA,in corrispondenza,,del civico n.,1829,,Tamponamento,Rettilineo,Una carreggiata a doppio senso,Asciutto,Asfaltata,Verticale ed orizzontale,Sereno,Normale,Buona,Ore Diurne,0,0,0,5,12.6855,41.8628,-1,2,Autovettura privata,In marcia / fermata / arresto,Passeggero,M,Illeso,0,,Non accertato,Inesploso,
3980748,8,09/09/2018 19:40:00,Statale entro l'abitato,VIA CASILINA,in corrispondenza,,del civico n.,1829,,Tamponamento,Rettilineo,Una carreggiata a doppio senso,Asciutto,Asfaltata,Verticale ed orizzontale,Sereno,Normale,Buona,Ore Diurne,0,0,0,5,12.6855,41.8628,-1,2,Autovettura privata,In marcia / fermata / arresto,Passeggero,F,Illeso,0,,Non accertato,Inesploso,
3980752,4,07/09/2018 14:45:00,Strada Urbana,VIA MONTE S. VICINO,all'intersezione con,VIA TONALE,VIA TONALE,,,Scontro laterale fra veicoli in marcia,Intersezione non regolata/non segnalata,Una carreggiata a doppio senso,Asciutto,Asfaltata,Orizzontale,Sereno,Normale,Buona,Ore Diurne,0,0,0,2,12.5341,41.9489,-1,1,Autovettura privata,In marcia / fermata / arresto,Conducente,M,Illeso,0,,Non accertato,Esploso,
3980752,4,07/09/2018 14:45:00,Strada Urbana,VIA MONTE S. VICINO,all'intersezione con,VIA TONALE,VIA TONALE,,,Scontro laterale fra veicoli in marcia,Intersezione non regolata/non segnalata,Una carreggiata a doppio senso,Asciutto,Asfaltata,Orizzontale,Sereno,Normale,Buona,Ore Diurne,0,0,0,2,12.5341,41.9489,-1,2,Autovettura privata,In marcia / fermata / arresto,Conducente,M,Illeso,0,,,,
3980753,8,09/09/2018 23:00:00,Provinciale entro l'abitato,VIA COLLATINA,all'intersezione con,VIA GIOVANNI CICALI,VIA GIOVANNI CICALI,,,Scontro frontale/laterale DX fra veicoli in marcia,Rotatoria,Una carreggiata a senso unico di marcia,Asciutto,Asfaltata,Verticale ed orizzontale,Sereno,Normale,Buona,Sufficiente,0,0,0,4,12.6108,41.9059,-1,1,Autovettura privata,In marcia / fermata / arresto,Conducente,F,Illeso,0,,Non accertato,Inesploso,
3980753,8,09/09/2018 23:00:00,Provinciale entro l'abitato,VIA COLLATINA,all'intersezione con,VIA GIOVANNI CICALI,VIA GIOVANNI CICALI,,,Scontro frontale/laterale DX fra veicoli in marcia,Rotatoria,Una carreggiata a senso unico di marcia,Asciutto,Asfaltata,Verticale ed orizzontale,Sereno,Normale,Buona,Sufficiente,0,0,0,4,12.6108,41.9059,-1,1,Autovettura privata,In marcia / fermata / arresto,Passeggero,F,Illeso,0,,Non accertato,Inesploso,
3980753,8,09/09/2018 23:00:00,Provinciale entro l'abitato,VIA COLLATINA,all'intersezione con,VIA GIOVANNI CICALI,VIA GIOVANNI CICALI,,,Scontro frontale/laterale DX fra veicoli in marcia,Rotatoria,Una carreggiata a senso unico di marcia,Asciutto,Asfaltata,Verticale ed orizzontale,Sereno,Normale,Buona,Sufficiente,0,0,0,4,12.6108,41.9059,-1,1,Autovettura privata,In marcia / fermata / arresto,Passeggero,M,Illeso,0,,Non accertato,Inesploso,
3980753,8,09/09/2018 23:00:00,Provinciale entro l'abitato,VIA COLLATINA,all'intersezione con,VIA GIOVANNI CICALI,VIA GIOVANNI CICALI,,,Scontro frontale/laterale DX fra veicoli in marcia,Rotatoria,Una carreggiata a senso unico di marcia,Asciutto,Asfaltata,Verticale ed orizzontale,Sereno,Normale,Buona,Sufficiente,0,0,0,4,12.6108,41.9059,-1,2,Autovettura privata,In marcia / fermata / arresto,Conducente,M,Illeso,0,,Non accertato,Inesploso,
3980758,8,07/09/2018 16:30:00,Strada Urbana,VIA VINCENZO BONIFATI,da specificare,,,,INGRESSO CASELLO PONTE DI NONA,Scontro laterale fra veicoli in marcia,Curva senza visuale libera,Una carreggiata a senso unico di marcia,Asciutto,Asfaltata,Verticale ed orizzontale,Sereno,Normale,Buona,Ore Diurne,0,0,0,5,12.6605,41.9164,-1,1,Autovettura privata,In marcia / fermata / arresto,Conducente,F,Illeso,0,,,,
3980758,8,07/09/2018 16:30:00,Strada Urbana,VIA VINCENZO BONIFATI,da specificare,,,,INGRESSO CASELLO PONTE DI NONA,Scontro laterale fra veicoli in marcia,Curva senza visuale libera,Una carreggiata a senso unico di marcia,Asciutto,Asfaltata,Verticale ed orizzontale,Sereno,Normale,Buona,Ore Diurne,0,0,0,5,12.6605,41.9164,-1,1,Autovettura privata,In marcia / fermata / arresto,Passeggero,F,Illeso,0,,,,
3980758,8,07/09/2018 16:30:00,Strada Urbana,VIA VINCENZO BONIFATI,da specificare,,,,INGRESSO CASELLO PONTE DI NONA,Scontro laterale fra veicoli in marcia,Curva senza visuale libera,Una carreggiata a senso unico di marcia,Asciutto,Asfaltata,Verticale ed orizzontale,Sereno,Normale,Buona,Ore Diurne,0,0,0,5,12.6605,41.9164,-1,1,Autovettura privata,In marcia / fermata / arresto,Passeggero,M,Illeso,0,,,,
3980758,8,07/09/2018 16:30:00,Strada Urbana,VIA VINCENZO BONIFATI,da specificare,,,,INGRESSO CASELLO PONTE DI NONA,Scontro laterale fra veicoli in marcia,Curva senza visuale libera,Una carreggiata a senso unico di marcia,Asciutto,Asfaltata,Verticale ed orizzontale,Sereno,Normale,Buona,Ore Diurne,0,0,0,5,12.6605,41.9164,-1,1,Autovettura privata,In marcia / fermata / arresto,Passeggero,F,Illeso,0,,,,
3980758,8,07/09/2018 16:30:00,Strada Urbana,VIA VINCENZO BONIFATI,da specificare,,,,INGRESSO CASELLO PONTE DI NONA,Scontro laterale fra veicoli in marcia,Curva senza visuale libera,Una carreggiata a senso unico di marcia,Asciutto,Asfaltata,Verticale ed orizzontale,Sereno,Normale,Buona,Ore Diurne,0,0,0,5,12.6605,41.9164,-1,2,Autovettura privata,In marcia / fermata / arresto,Conducente,M,Illeso,0,,,,