Protocollo,Gruppo,DataOraIncidente,Localizzazione1,STRADA1,Localizzazione2,STRADA2,Strada02,Chilometrica,DaSpecificare,NaturaIncidente,particolaritastrade,TipoStrada,FondoStradale,Pavimentazione,Segnaletica,CondizioneAtmosferica,Traffico,Visibilita,Illuminazione,NUM_FERITI,NUM_RISERVATA,NUM_MORTI,NUM_ILLESI,Longitudine,Latitudine,Confermato,Progressivo,TipoVeicolo,StatoVeicolo,TipoPersona,Sesso,Tipolesione,Deceduto,DecedutoDopo,CinturaCascoUtilizzato,Airbag,
3980789,10,10/09/2018 09:30:00,Strada Urbana,VIA TUSCOLANA,in corrispondenza,,del civico n.,719,,Scontro frontale/laterale SX fra veicoli in marcia,Rettilineo,Una carreggiata a senso unico di marcia,Asciutto,Asfaltata,Orizzontale,Sereno,Intenso,Buona,Ore Diurne,0,0,0,2,12.5544,41.8613,-1,1,Autovettura privata,In marcia / fermata / arresto,Conducente,M,Illeso,0,,Non accertato,Inesploso,
3980789,10,10/09/2018 09:30:00,Strada Urbana,VIA TUSCOLANA,in corrispondenza,,del civico n.,719,,Scontro frontale/laterale SX fra veicoli in marcia,Rettilineo,Una carreggiata a senso unico di marcia,Asciutto,Asfaltata,Orizzontale,Sereno,Intenso,Buona,Ore Diurne,0,0,0,2,12.5544,41.8613,-1,2,Autovettura privata,In marcia / fermata / arresto,Conducente,F,Illeso,0,,Non accertato,Inesploso,
3980794,4,07/09/2018 12:00:00,Statale entro l'abitato,VIA SALARIA,da specificare,,,,f.c. 825,Scontro laterale fra veicoli in marcia,Rettilineo,Due carreggiate,Asciutto,Asfaltata,Verticale ed orizzontale,Sereno,Normale,Buona,Ore Diurne,1,0,0,1,12.5116,41.9875,-1,1,Autovettura privata,In marcia / fermata / arresto,Conducente,M,Illeso,0,,,,
3980794,4,07/09/2018 12:00:00,Statale entro l'abitato,VIA SALARIA,da specificare,,,,f.c. 825,Scontro laterale fra veicoli in marcia,Rettilineo,Due carreggiate,Asciutto,Asfaltata,Verticale ed orizzontale,Sereno,Normale,Buona,Ore Diurne,1,0,0,1,12.5116,41.9875,-1,2,Motociclo a solo,In marcia / fermata / arresto,Conducente,M,Rimandato,0,NON DECEDUTO,,,
3980796,4,07/09/2018 23:20:00,Strada Urbana,VIA UGO OJETTI,all'intersezione semaforizzata con,PIAZZA GIUSEPPE PRIMOLI,PIAZZA GIUSEPPE PRIMOLI,,,Scontro frontale/laterale DX fra veicoli in marcia,Incrocio,Due carreggiate,Asciutto,Asfaltata,Verticale ed orizzontale,Sereno,Scarso,Sufficiente,Sufficiente,0,0,0,4,12.555,41.9477,-1,1,Autovettura privata,In marcia / fermata / arresto,Conducente,F,Illeso,0,,,,
3980796,4,07/09/2018 23:20:00,Strada Urbana,VIA UGO OJETTI,all'intersezione semaforizzata con,PIAZZA GIUSEPPE PRIMOLI,PIAZZA GIUSEPPE PRIMOLI,,,Scontro frontale/laterale DX fra veicoli in marcia,Incrocio,Due carreggiate,Asciutto,Asfaltata,Verticale ed orizzontale,Sereno,Scarso,Sufficiente,Sufficiente,0,0,0,4,12.555,41.9477,-1,1,Autovettura privata,In marcia / fermata / arresto,Passeggero,F,Illeso,0,,,,
3980796,4,07/09/2018 23:20:00,Strada Urbana,VIA UGO OJETTI,all'intersezione semaforizzata con,PIAZZA GIUSEPPE PRIMOLI,PIAZZA GIUSEPPE PRIMOLI,,,Scontro frontale/laterale DX fra veicoli in marcia,Incrocio,Due carreggiate,Asciutto,Asfaltata,Verticale ed orizzontale,Sereno,Scarso,Sufficiente,Sufficiente,0,0,0,4,12.555,41.9477,-1,1,Autovettura privata,In marcia / fermata / arresto,Passeggero,F,Illeso,0,,,,
3980796,4,07/09/2018 23:20:00,Strada Urbana,VIA UGO OJETTI,all'intersezione semaforizzata con,PIAZZA GIUSEPPE PRIMOLI,PIAZZA GIUSEPPE PRIMOLI,,,Scontro frontale/laterale DX fra veicoli in marcia,Incrocio,Due carreggiate,Asciutto,Asfaltata,Verticale ed orizzontale,Sereno,Scarso,Sufficiente,Sufficiente,0,0,0,4,12.555,41.9477,-1,2,Autovettura privata,In marcia / fermata / arresto,Conducente,F,Illeso,0,,,,
3980804,18,07/09/2018 23:10:00,Strada Urbana,VIA DEGLI SCIPIONI,all'intersezione con,VIA VESPASIANO,VIA VESPASIANO,,,Scontro laterale fra veicoli in marcia,Incrocio,Una carreggiata a senso unico di marcia,Asciutto,Asfaltata,Verticale ed orizzontale,Sereno,Scarso,Buona,Sufficiente,1,0,0,1,12.4568,41.9083,-1,1,Autovettura privata,In marcia / fermata / arresto,Conducente,M,Illeso,0,,,,
3980804,18,07/09/2018 23:10:00,Strada Urbana,VIA DEGLI SCIPIONI,all'intersezione con,VIA VESPASIANO,VIA VESPASIANO,,,Scontro laterale fra veicoli in marcia,Incrocio,Una carreggiata a senso unico di marcia,Asciutto,Asfaltata,Verticale ed orizzontale,Sereno,Scarso,Buona,Sufficiente,1,0,0,1,12.4568,41.9083,-1,2,Autovettura privata,In marcia / fermata / arresto,Conducente,M,Rimandato,0,NON DECEDUTO,,,
3980841,4,08/09/2018 03:40:00,,VIA GIOVANNI CONTI,da specificare,,,,prossimit� V. delle Vigne Nuove,Fuoriuscita dalla sede stradale,,,,,,,,,,1,0,0,0,,,0,1,Autovettura privata,In marcia / fermata / arresto,Conducente,M,Rifiuta cure immediate,0,NON DECEDUTO,,,
3980882,1,08/09/2018 23:15:00,Strada Urbana,VIA ARENULA,all'intersezione semaforizzata con,VIA DEI FALEGNAMI,VIA DEI FALEGNAMI,,,Scontro frontale/laterale SX fra veicoli in marcia,Intersezione semaforizzata,Una carreggiata a senso unico di marcia,Asciutto,Asfaltata,Verticale ed orizzontale,Sereno,Normale,Sufficiente,Sufficiente,1,0,0,2,12.4761,41.894,-1,1,Autocarro inferiore 35 q.,In marcia / fermata / arresto,Conducente,M,Illeso,0,,Non accertato,,
3980882,1,08/09/2018 23:15:00,Strada Urbana,VIA ARENULA,all'intersezione semaforizzata con,VIA DEI FALEGNAMI,VIA DEI FALEGNAMI,,,Scontro frontale/laterale SX fra veicoli in marcia,Intersezione semaforizzata,Una carreggiata a senso unico di marcia,Asciutto,Asfaltata,Verticale ed orizzontale,Sereno,Normale,Sufficiente,Sufficiente,1,0,0,2,12.4761,41.894,-1,2,Motociclo a solo,In marcia / fermata / arresto,Conducente,M,Rimandato,0,NON DECEDUTO,Non accertato,,
3980882,1,08/09/2018 23:15:00,Strada Urbana,VIA ARENULA,all'intersezione semaforizzata con,VIA DEI FALEGNAMI,VIA DEI FALEGNAMI,,,Scontro frontale/laterale SX fra veicoli in marcia,Intersezione semaforizzata,Una carreggiata a senso unico di marcia,Asciutto,Asfaltata,Verticale ed orizzontale,Sereno,Normale,Sufficiente,Sufficiente,1,0,0,2,12.4761,41.894,-1,2,Motociclo a solo,In marcia / fermata / arresto,Passeggero,F,Illeso,0,,,,
3980885,20,09/09/2018 22:30:00,Strada Urbana,VIA DI BACCANELLO,in prossimit�,,del civico n.,333,,Scontro frontale/laterale SX fra veicoli in marcia,Rettilineo,Una carreggiata a doppio senso,Asciutto,Asfaltata,Verticale ed orizzontale,Sereno,Scarso,Sufficiente,Sufficiente,2,0,0,1,12.3364,42.0686,-1,1,Autovettura privata,In marcia / fermata / arresto,Conducente,M,Illeso,0,,Non accertato,,
3980885,20,09/09/2018 22:30:00,Strada Urbana,VIA DI BACCANELLO,in prossimit�,,del civico n.,333,,Scontro frontale/laterale SX fra veicoli in marcia,Rettilineo,Una carreggiata a doppio senso,Asciutto,Asfaltata,Verticale ed orizzontale,Sereno,Scarso,Sufficiente,Sufficiente,2,0,0,1,12.3364,42.0686,-1,1,Autovettura privata,In marcia / fermata / arresto,Passeggero,M,Rimandato,0,NON DECEDUTO,,,
3980885,20,09/09/2018 22:30:00,Strada Urbana,VIA DI BACCANELLO,in prossimit�,,del civico n.,333,,Scontro frontale/laterale SX fra veicoli in marcia,Rettilineo,Una carreggiata a doppio senso,Asciutto,Asfaltata,Verticale ed orizzontale,Sereno,Scarso,Sufficiente,Sufficiente,2,0,0,1,12.3364,42.0686,-1,2,Autovettura privata,In marcia / fermata / arresto,Conducente,M,Rimandato,0,NON DECEDUTO,,,
3980908,17,10/09/2018 08:50:00,Strada Urbana,PIAZZA DELLE CINQUE GIORNATE,all'intersezione semaforizzata con,LUNGOTEVERE MICHELANGELO,LUNGOTEVERE MICHELANGELO,,,Scontro laterale fra veicoli in marcia,Intersezione semaforizzata,Una carreggiata a senso unico di marcia,Asciutto,Asfaltata,Verticale ed orizzontale,Sereno,Normale,Buona,Ore Diurne,0,0,0,3,12.4692,41.9142,-1,1,Autovettura privata,In marcia / fermata / arresto,Conducente,F,Illeso,0,,Non accertato,Inesploso,
3980908,17,10/09/2018 08:50:00,Strada Urbana,PIAZZA DELLE CINQUE GIORNATE,all'intersezione semaforizzata con,LUNGOTEVERE MICHELANGELO,LUNGOTEVERE MICHELANGELO,,,Scontro laterale fra veicoli in marcia,Intersezione semaforizzata,Una carreggiata a senso unico di marcia,Asciutto,Asfaltata,Verticale ed orizzontale,Sereno,Normale,Buona,Ore Diurne,0,0,0,3,12.4692,41.9142,-1,2,Quadriciclo leggero,In marcia / fermata / arresto,Conducente,F,Illeso,0,,Non accertato,Inesploso,
3980908,17,10/09/2018 08:50:00,Strada Urbana,PIAZZA DELLE CINQUE GIORNATE,all'intersezione semaforizzata con,LUNGOTEVERE MICHELANGELO,LUNGOTEVERE MICHELANGELO,,,Scontro laterale fra veicoli in marcia,Intersezione semaforizzata,Una carreggiata a senso unico di marcia,Asciutto,Asfaltata,Verticale ed orizzontale,Sereno,Normale,Buona,Ore Diurne,0,0,0,3,12.4692,41.9142,-1,2,Quadriciclo leggero,In marcia / fermata / arresto,Passeggero,F,Illeso,0,,Non accertato,Inesploso,
3980919,2,10/09/2018 00:15:00,Strada Urbana,VIALE MARESCIALLO PILSUDSKI,all'intersezione semaforizzata con,VIA GUIDUBALDO DEL MONTE,VIA GUIDUBALDO DEL MONTE,,,Scontro frontale/laterale SX fra veicoli in marcia,Intersezione semaforizzata,Una carreggiata a doppio senso,Asciutto,Asfaltata,Verticale ed orizzontale,Sereno,Normale,Buona,Sufficiente,3,0,0,0,12.478,41.9287,-1,1,Motociclo a solo,In marcia / fermata / arresto,Conducente,M,Rimandato,0,NON DECEDUTO,Utilizzato,,
3980919,2,10/09/2018 00:15:00,Strada Urbana,VIALE MARESCIALLO PILSUDSKI,all'intersezione semaforizzata con,VIA GUIDUBALDO DEL MONTE,VIA GUIDUBALDO DEL MONTE,,,Scontro frontale/laterale SX fra veicoli in marcia,Intersezione semaforizzata,Una carreggiata a doppio senso,Asciutto,Asfaltata,Verticale ed orizzontale,Sereno,Normale,Buona,Sufficiente,3,0,0,0,12.478,41.9287,-1,2,Quadriciclo leggero,In marcia / fermata / arresto,Conducente,M,Rimandato,0,NON DECEDUTO,,,
3980919,2,10/09/2018 00:15:00,Strada Urbana,VIALE MARESCIALLO PILSUDSKI,all'intersezione semaforizzata con,VIA GUIDUBALDO DEL MONTE,VIA GUIDUBALDO DEL MONTE,,,Scontro frontale/laterale SX fra veicoli in marcia,Intersezione semaforizzata,Una carreggiata a doppio senso,Asciutto,Asfaltata,Verticale ed orizzontale,Sereno,Normale,Buona,Sufficiente,3,0,0,0,12.478,41.9287,-1,2,Quadriciclo leggero,In marcia / fermata / arresto,Passeggero,M,Rimandato,0,NON DECEDUTO,Non accertato,Inesistente,
3980926,4,08/09/2018 14:45:00,Strada Urbana,VIA DON GIUSTINO MARIA RUSSOLILLO,in prossimit�,,del civico n.,46,,Scontro frontale fra veicoli in marcia,Rettilineo,Una carreggiata a doppio senso,Asciutto,Asfaltata,Verticale ed orizzontale,Sereno,Scarso,Buona,Ore Diurne,0,0,0,2,12.5175,41.9706,-1,1,Autovettura privata,In marcia / fermata / arresto,Conducente,F,Illeso,0,,Non accertato,Inesploso,
3980926,4,08/09/2018 14:45:00,Strada Urbana,VIA DON GIUSTINO MARIA RUSSOLILLO,in prossimit�,,del civico n.,46,,Scontro frontale fra veicoli in marcia,Rettilineo,Una carreggiata a doppio senso,Asciutto,Asfaltata,Verticale ed orizzontale,Sereno,Scarso,Buona,Ore Diurne,0,0,0,2,12.5175,41.9706,-1,2,Motociclo a solo,In marcia / fermata / arresto,Conducente,M,Illeso,0,,Non accertato,,
3980929,18,07/09/2018 15:15:00,Statale,VIA AURELIA,in corrispondenza,,della chilometrica,9600,,Scontro laterale fra veicoli in marcia,Curva a visuale libera,Due carreggiate,Asciutto,Asfaltata,Verticale ed orizzontale,Sereno,Normale,Buona,Ore Diurne,4,0,0,0,12.3728,41.8868,-1,1,Autovettura privata,In marcia / fermata / arresto,Conducente,M,Rifiuta cure immediate,0,NON DECEDUTO,Non accertato,Esploso,
3980929,18,07/09/2018 15:15:00,Statale,VIA AURELIA,in corrispondenza,,della chilometrica,9600,,Scontro laterale fra veicoli in marcia,Curva a visuale libera,Due carreggiate,Asciutto,Asfaltata,Verticale ed orizzontale,Sereno,Normale,Buona,Ore Diurne,4,0,0,0,12.3728,41.8868,-1,2,Autovettura privata,In marcia / fermata / arresto,Conducente,F,Rifiuta cure immediate,0,NON DECEDUTO,Non accertato,Inesploso,
3980929,18,07/09/2018 15:15:00,Statale,VIA AURELIA,in corrispondenza,,della chilometrica,9600,,Scontro laterale fra veicoli in marcia,Curva a visuale libera,Due carreggiate,Asciutto,Asfaltata,Verticale ed orizzontale,Sereno,Normale,Buona,Ore Diurne,4,0,0,0,12.3728,41.8868,-1,2,Autovettura privata,In marcia / fermata / arresto,Passeggero,M,Rimandato,0,NON DECEDUTO,Non accertato,Inesploso,
3980929,18,07/09/2018 15:15:00,Statale,VIA AURELIA,in corrispondenza,,della chilometrica,9600,,Scontro laterale fra veicoli in marcia,Curva a visuale libera,Due carreggiate,Asciutto,Asfaltata,Verticale ed orizzontale,Sereno,Normale,Buona,Ore Diurne,4,0,0,0,12.3728,41.8868,-1,2,Autovettura privata,In marcia / fermata / arresto,Passeggero,M,Rimandato,0,NON DECEDUTO,Non accertato,Inesploso,
3980944,1,07/09/2018 19:15:00,Strada Urbana,PIAZZA DI PORTA S. GIOVANNI,all'intersezione semaforizzata con,VIA EMANUELE FILIBERTO,VIA EMANUELE FILIBERTO,,,Scontro laterale fra veicoli in marcia,Intersezione semaforizzata,Una carreggiata a doppio senso,Asciutto,Asfaltata,Verticale ed orizzontale,Sereno,Normale,Buona,Ore Diurne,0,0,0,2,12.5087,41.8866,0,1,Motociclo a solo,In marcia / fermata / arresto,Conducente,M,Illeso,0,,Non accertato,,
3980944,1,07/09/2018 19:15:00,Strada Urbana,PIAZZA DI PORTA S. GIOVANNI,all'intersezione semaforizzata con,VIA EMANUELE FILIBERTO,VIA EMANUELE FILIBERTO,,,Scontro laterale fra veicoli in marcia,Intersezione semaforizzata,Una carreggiata a doppio senso,Asciutto,Asfaltata,Verticale ed orizzontale,Sereno,Normale,Buona,Ore Diurne,0,0,0,2,12.5087,41.8866,0,2,Motociclo a solo,In marcia / fermata / arresto,Conducente,M,Illeso,0,,Non accertato,,
3980950,2,08/09/2018 11:00:00,Strada Urbana,VIALE PARIOLI,in prossimit�,,del civico n.,154,,Scontro frontale/laterale SX fra veicoli in marcia,Rettilineo,Una carreggiata a doppio senso,Asciutto,Asfaltata,Verticale ed orizzontale,Sereno,Normale,Buona,Ore Diurne,0,0,0,2,12.4865,41.9283,-1,1,Motociclo a solo,In marcia / fermata / arresto,Conducente,F,Illeso,0,,,,
3980950,2,08/09/2018 11:00:00,Strada Urbana,VIALE PARIOLI,in prossimit�,,del civico n.,154,,Scontro frontale/laterale SX fra veicoli in marcia,Rettilineo,Una carreggiata a doppio senso,Asciutto,Asfaltata,Verticale ed orizzontale,Sereno,Normale,Buona,Ore Diurne,0,0,0,2,12.4865,41.9283,-1,2,Autovettura privata,In marcia / fermata / arresto,Conducente,F,Illeso,0,,,,
3980954,2,09/09/2018 17:55:00,Strada Urbana,VIALE LIBIA,in prossimit�,,del civico n.,229,,Veicolo in marcia contro veicolo in sosta,Rettilineo,Due carreggiate,Asciutto,Asfaltata,Verticale ed orizzontale,Sereno,Normale,Buona,Ore Diurne,0,0,0,1,12.5203,41.9328,-1,1,Autovettura privata,In marcia / fermata / arresto,Conducente,F,Illeso,0,,,,
3980957,2,09/09/2018 21:30:00,Strada Urbana,VIA FILIPPO MARCHETTI,all'intersezione con,VIALE ARRIGO BOITO,VIALE ARRIGO BOITO,,,Scontro frontale/laterale SX fra veicoli in marcia,Intersezione stradale segnalata,Una carreggiata a senso unico di marcia,Asciutto,Asfaltata,Verticale ed orizzontale,Sereno,Normale,Sufficiente,Sufficiente,1,0,0,2,12.5163,41.9368,-1,1,Autovettura privata,In marcia / fermata / arresto,Conducente,F,Rifiuta cure immediate,0,NON DECEDUTO,,,
3980957,2,09/09/2018 21:30:00,Strada Urbana,VIA FILIPPO MARCHETTI,all'intersezione con,VIALE ARRIGO BOITO,VIALE ARRIGO BOITO,,,Scontro frontale/laterale SX fra veicoli in marcia,Intersezione stradale segnalata,Una carreggiata a senso unico di marcia,Asciutto,Asfaltata,Verticale ed orizzontale,Sereno,Normale,Sufficiente,Sufficiente,1,0,0,2,12.5163,41.9368,-1,2,Autovettura privata,In marcia / fermata / arresto,Conducente,M,Illeso,0,,,,
3980957,2,09/09/2018 21:30:00,Strada Urbana,VIA FILIPPO MARCHETTI,all'intersezione con,VIALE ARRIGO BOITO,VIALE ARRIGO BOITO,,,Scontro frontale/laterale SX fra veicoli in marcia,Intersezione stradale segnalata,Una carreggiata a senso unico di marcia,Asciutto,Asfaltata,Verticale ed orizzontale,Sereno,Normale,Sufficiente,Sufficiente,1,0,0,2,12.5163,41.9368,-1,2,Autovettura privata,In marcia / fermata / arresto,Passeggero,F,Illeso,0,,,,
3980969,6,10/09/2018 10:15:00,Strada Urbana,VIA PRENESTINA,in prossimit�,,del civico n.,479,,Veicolo in marcia contro veicoli in sosta,Rettilineo,Due carreggiate,Asciutto,Asfaltata,Verticale ed orizzontale,Sereno,Normale,Buona,Ore Diurne,2,0,0,0,12.5663,41.8952,-1,1,Autovettura privata,In marcia / fermata / arresto,Conducente,M,Rifiuta cure immediate,0,NON DECEDUTO,Non accertato,Inesploso,
3980969,6,10/09/2018 10:15:00,Strada Urbana,VIA PRENESTINA,in prossimit�,,del civico n.,479,,Veicolo in marcia contro veicoli in sosta,Rettilineo,Due carreggiate,Asciutto,Asfaltata,Verticale ed orizzontale,Sereno,Normale,Buona,Ore Diurne,2,0,0,0,12.5663,41.8952,-1,2,Autovettura privata,In marcia / fermata / arresto,Conducente,F,Rimandato,0,NON DECEDUTO,Non accertato,Inesploso,
3980974,4,08/09/2018 06:10:00,Strada Urbana,VIA NOMENTANA,in prossimit�,,del civico n.,1040,,Veicolo in marcia contro ostacolo fisso,Rettilineo,Una carreggiata a doppio senso,Asciutto,Asfaltata,Orizzontale,Sereno,Scarso,Sufficiente,Sufficiente,3,0,0,0,12.5697,41.9483,-1,1,Autovettura privata,In marcia / fermata / arresto,Conducente,M,Rimandato,0,NON DECEDUTO,Non accertato,Inesploso,
3980974,4,08/09/2018 06:10:00,Strada Urbana,VIA NOMENTANA,in prossimit�,,del civico n.,1040,,Veicolo in marcia contro ostacolo fisso,Rettilineo,Una carreggiata a doppio senso,Asciutto,Asfaltata,Orizzontale,Sereno,Scarso,Sufficiente,Sufficiente,3,0,0,0,12.5697,41.9483,-1,1,Autovettura privata,In marcia / fermata / arresto,Passeggero,M,Rimandato,0,NON DECEDUTO,,,
3980974,4,08/09/2018 06:10:00,Strada Urbana,VIA NOMENTANA,in prossimit�,,del civico n.,1040,,Veicolo in marcia contro ostacolo fisso,Rettilineo,Una carreggiata a doppio senso,Asciutto,Asfaltata,Orizzontale,Sereno,Scarso,Sufficiente,Sufficiente,3,0,0,0,12.5697,41.9483,-1,1,Autovettura privata,In marcia / fermata / arresto,Passeggero,M,Rimandato,0,NON DECEDUTO,,,
3980976,4,08/09/2018 18:40:00,Provinciale,VIA NOMENTANA,in prossimit�,,del civico n.,1363,,Tamponamento,Rettilineo,Una carreggiata a doppio senso,Asciutto,Asfaltata,Verticale ed orizzontale,Sereno,Normale,Buona,Ore Diurne,2,0,0,1,12.6005,41.9673,-1,1,Autovettura privata,In marcia / fermata / arresto,Conducente,M,Rimandato,0,NON DECEDUTO,Non accertato,Inesploso,
3980976,4,08/09/2018 18:40:00,Provinciale,VIA NOMENTANA,in prossimit�,,del civico n.,1363,,Tamponamento,Rettilineo,Una carreggiata a doppio senso,Asciutto,Asfaltata,Verticale ed orizzontale,Sereno,Normale,Buona,Ore Diurne,2,0,0,1,12.6005,41.9673,-1,2,Autovettura privata,In marcia / fermata / arresto,Conducente,M,Rimandato,0,NON DECEDUTO,Non accertato,Inesploso,
3980976,4,08/09/2018 18:40:00,Provinciale,VIA NOMENTANA,in prossimit�,,del civico n.,1363,,Tamponamento,Rettilineo,Una carreggiata a doppio senso,Asciutto,Asfaltata,Verticale ed orizzontale,Sereno,Normale,Buona,Ore Diurne,2,0,0,1,12.6005,41.9673,-1,2,Autovettura privata,In marcia / fermata / arresto,Passeggero,M,Illeso,0,,,,
3980977,7,07/09/2018 02:50:00,Strada Urbana,VIA ROBERTO LEPETIT,in corrispondenza,,del civico n.,86,,Veicolo in marcia contro veicolo in sosta,Rettilineo,Una carreggiata a senso unico di marcia,Asciutto,Asfaltata,Orizzontale,Sereno,Scarso,Buona,Sufficiente,0,0,0,1,12.5842,41.886,0,1,Autovettura privata,In marcia / fermata / arresto,Conducente,F,Illeso,0,,,,
3980978,4,07/09/2018 07:20:00,Strada Urbana,VIALE JONIO,all'intersezione semaforizzata con,VIA SCARPANTO,VIA SCARPANTO,,,Scontro laterale fra veicoli in marcia,Incrocio,Due carreggiate,Bagnato (umidit� in atto),Asfaltata,Verticale ed orizzontale,Sereno,Intenso,Buona,Ore Diurne,0,0,0,2,12.536,41.9442,-1,1,Autocarro superiore 35 q.,In marcia / fermata / arresto,Conducente,M,Illeso,0,,Non accertato,,
3980978,4,07/09/2018 07:20:00,Strada Urbana,VIALE JONIO,all'intersezione semaforizzata con,VIA SCARPANTO,VIA SCARPANTO,,,Scontro laterale fra veicoli in marcia,Incrocio,Due carreggiate,Bagnato (umidit� in atto),Asfaltata,Verticale ed orizzontale,Sereno,Intenso,Buona,Ore Diurne,0,0,0,2,12.536,41.9442,-1,2,Autovettura privata,In marcia / fermata / arresto,Conducente,M,Illeso,0,,Non accertato,,
3980983,19,10/09/2018 10:00:00,Strada Urbana,VIA DELLA BALDUINA,all'intersezione con,VIA ATTILIO FRIGGERI,VIA ATTILIO FRIGGERI,,,Scontro laterale fra veicoli in marcia,Incrocio,Una carreggiata a doppio senso,Asciutto,Asfaltata,Orizzontale,Sereno,Normale,Buona,Ore Diurne,0,0,0,2,12.4404,41.9207,-1,1,Autovettura privata,In marcia / fermata / arresto,Conducente,F,Illeso,0,,Non accertato,Inesploso,
3980983,19,10/09/2018 10:00:00,Strada Urbana,VIA DELLA BALDUINA,all'intersezione con,VIA ATTILIO FRIGGERI,VIA ATTILIO FRIGGERI,,,Scontro laterale fra veicoli in marcia,Incrocio,Una carreggiata a doppio senso,Asciutto,Asfaltata,Orizzontale,Sereno,Normale,Buona,Ore Diurne,0,0,0,2,12.4404,41.9207,-1,2,Autovettura di polizia,In marcia / fermata / arresto,Conducente,M,Illeso,0,,Non accertato,Inesploso,
3981011,17,08/09/2018 18:55:00,Strada Urbana,VIA VIRGINIO ORSINI,all'intersezione con,VIA DEGLI SCIPIONI,VIA DEGLI SCIPIONI,,,Scontro frontale/laterale DX fra veicoli in marcia,Incrocio,Due carreggiate,Asciutto,Asfaltata,Verticale ed orizzontale,Sereno,Normale,Buona,Ore Diurne,2,0,0,1,12.4691,41.9113,-1,1,Autovettura privata,In marcia / fermata / arresto,Conducente,M,Rimandato,0,NON DECEDUTO,,,
3981011,17,08/09/2018 18:55:00,Strada Urbana,VIA VIRGINIO ORSINI,all'intersezione con,VIA DEGLI SCIPIONI,VIA DEGLI SCIPIONI,,,Scontro frontale/laterale DX fra veicoli in marcia,Incrocio,Due carreggiate,Asciutto,Asfaltata,Verticale ed orizzontale,Sereno,Normale,Buona,Ore Diurne,2,0,0,1,12.4691,41.9113,-1,1,Autovettura privata,In marcia / fermata / arresto,Passeggero,M,Rimandato,0,NON DECEDUTO,,,
3981011,17,08/09/2018 18:55:00,Strada Urbana,VIA VIRGINIO ORSINI,all'intersezione con,VIA DEGLI SCIPIONI,VIA DEGLI SCIPIONI,,,Scontro frontale/laterale DX fra veicoli in marcia,Incrocio,Due carreggiate,Asciutto,Asfaltata,Verticale ed orizzontale,Sereno,Normale,Buona,Ore Diurne,2,0,0,1,12.4691,41.9113,-1,2,Autovettura privata,In marcia / fermata / arresto,Conducente,M,Illeso,0,,,,
3981018,4,09/09/2018 18:40:00,Strada Urbana,VIA ARRIGO CAJUMI,da specificare,,,,in prossimit� di via B. Barilli,Veicolo in marcia contro veicolo in sosta,Rettilineo,Una carreggiata a doppio senso,Asciutto,Asfaltata,Verticale,Sereno,Normale,Buona,Ore Diurne,0,0,0,1,12.556,41.9499,-1,2,Autovettura privata,In marcia / fermata / arresto,Conducente,M,Illeso,0,,,,
3981031,1,07/09/2018 09:35:00,Strada Urbana,PIAZZA DI PORTA MAGGIORE,in corrispondenza,,del civico n.,22,,Scontro frontale/laterale DX fra veicoli in marcia,Rettilineo,Una carreggiata a senso unico di marcia,Asciutto,Asfaltata,Verticale ed orizzontale,Nuvoloso,Normale,Buona,Ore Diurne,0,0,0,5,12.514,41.8917,-1,1,Autovettura privata,In marcia / fermata / arresto,Conducente,M,Illeso,0,,Non accertato,,
3981031,1,07/09/2018 09:35:00,Strada Urbana,PIAZZA DI PORTA MAGGIORE,in corrispondenza,,del civico n.,22,,Scontro frontale/laterale DX fra veicoli in marcia,Rettilineo,Una carreggiata a senso unico di marcia,Asciutto,Asfaltata,Verticale ed orizzontale,Nuvoloso,Normale,Buona,Ore Diurne,0,0,0,5,12.514,41.8917,-1,1,Autovettura privata,In marcia / fermata / arresto,Passeggero,F,Illeso,0,,Non accertato,,
3981031,1,07/09/2018 09:35:00,Strada Urbana,PIAZZA DI PORTA MAGGIORE,in corrispondenza,,del civico n.,22,,Scontro frontale/laterale DX fra veicoli in marcia,Rettilineo,Una carreggiata a senso unico di marcia,Asciutto,Asfaltata,Verticale ed orizzontale,Nuvoloso,Normale,Buona,Ore Diurne,0,0,0,5,12.514,41.8917,-1,1,Autovettura privata,In marcia / fermata / arresto,Passeggero,F,Illeso,0,,Non accertato,,
3981031,1,07/09/2018 09:35:00,Strada Urbana,PIAZZA DI PORTA MAGGIORE,in corrispondenza,,del civico n.,22,,Scontro frontale/laterale DX fra veicoli in marcia,Rettilineo,Una carreggiata a senso unico di marcia,Asciutto,Asfaltata,Verticale ed orizzontale,Nuvoloso,Normale,Buona,Ore Diurne,0,0,0,5,12.514,41.8917,-1,2,Autovettura privata,In marcia / fermata / arresto,Conducente,M,Illeso,0,,Non accertato,,
3981075,10,10/09/2018 11:25:00,Strada Urbana,VIA APPIA NUOVA,da specificare,,,,altezza ex Dazio  civ. 1042,Scontro frontale/laterale SX fra veicoli in marcia,Rettilineo,Due carreggiate,Asciutto,Asfaltata,Verticale ed orizzontale,Sereno,Normale,Buona,Ore Diurne,0,0,0,2,12.5533,41.8335,-1,1,Autovettura privata,In marcia / fermata / arresto,Conducente,M,Illeso,0,,Non accertato,Inesploso,