Protocollo,Gruppo,DataOraIncidente,Localizzazione1,STRADA1,Localizzazione2,STRADA2,Strada02,Chilometrica,DaSpecificare,NaturaIncidente,particolaritastrade,TipoStrada,FondoStradale,Pavimentazione,Segnaletica,CondizioneAtmosferica,Traffico,Visibilita,Illuminazione,NUM_FERITI,NUM_RISERVATA,NUM_MORTI,NUM_ILLESI,Longitudine,Latitudine,Confermato,Progressivo,TipoVeicolo,StatoVeicolo,TipoPersona,Sesso,Tipolesione,Deceduto,DecedutoDopo,CinturaCascoUtilizzato,Airbag,
3981075,10,10/09/2018 11:25:00,Strada Urbana,VIA APPIA NUOVA,da specificare,,,,altezza ex Dazio  civ. 1042,Scontro frontale/laterale SX fra veicoli in marcia,Rettilineo,Due carreggiate,Asciutto,Asfaltata,Verticale ed orizzontale,Sereno,Normale,Buona,Ore Diurne,0,0,0,2,12.5533,41.8335,-1,2,Autocarro inferiore 35 q.,In marcia / fermata / arresto,Conducente,M,Illeso,0,,Non accertato,Inesploso,
3981081,4,09/09/2018 22:10:00,Strada Urbana,VIA DI TOR S. GIOVANNI,da specificare,,,,IN PROSSIMITA' DI VIA TEZA,Veicolo in marcia contro ostacolo fisso,Curva senza visuale libera,Una carreggiata a doppio senso,Asciutto,Asfaltata,Verticale ed orizzontale,Sereno,Scarso,Insufficiente,Insufficiente,1,0,0,0,12.5703,41.9899,-1,1,Velocipede,In marcia / fermata / arresto,Conducente,F,Rifiuta cure immediate,0,NON DECEDUTO,Esente,,
3981134,18,07/09/2018 22:30:00,Strada Urbana,VIA AURELIA,all'intersezione con,VIA DI PORTA PERTUSA,VIA DI PORTA PERTUSA,,,Tamponamento,Incrocio,Una carreggiata a doppio senso,Asciutto,Asfaltata,Verticale ed orizzontale,Sereno,Scarso,Buona,Sufficiente,0,0,0,3,12.4419,41.9032,-1,1,Autovettura privata,In marcia / fermata / arresto,Conducente,M,Illeso,0,,,,
3981134,18,07/09/2018 22:30:00,Strada Urbana,VIA AURELIA,all'intersezione con,VIA DI PORTA PERTUSA,VIA DI PORTA PERTUSA,,,Tamponamento,Incrocio,Una carreggiata a doppio senso,Asciutto,Asfaltata,Verticale ed orizzontale,Sereno,Scarso,Buona,Sufficiente,0,0,0,3,12.4419,41.9032,-1,2,Autovettura privata,In marcia / fermata / arresto,Conducente,M,Illeso,0,,,,
3981134,18,07/09/2018 22:30:00,Strada Urbana,VIA AURELIA,all'intersezione con,VIA DI PORTA PERTUSA,VIA DI PORTA PERTUSA,,,Tamponamento,Incrocio,Una carreggiata a doppio senso,Asciutto,Asfaltata,Verticale ed orizzontale,Sereno,Scarso,Buona,Sufficiente,0,0,0,3,12.4419,41.9032,-1,2,Autovettura privata,In marcia / fermata / arresto,Passeggero,F,Illeso,0,,,,
3981183,7,10/09/2018 12:20:00,Strada Urbana,VIA GIACOMO BRESADOLA,all'intersezione con,VIA FILIPPO SMALDONE,VIA FILIPPO SMALDONE,,,Scontro frontale/laterale SX fra veicoli in marcia,Incrocio,Due carreggiate,Asciutto,Asfaltata,Verticale ed orizzontale,Sereno,Normale,Buona,Ore Diurne,0,0,0,4,12.5611,41.8938,-1,1,Autovettura privata,In marcia / fermata / arresto,Conducente,M,Illeso,0,,,,
3981183,7,10/09/2018 12:20:00,Strada Urbana,VIA GIACOMO BRESADOLA,all'intersezione con,VIA FILIPPO SMALDONE,VIA FILIPPO SMALDONE,,,Scontro frontale/laterale SX fra veicoli in marcia,Incrocio,Due carreggiate,Asciutto,Asfaltata,Verticale ed orizzontale,Sereno,Normale,Buona,Ore Diurne,0,0,0,4,12.5611,41.8938,-1,1,Autovettura privata,In marcia / fermata / arresto,Passeggero,F,Illeso,0,,Non accertato,Inesploso,
3981183,7,10/09/2018 12:20:00,Strada Urbana,VIA GIACOMO BRESADOLA,all'intersezione con,VIA FILIPPO SMALDONE,VIA FILIPPO SMALDONE,,,Scontro frontale/laterale SX fra veicoli in marcia,Incrocio,Due carreggiate,Asciutto,Asfaltata,Verticale ed orizzontale,Sereno,Normale,Buona,Ore Diurne,0,0,0,4,12.5611,41.8938,-1,1,Autovettura privata,In marcia / fermata / arresto,Passeggero,F,Illeso,0,,Non accertato,Inesploso,
3981183,7,10/09/2018 12:20:00,Strada Urbana,VIA GIACOMO BRESADOLA,all'intersezione con,VIA FILIPPO SMALDONE,VIA FILIPPO SMALDONE,,,Scontro frontale/laterale SX fra veicoli in marcia,Incrocio,Due carreggiate,Asciutto,Asfaltata,Verticale ed orizzontale,Sereno,Normale,Buona,Ore Diurne,0,0,0,4,12.5611,41.8938,-1,2,Autovettura privata,In marcia / fermata / arresto,Conducente,M,Illeso,0,,Non accertato,Inesploso,
3981191,1,10/09/2018 10:15:00,Strada Urbana,VIALE CASTRO PRETORIO,all'intersezione con,VIA MONZAMBANO,VIA MONZAMBANO,,,Investimento di pedone,Incrocio,Una carreggiata a doppio senso,Asciutto,Asfaltata,Verticale ed orizzontale,Sereno,Normale,Buona,Ore Diurne,1,0,0,1,9.644,45.397,-1,,,,Pedone,M,Rimandato,0,NON DECEDUTO,,,
3981191,1,10/09/2018 10:15:00,Strada Urbana,VIALE CASTRO PRETORIO,all'intersezione con,VIA MONZAMBANO,VIA MONZAMBANO,,,Investimento di pedone,Incrocio,Una carreggiata a doppio senso,Asciutto,Asfaltata,Verticale ed orizzontale,Sereno,Normale,Buona,Ore Diurne,1,0,0,1,9.644,45.397,-1,1,Autovettura privata,In marcia / fermata / arresto,Conducente,M,Illeso,0,,,,
3981279,7,10/09/2018 14:00:00,Strada Urbana,VIA PRENESTINA,da specificare,,,,altezza via tiratelli,Scontro laterale fra veicoli in marcia,Rettilineo,Una carreggiata a doppio senso,Asciutto,Asfaltata,Orizzontale,Sereno,Normale,Buona,Ore Diurne,0,0,0,3,12.5963,41.8936,-1,1,Autovettura privata,In marcia / fermata / arresto,Conducente,M,Illeso,0,,,,
3981279,7,10/09/2018 14:00:00,Strada Urbana,VIA PRENESTINA,da specificare,,,,altezza via tiratelli,Scontro laterale fra veicoli in marcia,Rettilineo,Una carreggiata a doppio senso,Asciutto,Asfaltata,Orizzontale,Sereno,Normale,Buona,Ore Diurne,0,0,0,3,12.5963,41.8936,-1,1,Autovettura privata,In marcia / fermata / arresto,Passeggero,M,Illeso,0,,Non accertato,Inesploso,
3981279,7,10/09/2018 14:00:00,Strada Urbana,VIA PRENESTINA,da specificare,,,,altezza via tiratelli,Scontro laterale fra veicoli in marcia,Rettilineo,Una carreggiata a doppio senso,Asciutto,Asfaltata,Orizzontale,Sereno,Normale,Buona,Ore Diurne,0,0,0,3,12.5963,41.8936,-1,2,Autovettura privata,In marcia / fermata / arresto,Conducente,M,Illeso,0,,,,
3981289,12,09/09/2018 16:50:00,Regionale,VIA PONTINA,da specificare,,,,direzione Roma KM22,200,Tamponamento Multiplo,Rettilineo,Due carreggiate,Asciutto,Asfaltata,Verticale ed orizzontale,Sereno,Intenso,Buona,Ore Diurne,0,0,0,9,12.7972,41.5094,-1,1,Autovettura privata,In marcia / fermata / arresto,Conducente,M,Illeso,0,,Utilizzato,Inesploso
3981289,12,09/09/2018 16:50:00,Regionale,VIA PONTINA,da specificare,,,,direzione Roma KM22,200,Tamponamento Multiplo,Rettilineo,Due carreggiate,Asciutto,Asfaltata,Verticale ed orizzontale,Sereno,Intenso,Buona,Ore Diurne,0,0,0,9,12.7972,41.5094,-1,1,Autovettura privata,In marcia / fermata / arresto,Passeggero,M,Illeso,0,,Utilizzato,Inesploso
3981289,12,09/09/2018 16:50:00,Regionale,VIA PONTINA,da specificare,,,,direzione Roma KM22,200,Tamponamento Multiplo,Rettilineo,Due carreggiate,Asciutto,Asfaltata,Verticale ed orizzontale,Sereno,Intenso,Buona,Ore Diurne,0,0,0,9,12.7972,41.5094,-1,1,Autovettura privata,In marcia / fermata / arresto,Passeggero,F,Illeso,0,,Utilizzato,Inesploso
3981289,12,09/09/2018 16:50:00,Regionale,VIA PONTINA,da specificare,,,,direzione Roma KM22,200,Tamponamento Multiplo,Rettilineo,Due carreggiate,Asciutto,Asfaltata,Verticale ed orizzontale,Sereno,Intenso,Buona,Ore Diurne,0,0,0,9,12.7972,41.5094,-1,1,Autovettura privata,In marcia / fermata / arresto,Passeggero,F,Illeso,0,,Utilizzato,Inesploso
3981289,12,09/09/2018 16:50:00,Regionale,VIA PONTINA,da specificare,,,,direzione Roma KM22,200,Tamponamento Multiplo,Rettilineo,Due carreggiate,Asciutto,Asfaltata,Verticale ed orizzontale,Sereno,Intenso,Buona,Ore Diurne,0,0,0,9,12.7972,41.5094,-1,1,Autovettura privata,In marcia / fermata / arresto,Passeggero,M,Illeso,0,,Utilizzato,Inesploso
3981289,12,09/09/2018 16:50:00,Regionale,VIA PONTINA,da specificare,,,,direzione Roma KM22,200,Tamponamento Multiplo,Rettilineo,Due carreggiate,Asciutto,Asfaltata,Verticale ed orizzontale,Sereno,Intenso,Buona,Ore Diurne,0,0,0,9,12.7972,41.5094,-1,1,Autovettura privata,In marcia / fermata / arresto,Passeggero,F,Illeso,0,,Utilizzato,Inesploso
3981289,12,09/09/2018 16:50:00,Regionale,VIA PONTINA,da specificare,,,,direzione Roma KM22,200,Tamponamento Multiplo,Rettilineo,Due carreggiate,Asciutto,Asfaltata,Verticale ed orizzontale,Sereno,Intenso,Buona,Ore Diurne,0,0,0,9,12.7972,41.5094,-1,1,Autovettura privata,In marcia / fermata / arresto,Passeggero,M,Illeso,0,,Utilizzato,Inesploso
3981289,12,09/09/2018 16:50:00,Regionale,VIA PONTINA,da specificare,,,,direzione Roma KM22,200,Tamponamento Multiplo,Rettilineo,Due carreggiate,Asciutto,Asfaltata,Verticale ed orizzontale,Sereno,Intenso,Buona,Ore Diurne,0,0,0,9,12.7972,41.5094,-1,2,Autovettura privata,In marcia / fermata / arresto,Conducente,F,Illeso,0,,Utilizzato,Inesploso
3981289,12,09/09/2018 16:50:00,Regionale,VIA PONTINA,da specificare,,,,direzione Roma KM22,200,Tamponamento Multiplo,Rettilineo,Due carreggiate,Asciutto,Asfaltata,Verticale ed orizzontale,Sereno,Intenso,Buona,Ore Diurne,0,0,0,9,12.7972,41.5094,-1,3,Autovettura privata,In marcia / fermata / arresto,Conducente,M,Illeso,0,,Utilizzato,Inesploso
3981295,12,07/09/2018 09:45:00,Strada Urbana,VIADOTTO DELLA MAGLIANA,da specificare,,,,fronte Hotel Sheraton direz.Magliana,Scontro laterale fra veicoli in marcia,Rettilineo,Due carreggiate,Asciutto,Asfaltata,Verticale ed orizzontale,Sereno,Intenso,Buona,Ore Diurne,0,0,0,4,12.4631,41.8417,-1,1,Autovettura privata,In marcia / fermata / arresto,Conducente,M,Illeso,0,,Non accertato,Inesploso,
3981295,12,07/09/2018 09:45:00,Strada Urbana,VIADOTTO DELLA MAGLIANA,da specificare,,,,fronte Hotel Sheraton direz.Magliana,Scontro laterale fra veicoli in marcia,Rettilineo,Due carreggiate,Asciutto,Asfaltata,Verticale ed orizzontale,Sereno,Intenso,Buona,Ore Diurne,0,0,0,4,12.4631,41.8417,-1,1,Autovettura privata,In marcia / fermata / arresto,Passeggero,F,Illeso,0,,Non accertato,Inesploso,
3981295,12,07/09/2018 09:45:00,Strada Urbana,VIADOTTO DELLA MAGLIANA,da specificare,,,,fronte Hotel Sheraton direz.Magliana,Scontro laterale fra veicoli in marcia,Rettilineo,Due carreggiate,Asciutto,Asfaltata,Verticale ed orizzontale,Sereno,Intenso,Buona,Ore Diurne,0,0,0,4,12.4631,41.8417,-1,1,Autovettura privata,In marcia / fermata / arresto,Passeggero,M,Illeso,0,,Non accertato,Inesploso,
3981295,12,07/09/2018 09:45:00,Strada Urbana,VIADOTTO DELLA MAGLIANA,da specificare,,,,fronte Hotel Sheraton direz.Magliana,Scontro laterale fra veicoli in marcia,Rettilineo,Due carreggiate,Asciutto,Asfaltata,Verticale ed orizzontale,Sereno,Intenso,Buona,Ore Diurne,0,0,0,4,12.4631,41.8417,-1,2,Autovettura privata,In marcia / fermata / arresto,Conducente,M,Illeso,0,,Non accertato,Inesploso,
3981316,2,10/09/2018 13:15:00,Strada Urbana,VIA DEL FORO ITALICO,da specificare,,,,direz. Salaria 100 mt dopo Via della Moschea,Tamponamento Multiplo,Rettilineo,Due carreggiate,Asciutto,Asfaltata,Verticale ed orizzontale,Sereno,Normale,Buona,Ore Diurne,0,0,0,3,12.4828,41.94,-1,1,Autovettura privata,In marcia / fermata / arresto,Conducente,M,Illeso,0,,,,
3981316,2,10/09/2018 13:15:00,Strada Urbana,VIA DEL FORO ITALICO,da specificare,,,,direz. Salaria 100 mt dopo Via della Moschea,Tamponamento Multiplo,Rettilineo,Due carreggiate,Asciutto,Asfaltata,Verticale ed orizzontale,Sereno,Normale,Buona,Ore Diurne,0,0,0,3,12.4828,41.94,-1,2,Autovettura privata,In marcia / fermata / arresto,Conducente,M,Illeso,0,,,,
3981316,2,10/09/2018 13:15:00,Strada Urbana,VIA DEL FORO ITALICO,da specificare,,,,direz. Salaria 100 mt dopo Via della Moschea,Tamponamento Multiplo,Rettilineo,Due carreggiate,Asciutto,Asfaltata,Verticale ed orizzontale,Sereno,Normale,Buona,Ore Diurne,0,0,0,3,12.4828,41.94,-1,3,Autovettura privata,In marcia / fermata / arresto,Conducente,F,Illeso,0,,,,
3981317,15,10/09/2018 09:05:00,Strada Urbana,PIAZZA ANTONIO MEUCCI,da specificare,,,,PROSSIMITA' INTERSEZIONE VIA DELLA MAGLIANA,Scontro laterale fra veicoli in marcia,Rettilineo,Una carreggiata a senso unico di marcia,Asciutto,Asfaltata,Orizzontale,Sereno,Normale,Buona,Ore Diurne,0,0,0,3,12.4631,41.8618,-1,1,Autocarro superiore 35 q.,In marcia / fermata / arresto,Conducente,M,Illeso,0,,,,
3981317,15,10/09/2018 09:05:00,Strada Urbana,PIAZZA ANTONIO MEUCCI,da specificare,,,,PROSSIMITA' INTERSEZIONE VIA DELLA MAGLIANA,Scontro laterale fra veicoli in marcia,Rettilineo,Una carreggiata a senso unico di marcia,Asciutto,Asfaltata,Orizzontale,Sereno,Normale,Buona,Ore Diurne,0,0,0,3,12.4631,41.8618,-1,1,Autocarro superiore 35 q.,In marcia / fermata / arresto,Passeggero,M,Illeso,0,,,,
3981317,15,10/09/2018 09:05:00,Strada Urbana,PIAZZA ANTONIO MEUCCI,da specificare,,,,PROSSIMITA' INTERSEZIONE VIA DELLA MAGLIANA,Scontro laterale fra veicoli in marcia,Rettilineo,Una carreggiata a senso unico di marcia,Asciutto,Asfaltata,Orizzontale,Sereno,Normale,Buona,Ore Diurne,0,0,0,3,12.4631,41.8618,-1,2,Motociclo a solo,In marcia / fermata / arresto,Conducente,M,Illeso,0,,,,
3981343,6,10/09/2018 14:30:00,Strada Urbana,VIA CASILINA,in prossimit�,,del civico n.,315b,,Scontro laterale fra veicoli in marcia,Rettilineo,Due carreggiate,Asciutto,Asfaltata,Verticale,Sereno,Normale,Buona,Ore Diurne,1,0,0,2,12.5345,41.8829,-1,1,Autovettura privata,In marcia / fermata / arresto,Conducente,M,Illeso,0,,Non accertato,Inesploso,
3981343,6,10/09/2018 14:30:00,Strada Urbana,VIA CASILINA,in prossimit�,,del civico n.,315b,,Scontro laterale fra veicoli in marcia,Rettilineo,Due carreggiate,Asciutto,Asfaltata,Verticale,Sereno,Normale,Buona,Ore Diurne,1,0,0,2,12.5345,41.8829,-1,1,Autovettura privata,In marcia / fermata / arresto,Passeggero,F,Illeso,0,,Non accertato,Inesploso,
3981343,6,10/09/2018 14:30:00,Strada Urbana,VIA CASILINA,in prossimit�,,del civico n.,315b,,Scontro laterale fra veicoli in marcia,Rettilineo,Due carreggiate,Asciutto,Asfaltata,Verticale,Sereno,Normale,Buona,Ore Diurne,1,0,0,2,12.5345,41.8829,-1,2,Motociclo a solo,In marcia / fermata / arresto,Conducente,M,Rimandato,0,NON DECEDUTO,Non accertato,,
3981354,20,10/09/2018 14:30:00,Regionale entro l'abitato,VIA FLAMINIA,in prossimit�,,del civico n.,1113,,Infortunio per sola frenata improvvisa,Curva senza visuale libera,Due carreggiate,Asciutto,Asfaltata,Verticale ed orizzontale,Sereno,Normale,Buona,Ore Diurne,1,0,0,0,12.4843,41.9537,-1,1,Motociclo a solo,In marcia / fermata / arresto,Conducente,M,Ricoverato,0,NON DECEDUTO,Non accertato,,
3981379,9,10/09/2018 09:05:00,Strada Urbana,VIA TUSCOLANA,in prossimit�,,del civico n.,555,,Scontro laterale fra veicoli in marcia,Curva a visuale libera,Due carreggiate,Asciutto,Asfaltata,Verticale ed orizzontale,Sereno,Normale,Buona,Ore Diurne,0,0,0,2,12.5432,41.865,-1,1,Autobus turistico,In marcia / fermata / arresto,Conducente,M,Illeso,0,,Utilizzato,Inesploso,
3981379,9,10/09/2018 09:05:00,Strada Urbana,VIA TUSCOLANA,in prossimit�,,del civico n.,555,,Scontro laterale fra veicoli in marcia,Curva a visuale libera,Due carreggiate,Asciutto,Asfaltata,Verticale ed orizzontale,Sereno,Normale,Buona,Ore Diurne,0,0,0,2,12.5432,41.865,-1,2,Autovettura privata,In marcia / fermata / arresto,Conducente,F,Illeso,0,,Non accertato,Inesploso,
3981384,19,10/09/2018 15:15:00,Strada Urbana,LARGO GIORGIO MACCAGNO,in corrispondenza,,del civico n.,16,,Scontro frontale fra veicoli in marcia,Rettilineo,Una carreggiata a doppio senso,Asciutto,Asfaltata,Verticale ed orizzontale,Sereno,Normale,Buona,Ore Diurne,1,0,0,1,12.4386,41.9163,-1,1,Autovettura privata,In marcia / fermata / arresto,Conducente,F,Illeso,0,,Non accertato,Inesploso,
3981384,19,10/09/2018 15:15:00,Strada Urbana,LARGO GIORGIO MACCAGNO,in corrispondenza,,del civico n.,16,,Scontro frontale fra veicoli in marcia,Rettilineo,Una carreggiata a doppio senso,Asciutto,Asfaltata,Verticale ed orizzontale,Sereno,Normale,Buona,Ore Diurne,1,0,0,1,12.4386,41.9163,-1,2,Motociclo a solo,In marcia / fermata / arresto,Conducente,M,Rimandato,0,NON DECEDUTO,Non accertato,,
3981387,9,10/09/2018 10:30:00,,PIAZZALE METRONIO,da specificare,,,,in prossimit� VIA GALLIA,Scontro laterale fra veicoli in marcia,,,,,,,,,,0,0,0,3,12.4995,41.8821,0,1,Autovettura privata,In marcia / fermata / arresto,Conducente,F,Illeso,0,,Non accertato,Inesploso,
3981387,9,10/09/2018 10:30:00,,PIAZZALE METRONIO,da specificare,,,,in prossimit� VIA GALLIA,Scontro laterale fra veicoli in marcia,,,,,,,,,,0,0,0,3,12.4995,41.8821,0,2,Motociclo con passeggero,In marcia / fermata / arresto,Conducente,M,Illeso,0,,Utilizzato,,
3981387,9,10/09/2018 10:30:00,,PIAZZALE METRONIO,da specificare,,,,in prossimit� VIA GALLIA,Scontro laterale fra veicoli in marcia,,,,,,,,,,0,0,0,3,12.4995,41.8821,0,2,Motociclo con passeggero,In marcia / fermata / arresto,Passeggero,M,Illeso,0,,Utilizzato,,
3981397,18,07/09/2018 20:00:00,Strada Urbana,VIA DI BOCCEA,in corrispondenza,,del civico n.,589,,Ribaltamento senza urto contro ostacolo fisso,Curva a visuale libera,Una carreggiata a doppio senso,Asciutto,Asfaltata,Verticale,Sereno,Normale,Buona,Sufficiente,1,0,0,2,12.3785,41.9166,-1,1,Motociclo a solo,In marcia / fermata / arresto,Conducente,M,Rimandato,0,NON DECEDUTO,,,
3981397,18,07/09/2018 20:00:00,Strada Urbana,VIA DI BOCCEA,in corrispondenza,,del civico n.,589,,Ribaltamento senza urto contro ostacolo fisso,Curva a visuale libera,Una carreggiata a doppio senso,Asciutto,Asfaltata,Verticale,Sereno,Normale,Buona,Sufficiente,1,0,0,2,12.3785,41.9166,-1,2,Autovettura privata,In marcia / fermata / arresto,Conducente,M,Illeso,0,,,,
3981397,18,07/09/2018 20:00:00,Strada Urbana,VIA DI BOCCEA,in corrispondenza,,del civico n.,589,,Ribaltamento senza urto contro ostacolo fisso,Curva a visuale libera,Una carreggiata a doppio senso,Asciutto,Asfaltata,Verticale,Sereno,Normale,Buona,Sufficiente,1,0,0,2,12.3785,41.9166,-1,2,Autovettura privata,In marcia / fermata / arresto,Passeggero,F,Illeso,0,,,,
3981432,18,08/09/2018 13:20:00,Strada Urbana,VIA DI CASALOTTI,in corrispondenza,,del civico n.,86,,Investimento di pedone,Rettilineo,Una carreggiata a doppio senso,Asciutto,Asfaltata,Verticale ed orizzontale,Sereno,Scarso,Buona,Ore Diurne,1,0,0,1,12.3719,41.9162,-1,,,,Pedone,M,Rimandato,0,NON DECEDUTO,,,
3981432,18,08/09/2018 13:20:00,Strada Urbana,VIA DI CASALOTTI,in corrispondenza,,del civico n.,86,,Investimento di pedone,Rettilineo,Una carreggiata a doppio senso,Asciutto,Asfaltata,Verticale ed orizzontale,Sereno,Scarso,Buona,Ore Diurne,1,0,0,1,12.3719,41.9162,-1,1,Autovettura privata,In marcia / fermata / arresto,Conducente,M,Illeso,0,,,,
3981450,18,08/09/2018 23:45:00,Strada Urbana,VIA AURELIA,all'intersezione con,VIA AGOSTINO RICHELMY,VIA AGOSTINO RICHELMY,,,Scontro laterale fra veicoli in marcia,Intersezione stradale segnalata,Una carreggiata a doppio senso,Asciutto,Asfaltata,Verticale ed orizzontale,Sereno,Scarso,Sufficiente,Sufficiente,0,0,0,3,12.4015,41.8862,-1,1,Autovettura privata,In marcia / fermata / arresto,Conducente,M,Illeso,0,,,,
3981450,18,08/09/2018 23:45:00,Strada Urbana,VIA AURELIA,all'intersezione con,VIA AGOSTINO RICHELMY,VIA AGOSTINO RICHELMY,,,Scontro laterale fra veicoli in marcia,Intersezione stradale segnalata,Una carreggiata a doppio senso,Asciutto,Asfaltata,Verticale ed orizzontale,Sereno,Scarso,Sufficiente,Sufficiente,0,0,0,3,12.4015,41.8862,-1,1,Autovettura privata,In marcia / fermata / arresto,Passeggero,F,Illeso,0,,,,
3981450,18,08/09/2018 23:45:00,Strada Urbana,VIA AURELIA,all'intersezione con,VIA AGOSTINO RICHELMY,VIA AGOSTINO RICHELMY,,,Scontro laterale fra veicoli in marcia,Intersezione stradale segnalata,Una carreggiata a doppio senso,Asciutto,Asfaltata,Verticale ed orizzontale,Sereno,Scarso,Sufficiente,Sufficiente,0,0,0,3,12.4015,41.8862,-1,2,Motociclo a solo,In marcia / fermata / arresto,Conducente,F,Illeso,0,,,,
3981463,5,10/09/2018 15:40:00,Strada Urbana,VIA DI CASAL BIANCO,all'intersezione con,VIA DI SETTECAMINI,VIA DI SETTECAMINI,,,Scontro frontale/laterale DX fra veicoli in marcia,Incrocio,Una carreggiata a doppio senso,Asciutto,Asfaltata,Assente,Sereno,Normale,Buona,Ore Diurne,0,0,0,2,12.6213,41.9383,-1,1,Autovettura privata,In marcia / fermata / arresto,Conducente,F,Illeso,0,,Non accertato,,
3981463,5,10/09/2018 15:40:00,Strada Urbana,VIA DI CASAL BIANCO,all'intersezione con,VIA DI SETTECAMINI,VIA DI SETTECAMINI,,,Scontro frontale/laterale DX fra veicoli in marcia,Incrocio,Una carreggiata a doppio senso,Asciutto,Asfaltata,Assente,Sereno,Normale,Buona,Ore Diurne,0,0,0,2,12.6213,41.9383,-1,2,Ciclomotore,In marcia / fermata / arresto,Conducente,M,Illeso,0,,Non accertato,,
3981550,6,10/09/2018 16:25:00,Strada Urbana,VIA DI ACQUA BULLICANTE,in prossimit�,,del civico n.,226,,Scontro laterale fra veicoli in marcia,Rettilineo,Una carreggiata a doppio senso,Asciutto,Asfaltata,Verticale ed orizzontale,Sereno,Normale,Buona,Ore Diurne,1,0,0,1,12.5428,41.8879,-1,1,Motociclo a solo,In marcia / fermata / arresto,Conducente,F,Rimandato,0,NON DECEDUTO,,,
3981550,6,10/09/2018 16:25:00,Strada Urbana,VIA DI ACQUA BULLICANTE,in prossimit�,,del civico n.,226,,Scontro laterale fra veicoli in marcia,Rettilineo,Una carreggiata a doppio senso,Asciutto,Asfaltata,Verticale ed orizzontale,Sereno,Normale,Buona,Ore Diurne,1,0,0,1,12.5428,41.8879,-1,2,Autovettura di polizia,In marcia / fermata / arresto,Conducente,M,Illeso,0,,Non accertato,,
3981617,19,10/09/2018 17:20:00,Strada Urbana,LARGO CARLO SACCONI,in prossimit�,,del civico n.,31,,Investimento di pedone,Rettilineo,Una carreggiata a senso unico di marcia,Asciutto,Asfaltata,Assente,Sereno,Normale,Buona,Ore Diurne,1,0,0,2,12.4102,41.9137,-1,,,,Pedone,F,Rimandato,0,NON DECEDUTO,,,
3981617,19,10/09/2018 17:20:00,Strada Urbana,LARGO CARLO SACCONI,in prossimit�,,del civico n.,31,,Investimento di pedone,Rettilineo,Una carreggiata a senso unico di marcia,Asciutto,Asfaltata,Assente,Sereno,Normale,Buona,Ore Diurne,1,0,0,2,12.4102,41.9137,-1,1,Autovettura privata,In marcia / fermata / arresto,Conducente,M,Illeso,0,,Non accertato,Inesploso,
3981617,19,10/09/2018 17:20:00,Strada Urbana,LARGO CARLO SACCONI,in prossimit�,,del civico n.,31,,Investimento di pedone,Rettilineo,Una carreggiata a senso unico di marcia,Asciutto,Asfaltata,Assente,Sereno,Normale,Buona,Ore Diurne,1,0,0,2,12.4102,41.9137,-1,1,Autovettura privata,In marcia / fermata / arresto,Passeggero,M,Illeso,0,,Non accertato,Inesploso,
3981635,20,10/09/2018 17:30:00,Strada Urbana,VIA FRASSINETO,all'intersezione con,VIA LAMBERTO FIAMMINGO,VIA LAMBERTO FIAMMINGO,,,Scontro frontale/laterale SX fra veicoli in marcia,Incrocio,Una carreggiata a doppio senso,Asciutto,Asfaltata,Verticale ed orizzontale,Sereno,Normale,Buona,Ore Diurne,0,0,0,2,12.4897,41.9993,-1,1,Autovettura privata,In marcia / fermata / arresto,Conducente,M,Illeso,0,,Non accertato,Inesploso,
3981635,20,10/09/2018 17:30:00,Strada Urbana,VIA FRASSINETO,all'intersezione con,VIA LAMBERTO FIAMMINGO,VIA LAMBERTO FIAMMINGO,,,Scontro frontale/laterale SX fra veicoli in marcia,Incrocio,Una carreggiata a doppio senso,Asciutto,Asfaltata,Verticale ed orizzontale,Sereno,Normale,Buona,Ore Diurne,0,0,0,2,12.4897,41.9993,-1,2,Autovettura privata,In marcia / fermata / arresto,Conducente,M,Illeso,0,,Non accertato,Inesploso,
3981664,1,08/09/2018 13:58:00,Strada Urbana,VIA MARMORATA,da specificare,,,,fronte via G. Branca,Scontro frontale/laterale SX fra veicoli in marcia,Rettilineo,Una carreggiata a doppio senso,Asciutto,Asfaltata,Verticale ed orizzontale,Sereno,Normale,Buona,Ore Diurne,1,0,0,0,12.477,41.8819,0,1,Autovettura privata,In marcia / fermata / arresto,Conducente,F,Ricoverato,0,NON DECEDUTO,Non accertato,,
3981686,2,10/09/2018 14:05:00,Strada Urbana,LUNGOTEVERE FLAMINIO,in corrispondenza,,del civico n.,59,,Scontro laterale fra veicoli in marcia,Rettilineo,Una carreggiata a doppio senso,Asciutto,Asfaltata,Verticale ed orizzontale,Sereno,Normale,Buona,Ore Diurne,2,1,0,2,12.4646,41.924,-1,1,Autovettura privata,In marcia / fermata / arresto,Conducente,F,Illeso,0,,,,
3981686,2,10/09/2018 14:05:00,Strada Urbana,LUNGOTEVERE FLAMINIO,in corrispondenza,,del civico n.,59,,Scontro laterale fra veicoli in marcia,Rettilineo,Una carreggiata a doppio senso,Asciutto,Asfaltata,Verticale ed orizzontale,Sereno,Normale,Buona,Ore Diurne,2,1,0,2,12.4646,41.924,-1,1,Autovettura privata,In marcia / fermata / arresto,Passeggero,M,Illeso,0,,,,