Protocollo,Gruppo,DataOraIncidente,Localizzazione1,STRADA1,Localizzazione2,STRADA2,Strada02,Chilometrica,DaSpecificare,NaturaIncidente,particolaritastrade,TipoStrada,FondoStradale,Pavimentazione,Segnaletica,CondizioneAtmosferica,Traffico,Visibilita,Illuminazione,NUM_FERITI,NUM_RISERVATA,NUM_MORTI,NUM_ILLESI,Longitudine,Latitudine,Confermato,Progressivo,TipoVeicolo,StatoVeicolo,TipoPersona,Sesso,Tipolesione,Deceduto,DecedutoDopo,CinturaCascoUtilizzato,Airbag,
3981686,2,10/09/2018 14:05:00,Strada Urbana,LUNGOTEVERE FLAMINIO,in corrispondenza,,del civico n.,59,,Scontro laterale fra veicoli in marcia,Rettilineo,Una carreggiata a doppio senso,Asciutto,Asfaltata,Verticale ed orizzontale,Sereno,Normale,Buona,Ore Diurne,2,1,0,2,12.4646,41.924,-1,2,Motociclo con passeggero,In marcia / fermata / arresto,Conducente,F,Prognosi riservata,0,NON DECEDUTO,,,
3981686,2,10/09/2018 14:05:00,Strada Urbana,LUNGOTEVERE FLAMINIO,in corrispondenza,,del civico n.,59,,Scontro laterale fra veicoli in marcia,Rettilineo,Una carreggiata a doppio senso,Asciutto,Asfaltata,Verticale ed orizzontale,Sereno,Normale,Buona,Ore Diurne,2,1,0,2,12.4646,41.924,-1,2,Motociclo con passeggero,In marcia / fermata / arresto,Passeggero,F,Rimandato,0,NON DECEDUTO,,,
3981686,2,10/09/2018 14:05:00,Strada Urbana,LUNGOTEVERE FLAMINIO,in corrispondenza,,del civico n.,59,,Scontro laterale fra veicoli in marcia,Rettilineo,Una carreggiata a doppio senso,Asciutto,Asfaltata,Verticale ed orizzontale,Sereno,Normale,Buona,Ore Diurne,2,1,0,2,12.4646,41.924,-1,3,Motociclo a solo,In marcia / fermata / arresto,Conducente,M,Rimandato,0,NON DECEDUTO,,,
3981694,16,08/09/2018 11:30:00,Strada Urbana,VIA GIACOMO FOLCHI,da specificare,,,,prossimit� fronte civico,Tamponamento,Rettilineo,Una carreggiata a doppio senso,Asciutto,Asfaltata,Verticale ed orizzontale,Sereno,Normale,Buona,Ore Diurne,0,0,0,2,12.4545,41.8664,0,1,Autovettura privata,In marcia / fermata / arresto,Conducente,F,Illeso,0,,Non accertato,,
3981694,16,08/09/2018 11:30:00,Strada Urbana,VIA GIACOMO FOLCHI,da specificare,,,,prossimit� fronte civico,Tamponamento,Rettilineo,Una carreggiata a doppio senso,Asciutto,Asfaltata,Verticale ed orizzontale,Sereno,Normale,Buona,Ore Diurne,0,0,0,2,12.4545,41.8664,0,2,Motociclo a solo,In marcia / fermata / arresto,Conducente,M,Illeso,0,,Non accertato,,
3981703,6,10/09/2018 15:50:00,Strada Urbana,VIA TEANO,all'intersezione semaforizzata con,VIALE PARTENOPE,VIALE PARTENOPE,,,Scontro frontale/laterale SX fra veicoli in marcia,Intersezione semaforizzata,Due carreggiate,Asciutto,Asfaltata,Verticale ed orizzontale,Sereno,Normale,Buona,Ore Diurne,0,0,0,3,12.5514,41.8896,-1,1,Autocarro superiore 35 q.,In marcia / fermata / arresto,Conducente,M,Illeso,0,,,,
3981703,6,10/09/2018 15:50:00,Strada Urbana,VIA TEANO,all'intersezione semaforizzata con,VIALE PARTENOPE,VIALE PARTENOPE,,,Scontro frontale/laterale SX fra veicoli in marcia,Intersezione semaforizzata,Due carreggiate,Asciutto,Asfaltata,Verticale ed orizzontale,Sereno,Normale,Buona,Ore Diurne,0,0,0,3,12.5514,41.8896,-1,2,Autocarro inferiore 35 q.,In marcia / fermata / arresto,Conducente,M,Illeso,0,,,,
3981703,6,10/09/2018 15:50:00,Strada Urbana,VIA TEANO,all'intersezione semaforizzata con,VIALE PARTENOPE,VIALE PARTENOPE,,,Scontro frontale/laterale SX fra veicoli in marcia,Intersezione semaforizzata,Due carreggiate,Asciutto,Asfaltata,Verticale ed orizzontale,Sereno,Normale,Buona,Ore Diurne,0,0,0,3,12.5514,41.8896,-1,2,Autocarro inferiore 35 q.,In marcia / fermata / arresto,Passeggero,M,Illeso,0,,,,
3981713,12,10/09/2018 14:20:00,Strada Urbana,VIA LAURENTINA,all'intersezione semaforizzata con,VIALE DELL'UMANESIMO,VIALE DELL'UMANESIMO,,,Scontro laterale fra veicoli in marcia,Intersezione semaforizzata,Due carreggiate,Asciutto,Asfaltata,Verticale ed orizzontale,Sereno,Intenso,Buona,Ore Diurne,1,0,0,1,12.4813,41.8202,-1,1,Autovettura privata,In marcia / fermata / arresto,Conducente,F,Illeso,0,,Utilizzato,Inesploso,
3981713,12,10/09/2018 14:20:00,Strada Urbana,VIA LAURENTINA,all'intersezione semaforizzata con,VIALE DELL'UMANESIMO,VIALE DELL'UMANESIMO,,,Scontro laterale fra veicoli in marcia,Intersezione semaforizzata,Due carreggiate,Asciutto,Asfaltata,Verticale ed orizzontale,Sereno,Intenso,Buona,Ore Diurne,1,0,0,1,12.4813,41.8202,-1,2,Motociclo a solo,In marcia / fermata / arresto,Conducente,M,Ricoverato,0,NON DECEDUTO,Utilizzato,,
3981767,16,09/09/2018 21:30:00,Strada Urbana,VIA DI CASAL SELCE,in prossimit�,,del palo luce n.,201,,Scontro laterale fra veicoli in marcia,Curva a visuale libera,Una carreggiata a doppio senso,Asciutto,Asfaltata,Verticale ed orizzontale,Sereno,Scarso,Sufficiente,Sufficiente,0,0,0,2,12.3471,41.9055,-1,1,Autovettura privata,In marcia / fermata / arresto,Conducente,M,Illeso,0,,Non accertato,,
3981767,16,09/09/2018 21:30:00,Strada Urbana,VIA DI CASAL SELCE,in prossimit�,,del palo luce n.,201,,Scontro laterale fra veicoli in marcia,Curva a visuale libera,Una carreggiata a doppio senso,Asciutto,Asfaltata,Verticale ed orizzontale,Sereno,Scarso,Sufficiente,Sufficiente,0,0,0,2,12.3471,41.9055,-1,2,Autovettura privata,In marcia / fermata / arresto,Conducente,M,Illeso,0,,Non accertato,,
3981778,16,10/09/2018 08:00:00,Strada Urbana,CIRCONVALLAZIONE GIANICOLENSE,all'intersezione con,VIA GIULIA DI GALLESE,VIA GIULIA DI GALLESE,,,Scontro laterale fra veicoli in marcia,Incrocio,Una carreggiata a doppio senso,Asciutto,Asfaltata,Verticale ed orizzontale,Sereno,Normale,Buona,Ore Diurne,0,0,0,2,12.4496,41.8725,-1,1,Autocarro superiore 35 q.,In marcia / fermata / arresto,Conducente,M,Illeso,0,,Non accertato,Inesploso,
3981778,16,10/09/2018 08:00:00,Strada Urbana,CIRCONVALLAZIONE GIANICOLENSE,all'intersezione con,VIA GIULIA DI GALLESE,VIA GIULIA DI GALLESE,,,Scontro laterale fra veicoli in marcia,Incrocio,Una carreggiata a doppio senso,Asciutto,Asfaltata,Verticale ed orizzontale,Sereno,Normale,Buona,Ore Diurne,0,0,0,2,12.4496,41.8725,-1,2,Autovettura pubblica,In marcia / fermata / arresto,Conducente,M,Illeso,0,,Non accertato,Inesploso,
3982109,11,10/09/2018 07:45:00,Provinciale entro l'abitato,VIA ARDEATINA,da specificare,,,,prossimit� VIA DELLA FOTOGRAFIA,Tamponamento Multiplo,Rettilineo,Una carreggiata a doppio senso,Asciutto,Asfaltata,Verticale ed orizzontale,Nuvoloso,Normale,Buona,Ore Diurne,1,0,0,2,12.5178,41.834,-1,1,Autovettura privata,In marcia / fermata / arresto,Conducente,M,Illeso,0,,,,
3982109,11,10/09/2018 07:45:00,Provinciale entro l'abitato,VIA ARDEATINA,da specificare,,,,prossimit� VIA DELLA FOTOGRAFIA,Tamponamento Multiplo,Rettilineo,Una carreggiata a doppio senso,Asciutto,Asfaltata,Verticale ed orizzontale,Nuvoloso,Normale,Buona,Ore Diurne,1,0,0,2,12.5178,41.834,-1,2,Autovettura privata,In marcia / fermata / arresto,Conducente,F,Rifiuta cure immediate,0,NON DECEDUTO,,,
3982109,11,10/09/2018 07:45:00,Provinciale entro l'abitato,VIA ARDEATINA,da specificare,,,,prossimit� VIA DELLA FOTOGRAFIA,Tamponamento Multiplo,Rettilineo,Una carreggiata a doppio senso,Asciutto,Asfaltata,Verticale ed orizzontale,Nuvoloso,Normale,Buona,Ore Diurne,1,0,0,2,12.5178,41.834,-1,3,Autovettura privata,In marcia / fermata / arresto,Conducente,M,Illeso,0,,,,
3982111,8,10/09/2018 12:20:00,Strada Urbana,VIA CRISTOFANO ROBETTA,all'intersezione con,VIA ALFONSO ALBERGHETTI,VIA ALFONSO ALBERGHETTI,,,Scontro frontale/laterale SX fra veicoli in marcia,Incrocio,Una carreggiata a senso unico di marcia,Asciutto,Asfaltata,Verticale,Sereno,Scarso,Buona,Ore Diurne,2,0,0,0,12.6259,41.8659,-1,1,Autovettura privata,In marcia / fermata / arresto,Conducente,F,Rifiuta cure immediate,0,NON DECEDUTO,Non accertato,Inesploso,
3982111,8,10/09/2018 12:20:00,Strada Urbana,VIA CRISTOFANO ROBETTA,all'intersezione con,VIA ALFONSO ALBERGHETTI,VIA ALFONSO ALBERGHETTI,,,Scontro frontale/laterale SX fra veicoli in marcia,Incrocio,Una carreggiata a senso unico di marcia,Asciutto,Asfaltata,Verticale,Sereno,Scarso,Buona,Ore Diurne,2,0,0,0,12.6259,41.8659,-1,2,Autovettura privata,In marcia / fermata / arresto,Conducente,F,Rifiuta cure immediate,0,NON DECEDUTO,Non accertato,Inesploso,
3982115,15,10/09/2018 17:20:00,Strada Urbana,VIA ODERISI DA GUBBIO,all'intersezione con,VIA FRANCESCO GRIMALDI,VIA FRANCESCO GRIMALDI,,,Scontro laterale fra veicoli in marcia,Incrocio,Una carreggiata a senso unico di marcia,Asciutto,Asfaltata,Verticale ed orizzontale,Sereno,Intenso,Buona,Ore Diurne,1,0,0,1,12.4653,41.8654,-1,1,Autovettura privata,In marcia / fermata / arresto,Conducente,M,Illeso,0,,Utilizzato,Inesploso,
3982115,15,10/09/2018 17:20:00,Strada Urbana,VIA ODERISI DA GUBBIO,all'intersezione con,VIA FRANCESCO GRIMALDI,VIA FRANCESCO GRIMALDI,,,Scontro laterale fra veicoli in marcia,Incrocio,Una carreggiata a senso unico di marcia,Asciutto,Asfaltata,Verticale ed orizzontale,Sereno,Intenso,Buona,Ore Diurne,1,0,0,1,12.4653,41.8654,-1,2,Motociclo con passeggero,In marcia / fermata / arresto,Conducente,M,Rimandato,0,NON DECEDUTO,Utilizzato,,
3982119,8,10/09/2018 16:35:00,Strada Urbana,VIA SANT'ELPIDIO A MARE,all'intersezione con,PIAZZA MONDAVIO,PIAZZA MONDAVIO,,,Veicolo in marcia contro veicolo fermo,Incrocio,Una carreggiata a doppio senso,Asciutto,Asfaltata,Orizzontale,Sereno,Scarso,Buona,Ore Diurne,0,0,0,3,12.7241,41.9208,-1,1,Autovettura privata,In marcia / fermata / arresto,Conducente,F,Illeso,0,,,,
3982119,8,10/09/2018 16:35:00,Strada Urbana,VIA SANT'ELPIDIO A MARE,all'intersezione con,PIAZZA MONDAVIO,PIAZZA MONDAVIO,,,Veicolo in marcia contro veicolo fermo,Incrocio,Una carreggiata a doppio senso,Asciutto,Asfaltata,Orizzontale,Sereno,Scarso,Buona,Ore Diurne,0,0,0,3,12.7241,41.9208,-1,1,Autovettura privata,In marcia / fermata / arresto,Passeggero,F,Illeso,0,,,,
3982119,8,10/09/2018 16:35:00,Strada Urbana,VIA SANT'ELPIDIO A MARE,all'intersezione con,PIAZZA MONDAVIO,PIAZZA MONDAVIO,,,Veicolo in marcia contro veicolo fermo,Incrocio,Una carreggiata a doppio senso,Asciutto,Asfaltata,Orizzontale,Sereno,Scarso,Buona,Ore Diurne,0,0,0,3,12.7241,41.9208,-1,2,Autobus di linea,In marcia / fermata / arresto,Conducente,M,Illeso,0,,,,
3982123,8,10/09/2018 19:00:00,Strada Urbana,VIA WALTER TOBAGI,in prossimit�,,del civico n.,109,,Scontro frontale/laterale DX fra veicoli in marcia,Rettilineo,Una carreggiata a doppio senso,Asciutto,Asfaltata,Orizzontale,Sereno,Normale,Buona,Ore Diurne,2,0,0,1,12.5984,41.8729,-1,1,Autovettura privata,In marcia / fermata / arresto,Conducente,M,Rimandato,0,NON DECEDUTO,Non accertato,Inesploso,
3982123,8,10/09/2018 19:00:00,Strada Urbana,VIA WALTER TOBAGI,in prossimit�,,del civico n.,109,,Scontro frontale/laterale DX fra veicoli in marcia,Rettilineo,Una carreggiata a doppio senso,Asciutto,Asfaltata,Orizzontale,Sereno,Normale,Buona,Ore Diurne,2,0,0,1,12.5984,41.8729,-1,1,Autovettura privata,In marcia / fermata / arresto,Passeggero,M,Rimandato,0,NON DECEDUTO,,,
3982123,8,10/09/2018 19:00:00,Strada Urbana,VIA WALTER TOBAGI,in prossimit�,,del civico n.,109,,Scontro frontale/laterale DX fra veicoli in marcia,Rettilineo,Una carreggiata a doppio senso,Asciutto,Asfaltata,Orizzontale,Sereno,Normale,Buona,Ore Diurne,2,0,0,1,12.5984,41.8729,-1,2,Autovettura privata,In marcia / fermata / arresto,Conducente,M,Illeso,0,,,,
3982126,15,10/09/2018 15:00:00,Strada Urbana,VIA PORTUENSE,all'intersezione con,VIA DEL PONTE PISANO,VIA DEL PONTE PISANO,,,Scontro frontale/laterale DX fra veicoli in marcia,Intersezione stradale segnalata,Una carreggiata a doppio senso,Asciutto,Asfaltata,Verticale ed orizzontale,Sereno,Normale,Buona,Ore Diurne,0,0,0,3,12.414,41.847,-1,1,Autovettura privata,In marcia / fermata / arresto,Conducente,M,Illeso,0,,,Inesploso,
3982126,15,10/09/2018 15:00:00,Strada Urbana,VIA PORTUENSE,all'intersezione con,VIA DEL PONTE PISANO,VIA DEL PONTE PISANO,,,Scontro frontale/laterale DX fra veicoli in marcia,Intersezione stradale segnalata,Una carreggiata a doppio senso,Asciutto,Asfaltata,Verticale ed orizzontale,Sereno,Normale,Buona,Ore Diurne,0,0,0,3,12.414,41.847,-1,2,Motociclo con passeggero,In marcia / fermata / arresto,Conducente,M,Illeso,0,,Utilizzato,,
3982126,15,10/09/2018 15:00:00,Strada Urbana,VIA PORTUENSE,all'intersezione con,VIA DEL PONTE PISANO,VIA DEL PONTE PISANO,,,Scontro frontale/laterale DX fra veicoli in marcia,Intersezione stradale segnalata,Una carreggiata a doppio senso,Asciutto,Asfaltata,Verticale ed orizzontale,Sereno,Normale,Buona,Ore Diurne,0,0,0,3,12.414,41.847,-1,2,Motociclo con passeggero,In marcia / fermata / arresto,Passeggero,F,Illeso,0,,Utilizzato,,
3982128,11,10/09/2018 15:50:00,Strada Urbana,VIA CRISTOFORO COLOMBO,all'intersezione semaforizzata con,VIA ALESSANDRO SEVERO,VIA ALESSANDRO SEVERO,,,Scontro laterale fra veicoli in marcia,Intersezione semaforizzata,Pi� di due carreggiate,Asciutto,Asfaltata,Verticale ed orizzontale,Sereno,Normale,Buona,Ore Diurne,1,0,0,2,12.4878,41.8527,-1,1,Autovettura privata,In marcia / fermata / arresto,Conducente,M,Illeso,0,,Non accertato,Inesploso,
3982128,11,10/09/2018 15:50:00,Strada Urbana,VIA CRISTOFORO COLOMBO,all'intersezione semaforizzata con,VIA ALESSANDRO SEVERO,VIA ALESSANDRO SEVERO,,,Scontro laterale fra veicoli in marcia,Intersezione semaforizzata,Pi� di due carreggiate,Asciutto,Asfaltata,Verticale ed orizzontale,Sereno,Normale,Buona,Ore Diurne,1,0,0,2,12.4878,41.8527,-1,1,Autovettura privata,In marcia / fermata / arresto,Passeggero,F,Illeso,0,,Non accertato,Esploso,
3982128,11,10/09/2018 15:50:00,Strada Urbana,VIA CRISTOFORO COLOMBO,all'intersezione semaforizzata con,VIA ALESSANDRO SEVERO,VIA ALESSANDRO SEVERO,,,Scontro laterale fra veicoli in marcia,Intersezione semaforizzata,Pi� di due carreggiate,Asciutto,Asfaltata,Verticale ed orizzontale,Sereno,Normale,Buona,Ore Diurne,1,0,0,2,12.4878,41.8527,-1,2,Motociclo a solo,In marcia / fermata / arresto,Conducente,M,Rimandato,0,NON DECEDUTO,,,
3982129,8,10/09/2018 17:50:00,Strada Urbana,VIALE DEI ROMANISTI,all'intersezione semaforizzata con,VIA ANGIOLO CASSIOLI,VIA ANGIOLO CASSIOLI,,,Scontro laterale fra veicoli in marcia,Intersezione semaforizzata,Una carreggiata a doppio senso,Asciutto,Asfaltata,Verticale ed orizzontale,Sereno,Normale,Buona,Ore Diurne,2,0,0,1,12.5777,41.8674,-1,1,Autovettura privata,In marcia / fermata / arresto,Conducente,F,Rifiuta cure immediate,0,NON DECEDUTO,,,
3982129,8,10/09/2018 17:50:00,Strada Urbana,VIALE DEI ROMANISTI,all'intersezione semaforizzata con,VIA ANGIOLO CASSIOLI,VIA ANGIOLO CASSIOLI,,,Scontro laterale fra veicoli in marcia,Intersezione semaforizzata,Una carreggiata a doppio senso,Asciutto,Asfaltata,Verticale ed orizzontale,Sereno,Normale,Buona,Ore Diurne,2,0,0,1,12.5777,41.8674,-1,1,Autovettura privata,In marcia / fermata / arresto,Passeggero,M,Rifiuta cure immediate,0,NON DECEDUTO,,,
3982129,8,10/09/2018 17:50:00,Strada Urbana,VIALE DEI ROMANISTI,all'intersezione semaforizzata con,VIA ANGIOLO CASSIOLI,VIA ANGIOLO CASSIOLI,,,Scontro laterale fra veicoli in marcia,Intersezione semaforizzata,Una carreggiata a doppio senso,Asciutto,Asfaltata,Verticale ed orizzontale,Sereno,Normale,Buona,Ore Diurne,2,0,0,1,12.5777,41.8674,-1,2,Autovettura privata,In marcia / fermata / arresto,Conducente,M,Illeso,0,,,,
3982130,9,10/09/2018 18:15:00,Strada Urbana,VIA LATINA,da specificare,,,,VIA NARDI,Investimento di pedone,Rettilineo,Una carreggiata a doppio senso,Asciutto,Asfaltata,Assente,Sereno,Normale,Buona,Ore Diurne,1,0,0,1,12.5176,41.8718,-1,,,,Pedone,M,Rimandato,0,NON DECEDUTO,,,
3982130,9,10/09/2018 18:15:00,Strada Urbana,VIA LATINA,da specificare,,,,VIA NARDI,Investimento di pedone,Rettilineo,Una carreggiata a doppio senso,Asciutto,Asfaltata,Assente,Sereno,Normale,Buona,Ore Diurne,1,0,0,1,12.5176,41.8718,-1,1,Autovettura privata,In marcia / fermata / arresto,Conducente,M,Illeso,0,,Non accertato,Inesploso,
3982132,15,10/09/2018 12:30:00,Strada Urbana,PIAZZA ANTONIO MEUCCI,all'intersezione con,VIA DELLA MAGLIANA,VIA DELLA MAGLIANA,,,Scontro laterale fra veicoli in marcia,Intersezione semaforizzata,Due carreggiate,Asciutto,Asfaltata,Verticale,Sereno,Normale,Buona,Ore Diurne,0,0,0,3,12.4631,41.8618,-1,1,Autovettura privata,In marcia / fermata / arresto,Conducente,F,Illeso,0,,,,
3982132,15,10/09/2018 12:30:00,Strada Urbana,PIAZZA ANTONIO MEUCCI,all'intersezione con,VIA DELLA MAGLIANA,VIA DELLA MAGLIANA,,,Scontro laterale fra veicoli in marcia,Intersezione semaforizzata,Due carreggiate,Asciutto,Asfaltata,Verticale,Sereno,Normale,Buona,Ore Diurne,0,0,0,3,12.4631,41.8618,-1,1,Autovettura privata,In marcia / fermata / arresto,Passeggero,F,Illeso,0,,,,
3982132,15,10/09/2018 12:30:00,Strada Urbana,PIAZZA ANTONIO MEUCCI,all'intersezione con,VIA DELLA MAGLIANA,VIA DELLA MAGLIANA,,,Scontro laterale fra veicoli in marcia,Intersezione semaforizzata,Due carreggiate,Asciutto,Asfaltata,Verticale,Sereno,Normale,Buona,Ore Diurne,0,0,0,3,12.4631,41.8618,-1,2,Autovettura privata,In marcia / fermata / arresto,Conducente,M,Illeso,0,,,,
3982138,8,10/09/2018 21:30:00,,VIA CASILINA,in prossimit�,,del civico n.,1829,,Investimento di pedone,,,,,,,,,,1,0,0,1,,,0,,,,Pedone,M,Rimandato,0,NON DECEDUTO,,,
3982138,8,10/09/2018 21:30:00,,VIA CASILINA,in prossimit�,,del civico n.,1829,,Investimento di pedone,,,,,,,,,,1,0,0,1,,,0,1,Autovettura privata,In marcia / fermata / arresto,Conducente,M,Illeso,0,,,,
3982156,6,10/09/2018 22:20:00,Strada Urbana,VIA COLLATINA,all'intersezione con,VIA CHERSO,VIA CHERSO,,,Scontro frontale/laterale DX fra veicoli in marcia,Incrocio,Una carreggiata a doppio senso,Asciutto,Asfaltata,Verticale ed orizzontale,Sereno,Normale,Buona,Sufficiente,2,0,0,1,12.5628,41.8963,-1,1,Autovettura privata,In marcia / fermata / arresto,Conducente,M,Rimandato,0,NON DECEDUTO,Non accertato,Inesploso,
3982156,6,10/09/2018 22:20:00,Strada Urbana,VIA COLLATINA,all'intersezione con,VIA CHERSO,VIA CHERSO,,,Scontro frontale/laterale DX fra veicoli in marcia,Incrocio,Una carreggiata a doppio senso,Asciutto,Asfaltata,Verticale ed orizzontale,Sereno,Normale,Buona,Sufficiente,2,0,0,1,12.5628,41.8963,-1,1,Autovettura privata,In marcia / fermata / arresto,Passeggero,M,Rimandato,0,NON DECEDUTO,Non accertato,Inesploso,
3982156,6,10/09/2018 22:20:00,Strada Urbana,VIA COLLATINA,all'intersezione con,VIA CHERSO,VIA CHERSO,,,Scontro frontale/laterale DX fra veicoli in marcia,Incrocio,Una carreggiata a doppio senso,Asciutto,Asfaltata,Verticale ed orizzontale,Sereno,Normale,Buona,Sufficiente,2,0,0,1,12.5628,41.8963,-1,2,Autovettura privata,In marcia / fermata / arresto,Conducente,M,Illeso,0,,Non accertato,Inesploso,
3982158,9,10/09/2018 19:30:00,Strada Urbana,VIA MAGNAGRECIA,in corrispondenza,,del civico n.,30,,Investimento di pedone,Rettilineo,Una carreggiata a doppio senso,Asciutto,Asfaltata,Verticale ed orizzontale,Sereno,Normale,Buona,Ore Diurne,1,0,0,2,12.509,41.884,-1,,,,Pedone,F,Rimandato,0,NON DECEDUTO,,,
3982158,9,10/09/2018 19:30:00,Strada Urbana,VIA MAGNAGRECIA,in corrispondenza,,del civico n.,30,,Investimento di pedone,Rettilineo,Una carreggiata a doppio senso,Asciutto,Asfaltata,Verticale ed orizzontale,Sereno,Normale,Buona,Ore Diurne,1,0,0,2,12.509,41.884,-1,1,Autovettura privata,In marcia / fermata / arresto,Conducente,M,Illeso,0,,Non accertato,Inesploso,
3982158,9,10/09/2018 19:30:00,Strada Urbana,VIA MAGNAGRECIA,in corrispondenza,,del civico n.,30,,Investimento di pedone,Rettilineo,Una carreggiata a doppio senso,Asciutto,Asfaltata,Verticale ed orizzontale,Sereno,Normale,Buona,Ore Diurne,1,0,0,2,12.509,41.884,-1,1,Autovettura privata,In marcia / fermata / arresto,Passeggero,M,Illeso,0,,Non accertato,Inesploso,
3982159,11,10/09/2018 15:30:00,Strada Urbana,VIA CRISTOFORO COLOMBO,da specificare,,,,prossimit� VIA R. G. CARDUCCI,Tamponamento Multiplo,Rettilineo,Pi� di due carreggiate,Asciutto,Asfaltata,Verticale ed orizzontale,Sereno,Normale,Buona,Ore Diurne,0,0,0,3,12.4931,41.8559,-1,1,Autovettura privata,In marcia / fermata / arresto,Conducente,F,Illeso,0,,,,
3982159,11,10/09/2018 15:30:00,Strada Urbana,VIA CRISTOFORO COLOMBO,da specificare,,,,prossimit� VIA R. G. CARDUCCI,Tamponamento Multiplo,Rettilineo,Pi� di due carreggiate,Asciutto,Asfaltata,Verticale ed orizzontale,Sereno,Normale,Buona,Ore Diurne,0,0,0,3,12.4931,41.8559,-1,2,Autovettura privata,In marcia / fermata / arresto,Conducente,M,Illeso,0,,,,
3982159,11,10/09/2018 15:30:00,Strada Urbana,VIA CRISTOFORO COLOMBO,da specificare,,,,prossimit� VIA R. G. CARDUCCI,Tamponamento Multiplo,Rettilineo,Pi� di due carreggiate,Asciutto,Asfaltata,Verticale ed orizzontale,Sereno,Normale,Buona,Ore Diurne,0,0,0,3,12.4931,41.8559,-1,3,Autovettura privata,In marcia / fermata / arresto,Conducente,M,Illeso,0,,,,
3982164,13,10/09/2018 12:00:00,Strada Urbana,VIALE DI CASTEL PORZIANO,all'intersezione con,VIA VINCENZO ERRANTE,VIA VINCENZO ERRANTE,,,Scontro frontale/laterale DX fra veicoli in marcia,Intersezione non regolata/non segnalata,Una carreggiata a doppio senso,Asciutto,Asfaltata,Orizzontale,Sereno,Normale,Buona,Ore Diurne,1,0,0,1,12.3491,41.7308,-1,1,Autovettura privata,In marcia / fermata / arresto,Conducente,M,Illeso,0,,Non accertato,Inesploso,
3982164,13,10/09/2018 12:00:00,Strada Urbana,VIALE DI CASTEL PORZIANO,all'intersezione con,VIA VINCENZO ERRANTE,VIA VINCENZO ERRANTE,,,Scontro frontale/laterale DX fra veicoli in marcia,Intersezione non regolata/non segnalata,Una carreggiata a doppio senso,Asciutto,Asfaltata,Orizzontale,Sereno,Normale,Buona,Ore Diurne,1,0,0,1,12.3491,41.7308,-1,2,Motociclo con passeggero,In marcia / fermata / arresto,Conducente,M,Rimandato,0,NON DECEDUTO,Non accertato,,
3982173,19,10/09/2018 12:10:00,Strada Urbana,VIA ALBERTO CADLOLO,all'intersezione con,VIA CARLO EVANGELISTI,VIA CARLO EVANGELISTI,,,Scontro laterale fra veicoli in marcia,Incrocio,Una carreggiata a doppio senso,Asciutto,Asfaltata,Verticale ed orizzontale,Sereno,Normale,Buona,Ore Diurne,1,0,0,1,12.4461,41.9199,-1,1,Ciclomotore,In marcia / fermata / arresto,Conducente,M,Rimandato,0,NON DECEDUTO,Non accertato,,
3982173,19,10/09/2018 12:10:00,Strada Urbana,VIA ALBERTO CADLOLO,all'intersezione con,VIA CARLO EVANGELISTI,VIA CARLO EVANGELISTI,,,Scontro laterale fra veicoli in marcia,Incrocio,Una carreggiata a doppio senso,Asciutto,Asfaltata,Verticale ed orizzontale,Sereno,Normale,Buona,Ore Diurne,1,0,0,1,12.4461,41.9199,-1,2,Ciclomotore,In marcia / fermata / arresto,Conducente,M,Illeso,0,,Non accertato,,
3982174,8,10/09/2018 18:49:00,Statale entro l'abitato,VIA CASILINA,in corrispondenza,,del civico n.,1377,,Investimento di pedone,Rettilineo,Una carreggiata a doppio senso,Asciutto,Asfaltata,Verticale ed orizzontale,Sereno,Normale,Buona,Ore Diurne,0,0,1,1,12.6166,41.863,-1,,,,Pedone,F,Deceduto durante prime cure,-1,,,,
3982174,8,10/09/2018 18:49:00,Statale entro l'abitato,VIA CASILINA,in corrispondenza,,del civico n.,1377,,Investimento di pedone,Rettilineo,Una carreggiata a doppio senso,Asciutto,Asfaltata,Verticale ed orizzontale,Sereno,Normale,Buona,Ore Diurne,0,0,1,1,12.6166,41.863,-1,1,Autovettura privata,In marcia / fermata / arresto,Conducente,M,Illeso,0,,Non accertato,Inesploso,
3982183,10,10/09/2018 13:40:00,Strada Urbana,VIALE TITO LABIENO,all'intersezione con,VIA CAIO ATEIO CAPITONE,VIA CAIO ATEIO CAPITONE,,,Scontro frontale/laterale SX fra veicoli in marcia,Intersezione stradale segnalata,Una carreggiata a senso unico di marcia,Asciutto,Asfaltata,Verticale ed orizzontale,Sereno,Scarso,Buona,Ore Diurne,1,0,0,2,12.5631,41.85,-1,1,Autovettura privata,In marcia / fermata / arresto,Conducente,M,Illeso,0,,Non accertato,Inesploso,
3982183,10,10/09/2018 13:40:00,Strada Urbana,VIALE TITO LABIENO,all'intersezione con,VIA CAIO ATEIO CAPITONE,VIA CAIO ATEIO CAPITONE,,,Scontro frontale/laterale SX fra veicoli in marcia,Intersezione stradale segnalata,Una carreggiata a senso unico di marcia,Asciutto,Asfaltata,Verticale ed orizzontale,Sereno,Scarso,Buona,Ore Diurne,1,0,0,2,12.5631,41.85,-1,2,Autovettura privata,In marcia / fermata / arresto,Conducente,F,Illeso,0,,Non accertato,Inesploso,
3982183,10,10/09/2018 13:40:00,Strada Urbana,VIALE TITO LABIENO,all'intersezione con,VIA CAIO ATEIO CAPITONE,VIA CAIO ATEIO CAPITONE,,,Scontro frontale/laterale SX fra veicoli in marcia,Intersezione stradale segnalata,Una carreggiata a senso unico di marcia,Asciutto,Asfaltata,Verticale ed orizzontale,Sereno,Scarso,Buona,Ore Diurne,1,0,0,2,12.5631,41.85,-1,2,Autovettura privata,In marcia / fermata / arresto,Passeggero,F,Rimandato,0,NON DECEDUTO,Non accertato,Inesploso,