Protocollo,Gruppo,DataOraIncidente,Localizzazione1,STRADA1,Localizzazione2,STRADA2,Strada02,Chilometrica,DaSpecificare,NaturaIncidente,particolaritastrade,TipoStrada,FondoStradale,Pavimentazione,Segnaletica,CondizioneAtmosferica,Traffico,Visibilita,Illuminazione,NUM_FERITI,NUM_RISERVATA,NUM_MORTI,NUM_ILLESI,Longitudine,Latitudine,Confermato,Progressivo,TipoVeicolo,StatoVeicolo,TipoPersona,Sesso,Tipolesione,Deceduto,DecedutoDopo,CinturaCascoUtilizzato,Airbag,
3982187,10,10/09/2018 17:25:00,Strada Urbana,VIA DELLE CAPANNELLE,in prossimit�,,del civico n.,20,,Scontro frontale/laterale DX fra veicoli in marcia,Rettilineo,Una carreggiata a doppio senso,Asciutto,Asfaltata,Verticale ed orizzontale,Sereno,Normale,Buona,Ore Diurne,0,0,0,2,12.5689,41.8324,-1,1,Autovettura privata,In marcia / fermata / arresto,Conducente,M,Illeso,0,,Non accertato,Inesploso,
3982187,10,10/09/2018 17:25:00,Strada Urbana,VIA DELLE CAPANNELLE,in prossimit�,,del civico n.,20,,Scontro frontale/laterale DX fra veicoli in marcia,Rettilineo,Una carreggiata a doppio senso,Asciutto,Asfaltata,Verticale ed orizzontale,Sereno,Normale,Buona,Ore Diurne,0,0,0,2,12.5689,41.8324,-1,2,Autovettura privata,In marcia / fermata / arresto,Conducente,M,Illeso,0,,Non accertato,Inesploso,
3982193,10,10/09/2018 23:45:00,Strada Urbana,VIALE PALMIRO TOGLIATTI,all'intersezione semaforizzata con,VIA QUINTO PUBLICIO,VIA QUINTO PUBLICIO,,,Scontro frontale/laterale SX fra veicoli in marcia,Intersezione semaforizzata,Pi� di due carreggiate,Asciutto,Asfaltata,Verticale ed orizzontale,Sereno,Scarso,Sufficiente,Insufficiente,4,0,0,1,12.5713,41.8562,-1,1,Autovettura privata,In marcia / fermata / arresto,Conducente,M,Rimandato,0,NON DECEDUTO,Non accertato,Esploso,
3982193,10,10/09/2018 23:45:00,Strada Urbana,VIALE PALMIRO TOGLIATTI,all'intersezione semaforizzata con,VIA QUINTO PUBLICIO,VIA QUINTO PUBLICIO,,,Scontro frontale/laterale SX fra veicoli in marcia,Intersezione semaforizzata,Pi� di due carreggiate,Asciutto,Asfaltata,Verticale ed orizzontale,Sereno,Scarso,Sufficiente,Insufficiente,4,0,0,1,12.5713,41.8562,-1,1,Autovettura privata,In marcia / fermata / arresto,Passeggero,F,Rimandato,0,NON DECEDUTO,Non accertato,Esploso,
3982193,10,10/09/2018 23:45:00,Strada Urbana,VIALE PALMIRO TOGLIATTI,all'intersezione semaforizzata con,VIA QUINTO PUBLICIO,VIA QUINTO PUBLICIO,,,Scontro frontale/laterale SX fra veicoli in marcia,Intersezione semaforizzata,Pi� di due carreggiate,Asciutto,Asfaltata,Verticale ed orizzontale,Sereno,Scarso,Sufficiente,Insufficiente,4,0,0,1,12.5713,41.8562,-1,2,Autovettura privata,In marcia / fermata / arresto,Conducente,F,Rimandato,0,NON DECEDUTO,Non accertato,Esploso,
3982193,10,10/09/2018 23:45:00,Strada Urbana,VIALE PALMIRO TOGLIATTI,all'intersezione semaforizzata con,VIA QUINTO PUBLICIO,VIA QUINTO PUBLICIO,,,Scontro frontale/laterale SX fra veicoli in marcia,Intersezione semaforizzata,Pi� di due carreggiate,Asciutto,Asfaltata,Verticale ed orizzontale,Sereno,Scarso,Sufficiente,Insufficiente,4,0,0,1,12.5713,41.8562,-1,2,Autovettura privata,In marcia / fermata / arresto,Passeggero,F,Illeso,0,,Non accertato,Esploso,
3982193,10,10/09/2018 23:45:00,Strada Urbana,VIALE PALMIRO TOGLIATTI,all'intersezione semaforizzata con,VIA QUINTO PUBLICIO,VIA QUINTO PUBLICIO,,,Scontro frontale/laterale SX fra veicoli in marcia,Intersezione semaforizzata,Pi� di due carreggiate,Asciutto,Asfaltata,Verticale ed orizzontale,Sereno,Scarso,Sufficiente,Insufficiente,4,0,0,1,12.5713,41.8562,-1,2,Autovettura privata,In marcia / fermata / arresto,Passeggero,M,Rimandato,0,NON DECEDUTO,Non accertato,Inesploso,
3982194,9,10/09/2018 22:00:00,Strada Urbana,PIAZZA FABIO SABATINI,all'intersezione con,VIALE ANTONIO CIAMARRA,VIALE ANTONIO CIAMARRA,,,Scontro laterale fra veicoli in marcia,Rotatoria,Due carreggiate,Asciutto,Asfaltata,Verticale ed orizzontale,Sereno,Scarso,Sufficiente,Insufficiente,0,0,0,4,12.5907,41.8468,-1,1,Autovettura privata,In marcia / fermata / arresto,Conducente,M,Illeso,0,,Non accertato,Inesploso,
3982194,9,10/09/2018 22:00:00,Strada Urbana,PIAZZA FABIO SABATINI,all'intersezione con,VIALE ANTONIO CIAMARRA,VIALE ANTONIO CIAMARRA,,,Scontro laterale fra veicoli in marcia,Rotatoria,Due carreggiate,Asciutto,Asfaltata,Verticale ed orizzontale,Sereno,Scarso,Sufficiente,Insufficiente,0,0,0,4,12.5907,41.8468,-1,2,Autovettura privata,In marcia / fermata / arresto,Conducente,M,Illeso,0,,Non accertato,Inesploso,
3982194,9,10/09/2018 22:00:00,Strada Urbana,PIAZZA FABIO SABATINI,all'intersezione con,VIALE ANTONIO CIAMARRA,VIALE ANTONIO CIAMARRA,,,Scontro laterale fra veicoli in marcia,Rotatoria,Due carreggiate,Asciutto,Asfaltata,Verticale ed orizzontale,Sereno,Scarso,Sufficiente,Insufficiente,0,0,0,4,12.5907,41.8468,-1,2,Autovettura privata,In marcia / fermata / arresto,Passeggero,M,Illeso,0,,Non accertato,Inesploso,
3982194,9,10/09/2018 22:00:00,Strada Urbana,PIAZZA FABIO SABATINI,all'intersezione con,VIALE ANTONIO CIAMARRA,VIALE ANTONIO CIAMARRA,,,Scontro laterale fra veicoli in marcia,Rotatoria,Due carreggiate,Asciutto,Asfaltata,Verticale ed orizzontale,Sereno,Scarso,Sufficiente,Insufficiente,0,0,0,4,12.5907,41.8468,-1,2,Autovettura privata,In marcia / fermata / arresto,Passeggero,M,Illeso,0,,Non accertato,Inesploso,
3982195,5,10/09/2018 22:30:00,Strada Urbana,PIAZZALE HEGEL,in prossimit�,,del civico n.,20,,Veicolo in marcia contro veicoli in sosta,Rettilineo,Una carreggiata a senso unico di marcia,Asciutto,Asfaltata,Verticale,Sereno,Scarso,Sufficiente,Sufficiente,0,0,0,3,12.5592,41.9367,-1,1,Autovettura privata,In marcia / fermata / arresto,Conducente,M,Illeso,0,,Non accertato,Esploso,
3982195,5,10/09/2018 22:30:00,Strada Urbana,PIAZZALE HEGEL,in prossimit�,,del civico n.,20,,Veicolo in marcia contro veicoli in sosta,Rettilineo,Una carreggiata a senso unico di marcia,Asciutto,Asfaltata,Verticale,Sereno,Scarso,Sufficiente,Sufficiente,0,0,0,3,12.5592,41.9367,-1,1,Autovettura privata,In marcia / fermata / arresto,Passeggero,F,Illeso,0,,Non accertato,Inesploso,
3982195,5,10/09/2018 22:30:00,Strada Urbana,PIAZZALE HEGEL,in prossimit�,,del civico n.,20,,Veicolo in marcia contro veicoli in sosta,Rettilineo,Una carreggiata a senso unico di marcia,Asciutto,Asfaltata,Verticale,Sereno,Scarso,Sufficiente,Sufficiente,0,0,0,3,12.5592,41.9367,-1,1,Autovettura privata,In marcia / fermata / arresto,Passeggero,M,Illeso,0,,Non accertato,Esploso,
3982202,11,10/09/2018 12:40:00,Strada Urbana,VIA CRISTOFORO COLOMBO,da specificare,,,,in prossimit� via Genocchi,Scontro laterale fra veicoli in marcia,Rettilineo,Pi� di due carreggiate,Asciutto,Asfaltata,Verticale ed orizzontale,Sereno,Normale,Buona,Ore Diurne,0,0,0,2,12.4963,41.8588,-1,1,Autovettura privata,In marcia / fermata / arresto,Conducente,M,Illeso,0,,,,
3982202,11,10/09/2018 12:40:00,Strada Urbana,VIA CRISTOFORO COLOMBO,da specificare,,,,in prossimit� via Genocchi,Scontro laterale fra veicoli in marcia,Rettilineo,Pi� di due carreggiate,Asciutto,Asfaltata,Verticale ed orizzontale,Sereno,Normale,Buona,Ore Diurne,0,0,0,2,12.4963,41.8588,-1,2,Autovettura privata,In marcia / fermata / arresto,Conducente,F,Illeso,0,,,,
3982204,10,11/09/2018 06:40:00,Statale,VIA APPIA NUOVA,in prossimit�,,della chilometrica,15.9,,Scontro laterale fra veicoli in marcia,Rettilineo,Due carreggiate,Asciutto,Asfaltata,Verticale ed orizzontale,Sereno,Normale,Buona,Ore Diurne,3,0,0,1,12.5894,41.7953,-1,1,Autovettura privata,In marcia / fermata / arresto,Conducente,F,Rimandato,0,NON DECEDUTO,Non accertato,Inesploso,
3982204,10,11/09/2018 06:40:00,Statale,VIA APPIA NUOVA,in prossimit�,,della chilometrica,15.9,,Scontro laterale fra veicoli in marcia,Rettilineo,Due carreggiate,Asciutto,Asfaltata,Verticale ed orizzontale,Sereno,Normale,Buona,Ore Diurne,3,0,0,1,12.5894,41.7953,-1,2,Autovettura privata,In marcia / fermata / arresto,Conducente,M,Illeso,0,,Non accertato,Inesploso,
3982204,10,11/09/2018 06:40:00,Statale,VIA APPIA NUOVA,in prossimit�,,della chilometrica,15.9,,Scontro laterale fra veicoli in marcia,Rettilineo,Due carreggiate,Asciutto,Asfaltata,Verticale ed orizzontale,Sereno,Normale,Buona,Ore Diurne,3,0,0,1,12.5894,41.7953,-1,3,Motociclo con passeggero,In marcia / fermata / arresto,Conducente,M,Rimandato,0,NON DECEDUTO,Non accertato,,
3982204,10,11/09/2018 06:40:00,Statale,VIA APPIA NUOVA,in prossimit�,,della chilometrica,15.9,,Scontro laterale fra veicoli in marcia,Rettilineo,Due carreggiate,Asciutto,Asfaltata,Verticale ed orizzontale,Sereno,Normale,Buona,Ore Diurne,3,0,0,1,12.5894,41.7953,-1,3,Motociclo con passeggero,In marcia / fermata / arresto,Passeggero,F,Rimandato,0,NON DECEDUTO,Non accertato,,
3982217,20,10/09/2018 07:50:00,Strada Urbana,VIA DI VALLE MURICANA,all'intersezione con,VIA BERBENNO,VIA BERBENNO,,,Scontro frontale/laterale DX fra veicoli in marcia,Intersezione stradale segnalata,Una carreggiata a doppio senso,Asciutto,Asfaltata,Verticale ed orizzontale,Sereno,Scarso,Buona,Ore Diurne,0,0,0,3,12.4681,42.0288,-1,1,Autovettura privata,In marcia / fermata / arresto,Conducente,M,Illeso,0,,Non accertato,,
3982217,20,10/09/2018 07:50:00,Strada Urbana,VIA DI VALLE MURICANA,all'intersezione con,VIA BERBENNO,VIA BERBENNO,,,Scontro frontale/laterale DX fra veicoli in marcia,Intersezione stradale segnalata,Una carreggiata a doppio senso,Asciutto,Asfaltata,Verticale ed orizzontale,Sereno,Scarso,Buona,Ore Diurne,0,0,0,3,12.4681,42.0288,-1,1,Autovettura privata,In marcia / fermata / arresto,Passeggero,F,Illeso,0,,Non accertato,,
3982217,20,10/09/2018 07:50:00,Strada Urbana,VIA DI VALLE MURICANA,all'intersezione con,VIA BERBENNO,VIA BERBENNO,,,Scontro frontale/laterale DX fra veicoli in marcia,Intersezione stradale segnalata,Una carreggiata a doppio senso,Asciutto,Asfaltata,Verticale ed orizzontale,Sereno,Scarso,Buona,Ore Diurne,0,0,0,3,12.4681,42.0288,-1,2,Autovettura privata,In marcia / fermata / arresto,Conducente,F,Illeso,0,,,,
3982221,9,10/09/2018 11:00:00,,VIA SIRIA,in corrispondenza,,del civico n.,17/19,,Veicolo in marcia contro veicolo fermo,,,,,,,,,,0,0,0,1,,,0,1,Autovettura privata,In marcia / fermata / arresto,Conducente,M,Illeso,0,,Non accertato,Inesploso,
3982240,13,10/09/2018 14:00:00,,VIA GUIDO CALZA,da specificare,,,,prox VIA DI TOR BOACCIANA,Tamponamento,,,,,,,,,,0,0,0,3,12.4654,41.9277,0,1,Autovettura privata,In marcia / fermata / arresto,Conducente,M,Illeso,0,,Non accertato,Inesploso,
3982240,13,10/09/2018 14:00:00,,VIA GUIDO CALZA,da specificare,,,,prox VIA DI TOR BOACCIANA,Tamponamento,,,,,,,,,,0,0,0,3,12.4654,41.9277,0,1,Autovettura privata,In marcia / fermata / arresto,Passeggero,F,Illeso,0,,Non accertato,Inesploso,
3982240,13,10/09/2018 14:00:00,,VIA GUIDO CALZA,da specificare,,,,prox VIA DI TOR BOACCIANA,Tamponamento,,,,,,,,,,0,0,0,3,12.4654,41.9277,0,2,Autovettura privata,In marcia / fermata / arresto,Conducente,M,Illeso,0,,,,
3982247,4,10/09/2018 14:30:00,Strada Urbana,VIA DELLE VALLI,da specificare,,,,Pross. P.zza Conca d'Oro,Scontro laterale fra veicoli in marcia,Rettilineo,Due carreggiate,Asciutto,Asfaltata,Verticale,Sereno,Normale,Buona,Ore Diurne,1,0,0,1,12.5241,41.9359,-1,1,Autovettura privata,In marcia / fermata / arresto,Conducente,M,Rimandato,0,NON DECEDUTO,Non accertato,,
3982247,4,10/09/2018 14:30:00,Strada Urbana,VIA DELLE VALLI,da specificare,,,,Pross. P.zza Conca d'Oro,Scontro laterale fra veicoli in marcia,Rettilineo,Due carreggiate,Asciutto,Asfaltata,Verticale,Sereno,Normale,Buona,Ore Diurne,1,0,0,1,12.5241,41.9359,-1,2,Autovettura privata,In marcia / fermata / arresto,Conducente,M,Illeso,0,,Non accertato,,
3982283,4,10/09/2018 08:30:00,Strada Urbana,VIA DEI PRATI FISCALI,in prossimit�,,del civico n.,396,,Scontro laterale fra veicoli in marcia,Rettilineo,Due carreggiate,Asciutto,Asfaltata,Verticale ed orizzontale,Sereno,Normale,Buona,Ore Diurne,0,0,0,3,12.51,41.9431,-1,1,Autovettura privata,In marcia / fermata / arresto,Conducente,F,Illeso,0,,Non accertato,,
3982283,4,10/09/2018 08:30:00,Strada Urbana,VIA DEI PRATI FISCALI,in prossimit�,,del civico n.,396,,Scontro laterale fra veicoli in marcia,Rettilineo,Due carreggiate,Asciutto,Asfaltata,Verticale ed orizzontale,Sereno,Normale,Buona,Ore Diurne,0,0,0,3,12.51,41.9431,-1,2,Veicolo speciale,In marcia / fermata / arresto,Conducente,M,Illeso,0,,Non accertato,,
3982283,4,10/09/2018 08:30:00,Strada Urbana,VIA DEI PRATI FISCALI,in prossimit�,,del civico n.,396,,Scontro laterale fra veicoli in marcia,Rettilineo,Due carreggiate,Asciutto,Asfaltata,Verticale ed orizzontale,Sereno,Normale,Buona,Ore Diurne,0,0,0,3,12.51,41.9431,-1,2,Veicolo speciale,In marcia / fermata / arresto,Passeggero,M,Illeso,0,,Non accertato,,
3982292,12,10/09/2018 12:30:00,Strada Urbana,VIALE BARTOLOMEO CAVACEPPI,all'intersezione con,PIAZZA CLEMENTE ORIGO,PIAZZA CLEMENTE ORIGO,,,Scontro frontale/laterale DX fra veicoli in marcia,Incrocio,Due carreggiate,Asciutto,Asfaltata,Verticale ed orizzontale,Sereno,Normale,Buona,Ore Diurne,0,0,0,2,12.4328,41.7953,-1,1,Autovettura privata,In marcia / fermata / arresto,Conducente,M,Illeso,0,,Non accertato,Inesploso,
3982292,12,10/09/2018 12:30:00,Strada Urbana,VIALE BARTOLOMEO CAVACEPPI,all'intersezione con,PIAZZA CLEMENTE ORIGO,PIAZZA CLEMENTE ORIGO,,,Scontro frontale/laterale DX fra veicoli in marcia,Incrocio,Due carreggiate,Asciutto,Asfaltata,Verticale ed orizzontale,Sereno,Normale,Buona,Ore Diurne,0,0,0,2,12.4328,41.7953,-1,2,Motociclo a solo,In marcia / fermata / arresto,Conducente,M,Illeso,0,,Non accertato,,
3982295,5,11/09/2018 07:00:00,Strada Urbana,VIALE PALMIRO TOGLIATTI,da specificare,,,,direz A24 pross. stazione P.Togliatti,Scontro laterale fra veicoli in marcia,Curva a visuale libera,Una carreggiata a doppio senso,Asciutto,Asfaltata,Verticale ed orizzontale,Sereno,Normale,Sufficiente,Ore Diurne,0,0,0,2,12.5738,41.9057,-1,1,Autovettura privata,In marcia / fermata / arresto,Conducente,M,Illeso,0,,Non accertato,Inesploso,
3982295,5,11/09/2018 07:00:00,Strada Urbana,VIALE PALMIRO TOGLIATTI,da specificare,,,,direz A24 pross. stazione P.Togliatti,Scontro laterale fra veicoli in marcia,Curva a visuale libera,Una carreggiata a doppio senso,Asciutto,Asfaltata,Verticale ed orizzontale,Sereno,Normale,Sufficiente,Ore Diurne,0,0,0,2,12.5738,41.9057,-1,2,Autovettura privata,In marcia / fermata / arresto,Conducente,M,Illeso,0,,Non accertato,Inesploso,
3982305,4,10/09/2018 17:10:00,Strada Urbana,VIA CAMERATA PICENA,in prossimit�,,del civico n.,267,,Scontro laterale fra veicoli in marcia,Curva a visuale libera,Una carreggiata a doppio senso,Asciutto,Asfaltata,Verticale ed orizzontale,Sereno,Normale,Buona,Ore Diurne,0,0,0,1,12.5146,41.9871,-1,1,Autocarro inferiore 35 q.,In marcia / fermata / arresto,Conducente,M,Illeso,0,,Non accertato,,
3982315,7,10/09/2018 10:20:00,Strada Urbana,VIA DEI CASTANI,in corrispondenza,,del civico n.,145,,Veicolo in marcia contro veicolo fermo,Rettilineo,Una carreggiata a doppio senso,Asciutto,Asfaltata,Verticale ed orizzontale,Sereno,Normale,Buona,Ore Diurne,0,0,0,2,12.5666,41.8833,-1,1,Autocarro inferiore 35 q.,In marcia / fermata / arresto,Conducente,M,Illeso,0,,Non accertato,Inesploso,
3982315,7,10/09/2018 10:20:00,Strada Urbana,VIA DEI CASTANI,in corrispondenza,,del civico n.,145,,Veicolo in marcia contro veicolo fermo,Rettilineo,Una carreggiata a doppio senso,Asciutto,Asfaltata,Verticale ed orizzontale,Sereno,Normale,Buona,Ore Diurne,0,0,0,2,12.5666,41.8833,-1,2,Autovettura privata,In marcia / fermata / arresto,Conducente,M,Illeso,0,,,,
3982324,17,08/09/2018 10:00:00,Strada Urbana,VIA CIPRO,in prossimit�,,del civico n.,4,,Investimento di pedone,Rettilineo,Due carreggiate,Asciutto,Asfaltata,Verticale ed orizzontale,Sereno,Normale,Buona,Ore Diurne,1,0,0,1,12.4474,41.9081,-1,,,,Pedone,M,Rimandato,0,NON DECEDUTO,,,
3982324,17,08/09/2018 10:00:00,Strada Urbana,VIA CIPRO,in prossimit�,,del civico n.,4,,Investimento di pedone,Rettilineo,Due carreggiate,Asciutto,Asfaltata,Verticale ed orizzontale,Sereno,Normale,Buona,Ore Diurne,1,0,0,1,12.4474,41.9081,-1,1,Motociclo a solo,In marcia / fermata / arresto,Conducente,M,Illeso,0,,Non accertato,,
3982325,12,10/09/2018 19:45:00,Strada Urbana,VIA BEPPE FENOGLIO,in corrispondenza,,del civico n.,25,,Veicolo in marcia contro veicolo in sosta,Rettilineo,Una carreggiata a doppio senso,Asciutto,Asfaltata,Verticale ed orizzontale,Sereno,Normale,Buona,Sufficiente,0,0,0,1,12.4772,41.8149,-1,2,Autovettura privata,In marcia / fermata / arresto,Conducente,M,Illeso,0,,Non accertato,Inesploso,
3982335,4,11/09/2018 01:45:00,Strada Urbana,PIAZZA SEMPIONE,in corrispondenza,,del civico n.,1,,Veicolo in marcia contro veicolo in sosta,Rettilineo,Una carreggiata a senso unico di marcia,Asciutto,Asfaltata,Verticale ed orizzontale,Sereno,Scarso,Buona,Sufficiente,0,0,0,2,12.5355,41.9359,-1,1,Autovettura privata,In marcia / fermata / arresto,Conducente,M,Illeso,0,,Non accertato,Inesploso,
3982335,4,11/09/2018 01:45:00,Strada Urbana,PIAZZA SEMPIONE,in corrispondenza,,del civico n.,1,,Veicolo in marcia contro veicolo in sosta,Rettilineo,Una carreggiata a senso unico di marcia,Asciutto,Asfaltata,Verticale ed orizzontale,Sereno,Scarso,Buona,Sufficiente,0,0,0,2,12.5355,41.9359,-1,2,Autovettura privata,Sosta,Passeggero,F,Illeso,0,,Non accertato,,
3982339,20,10/09/2018 13:40:00,Strada Urbana,VIALE DEGLI ISLAMICI,da specificare,,,,Blocco nr. 107,Veicolo in marcia contro ostacolo accidentale,Rettilineo,Una carreggiata a doppio senso,Asciutto,Con buche,Verticale ed orizzontale,Sereno,Scarso,Buona,Ore Diurne,0,0,0,3,12.4906,42.0191,-1,1,Autovettura privata,In marcia / fermata / arresto,Conducente,M,Illeso,0,,,,
3982339,20,10/09/2018 13:40:00,Strada Urbana,VIALE DEGLI ISLAMICI,da specificare,,,,Blocco nr. 107,Veicolo in marcia contro ostacolo accidentale,Rettilineo,Una carreggiata a doppio senso,Asciutto,Con buche,Verticale ed orizzontale,Sereno,Scarso,Buona,Ore Diurne,0,0,0,3,12.4906,42.0191,-1,1,Autovettura privata,In marcia / fermata / arresto,Passeggero,M,Illeso,0,,,,
3982339,20,10/09/2018 13:40:00,Strada Urbana,VIALE DEGLI ISLAMICI,da specificare,,,,Blocco nr. 107,Veicolo in marcia contro ostacolo accidentale,Rettilineo,Una carreggiata a doppio senso,Asciutto,Con buche,Verticale ed orizzontale,Sereno,Scarso,Buona,Ore Diurne,0,0,0,3,12.4906,42.0191,-1,1,Autovettura privata,In marcia / fermata / arresto,Passeggero,F,Illeso,0,,,,
3982342,20,11/09/2018 07:45:00,Strada Urbana,VIA DI QUARTO PEPERINO,da specificare,,,,a circa 200mt. da via Grottarossa,Tamponamento Multiplo,Rettilineo,Una carreggiata a doppio senso,Asciutto,Asfaltata,Orizzontale,Sereno,Normale,Buona,Ore Diurne,2,0,0,1,12.4877,41.9795,-1,1,Autovettura privata,In marcia / fermata / arresto,Conducente,M,Illeso,0,,Non accertato,Inesploso,
3982342,20,11/09/2018 07:45:00,Strada Urbana,VIA DI QUARTO PEPERINO,da specificare,,,,a circa 200mt. da via Grottarossa,Tamponamento Multiplo,Rettilineo,Una carreggiata a doppio senso,Asciutto,Asfaltata,Orizzontale,Sereno,Normale,Buona,Ore Diurne,2,0,0,1,12.4877,41.9795,-1,2,Autovettura privata,In marcia / fermata / arresto,Conducente,F,Rifiuta cure immediate,0,NON DECEDUTO,Non accertato,Inesploso,
3982342,20,11/09/2018 07:45:00,Strada Urbana,VIA DI QUARTO PEPERINO,da specificare,,,,a circa 200mt. da via Grottarossa,Tamponamento Multiplo,Rettilineo,Una carreggiata a doppio senso,Asciutto,Asfaltata,Orizzontale,Sereno,Normale,Buona,Ore Diurne,2,0,0,1,12.4877,41.9795,-1,3,Autovettura privata,In marcia / fermata / arresto,Conducente,M,Rimandato,0,NON DECEDUTO,Non accertato,Inesploso,
3982348,13,10/09/2018 13:10:00,Strada Urbana,VIA NAPOLEONE PARISANI,all'intersezione con,VIALE ENRICO ORTOLANI,VIALE ENRICO ORTOLANI,,,Scontro frontale/laterale SX fra veicoli in marcia,Incrocio,Una carreggiata a doppio senso,Asciutto,Asfaltata,Verticale ed orizzontale,Sereno,Normale,Buona,Ore Diurne,1,0,0,1,12.3353,41.7721,-1,1,Autocarro inferiore 35 q.,In marcia / fermata / arresto,Conducente,M,Illeso,0,,Non accertato,Inesploso,
3982348,13,10/09/2018 13:10:00,Strada Urbana,VIA NAPOLEONE PARISANI,all'intersezione con,VIALE ENRICO ORTOLANI,VIALE ENRICO ORTOLANI,,,Scontro frontale/laterale SX fra veicoli in marcia,Incrocio,Una carreggiata a doppio senso,Asciutto,Asfaltata,Verticale ed orizzontale,Sereno,Normale,Buona,Ore Diurne,1,0,0,1,12.3353,41.7721,-1,2,Autovettura privata,In marcia / fermata / arresto,Conducente,M,Rimandato,0,NON DECEDUTO,Non accertato,Inesploso,
3982354,16,10/09/2018 11:50:00,Strada Urbana,VIA CAMILLO DE LELLIS,all'intersezione con,VIA PIETRO D'ASSISI,VIA PIETRO D'ASSISI,,,Scontro frontale/laterale DX fra veicoli in marcia,Incrocio,Due carreggiate,Asciutto,Asfaltata,Verticale ed orizzontale,Sereno,Normale,Buona,Ore Diurne,0,0,0,2,12.4506,41.8692,-1,1,Autovettura privata,In marcia / fermata / arresto,Conducente,M,Illeso,0,,Non accertato,,
3982354,16,10/09/2018 11:50:00,Strada Urbana,VIA CAMILLO DE LELLIS,all'intersezione con,VIA PIETRO D'ASSISI,VIA PIETRO D'ASSISI,,,Scontro frontale/laterale DX fra veicoli in marcia,Incrocio,Due carreggiate,Asciutto,Asfaltata,Verticale ed orizzontale,Sereno,Normale,Buona,Ore Diurne,0,0,0,2,12.4506,41.8692,-1,2,Autovettura privata,In marcia / fermata / arresto,Conducente,F,Illeso,0,,Non accertato,,
3982408,3,08/09/2018 22:00:00,Strada Urbana,CIRCONVALLAZIONE SALARIA,da specificare,,,,direzione S. Giov. rampa di immis su Via Salaria,Veicolo in marcia contro ostacolo accidentale,Curva a visuale libera,Una carreggiata a senso unico di marcia,Asciutto,Con buche,Verticale ed orizzontale,Sereno,Normale,Sufficiente,Sufficiente,0,0,0,1,12.5087,41.9376,-1,1,Autovettura privata,In marcia / fermata / arresto,Conducente,M,Illeso,0,,Non accertato,,
3982412,7,09/09/2018 10:30:00,Strada Urbana,VIA WALTER TOBAGI,da specificare,,,,palo luce 47,Veicolo in marcia contro ostacolo accidentale,Rettilineo,Una carreggiata a doppio senso,Asciutto,Asfaltata,Orizzontale,Sereno,Normale,Buona,Ore Diurne,0,0,0,3,12.5973,41.8753,-1,1,Autovettura privata,In marcia / fermata / arresto,Conducente,M,Illeso,0,,Non accertato,Inesploso,
3982412,7,09/09/2018 10:30:00,Strada Urbana,VIA WALTER TOBAGI,da specificare,,,,palo luce 47,Veicolo in marcia contro ostacolo accidentale,Rettilineo,Una carreggiata a doppio senso,Asciutto,Asfaltata,Orizzontale,Sereno,Normale,Buona,Ore Diurne,0,0,0,3,12.5973,41.8753,-1,1,Autovettura privata,In marcia / fermata / arresto,Passeggero,F,Illeso,0,,,,
3982412,7,09/09/2018 10:30:00,Strada Urbana,VIA WALTER TOBAGI,da specificare,,,,palo luce 47,Veicolo in marcia contro ostacolo accidentale,Rettilineo,Una carreggiata a doppio senso,Asciutto,Asfaltata,Orizzontale,Sereno,Normale,Buona,Ore Diurne,0,0,0,3,12.5973,41.8753,-1,1,Autovettura privata,In marcia / fermata / arresto,Passeggero,F,Illeso,0,,Non accertato,Inesploso,
3982494,17,10/09/2018 15:05:00,Strada Urbana,PIAZZA ADRIANA,da specificare,,,,ALTEZZA VIA CRESCENZIO ,Scontro laterale fra veicoli in marcia,Curva senza visuale libera,Una carreggiata a senso unico di marcia,Asciutto,Asfaltata,Verticale ed orizzontale,Sereno,Normale,Buona,Ore Diurne,0,0,0,3,12.4662,41.9055,-1,1,Autocarro inferiore 35 q.,In marcia / fermata / arresto,Conducente,M,Illeso,0,,,,
3982494,17,10/09/2018 15:05:00,Strada Urbana,PIAZZA ADRIANA,da specificare,,,,ALTEZZA VIA CRESCENZIO ,Scontro laterale fra veicoli in marcia,Curva senza visuale libera,Una carreggiata a senso unico di marcia,Asciutto,Asfaltata,Verticale ed orizzontale,Sereno,Normale,Buona,Ore Diurne,0,0,0,3,12.4662,41.9055,-1,2,Autovettura privata,In marcia / fermata / arresto,Conducente,M,Illeso,0,,,,
3982494,17,10/09/2018 15:05:00,Strada Urbana,PIAZZA ADRIANA,da specificare,,,,ALTEZZA VIA CRESCENZIO ,Scontro laterale fra veicoli in marcia,Curva senza visuale libera,Una carreggiata a senso unico di marcia,Asciutto,Asfaltata,Verticale ed orizzontale,Sereno,Normale,Buona,Ore Diurne,0,0,0,3,12.4662,41.9055,-1,2,Autovettura privata,In marcia / fermata / arresto,Passeggero,F,Illeso,0,,,,