Protocollo,Gruppo,DataOraIncidente,Localizzazione1,STRADA1,Localizzazione2,STRADA2,Strada02,Chilometrica,DaSpecificare,NaturaIncidente,particolaritastrade,TipoStrada,FondoStradale,Pavimentazione,Segnaletica,CondizioneAtmosferica,Traffico,Visibilita,Illuminazione,NUM_FERITI,NUM_RISERVATA,NUM_MORTI,NUM_ILLESI,Longitudine,Latitudine,Confermato,Progressivo,TipoVeicolo,StatoVeicolo,TipoPersona,Sesso,Tipolesione,Deceduto,DecedutoDopo,CinturaCascoUtilizzato,Airbag,
3982565,2,10/09/2018 13:00:00,Strada Urbana,VIA GIULIO ROMANO,all'intersezione con,VIA ANDREA SACCHI,VIA ANDREA SACCHI,,,Scontro frontale/laterale DX fra veicoli in marcia,Incrocio,Una carreggiata a senso unico di marcia,Asciutto,Asfaltata,Verticale ed orizzontale,Sereno,Scarso,Buona,Ore Diurne,0,0,0,4,12.466,41.932,-1,1,Autovettura privata,In marcia / fermata / arresto,Conducente,M,Illeso,0,,,,
3982565,2,10/09/2018 13:00:00,Strada Urbana,VIA GIULIO ROMANO,all'intersezione con,VIA ANDREA SACCHI,VIA ANDREA SACCHI,,,Scontro frontale/laterale DX fra veicoli in marcia,Incrocio,Una carreggiata a senso unico di marcia,Asciutto,Asfaltata,Verticale ed orizzontale,Sereno,Scarso,Buona,Ore Diurne,0,0,0,4,12.466,41.932,-1,1,Autovettura privata,In marcia / fermata / arresto,Passeggero,F,Illeso,0,,,,
3982565,2,10/09/2018 13:00:00,Strada Urbana,VIA GIULIO ROMANO,all'intersezione con,VIA ANDREA SACCHI,VIA ANDREA SACCHI,,,Scontro frontale/laterale DX fra veicoli in marcia,Incrocio,Una carreggiata a senso unico di marcia,Asciutto,Asfaltata,Verticale ed orizzontale,Sereno,Scarso,Buona,Ore Diurne,0,0,0,4,12.466,41.932,-1,1,Autovettura privata,In marcia / fermata / arresto,Passeggero,F,Illeso,0,,,,
3982565,2,10/09/2018 13:00:00,Strada Urbana,VIA GIULIO ROMANO,all'intersezione con,VIA ANDREA SACCHI,VIA ANDREA SACCHI,,,Scontro frontale/laterale DX fra veicoli in marcia,Incrocio,Una carreggiata a senso unico di marcia,Asciutto,Asfaltata,Verticale ed orizzontale,Sereno,Scarso,Buona,Ore Diurne,0,0,0,4,12.466,41.932,-1,2,Autovettura privata,In marcia / fermata / arresto,Conducente,M,Illeso,0,,,,
3982595,2,10/09/2018 08:50:00,Strada Urbana,VIA PASQUALE STANISLAO MANCINI,in prossimit�,,del civico n.,12,,Veicolo in marcia contro veicolo in sosta,Rettilineo,Una carreggiata a senso unico di marcia,Asciutto,Asfaltata,Verticale ed orizzontale,Sereno,Scarso,Buona,Ore Diurne,0,0,0,1,12.4737,41.9143,-1,1,Autovettura privata,In marcia / fermata / arresto,Conducente,F,Illeso,0,,Non accertato,Inesploso,
3982596,23,11/09/2018 00:30:00,Strada Urbana,VIA CRISTOFORO COLOMBO,all'intersezione semaforizzata con,VIA PINDARO,VIA PINDARO,,,Scontro frontale/laterale SX fra veicoli in marcia,Intersezione semaforizzata,Due carreggiate,Asciutto,Asfaltata,Verticale ed orizzontale,Sereno,Scarso,Sufficiente,Sufficiente,2,0,0,1,12.3696,41.755,-1,1,Autovettura privata,In marcia / fermata / arresto,Conducente,M,Illeso,0,,Non accertato,Esploso,
3982596,23,11/09/2018 00:30:00,Strada Urbana,VIA CRISTOFORO COLOMBO,all'intersezione semaforizzata con,VIA PINDARO,VIA PINDARO,,,Scontro frontale/laterale SX fra veicoli in marcia,Intersezione semaforizzata,Due carreggiate,Asciutto,Asfaltata,Verticale ed orizzontale,Sereno,Scarso,Sufficiente,Sufficiente,2,0,0,1,12.3696,41.755,-1,1,Autovettura privata,In marcia / fermata / arresto,Passeggero,F,Rimandato,0,NON DECEDUTO,Non accertato,Esploso,
3982596,23,11/09/2018 00:30:00,Strada Urbana,VIA CRISTOFORO COLOMBO,all'intersezione semaforizzata con,VIA PINDARO,VIA PINDARO,,,Scontro frontale/laterale SX fra veicoli in marcia,Intersezione semaforizzata,Due carreggiate,Asciutto,Asfaltata,Verticale ed orizzontale,Sereno,Scarso,Sufficiente,Sufficiente,2,0,0,1,12.3696,41.755,-1,2,Autovettura privata,In marcia / fermata / arresto,Conducente,F,Rimandato,0,NON DECEDUTO,Utilizzato,Esploso,
3982604,2,10/09/2018 09:20:00,Strada Urbana,VIALE LIEGI,all'intersezione con,VIA DOMENICO CIMAROSA,VIA DOMENICO CIMAROSA,,,Tamponamento,Intersezione stradale segnalata,Una carreggiata a doppio senso,Asciutto,Asfaltata,Verticale ed orizzontale,Sereno,Normale,Buona,Ore Diurne,0,0,0,2,12.4957,41.9212,-1,1,Autovettura privata,In marcia / fermata / arresto,Conducente,F,Illeso,0,,Non accertato,Inesploso,
3982604,2,10/09/2018 09:20:00,Strada Urbana,VIALE LIEGI,all'intersezione con,VIA DOMENICO CIMAROSA,VIA DOMENICO CIMAROSA,,,Tamponamento,Intersezione stradale segnalata,Una carreggiata a doppio senso,Asciutto,Asfaltata,Verticale ed orizzontale,Sereno,Normale,Buona,Ore Diurne,0,0,0,2,12.4957,41.9212,-1,2,Autocarro inferiore 35 q.,In marcia / fermata / arresto,Conducente,M,Illeso,0,,Non accertato,Inesploso,
3982623,17,10/09/2018 17:45:00,Strada Urbana,VIA GIULIO VENTICINQUE,in prossimit�,,del civico n.,35,,Veicolo in marcia contro ostacolo fisso,Rettilineo,Una carreggiata a senso unico di marcia,Asciutto,Asfaltata,Verticale ed orizzontale,Sereno,Scarso,Buona,Ore Diurne,0,0,0,1,12.447,41.9083,-1,1,Autovettura pubblica,In marcia / fermata / arresto,Conducente,M,Illeso,0,,,,
3982671,7,11/09/2018 11:00:00,Strada Urbana,VIA MURACCIO DI RISCHIARO,in corrispondenza,,del civico n.,31,,Tamponamento,Rettilineo,Una carreggiata a senso unico di marcia,Asciutto,Asfaltata,Orizzontale,Sereno,Normale,Buona,Ore Diurne,0,0,0,2,12.6065,41.8928,-1,1,Autocarro superiore 35 q.,In marcia / fermata / arresto,Conducente,M,Illeso,0,,Non accertato,Inesploso,
3982671,7,11/09/2018 11:00:00,Strada Urbana,VIA MURACCIO DI RISCHIARO,in corrispondenza,,del civico n.,31,,Tamponamento,Rettilineo,Una carreggiata a senso unico di marcia,Asciutto,Asfaltata,Orizzontale,Sereno,Normale,Buona,Ore Diurne,0,0,0,2,12.6065,41.8928,-1,2,Autovettura privata,In marcia / fermata / arresto,Conducente,M,Illeso,0,,Non accertato,Inesploso,
3982687,20,11/09/2018 09:00:00,Strada Urbana,VIALE DEL FORO ITALICO,da specificare,,,,pross. via Monti della Farnesina,Tamponamento,Rettilineo,Una carreggiata a senso unico di marcia,Asciutto,Strada pavimentata dissestata,Verticale ed orizzontale,Sereno,Normale,Buona,Ore Diurne,0,0,0,3,12.4572,41.9326,-1,1,Autovettura privata,In marcia / fermata / arresto,Conducente,M,Illeso,0,,Non accertato,Inesploso,
3982687,20,11/09/2018 09:00:00,Strada Urbana,VIALE DEL FORO ITALICO,da specificare,,,,pross. via Monti della Farnesina,Tamponamento,Rettilineo,Una carreggiata a senso unico di marcia,Asciutto,Strada pavimentata dissestata,Verticale ed orizzontale,Sereno,Normale,Buona,Ore Diurne,0,0,0,3,12.4572,41.9326,-1,2,Autovettura di polizia,In marcia / fermata / arresto,Conducente,F,Illeso,0,,Non accertato,Inesploso,
3982687,20,11/09/2018 09:00:00,Strada Urbana,VIALE DEL FORO ITALICO,da specificare,,,,pross. via Monti della Farnesina,Tamponamento,Rettilineo,Una carreggiata a senso unico di marcia,Asciutto,Strada pavimentata dissestata,Verticale ed orizzontale,Sereno,Normale,Buona,Ore Diurne,0,0,0,3,12.4572,41.9326,-1,2,Autovettura di polizia,In marcia / fermata / arresto,Passeggero,M,Illeso,0,,Non accertato,Inesploso,
3982728,1,10/09/2018 21:45:00,Strada Urbana,LUNGOTEVERE MARZIO,in corrispondenza,,del civico n.,12,,Veicolo in marcia contro veicoli in sosta,Rettilineo,Una carreggiata a senso unico di marcia,Asciutto,Asfaltata,Verticale ed orizzontale,Sereno,Scarso,Buona,Sufficiente,2,0,0,0,12.474,41.9033,-1,1,Quadriciclo leggero,In marcia / fermata / arresto,Conducente,F,Rimandato,0,NON DECEDUTO,Non accertato,Inesploso,
3982728,1,10/09/2018 21:45:00,Strada Urbana,LUNGOTEVERE MARZIO,in corrispondenza,,del civico n.,12,,Veicolo in marcia contro veicoli in sosta,Rettilineo,Una carreggiata a senso unico di marcia,Asciutto,Asfaltata,Verticale ed orizzontale,Sereno,Scarso,Buona,Sufficiente,2,0,0,0,12.474,41.9033,-1,1,Quadriciclo leggero,In marcia / fermata / arresto,Passeggero,F,Rimandato,0,NON DECEDUTO,Non accertato,Inesploso,
3982754,17,10/09/2018 18:30:00,Strada Urbana,LUNGOTEVERE MARESCIALLO CADORNA,da specificare,,,,ALTEZZA PONTE DELLA MUSICA,Scontro laterale fra veicoli in marcia,Rettilineo,Una carreggiata a senso unico di marcia,Asciutto,Asfaltata,Verticale ed orizzontale,Sereno,Normale,Buona,Ore Diurne,1,0,0,3,12.4585,41.9262,0,1,Autovettura privata,In marcia / fermata / arresto,Conducente,M,Illeso,0,,,,
3982754,17,10/09/2018 18:30:00,Strada Urbana,LUNGOTEVERE MARESCIALLO CADORNA,da specificare,,,,ALTEZZA PONTE DELLA MUSICA,Scontro laterale fra veicoli in marcia,Rettilineo,Una carreggiata a senso unico di marcia,Asciutto,Asfaltata,Verticale ed orizzontale,Sereno,Normale,Buona,Ore Diurne,1,0,0,3,12.4585,41.9262,0,1,Autovettura privata,In marcia / fermata / arresto,Passeggero,F,Illeso,0,,,,
3982754,17,10/09/2018 18:30:00,Strada Urbana,LUNGOTEVERE MARESCIALLO CADORNA,da specificare,,,,ALTEZZA PONTE DELLA MUSICA,Scontro laterale fra veicoli in marcia,Rettilineo,Una carreggiata a senso unico di marcia,Asciutto,Asfaltata,Verticale ed orizzontale,Sereno,Normale,Buona,Ore Diurne,1,0,0,3,12.4585,41.9262,0,1,Autovettura privata,In marcia / fermata / arresto,Passeggero,M,Illeso,0,,,,
3982754,17,10/09/2018 18:30:00,Strada Urbana,LUNGOTEVERE MARESCIALLO CADORNA,da specificare,,,,ALTEZZA PONTE DELLA MUSICA,Scontro laterale fra veicoli in marcia,Rettilineo,Una carreggiata a senso unico di marcia,Asciutto,Asfaltata,Verticale ed orizzontale,Sereno,Normale,Buona,Ore Diurne,1,0,0,3,12.4585,41.9262,0,2,Motociclo a solo,In marcia / fermata / arresto,Conducente,M,Rimandato,0,NON DECEDUTO,,,
3982786,5,11/09/2018 11:15:00,Strada Urbana,VIA FRANCESCO SELMI,in prossimit�,,del civico n.,47,,Veicolo in marcia contro ostacolo accidentale,Rettilineo,Una carreggiata a senso unico di marcia,Asciutto,Asfaltata,Assente,Sereno,Scarso,Buona,Ore Diurne,1,0,0,0,12.5703,41.928,-1,1,Motociclo a solo,In marcia / fermata / arresto,Conducente,F,Rimandato,0,NON DECEDUTO,Non accertato,,
3982829,10,11/09/2018 12:20:00,Strada Urbana,VIA TUSCOLANA,in corrispondenza,,del civico n.,1422,,Investimento di pedone,Rettilineo,Una carreggiata a senso unico di marcia,Asciutto,Asfaltata,Verticale ed orizzontale,Sereno,Normale,Sufficiente,Ore Diurne,1,0,0,2,12.5662,41.8544,-1,,,,Pedone,M,Rimandato,0,NON DECEDUTO,,,
3982829,10,11/09/2018 12:20:00,Strada Urbana,VIA TUSCOLANA,in corrispondenza,,del civico n.,1422,,Investimento di pedone,Rettilineo,Una carreggiata a senso unico di marcia,Asciutto,Asfaltata,Verticale ed orizzontale,Sereno,Normale,Sufficiente,Ore Diurne,1,0,0,2,12.5662,41.8544,-1,1,Autovettura privata,In marcia / fermata / arresto,Conducente,M,Illeso,0,,Non accertato,Inesploso,
3982829,10,11/09/2018 12:20:00,Strada Urbana,VIA TUSCOLANA,in corrispondenza,,del civico n.,1422,,Investimento di pedone,Rettilineo,Una carreggiata a senso unico di marcia,Asciutto,Asfaltata,Verticale ed orizzontale,Sereno,Normale,Sufficiente,Ore Diurne,1,0,0,2,12.5662,41.8544,-1,1,Autovettura privata,In marcia / fermata / arresto,Passeggero,F,Illeso,0,,Non accertato,Inesploso,
3982872,17,10/09/2018 19:20:00,Strada Urbana,LUNGOTEVERE DELLE ARMI,in corrispondenza,,del civico n.,12,,Scontro frontale/laterale DX fra veicoli in marcia,Rettilineo,Una carreggiata a senso unico di marcia,Asciutto,Asfaltata,Verticale ed orizzontale,Sereno,Normale,Sufficiente,Sufficiente,1,0,0,2,12.4695,41.9147,-1,1,Autovettura privata,In marcia / fermata / arresto,Conducente,F,Illeso,0,,,,
3982872,17,10/09/2018 19:20:00,Strada Urbana,LUNGOTEVERE DELLE ARMI,in corrispondenza,,del civico n.,12,,Scontro frontale/laterale DX fra veicoli in marcia,Rettilineo,Una carreggiata a senso unico di marcia,Asciutto,Asfaltata,Verticale ed orizzontale,Sereno,Normale,Sufficiente,Sufficiente,1,0,0,2,12.4695,41.9147,-1,1,Autovettura privata,In marcia / fermata / arresto,Passeggero,M,Illeso,0,,,,
3982872,17,10/09/2018 19:20:00,Strada Urbana,LUNGOTEVERE DELLE ARMI,in corrispondenza,,del civico n.,12,,Scontro frontale/laterale DX fra veicoli in marcia,Rettilineo,Una carreggiata a senso unico di marcia,Asciutto,Asfaltata,Verticale ed orizzontale,Sereno,Normale,Sufficiente,Sufficiente,1,0,0,2,12.4695,41.9147,-1,2,Ciclomotore,In marcia / fermata / arresto,Conducente,F,Rifiuta cure immediate,0,NON DECEDUTO,,,
3982985,1,06/09/2018 12:30:00,Strada Urbana,LUNGOTEVERE GIANICOLENSE,all'intersezione semaforizzata con,PONTE GIUSEPPE MAZZINI,PONTE GIUSEPPE MAZZINI,,,Tamponamento,Intersezione semaforizzata,Una carreggiata a senso unico di marcia,Asciutto,Asfaltata,Verticale ed orizzontale,Sereno,Normale,Buona,Ore Diurne,0,0,0,2,,,0,1,Autovettura privata,In marcia / fermata / arresto,Conducente,F,Illeso,0,,Non accertato,Inesploso,
3982985,1,06/09/2018 12:30:00,Strada Urbana,LUNGOTEVERE GIANICOLENSE,all'intersezione semaforizzata con,PONTE GIUSEPPE MAZZINI,PONTE GIUSEPPE MAZZINI,,,Tamponamento,Intersezione semaforizzata,Una carreggiata a senso unico di marcia,Asciutto,Asfaltata,Verticale ed orizzontale,Sereno,Normale,Buona,Ore Diurne,0,0,0,2,,,0,2,Autovettura privata,In marcia / fermata / arresto,Conducente,M,Illeso,0,,Non accertato,Inesploso,
3983015,10,11/09/2018 13:50:00,Strada Urbana,VIA TUSCOLANA,da specificare,,,,svincolo inversione di marcia alt. Via Gasoerina,Tamponamento,Rettilineo,Due carreggiate,Asciutto,Asfaltata,Verticale ed orizzontale,Sereno,Normale,Buona,Ore Diurne,0,0,0,2,12.6033,41.8256,-1,1,Autovettura privata,In marcia / fermata / arresto,Conducente,M,Illeso,0,,,,
3983015,10,11/09/2018 13:50:00,Strada Urbana,VIA TUSCOLANA,da specificare,,,,svincolo inversione di marcia alt. Via Gasoerina,Tamponamento,Rettilineo,Due carreggiate,Asciutto,Asfaltata,Verticale ed orizzontale,Sereno,Normale,Buona,Ore Diurne,0,0,0,2,12.6033,41.8256,-1,2,Autovettura privata,In marcia / fermata / arresto,Conducente,M,Illeso,0,,Non accertato,Inesploso,
3983017,7,11/09/2018 12:55:00,Strada Urbana,VIA DEGLI ACERI,all'intersezione con,VIA DEI FRASSINI,VIA DEI FRASSINI,,,Scontro frontale/laterale DX fra veicoli in marcia,Incrocio,Una carreggiata a senso unico di marcia,Asciutto,Asfaltata,Verticale ed orizzontale,Sereno,Normale,Buona,Ore Diurne,0,0,0,3,12.5679,41.8781,-1,1,Autovettura privata,In marcia / fermata / arresto,Conducente,M,Illeso,0,,Non accertato,Esploso,
3983017,7,11/09/2018 12:55:00,Strada Urbana,VIA DEGLI ACERI,all'intersezione con,VIA DEI FRASSINI,VIA DEI FRASSINI,,,Scontro frontale/laterale DX fra veicoli in marcia,Incrocio,Una carreggiata a senso unico di marcia,Asciutto,Asfaltata,Verticale ed orizzontale,Sereno,Normale,Buona,Ore Diurne,0,0,0,3,12.5679,41.8781,-1,2,Autovettura privata,In marcia / fermata / arresto,Conducente,M,Illeso,0,,Non accertato,Inesploso,
3983017,7,11/09/2018 12:55:00,Strada Urbana,VIA DEGLI ACERI,all'intersezione con,VIA DEI FRASSINI,VIA DEI FRASSINI,,,Scontro frontale/laterale DX fra veicoli in marcia,Incrocio,Una carreggiata a senso unico di marcia,Asciutto,Asfaltata,Verticale ed orizzontale,Sereno,Normale,Buona,Ore Diurne,0,0,0,3,12.5679,41.8781,-1,2,Autovettura privata,In marcia / fermata / arresto,Passeggero,M,Illeso,0,,Non accertato,Inesploso,
3983059,12,10/09/2018 12:30:00,Strada Urbana,VIALE CAMILLO SABATINI,in prossimit�,,del civico n.,111,,Veicolo in marcia contro ostacolo accidentale,Rettilineo,Una carreggiata a doppio senso,Asciutto,Con buche,Verticale ed orizzontale,Sereno,Normale,Buona,Ore Diurne,0,0,0,1,12.4414,41.8192,-1,1,Autovettura privata,In marcia / fermata / arresto,Conducente,M,Illeso,0,,Utilizzato,Inesploso,
3983064,3,10/09/2018 16:20:00,Strada Urbana,VIALE DI VILLA MASSIMO,in prossimit�,,del civico n.,84,,Veicolo in marcia contro veicolo in sosta,Rettilineo,Una carreggiata a senso unico di marcia,Asciutto,Asfaltata,Verticale ed orizzontale,Sereno,Scarso,Buona,Ore Diurne,0,0,0,1,12.5175,41.9162,-1,1,Autovettura privata,In marcia / fermata / arresto,Conducente,F,Illeso,0,,,,
3983068,1,11/09/2018 10:20:00,Strada Urbana,VIA DEL CASTRO PRETORIO,in prossimit�,,del civico n.,51,,Veicolo in marcia contro ostacolo fisso,Rettilineo,Una carreggiata a doppio senso,Asciutto,Asfaltata,Verticale ed orizzontale,Sereno,Normale,Buona,Ore Diurne,1,0,0,0,12.5065,41.9042,-1,1,Autocarro inferiore 35 q.,In marcia / fermata / arresto,Conducente,M,Rimandato,0,NON DECEDUTO,Non accertato,,
3983112,12,07/09/2018 19:10:00,Strada Urbana,PIAZZA MONTE DI TAI,da specificare,,,,pross. via della Seta,Scontro laterale fra veicoli in marcia,Rotatoria,Una carreggiata a senso unico di marcia,Asciutto,Asfaltata,Verticale,Sereno,Normale,Buona,Ore Diurne,0,0,0,2,12.4354,41.8073,-1,1,Autovettura privata,In marcia / fermata / arresto,Conducente,F,Illeso,0,,,Inesploso,
3983112,12,07/09/2018 19:10:00,Strada Urbana,PIAZZA MONTE DI TAI,da specificare,,,,pross. via della Seta,Scontro laterale fra veicoli in marcia,Rotatoria,Una carreggiata a senso unico di marcia,Asciutto,Asfaltata,Verticale,Sereno,Normale,Buona,Ore Diurne,0,0,0,2,12.4354,41.8073,-1,2,Autovettura privata,In marcia / fermata / arresto,Conducente,M,Illeso,0,,,Inesploso,
3983122,3,09/09/2018 17:00:00,Strada Urbana,VIA TIBURTINA,all'intersezione semaforizzata con,PIAZZALE VALERIO MASSIMO,PIAZZALE VALERIO MASSIMO,,,Investimento di pedone,Intersezione semaforizzata,Pi� di due carreggiate,Asciutto,Asfaltata,Verticale ed orizzontale,Sereno,Normale,Buona,Ore Diurne,1,0,0,1,12.5222,41.9057,0,,,,Pedone,M,Rimandato,0,NON DECEDUTO,,,
3983122,3,09/09/2018 17:00:00,Strada Urbana,VIA TIBURTINA,all'intersezione semaforizzata con,PIAZZALE VALERIO MASSIMO,PIAZZALE VALERIO MASSIMO,,,Investimento di pedone,Intersezione semaforizzata,Pi� di due carreggiate,Asciutto,Asfaltata,Verticale ed orizzontale,Sereno,Normale,Buona,Ore Diurne,1,0,0,1,12.5222,41.9057,0,1,Autovettura pubblica,In marcia / fermata / arresto,Conducente,M,Illeso,0,,Non accertato,Inesploso,
3983136,1,11/09/2018 09:30:00,Strada Urbana,VIA DI S. GREGORIO,da specificare,,,,ingresso PALATINO,Investimento di pedone,Rettilineo,Due carreggiate,Asciutto,Acciotolata,Verticale ed orizzontale,Sereno,Normale,Buona,Ore Diurne,1,1,0,0,12.4899,41.8867,0,,,,Pedone,M,Prognosi riservata,0,NON DECEDUTO,,,
3983136,1,11/09/2018 09:30:00,Strada Urbana,VIA DI S. GREGORIO,da specificare,,,,ingresso PALATINO,Investimento di pedone,Rettilineo,Due carreggiate,Asciutto,Acciotolata,Verticale ed orizzontale,Sereno,Normale,Buona,Ore Diurne,1,1,0,0,12.4899,41.8867,0,1,Motociclo a solo,In marcia / fermata / arresto,Conducente,M,Rimandato,0,NON DECEDUTO,Non accertato,,
3983143,3,09/09/2018 22:50:00,Strada Urbana,CORSO DI FRANCIA,in prossimit�,,del civico n.,80,,Tamponamento,Rettilineo,Due carreggiate,Asciutto,Asfaltata,Verticale ed orizzontale,Sereno,Normale,Sufficiente,Sufficiente,1,0,0,1,,,0,1,Autovettura privata,In marcia / fermata / arresto,Conducente,F,Illeso,0,,Non accertato,Inesploso,
3983143,3,09/09/2018 22:50:00,Strada Urbana,CORSO DI FRANCIA,in prossimit�,,del civico n.,80,,Tamponamento,Rettilineo,Due carreggiate,Asciutto,Asfaltata,Verticale ed orizzontale,Sereno,Normale,Sufficiente,Sufficiente,1,0,0,1,,,0,2,Motociclo a solo,In marcia / fermata / arresto,Conducente,M,Ricoverato,0,NON DECEDUTO,Non accertato,,
3983179,1,10/09/2018 01:00:00,Strada Urbana,PASSEGGIATA DI RIPETTA,in corrispondenza,,del civico n.,FC 23,,Veicolo in marcia contro veicolo in sosta,Rettilineo,Una carreggiata a senso unico di marcia,Asciutto,In cubetti di porfido,Verticale,Sereno,Intenso,Buona,Ore Diurne,3,0,0,1,12.4747,41.9084,-1,1,Autovettura privata,In marcia / fermata / arresto,Conducente,M,Rifiuta cure immediate,0,NON DECEDUTO,Non accertato,Inesploso,
3983179,1,10/09/2018 01:00:00,Strada Urbana,PASSEGGIATA DI RIPETTA,in corrispondenza,,del civico n.,FC 23,,Veicolo in marcia contro veicolo in sosta,Rettilineo,Una carreggiata a senso unico di marcia,Asciutto,In cubetti di porfido,Verticale,Sereno,Intenso,Buona,Ore Diurne,3,0,0,1,12.4747,41.9084,-1,1,Autovettura privata,In marcia / fermata / arresto,Passeggero,M,Illeso,0,,Non accertato,Inesploso,
3983179,1,10/09/2018 01:00:00,Strada Urbana,PASSEGGIATA DI RIPETTA,in corrispondenza,,del civico n.,FC 23,,Veicolo in marcia contro veicolo in sosta,Rettilineo,Una carreggiata a senso unico di marcia,Asciutto,In cubetti di porfido,Verticale,Sereno,Intenso,Buona,Ore Diurne,3,0,0,1,12.4747,41.9084,-1,1,Autovettura privata,In marcia / fermata / arresto,Passeggero,F,Rimandato,0,NON DECEDUTO,Non accertato,,
3983179,1,10/09/2018 01:00:00,Strada Urbana,PASSEGGIATA DI RIPETTA,in corrispondenza,,del civico n.,FC 23,,Veicolo in marcia contro veicolo in sosta,Rettilineo,Una carreggiata a senso unico di marcia,Asciutto,In cubetti di porfido,Verticale,Sereno,Intenso,Buona,Ore Diurne,3,0,0,1,12.4747,41.9084,-1,1,Autovettura privata,In marcia / fermata / arresto,Passeggero,M,Rimandato,0,NON DECEDUTO,Non accertato,,
3983261,3,10/09/2018 10:00:00,Strada Urbana,VIA DEI FRENTANI,da specificare,,,,fronte civ. 5,Scontro laterale fra veicoli in marcia,Rettilineo,Una carreggiata a doppio senso,Asciutto,Asfaltata,Assente,Sereno,Normale,Buona,Ore Diurne,0,0,0,3,12.51,41.9008,-1,1,Autovettura privata,In marcia / fermata / arresto,Conducente,M,Illeso,0,,,,
3983261,3,10/09/2018 10:00:00,Strada Urbana,VIA DEI FRENTANI,da specificare,,,,fronte civ. 5,Scontro laterale fra veicoli in marcia,Rettilineo,Una carreggiata a doppio senso,Asciutto,Asfaltata,Assente,Sereno,Normale,Buona,Ore Diurne,0,0,0,3,12.51,41.9008,-1,2,Autovettura privata,In marcia / fermata / arresto,Conducente,M,Illeso,0,,,,
3983261,3,10/09/2018 10:00:00,Strada Urbana,VIA DEI FRENTANI,da specificare,,,,fronte civ. 5,Scontro laterale fra veicoli in marcia,Rettilineo,Una carreggiata a doppio senso,Asciutto,Asfaltata,Assente,Sereno,Normale,Buona,Ore Diurne,0,0,0,3,12.51,41.9008,-1,2,Autovettura privata,In marcia / fermata / arresto,Passeggero,M,Illeso,0,,Non accertato,,
3983274,3,10/09/2018 08:20:00,Strada Urbana,CIRCONVALLAZIONE TIBURTINA,da specificare,,,,dir.ne S.Giovanni sottostante ponte uscita A24,Tamponamento Multiplo,Rettilineo,Una carreggiata a senso unico di marcia,Asciutto,Asfaltata,Verticale ed orizzontale,Sereno,Normale,Buona,Ore Diurne,0,0,0,4,12.528,41.8994,-1,1,Autovettura privata,In marcia / fermata / arresto,Conducente,M,Illeso,0,,,,
3983274,3,10/09/2018 08:20:00,Strada Urbana,CIRCONVALLAZIONE TIBURTINA,da specificare,,,,dir.ne S.Giovanni sottostante ponte uscita A24,Tamponamento Multiplo,Rettilineo,Una carreggiata a senso unico di marcia,Asciutto,Asfaltata,Verticale ed orizzontale,Sereno,Normale,Buona,Ore Diurne,0,0,0,4,12.528,41.8994,-1,2,Autovettura privata,In marcia / fermata / arresto,Conducente,M,Illeso,0,,,,
3983274,3,10/09/2018 08:20:00,Strada Urbana,CIRCONVALLAZIONE TIBURTINA,da specificare,,,,dir.ne S.Giovanni sottostante ponte uscita A24,Tamponamento Multiplo,Rettilineo,Una carreggiata a senso unico di marcia,Asciutto,Asfaltata,Verticale ed orizzontale,Sereno,Normale,Buona,Ore Diurne,0,0,0,4,12.528,41.8994,-1,3,Autovettura privata,In marcia / fermata / arresto,Conducente,M,Illeso,0,,,,
3983274,3,10/09/2018 08:20:00,Strada Urbana,CIRCONVALLAZIONE TIBURTINA,da specificare,,,,dir.ne S.Giovanni sottostante ponte uscita A24,Tamponamento Multiplo,Rettilineo,Una carreggiata a senso unico di marcia,Asciutto,Asfaltata,Verticale ed orizzontale,Sereno,Normale,Buona,Ore Diurne,0,0,0,4,12.528,41.8994,-1,3,Autovettura privata,In marcia / fermata / arresto,Passeggero,F,Illeso,0,,,,
3983285,1,08/09/2018 04:00:00,Strada Urbana,VIA GIOBERTI,all'intersezione con,VIA GIOVANNI AMENDOLA,VIA GIOVANNI AMENDOLA,,,Scontro frontale/laterale DX fra veicoli in marcia,Incrocio,Una carreggiata a senso unico di marcia,Asciutto,Asfaltata,Verticale ed orizzontale,Sereno,Scarso,Sufficiente,Sufficiente,0,0,0,3,12.501,41.8993,-1,1,Autovettura privata,In marcia / fermata / arresto,Conducente,M,Illeso,0,,Non accertato,Inesploso,
3983285,1,08/09/2018 04:00:00,Strada Urbana,VIA GIOBERTI,all'intersezione con,VIA GIOVANNI AMENDOLA,VIA GIOVANNI AMENDOLA,,,Scontro frontale/laterale DX fra veicoli in marcia,Incrocio,Una carreggiata a senso unico di marcia,Asciutto,Asfaltata,Verticale ed orizzontale,Sereno,Scarso,Sufficiente,Sufficiente,0,0,0,3,12.501,41.8993,-1,2,Autovettura privata,In marcia / fermata / arresto,Conducente,M,Illeso,0,,Non accertato,Inesploso,