Protocollo,Gruppo,DataOraIncidente,Localizzazione1,STRADA1,Localizzazione2,STRADA2,Strada02,Chilometrica,DaSpecificare,NaturaIncidente,particolaritastrade,TipoStrada,FondoStradale,Pavimentazione,Segnaletica,CondizioneAtmosferica,Traffico,Visibilita,Illuminazione,NUM_FERITI,NUM_RISERVATA,NUM_MORTI,NUM_ILLESI,Longitudine,Latitudine,Confermato,Progressivo,TipoVeicolo,StatoVeicolo,TipoPersona,Sesso,Tipolesione,Deceduto,DecedutoDopo,CinturaCascoUtilizzato,Airbag,
3983285,1,08/09/2018 04:00:00,Strada Urbana,VIA GIOBERTI,all'intersezione con,VIA GIOVANNI AMENDOLA,VIA GIOVANNI AMENDOLA,,,Scontro frontale/laterale DX fra veicoli in marcia,Incrocio,Una carreggiata a senso unico di marcia,Asciutto,Asfaltata,Verticale ed orizzontale,Sereno,Scarso,Sufficiente,Sufficiente,0,0,0,3,12.501,41.8993,-1,2,Autovettura privata,In marcia / fermata / arresto,Passeggero,M,Illeso,0,,Non accertato,Inesploso,
3983305,3,07/09/2018 20:30:00,Strada Urbana,VIALE DELLO SCALO S. LORENZO,in prossimit�,,del civico n.,57,,Veicolo in marcia contro veicolo in sosta,Rettilineo,Pi� di due carreggiate,Asciutto,Asfaltata,Verticale,Sereno,Scarso,Buona,Sufficiente,0,0,0,1,12.5177,41.8954,-1,4,Autovettura privata,In marcia / fermata / arresto,Conducente,M,Illeso,0,,,,
3983322,9,11/09/2018 10:20:00,Strada Urbana,PIAZZA DEI RE DI ROMA,in prossimit�,,del civico n.,23,,Investimento di pedone,Rotatoria,Una carreggiata a senso unico di marcia,Asciutto,Asfaltata,Assente,Sereno,Intenso,Buona,Ore Diurne,1,0,0,1,12.5133,41.8815,-1,,,,Pedone,F,Rimandato,0,NON DECEDUTO,,,
3983322,9,11/09/2018 10:20:00,Strada Urbana,PIAZZA DEI RE DI ROMA,in prossimit�,,del civico n.,23,,Investimento di pedone,Rotatoria,Una carreggiata a senso unico di marcia,Asciutto,Asfaltata,Assente,Sereno,Intenso,Buona,Ore Diurne,1,0,0,1,12.5133,41.8815,-1,1,Autovettura privata,In marcia / fermata / arresto,Conducente,F,Illeso,0,,Non accertato,Inesploso,
3983325,9,11/09/2018 10:45:00,Provinciale entro l'abitato,VIA GALLIA,in prossimit�,,del civico n.,178,,Scontro frontale/laterale DX fra veicoli in marcia,Rettilineo,Una carreggiata a doppio senso,Asciutto,Asfaltata,Verticale ed orizzontale,Sereno,Intenso,Buona,Ore Diurne,0,0,0,3,12.5062,41.8805,-1,1,Autovettura privata,In marcia / fermata / arresto,Conducente,M,Illeso,0,,Non accertato,Inesploso,
3983325,9,11/09/2018 10:45:00,Provinciale entro l'abitato,VIA GALLIA,in prossimit�,,del civico n.,178,,Scontro frontale/laterale DX fra veicoli in marcia,Rettilineo,Una carreggiata a doppio senso,Asciutto,Asfaltata,Verticale ed orizzontale,Sereno,Intenso,Buona,Ore Diurne,0,0,0,3,12.5062,41.8805,-1,2,Autovettura privata,In marcia / fermata / arresto,Conducente,M,Illeso,0,,Non accertato,Inesploso,
3983325,9,11/09/2018 10:45:00,Provinciale entro l'abitato,VIA GALLIA,in prossimit�,,del civico n.,178,,Scontro frontale/laterale DX fra veicoli in marcia,Rettilineo,Una carreggiata a doppio senso,Asciutto,Asfaltata,Verticale ed orizzontale,Sereno,Intenso,Buona,Ore Diurne,0,0,0,3,12.5062,41.8805,-1,3,Autovettura privata,In marcia / fermata / arresto,Conducente,M,Illeso,0,,Non accertato,Inesploso,
3983327,9,11/09/2018 14:30:00,Strada Urbana,VIA APPIA NUOVA,in prossimit�,,del civico n.,58,,Veicolo in marcia contro veicolo in sosta,Rettilineo,Due carreggiate,Asciutto,Asfaltata,Verticale ed orizzontale,Sereno,Normale,Buona,Ore Diurne,0,0,0,1,12.5108,41.8843,-1,1,Autovettura privata,In marcia / fermata / arresto,Conducente,M,Illeso,0,,Non accertato,Inesploso,
3983332,1,08/09/2018 12:30:00,Strada Urbana,VIA DI PORTA PINCIANA,in prossimit�,,del civico n.,14,,Tamponamento,Rettilineo,Una carreggiata a senso unico di marcia,Asciutto,Asfaltata,Verticale ed orizzontale,Sereno,Normale,Buona,Ore Diurne,0,0,0,2,12.4867,41.9079,-1,1,Autovettura privata,In marcia / fermata / arresto,Conducente,M,Illeso,0,,Non accertato,Inesploso,
3983332,1,08/09/2018 12:30:00,Strada Urbana,VIA DI PORTA PINCIANA,in prossimit�,,del civico n.,14,,Tamponamento,Rettilineo,Una carreggiata a senso unico di marcia,Asciutto,Asfaltata,Verticale ed orizzontale,Sereno,Normale,Buona,Ore Diurne,0,0,0,2,12.4867,41.9079,-1,2,Autocarro inferiore 35 q.,In marcia / fermata / arresto,Conducente,M,Illeso,0,,Non accertato,Inesploso,
3983333,9,11/09/2018 15:30:00,Strada Urbana,PIAZZALE LABICANO,da specificare,,,,corsia centrale,Scontro laterale fra veicoli in marcia,Rettilineo,Pi� di due carreggiate,Asciutto,Asfaltata,Verticale ed orizzontale,Sereno,Normale,Buona,Ore Diurne,0,0,0,2,12.5156,41.8912,-1,1,Autocarro superiore 35 q.,In marcia / fermata / arresto,Conducente,M,Illeso,0,,Non accertato,Inesploso,
3983333,9,11/09/2018 15:30:00,Strada Urbana,PIAZZALE LABICANO,da specificare,,,,corsia centrale,Scontro laterale fra veicoli in marcia,Rettilineo,Pi� di due carreggiate,Asciutto,Asfaltata,Verticale ed orizzontale,Sereno,Normale,Buona,Ore Diurne,0,0,0,2,12.5156,41.8912,-1,2,Autovettura privata,In marcia / fermata / arresto,Conducente,F,Illeso,0,,Non accertato,Inesploso,
3983340,3,10/09/2018 10:40:00,Strada Urbana,VIA TIBURTINA,da specificare,,,,altezza ponte Portonaccio,Scontro laterale fra veicoli in marcia,Rettilineo,Una carreggiata a doppio senso,Asciutto,Asfaltata,Verticale ed orizzontale,Sereno,Normale,Buona,Ore Diurne,0,0,0,3,12.5323,41.9081,-1,1,Autocarro inferiore 35 q.,In marcia / fermata / arresto,Conducente,M,Illeso,0,,,,
3983340,3,10/09/2018 10:40:00,Strada Urbana,VIA TIBURTINA,da specificare,,,,altezza ponte Portonaccio,Scontro laterale fra veicoli in marcia,Rettilineo,Una carreggiata a doppio senso,Asciutto,Asfaltata,Verticale ed orizzontale,Sereno,Normale,Buona,Ore Diurne,0,0,0,3,12.5323,41.9081,-1,1,Autocarro inferiore 35 q.,In marcia / fermata / arresto,Passeggero,M,Illeso,0,,,,
3983340,3,10/09/2018 10:40:00,Strada Urbana,VIA TIBURTINA,da specificare,,,,altezza ponte Portonaccio,Scontro laterale fra veicoli in marcia,Rettilineo,Una carreggiata a doppio senso,Asciutto,Asfaltata,Verticale ed orizzontale,Sereno,Normale,Buona,Ore Diurne,0,0,0,3,12.5323,41.9081,-1,2,Autovettura privata,In marcia / fermata / arresto,Conducente,M,Illeso,0,,,,
3983344,5,11/09/2018 16:35:00,Strada Urbana,VIA FRANCESCO PAOLO BONIFACIO,in prossimit�,,del civico n.,46,,Tamponamento,Rettilineo,Due carreggiate,Asciutto,Asfaltata,Verticale ed orizzontale,Sereno,Normale,Buona,Ore Diurne,0,0,0,3,12.5807,41.9505,-1,1,Autovettura privata,In marcia / fermata / arresto,Conducente,F,Illeso,0,,Non accertato,Inesploso,
3983344,5,11/09/2018 16:35:00,Strada Urbana,VIA FRANCESCO PAOLO BONIFACIO,in prossimit�,,del civico n.,46,,Tamponamento,Rettilineo,Due carreggiate,Asciutto,Asfaltata,Verticale ed orizzontale,Sereno,Normale,Buona,Ore Diurne,0,0,0,3,12.5807,41.9505,-1,1,Autovettura privata,In marcia / fermata / arresto,Passeggero,F,Illeso,0,,Non accertato,Inesploso,
3983344,5,11/09/2018 16:35:00,Strada Urbana,VIA FRANCESCO PAOLO BONIFACIO,in prossimit�,,del civico n.,46,,Tamponamento,Rettilineo,Due carreggiate,Asciutto,Asfaltata,Verticale ed orizzontale,Sereno,Normale,Buona,Ore Diurne,0,0,0,3,12.5807,41.9505,-1,2,Autovettura privata,In marcia / fermata / arresto,Conducente,M,Illeso,0,,Non accertato,Inesploso,
3983353,1,08/09/2018 12:50:00,Strada Urbana,VIA DI S. GREGORIO,all'intersezione semaforizzata con,VIA DEI CERCHI,VIA DEI CERCHI,,,Tamponamento,Intersezione semaforizzata,Due carreggiate,Asciutto,In cubetti di porfido,Verticale ed orizzontale,Sereno,Normale,Buona,Ore Diurne,2,0,0,4,12.4899,41.8867,-1,1,Autovettura di polizia,In marcia / fermata / arresto,Conducente,F,Rifiuta cure immediate,0,NON DECEDUTO,Esente,Inesploso,
3983353,1,08/09/2018 12:50:00,Strada Urbana,VIA DI S. GREGORIO,all'intersezione semaforizzata con,VIA DEI CERCHI,VIA DEI CERCHI,,,Tamponamento,Intersezione semaforizzata,Due carreggiate,Asciutto,In cubetti di porfido,Verticale ed orizzontale,Sereno,Normale,Buona,Ore Diurne,2,0,0,4,12.4899,41.8867,-1,1,Autovettura di polizia,In marcia / fermata / arresto,Passeggero,M,Rifiuta cure immediate,0,NON DECEDUTO,Esente,Inesploso,
3983353,1,08/09/2018 12:50:00,Strada Urbana,VIA DI S. GREGORIO,all'intersezione semaforizzata con,VIA DEI CERCHI,VIA DEI CERCHI,,,Tamponamento,Intersezione semaforizzata,Due carreggiate,Asciutto,In cubetti di porfido,Verticale ed orizzontale,Sereno,Normale,Buona,Ore Diurne,2,0,0,4,12.4899,41.8867,-1,2,Autovettura privata,In marcia / fermata / arresto,Conducente,M,Illeso,0,,Non accertato,Inesploso,
3983353,1,08/09/2018 12:50:00,Strada Urbana,VIA DI S. GREGORIO,all'intersezione semaforizzata con,VIA DEI CERCHI,VIA DEI CERCHI,,,Tamponamento,Intersezione semaforizzata,Due carreggiate,Asciutto,In cubetti di porfido,Verticale ed orizzontale,Sereno,Normale,Buona,Ore Diurne,2,0,0,4,12.4899,41.8867,-1,2,Autovettura privata,In marcia / fermata / arresto,Passeggero,M,Illeso,0,,Utilizzato,,
3983353,1,08/09/2018 12:50:00,Strada Urbana,VIA DI S. GREGORIO,all'intersezione semaforizzata con,VIA DEI CERCHI,VIA DEI CERCHI,,,Tamponamento,Intersezione semaforizzata,Due carreggiate,Asciutto,In cubetti di porfido,Verticale ed orizzontale,Sereno,Normale,Buona,Ore Diurne,2,0,0,4,12.4899,41.8867,-1,2,Autovettura privata,In marcia / fermata / arresto,Passeggero,F,Illeso,0,,Utilizzato,,
3983385,3,07/09/2018 17:00:00,Strada Urbana,VIA DELLA STAZIONE TIBURTINA,da specificare,,,,uscita parcheggio Cotral,Veicolo in marcia contro veicolo fermo,Rettilineo,Una carreggiata a senso unico di marcia,Asciutto,Asfaltata,Verticale ed orizzontale,Sereno,Normale,Buona,Ore Diurne,0,0,0,6,12.5302,41.9097,-1,1,Autovettura privata,In marcia / fermata / arresto,Conducente,M,Illeso,0,,Non accertato,Inesploso,
3983385,3,07/09/2018 17:00:00,Strada Urbana,VIA DELLA STAZIONE TIBURTINA,da specificare,,,,uscita parcheggio Cotral,Veicolo in marcia contro veicolo fermo,Rettilineo,Una carreggiata a senso unico di marcia,Asciutto,Asfaltata,Verticale ed orizzontale,Sereno,Normale,Buona,Ore Diurne,0,0,0,6,12.5302,41.9097,-1,1,Autovettura privata,In marcia / fermata / arresto,Passeggero,M,Illeso,0,,,,
3983385,3,07/09/2018 17:00:00,Strada Urbana,VIA DELLA STAZIONE TIBURTINA,da specificare,,,,uscita parcheggio Cotral,Veicolo in marcia contro veicolo fermo,Rettilineo,Una carreggiata a senso unico di marcia,Asciutto,Asfaltata,Verticale ed orizzontale,Sereno,Normale,Buona,Ore Diurne,0,0,0,6,12.5302,41.9097,-1,1,Autovettura privata,In marcia / fermata / arresto,Passeggero,M,Illeso,0,,Non accertato,,
3983385,3,07/09/2018 17:00:00,Strada Urbana,VIA DELLA STAZIONE TIBURTINA,da specificare,,,,uscita parcheggio Cotral,Veicolo in marcia contro veicolo fermo,Rettilineo,Una carreggiata a senso unico di marcia,Asciutto,Asfaltata,Verticale ed orizzontale,Sereno,Normale,Buona,Ore Diurne,0,0,0,6,12.5302,41.9097,-1,1,Autovettura privata,In marcia / fermata / arresto,Passeggero,M,Illeso,0,,Non accertato,,
3983385,3,07/09/2018 17:00:00,Strada Urbana,VIA DELLA STAZIONE TIBURTINA,da specificare,,,,uscita parcheggio Cotral,Veicolo in marcia contro veicolo fermo,Rettilineo,Una carreggiata a senso unico di marcia,Asciutto,Asfaltata,Verticale ed orizzontale,Sereno,Normale,Buona,Ore Diurne,0,0,0,6,12.5302,41.9097,-1,1,Autovettura privata,In marcia / fermata / arresto,Passeggero,M,Illeso,0,,Non accertato,,
3983385,3,07/09/2018 17:00:00,Strada Urbana,VIA DELLA STAZIONE TIBURTINA,da specificare,,,,uscita parcheggio Cotral,Veicolo in marcia contro veicolo fermo,Rettilineo,Una carreggiata a senso unico di marcia,Asciutto,Asfaltata,Verticale ed orizzontale,Sereno,Normale,Buona,Ore Diurne,0,0,0,6,12.5302,41.9097,-1,2,Autobus di linea,In marcia / fermata / arresto,Conducente,F,Illeso,0,,Non accertato,Inesploso,
3983387,1,08/09/2018 20:10:00,Strada Urbana,CORSO VITTORIO EMANUELE II,all'intersezione con,VIA MONTERONE,VIA MONTERONE,,,Scontro laterale fra veicoli in marcia,Incrocio,Una carreggiata a doppio senso,Asciutto,Asfaltata,Verticale ed orizzontale,Sereno,Normale,Sufficiente,Sufficiente,0,0,0,2,12.4758,41.8963,-1,1,Autovettura privata,In marcia / fermata / arresto,Conducente,M,Illeso,0,,Non accertato,Inesploso,
3983387,1,08/09/2018 20:10:00,Strada Urbana,CORSO VITTORIO EMANUELE II,all'intersezione con,VIA MONTERONE,VIA MONTERONE,,,Scontro laterale fra veicoli in marcia,Incrocio,Una carreggiata a doppio senso,Asciutto,Asfaltata,Verticale ed orizzontale,Sereno,Normale,Sufficiente,Sufficiente,0,0,0,2,12.4758,41.8963,-1,2,Autovettura privata,In marcia / fermata / arresto,Conducente,M,Illeso,0,,Non accertato,Inesploso,
3983393,3,11/09/2018 05:50:00,Strada Urbana,VIA TIBURTINA,da specificare,,,,immissione C.ne Nomentana dir. Salaria,Scontro laterale fra veicoli in marcia,Rettilineo,Pi� di due carreggiate,Asciutto,Asfaltata,Verticale ed orizzontale,Sereno,Intenso,Buona,Ore Diurne,0,0,0,2,12.5738,41.9256,-1,1,Autovettura privata,In marcia / fermata / arresto,Conducente,M,Illeso,0,,Non accertato,Inesploso,
3983393,3,11/09/2018 05:50:00,Strada Urbana,VIA TIBURTINA,da specificare,,,,immissione C.ne Nomentana dir. Salaria,Scontro laterale fra veicoli in marcia,Rettilineo,Pi� di due carreggiate,Asciutto,Asfaltata,Verticale ed orizzontale,Sereno,Intenso,Buona,Ore Diurne,0,0,0,2,12.5738,41.9256,-1,2,Autovettura privata,In marcia / fermata / arresto,Conducente,M,Illeso,0,,Non accertato,Inesploso,
3983408,3,11/09/2018 10:50:00,Strada Urbana,PIAZZALE DI S. LORENZO,da specificare,,,,interno cimitero VERANO tra riquadro 31/32 e 32/36,Scontro frontale/laterale SX fra veicoli in marcia,Rettilineo,Due carreggiate,Asciutto,Asfaltata,Assente,Sereno,Scarso,Buona,Ore Diurne,1,0,0,4,12.5198,41.9021,-1,1,Autovettura privata,In marcia / fermata / arresto,Conducente,M,Illeso,0,,,,
3983408,3,11/09/2018 10:50:00,Strada Urbana,PIAZZALE DI S. LORENZO,da specificare,,,,interno cimitero VERANO tra riquadro 31/32 e 32/36,Scontro frontale/laterale SX fra veicoli in marcia,Rettilineo,Due carreggiate,Asciutto,Asfaltata,Assente,Sereno,Scarso,Buona,Ore Diurne,1,0,0,4,12.5198,41.9021,-1,1,Autovettura privata,In marcia / fermata / arresto,Passeggero,F,Rimandato,0,NON DECEDUTO,,,
3983408,3,11/09/2018 10:50:00,Strada Urbana,PIAZZALE DI S. LORENZO,da specificare,,,,interno cimitero VERANO tra riquadro 31/32 e 32/36,Scontro frontale/laterale SX fra veicoli in marcia,Rettilineo,Due carreggiate,Asciutto,Asfaltata,Assente,Sereno,Scarso,Buona,Ore Diurne,1,0,0,4,12.5198,41.9021,-1,2,Autocarro inferiore 35 q.,In marcia / fermata / arresto,Conducente,M,Illeso,0,,,,
3983408,3,11/09/2018 10:50:00,Strada Urbana,PIAZZALE DI S. LORENZO,da specificare,,,,interno cimitero VERANO tra riquadro 31/32 e 32/36,Scontro frontale/laterale SX fra veicoli in marcia,Rettilineo,Due carreggiate,Asciutto,Asfaltata,Assente,Sereno,Scarso,Buona,Ore Diurne,1,0,0,4,12.5198,41.9021,-1,2,Autocarro inferiore 35 q.,In marcia / fermata / arresto,Passeggero,M,Illeso,0,,,,
3983408,3,11/09/2018 10:50:00,Strada Urbana,PIAZZALE DI S. LORENZO,da specificare,,,,interno cimitero VERANO tra riquadro 31/32 e 32/36,Scontro frontale/laterale SX fra veicoli in marcia,Rettilineo,Due carreggiate,Asciutto,Asfaltata,Assente,Sereno,Scarso,Buona,Ore Diurne,1,0,0,4,12.5198,41.9021,-1,2,Autocarro inferiore 35 q.,In marcia / fermata / arresto,Passeggero,M,Illeso,0,,,,
3983418,1,09/09/2018 17:01:00,Strada Urbana,VIA LIBERIANA,in corrispondenza,,del civico n.,27,,Investimento di pedone,Rettilineo,Una carreggiata a senso unico di marcia,Asciutto,Asfaltata,Verticale ed orizzontale,Sereno,Scarso,Buona,Ore Diurne,2,0,0,2,12.4984,41.897,-1,,,,Pedone,F,Rimandato,0,NON DECEDUTO,,,
3983418,1,09/09/2018 17:01:00,Strada Urbana,VIA LIBERIANA,in corrispondenza,,del civico n.,27,,Investimento di pedone,Rettilineo,Una carreggiata a senso unico di marcia,Asciutto,Asfaltata,Verticale ed orizzontale,Sereno,Scarso,Buona,Ore Diurne,2,0,0,2,12.4984,41.897,-1,,,,Pedone,F,Rimandato,0,NON DECEDUTO,,,
3983418,1,09/09/2018 17:01:00,Strada Urbana,VIA LIBERIANA,in corrispondenza,,del civico n.,27,,Investimento di pedone,Rettilineo,Una carreggiata a senso unico di marcia,Asciutto,Asfaltata,Verticale ed orizzontale,Sereno,Scarso,Buona,Ore Diurne,2,0,0,2,12.4984,41.897,-1,1,Autovettura pubblica,In marcia / fermata / arresto,Conducente,M,Illeso,0,,Non accertato,Inesploso,
3983418,1,09/09/2018 17:01:00,Strada Urbana,VIA LIBERIANA,in corrispondenza,,del civico n.,27,,Investimento di pedone,Rettilineo,Una carreggiata a senso unico di marcia,Asciutto,Asfaltata,Verticale ed orizzontale,Sereno,Scarso,Buona,Ore Diurne,2,0,0,2,12.4984,41.897,-1,1,Autovettura pubblica,In marcia / fermata / arresto,Passeggero,F,Illeso,0,,Non accertato,Inesploso,
3983420,1,11/09/2018 06:30:00,Strada Urbana,PIAZZA MANFREDO FANTI,all'intersezione semaforizzata con,VIA RATTAZZI,VIA RATTAZZI,,,Scontro frontale/laterale DX fra veicoli in marcia,Intersezione semaforizzata,Una carreggiata a senso unico di marcia,Asciutto,Asfaltata,Verticale ed orizzontale,Sereno,Scarso,Buona,Ore Diurne,2,0,0,0,12.5029,41.8973,-1,1,Autovettura privata,In marcia / fermata / arresto,Conducente,M,Rifiuta cure immediate,0,NON DECEDUTO,Non accertato,,
3983420,1,11/09/2018 06:30:00,Strada Urbana,PIAZZA MANFREDO FANTI,all'intersezione semaforizzata con,VIA RATTAZZI,VIA RATTAZZI,,,Scontro frontale/laterale DX fra veicoli in marcia,Intersezione semaforizzata,Una carreggiata a senso unico di marcia,Asciutto,Asfaltata,Verticale ed orizzontale,Sereno,Scarso,Buona,Ore Diurne,2,0,0,0,12.5029,41.8973,-1,2,Autocarro inferiore 35 q.,In marcia / fermata / arresto,Conducente,M,Rifiuta cure immediate,0,NON DECEDUTO,Non accertato,,
3983421,3,11/09/2018 12:30:00,Strada Urbana,VIALE DELLO SCALO S. LORENZO,in corrispondenza,,del civico n.,42,,Scontro laterale fra veicoli in marcia,Rettilineo,Pi� di due carreggiate,Asciutto,Asfaltata,Verticale,Sereno,Normale,Buona,Ore Diurne,0,0,0,2,12.518,41.8956,-1,1,Autovettura privata,In marcia / fermata / arresto,Conducente,M,Illeso,0,,,,
3983421,3,11/09/2018 12:30:00,Strada Urbana,VIALE DELLO SCALO S. LORENZO,in corrispondenza,,del civico n.,42,,Scontro laterale fra veicoli in marcia,Rettilineo,Pi� di due carreggiate,Asciutto,Asfaltata,Verticale,Sereno,Normale,Buona,Ore Diurne,0,0,0,2,12.518,41.8956,-1,2,Motociclo a solo,In marcia / fermata / arresto,Conducente,M,Illeso,0,,,,
3983428,6,11/09/2018 17:50:00,Strada Urbana,VIA COLLATINA,all'intersezione con,VIA ANTONINO CAMPANOZZI,VIA ANTONINO CAMPANOZZI,,,Scontro laterale fra veicoli in marcia,Incrocio,Una carreggiata a doppio senso,Asciutto,Asfaltata,Assente,Sereno,Normale,Buona,Ore Diurne,1,0,0,1,12.5629,41.898,-1,1,Motociclo a solo,In marcia / fermata / arresto,Conducente,M,Rimandato,0,NON DECEDUTO,Non accertato,,
3983428,6,11/09/2018 17:50:00,Strada Urbana,VIA COLLATINA,all'intersezione con,VIA ANTONINO CAMPANOZZI,VIA ANTONINO CAMPANOZZI,,,Scontro laterale fra veicoli in marcia,Incrocio,Una carreggiata a doppio senso,Asciutto,Asfaltata,Assente,Sereno,Normale,Buona,Ore Diurne,1,0,0,1,12.5629,41.898,-1,2,Autovettura privata,In marcia / fermata / arresto,Conducente,F,Illeso,0,,Non accertato,Inesploso,
3983433,3,11/09/2018 11:30:00,Strada Urbana,VIA CATANIA,in corrispondenza,,del civico n.,105,,Scontro laterale fra veicoli in marcia,Rettilineo,Una carreggiata a doppio senso,Asciutto,Asfaltata,Verticale ed orizzontale,Sereno,,Buona,Ore Diurne,0,0,0,2,12.5206,41.9096,0,1,Autovettura privata,In marcia / fermata / arresto,Conducente,F,Illeso,0,,,,
3983433,3,11/09/2018 11:30:00,Strada Urbana,VIA CATANIA,in corrispondenza,,del civico n.,105,,Scontro laterale fra veicoli in marcia,Rettilineo,Una carreggiata a doppio senso,Asciutto,Asfaltata,Verticale ed orizzontale,Sereno,,Buona,Ore Diurne,0,0,0,2,12.5206,41.9096,0,2,Autocarro inferiore 35 q.,In marcia / fermata / arresto,Conducente,M,Illeso,0,,,,
3983440,10,11/09/2018 14:40:00,Strada Urbana,VIA DELLE CAPANNELLE,in corrispondenza,,del civico n.,128,,Tamponamento Multiplo,Rettilineo,Una carreggiata a doppio senso,Asciutto,Asfaltata,Verticale ed orizzontale,Sereno,Normale,Buona,Ore Diurne,0,0,0,3,12.5706,41.8348,-1,1,Autovettura privata,In marcia / fermata / arresto,Conducente,M,Illeso,0,,Non accertato,Inesploso,
3983440,10,11/09/2018 14:40:00,Strada Urbana,VIA DELLE CAPANNELLE,in corrispondenza,,del civico n.,128,,Tamponamento Multiplo,Rettilineo,Una carreggiata a doppio senso,Asciutto,Asfaltata,Verticale ed orizzontale,Sereno,Normale,Buona,Ore Diurne,0,0,0,3,12.5706,41.8348,-1,2,Autovettura privata,In marcia / fermata / arresto,Conducente,F,Illeso,0,,Non accertato,Inesploso,
3983440,10,11/09/2018 14:40:00,Strada Urbana,VIA DELLE CAPANNELLE,in corrispondenza,,del civico n.,128,,Tamponamento Multiplo,Rettilineo,Una carreggiata a doppio senso,Asciutto,Asfaltata,Verticale ed orizzontale,Sereno,Normale,Buona,Ore Diurne,0,0,0,3,12.5706,41.8348,-1,3,Autovettura privata,In marcia / fermata / arresto,Conducente,M,Illeso,0,,Non accertato,Inesploso,
3983446,1,10/09/2018 01:55:00,Strada Urbana,PIAZZA DELL'ESQUILINO,all'intersezione semaforizzata con,VIA TORINO,VIA TORINO,,,Scontro frontale/laterale DX fra veicoli in marcia,Intersezione semaforizzata,Una carreggiata a senso unico di marcia,Asciutto,Asfaltata,Verticale ed orizzontale,Sereno,Scarso,Buona,Sufficiente,0,0,0,2,12.4972,41.8984,-1,1,Autobus di linea,In marcia / fermata / arresto,Conducente,M,Illeso,0,,Non accertato,Inesploso,
3983446,1,10/09/2018 01:55:00,Strada Urbana,PIAZZA DELL'ESQUILINO,all'intersezione semaforizzata con,VIA TORINO,VIA TORINO,,,Scontro frontale/laterale DX fra veicoli in marcia,Intersezione semaforizzata,Una carreggiata a senso unico di marcia,Asciutto,Asfaltata,Verticale ed orizzontale,Sereno,Scarso,Buona,Sufficiente,0,0,0,2,12.4972,41.8984,-1,2,Autovettura privata,In marcia / fermata / arresto,Conducente,M,Illeso,0,,,,
3983460,1,10/09/2018 23:30:00,Strada Urbana,LUNGOTEVERE DE' CENCI,all'intersezione semaforizzata con,VIA ARENULA,VIA ARENULA,,,Scontro laterale fra veicoli in marcia,Intersezione semaforizzata,Una carreggiata a senso unico di marcia,Asciutto,Asfaltata,Verticale ed orizzontale,Sereno,Normale,Sufficiente,Sufficiente,0,0,0,3,12.4765,41.8919,-1,1,Autovettura privata,In marcia / fermata / arresto,Conducente,M,Illeso,0,,Non accertato,Inesploso,
3983460,1,10/09/2018 23:30:00,Strada Urbana,LUNGOTEVERE DE' CENCI,all'intersezione semaforizzata con,VIA ARENULA,VIA ARENULA,,,Scontro laterale fra veicoli in marcia,Intersezione semaforizzata,Una carreggiata a senso unico di marcia,Asciutto,Asfaltata,Verticale ed orizzontale,Sereno,Normale,Sufficiente,Sufficiente,0,0,0,3,12.4765,41.8919,-1,1,Autovettura privata,In marcia / fermata / arresto,Passeggero,F,Illeso,0,,Non accertato,Inesploso,
3983460,1,10/09/2018 23:30:00,Strada Urbana,LUNGOTEVERE DE' CENCI,all'intersezione semaforizzata con,VIA ARENULA,VIA ARENULA,,,Scontro laterale fra veicoli in marcia,Intersezione semaforizzata,Una carreggiata a senso unico di marcia,Asciutto,Asfaltata,Verticale ed orizzontale,Sereno,Normale,Sufficiente,Sufficiente,0,0,0,3,12.4765,41.8919,-1,2,Autovettura privata,In marcia / fermata / arresto,Conducente,M,Illeso,0,,Non accertato,Inesploso,
3983486,1,10/09/2018 23:15:00,Strada Urbana,PIAZZA GIUSEPPE GIOACHINO BELLI,in prossimit�,,del palo luce n.,6,,Scontro laterale fra veicoli in marcia,Rettilineo,Una carreggiata a doppio senso,Asciutto,Asfaltata,Verticale ed orizzontale,Sereno,Normale,Sufficiente,Sufficiente,0,0,0,2,12.4743,41.89,-1,1,Autovettura pubblica,In marcia / fermata / arresto,Conducente,M,Illeso,0,,Non accertato,Inesploso,
3983486,1,10/09/2018 23:15:00,Strada Urbana,PIAZZA GIUSEPPE GIOACHINO BELLI,in prossimit�,,del palo luce n.,6,,Scontro laterale fra veicoli in marcia,Rettilineo,Una carreggiata a doppio senso,Asciutto,Asfaltata,Verticale ed orizzontale,Sereno,Normale,Sufficiente,Sufficiente,0,0,0,2,12.4743,41.89,-1,2,Autovettura pubblica,In marcia / fermata / arresto,Conducente,F,Illeso,0,,Non accertato,Inesploso,
3983494,1,10/09/2018 14:00:00,Strada Urbana,VIALE LUIGI EINAUDI,in prossimit�,,del palo luce n.,2,,Investimento di pedone,Rettilineo,Una carreggiata a senso unico di marcia,Asciutto,In cubetti di porfido,Verticale ed orizzontale,Sereno,Normale,Buona,Ore Diurne,1,0,0,1,12.4979,41.9023,-1,,,,Pedone,M,Rimandato,0,NON DECEDUTO,,,