Protocollo,Gruppo,DataOraIncidente,Localizzazione1,STRADA1,Localizzazione2,STRADA2,Strada02,Chilometrica,DaSpecificare,NaturaIncidente,particolaritastrade,TipoStrada,FondoStradale,Pavimentazione,Segnaletica,CondizioneAtmosferica,Traffico,Visibilita,Illuminazione,NUM_FERITI,NUM_RISERVATA,NUM_MORTI,NUM_ILLESI,Longitudine,Latitudine,Confermato,Progressivo,TipoVeicolo,StatoVeicolo,TipoPersona,Sesso,Tipolesione,Deceduto,DecedutoDopo,CinturaCascoUtilizzato,Airbag,
3983494,1,10/09/2018 14:00:00,Strada Urbana,VIALE LUIGI EINAUDI,in prossimit�,,del palo luce n.,2,,Investimento di pedone,Rettilineo,Una carreggiata a senso unico di marcia,Asciutto,In cubetti di porfido,Verticale ed orizzontale,Sereno,Normale,Buona,Ore Diurne,1,0,0,1,12.4979,41.9023,-1,1,Autovettura pubblica,In marcia / fermata / arresto,Conducente,M,Illeso,0,,Non accertato,Inesploso,
3983502,5,11/09/2018 19:00:00,Strada Urbana,VIA TIBURTINA,in prossimit�,,del civico n.,654,,Scontro laterale fra veicoli in marcia,Rettilineo,Due carreggiate,Asciutto,Asfaltata,Orizzontale,Sereno,Normale,Buona,Ore Diurne,1,0,0,1,12.5484,41.9102,-1,1,Motociclo a solo,In marcia / fermata / arresto,Conducente,M,Rimandato,0,NON DECEDUTO,Non accertato,,
3983502,5,11/09/2018 19:00:00,Strada Urbana,VIA TIBURTINA,in prossimit�,,del civico n.,654,,Scontro laterale fra veicoli in marcia,Rettilineo,Due carreggiate,Asciutto,Asfaltata,Orizzontale,Sereno,Normale,Buona,Ore Diurne,1,0,0,1,12.5484,41.9102,-1,2,Autovettura privata,In marcia / fermata / arresto,Conducente,F,Illeso,0,,Non accertato,Inesploso,
3983518,15,11/09/2018 12:10:00,Strada Urbana,VIA DEL PONTE PISANO,in corrispondenza,,del civico n.,212,,Scontro laterale fra veicoli in marcia,Rettilineo,Una carreggiata a doppio senso,Asciutto,Asfaltata,Verticale ed orizzontale,Sereno,Normale,Buona,Ore Diurne,0,0,0,3,12.3982,41.857,-1,1,Autovettura privata,In marcia / fermata / arresto,Conducente,M,Illeso,0,,Non accertato,Inesploso,
3983518,15,11/09/2018 12:10:00,Strada Urbana,VIA DEL PONTE PISANO,in corrispondenza,,del civico n.,212,,Scontro laterale fra veicoli in marcia,Rettilineo,Una carreggiata a doppio senso,Asciutto,Asfaltata,Verticale ed orizzontale,Sereno,Normale,Buona,Ore Diurne,0,0,0,3,12.3982,41.857,-1,2,Autovettura privata,In marcia / fermata / arresto,Conducente,F,Illeso,0,,Non accertato,Inesploso,
3983518,15,11/09/2018 12:10:00,Strada Urbana,VIA DEL PONTE PISANO,in corrispondenza,,del civico n.,212,,Scontro laterale fra veicoli in marcia,Rettilineo,Una carreggiata a doppio senso,Asciutto,Asfaltata,Verticale ed orizzontale,Sereno,Normale,Buona,Ore Diurne,0,0,0,3,12.3982,41.857,-1,2,Autovettura privata,In marcia / fermata / arresto,Passeggero,F,Illeso,0,,Non accertato,Inesploso,
3983522,15,11/09/2018 13:30:00,Strada Urbana,VIA FRANCESCO PALLAVICINI,in prossimit�,,del civico n.,62,,Scontro laterale fra veicoli in marcia,Rettilineo,Una carreggiata a doppio senso,Asciutto,Asfaltata,Assente,Sereno,Normale,Buona,Ore Diurne,1,0,0,2,12.4547,41.8583,-1,1,Autovettura privata,In marcia / fermata / arresto,Conducente,M,Illeso,0,,Utilizzato,Inesploso,
3983522,15,11/09/2018 13:30:00,Strada Urbana,VIA FRANCESCO PALLAVICINI,in prossimit�,,del civico n.,62,,Scontro laterale fra veicoli in marcia,Rettilineo,Una carreggiata a doppio senso,Asciutto,Asfaltata,Assente,Sereno,Normale,Buona,Ore Diurne,1,0,0,2,12.4547,41.8583,-1,2,Autovettura privata,In marcia / fermata / arresto,Conducente,F,Illeso,0,,Utilizzato,Inesploso,
3983522,15,11/09/2018 13:30:00,Strada Urbana,VIA FRANCESCO PALLAVICINI,in prossimit�,,del civico n.,62,,Scontro laterale fra veicoli in marcia,Rettilineo,Una carreggiata a doppio senso,Asciutto,Asfaltata,Assente,Sereno,Normale,Buona,Ore Diurne,1,0,0,2,12.4547,41.8583,-1,2,Autovettura privata,In marcia / fermata / arresto,Passeggero,F,Rimandato,0,NON DECEDUTO,Utilizzato,Inesploso,
3983543,6,14/09/2018 07:45:00,Strada Urbana,VIA L'AQUILA,all'intersezione con,VIA PESARO,VIA PESARO,,,Scontro laterale fra veicoli in marcia,Incrocio,Una carreggiata a senso unico di marcia,Asciutto,Asfaltata,Orizzontale,Nuvoloso,Normale,Buona,Ore Diurne,1,0,0,1,12.5249,41.8905,-1,1,Autocarro inferiore 35 q.,In marcia / fermata / arresto,Conducente,M,Illeso,0,,Non accertato,Inesploso,
3983543,6,14/09/2018 07:45:00,Strada Urbana,VIA L'AQUILA,all'intersezione con,VIA PESARO,VIA PESARO,,,Scontro laterale fra veicoli in marcia,Incrocio,Una carreggiata a senso unico di marcia,Asciutto,Asfaltata,Orizzontale,Nuvoloso,Normale,Buona,Ore Diurne,1,0,0,1,12.5249,41.8905,-1,2,Motociclo con passeggero,In marcia / fermata / arresto,Conducente,M,Rifiuta cure immediate,0,NON DECEDUTO,Non accertato,,
3983595,12,11/09/2018 18:50:00,Regionale,VIA PONTINA,da specificare,,,,direz. Roma centro sottovia GRA,Veicolo in marcia contro ostacolo accidentale,Pendenza,Due carreggiate,Asciutto,Asfaltata,Verticale ed orizzontale,Sereno,Normale,Buona,Ore Diurne,0,0,0,1,12.4538,41.8008,-1,1,Autovettura privata,In marcia / fermata / arresto,Conducente,F,Illeso,0,,Non accertato,Inesploso,
3983603,12,11/09/2018 18:40:00,Strada Urbana,VIA SARSINA,in prossimit�,,del civico n.,228,,Scontro laterale fra veicoli in marcia,Rettilineo,Una carreggiata a doppio senso,Asciutto,Asfaltata,Verticale ed orizzontale,Sereno,Normale,Buona,Ore Diurne,0,0,0,2,12.4118,41.7889,-1,1,Autovettura privata,In marcia / fermata / arresto,Conducente,M,Illeso,0,,Non accertato,Inesploso,
3983603,12,11/09/2018 18:40:00,Strada Urbana,VIA SARSINA,in prossimit�,,del civico n.,228,,Scontro laterale fra veicoli in marcia,Rettilineo,Una carreggiata a doppio senso,Asciutto,Asfaltata,Verticale ed orizzontale,Sereno,Normale,Buona,Ore Diurne,0,0,0,2,12.4118,41.7889,-1,2,Autovettura privata,In marcia / fermata / arresto,Conducente,M,Illeso,0,,Non accertato,Inesploso,
3983847,8,11/09/2018 18:30:00,Provinciale entro l'abitato,VIA PRENESTINA,all'intersezione semaforizzata con,VIA DI ROCCA CENCIA,VIA DI ROCCA CENCIA,,,Scontro frontale/laterale SX fra veicoli in marcia,Incrocio,Una carreggiata a doppio senso,Asciutto,Asfaltata,Verticale ed orizzontale,Sereno,Intenso,Buona,Ore Diurne,5,0,0,1,12.6152,41.8933,0,1,Autovettura privata,In marcia / fermata / arresto,Conducente,F,Rimandato,0,NON DECEDUTO,Non accertato,Inesploso,
3983847,8,11/09/2018 18:30:00,Provinciale entro l'abitato,VIA PRENESTINA,all'intersezione semaforizzata con,VIA DI ROCCA CENCIA,VIA DI ROCCA CENCIA,,,Scontro frontale/laterale SX fra veicoli in marcia,Incrocio,Una carreggiata a doppio senso,Asciutto,Asfaltata,Verticale ed orizzontale,Sereno,Intenso,Buona,Ore Diurne,5,0,0,1,12.6152,41.8933,0,1,Autovettura privata,In marcia / fermata / arresto,Passeggero,F,Rimandato,0,NON DECEDUTO,Non accertato,Esploso,
3983847,8,11/09/2018 18:30:00,Provinciale entro l'abitato,VIA PRENESTINA,all'intersezione semaforizzata con,VIA DI ROCCA CENCIA,VIA DI ROCCA CENCIA,,,Scontro frontale/laterale SX fra veicoli in marcia,Incrocio,Una carreggiata a doppio senso,Asciutto,Asfaltata,Verticale ed orizzontale,Sereno,Intenso,Buona,Ore Diurne,5,0,0,1,12.6152,41.8933,0,1,Autovettura privata,In marcia / fermata / arresto,Passeggero,F,Rimandato,0,NON DECEDUTO,Non accertato,Inesploso,
3983847,8,11/09/2018 18:30:00,Provinciale entro l'abitato,VIA PRENESTINA,all'intersezione semaforizzata con,VIA DI ROCCA CENCIA,VIA DI ROCCA CENCIA,,,Scontro frontale/laterale SX fra veicoli in marcia,Incrocio,Una carreggiata a doppio senso,Asciutto,Asfaltata,Verticale ed orizzontale,Sereno,Intenso,Buona,Ore Diurne,5,0,0,1,12.6152,41.8933,0,1,Autovettura privata,In marcia / fermata / arresto,Passeggero,F,Rimandato,0,NON DECEDUTO,Non accertato,Inesploso,
3983847,8,11/09/2018 18:30:00,Provinciale entro l'abitato,VIA PRENESTINA,all'intersezione semaforizzata con,VIA DI ROCCA CENCIA,VIA DI ROCCA CENCIA,,,Scontro frontale/laterale SX fra veicoli in marcia,Incrocio,Una carreggiata a doppio senso,Asciutto,Asfaltata,Verticale ed orizzontale,Sereno,Intenso,Buona,Ore Diurne,5,0,0,1,12.6152,41.8933,0,1,Autovettura privata,In marcia / fermata / arresto,Passeggero,M,Rimandato,0,NON DECEDUTO,Non accertato,Inesploso,
3983847,8,11/09/2018 18:30:00,Provinciale entro l'abitato,VIA PRENESTINA,all'intersezione semaforizzata con,VIA DI ROCCA CENCIA,VIA DI ROCCA CENCIA,,,Scontro frontale/laterale SX fra veicoli in marcia,Incrocio,Una carreggiata a doppio senso,Asciutto,Asfaltata,Verticale ed orizzontale,Sereno,Intenso,Buona,Ore Diurne,5,0,0,1,12.6152,41.8933,0,3,Autovettura privata,In marcia / fermata / arresto,Conducente,M,Illeso,0,,Non accertato,Inesploso,
3983848,9,11/09/2018 16:40:00,Strada Urbana,VIA APPIA NUOVA,da specificare,,,,FRONTE CIV.146,Scontro laterale fra veicoli in marcia,Rettilineo,Due carreggiate,Asciutto,Asfaltata,Verticale ed orizzontale,Sereno,Normale,Buona,Ore Diurne,1,0,0,1,12.5129,41.8833,-1,1,Autovettura privata,In marcia / fermata / arresto,Conducente,M,Illeso,0,,Non accertato,Inesploso,
3983848,9,11/09/2018 16:40:00,Strada Urbana,VIA APPIA NUOVA,da specificare,,,,FRONTE CIV.146,Scontro laterale fra veicoli in marcia,Rettilineo,Due carreggiate,Asciutto,Asfaltata,Verticale ed orizzontale,Sereno,Normale,Buona,Ore Diurne,1,0,0,1,12.5129,41.8833,-1,2,Motociclo a solo,In marcia / fermata / arresto,Conducente,M,Rimandato,0,NON DECEDUTO,Non accertato,,
3983863,12,12/09/2018 07:15:00,Strada Urbana,VIALE DELL'OCEANO ATLANTICO,da specificare,,,,civico 37/H,Tamponamento,Rettilineo,Due carreggiate,Asciutto,Asfaltata,Verticale ed orizzontale,Sole radente,Normale,Buona,Ore Diurne,0,0,0,3,12.4713,41.8201,-1,1,Autovettura privata,In marcia / fermata / arresto,Conducente,F,Illeso,0,,,Esploso,
3983863,12,12/09/2018 07:15:00,Strada Urbana,VIALE DELL'OCEANO ATLANTICO,da specificare,,,,civico 37/H,Tamponamento,Rettilineo,Due carreggiate,Asciutto,Asfaltata,Verticale ed orizzontale,Sole radente,Normale,Buona,Ore Diurne,0,0,0,3,12.4713,41.8201,-1,2,Autocarro inferiore 35 q.,In marcia / fermata / arresto,Conducente,M,Illeso,0,,,,
3983863,12,12/09/2018 07:15:00,Strada Urbana,VIALE DELL'OCEANO ATLANTICO,da specificare,,,,civico 37/H,Tamponamento,Rettilineo,Due carreggiate,Asciutto,Asfaltata,Verticale ed orizzontale,Sole radente,Normale,Buona,Ore Diurne,0,0,0,3,12.4713,41.8201,-1,2,Autocarro inferiore 35 q.,In marcia / fermata / arresto,Passeggero,F,Illeso,0,,,,
3983871,11,11/09/2018 07:45:00,Strada Urbana,VIA APPIA ANTICA,da specificare,,,,fornte civico 153,Veicolo in marcia contro ostacolo fisso,Rettilineo,Una carreggiata a doppio senso,Asciutto,Con buche,Verticale,Sereno,Scarso,Buona,Ore Diurne,0,0,0,1,12.5181,41.8544,-1,1,Autocarro inferiore 35 q.,In marcia / fermata / arresto,Conducente,M,Illeso,0,,Non accertato,Inesistente,
3983872,8,11/09/2018 22:10:00,Strada Urbana,VIA DI VERMICINO,in corrispondenza,,del civico n.,25,,Tamponamento,Rettilineo,Una carreggiata a doppio senso,Asciutto,Asfaltata,Verticale ed orizzontale,Sereno,Scarso,Buona,Sufficiente,0,0,0,3,12.6706,41.8619,-1,1,Autovettura privata,In marcia / fermata / arresto,Conducente,F,Illeso,0,,Non accertato,Inesploso,
3983872,8,11/09/2018 22:10:00,Strada Urbana,VIA DI VERMICINO,in corrispondenza,,del civico n.,25,,Tamponamento,Rettilineo,Una carreggiata a doppio senso,Asciutto,Asfaltata,Verticale ed orizzontale,Sereno,Scarso,Buona,Sufficiente,0,0,0,3,12.6706,41.8619,-1,1,Autovettura privata,In marcia / fermata / arresto,Passeggero,M,Illeso,0,,,Inesploso,
3983872,8,11/09/2018 22:10:00,Strada Urbana,VIA DI VERMICINO,in corrispondenza,,del civico n.,25,,Tamponamento,Rettilineo,Una carreggiata a doppio senso,Asciutto,Asfaltata,Verticale ed orizzontale,Sereno,Scarso,Buona,Sufficiente,0,0,0,3,12.6706,41.8619,-1,2,Autovettura privata,In marcia / fermata / arresto,Conducente,M,Illeso,0,,Non accertato,Inesploso,
3983873,11,11/09/2018 16:50:00,Strada Urbana,PIAZZALE TOMMASO EDISON,all'intersezione semaforizzata con,VIALE GUGLIELMO MARCONI,VIALE GUGLIELMO MARCONI,,,Tamponamento,Intersezione semaforizzata,Due carreggiate,Asciutto,Asfaltata,Verticale ed orizzontale,Sereno,Intenso,Buona,Ore Diurne,2,0,0,3,12.471,41.8586,-1,1,Autovettura privata,In marcia / fermata / arresto,Conducente,M,Illeso,0,,Non accertato,,
3983873,11,11/09/2018 16:50:00,Strada Urbana,PIAZZALE TOMMASO EDISON,all'intersezione semaforizzata con,VIALE GUGLIELMO MARCONI,VIALE GUGLIELMO MARCONI,,,Tamponamento,Intersezione semaforizzata,Due carreggiate,Asciutto,Asfaltata,Verticale ed orizzontale,Sereno,Intenso,Buona,Ore Diurne,2,0,0,3,12.471,41.8586,-1,1,Autovettura privata,In marcia / fermata / arresto,Passeggero,F,Rimandato,0,NON DECEDUTO,Non accertato,,
3983873,11,11/09/2018 16:50:00,Strada Urbana,PIAZZALE TOMMASO EDISON,all'intersezione semaforizzata con,VIALE GUGLIELMO MARCONI,VIALE GUGLIELMO MARCONI,,,Tamponamento,Intersezione semaforizzata,Due carreggiate,Asciutto,Asfaltata,Verticale ed orizzontale,Sereno,Intenso,Buona,Ore Diurne,2,0,0,3,12.471,41.8586,-1,1,Autovettura privata,In marcia / fermata / arresto,Passeggero,F,Rimandato,0,NON DECEDUTO,Non accertato,,
3983873,11,11/09/2018 16:50:00,Strada Urbana,PIAZZALE TOMMASO EDISON,all'intersezione semaforizzata con,VIALE GUGLIELMO MARCONI,VIALE GUGLIELMO MARCONI,,,Tamponamento,Intersezione semaforizzata,Due carreggiate,Asciutto,Asfaltata,Verticale ed orizzontale,Sereno,Intenso,Buona,Ore Diurne,2,0,0,3,12.471,41.8586,-1,2,Autovettura privata,In marcia / fermata / arresto,Conducente,M,Illeso,0,,Non accertato,,
3983873,11,11/09/2018 16:50:00,Strada Urbana,PIAZZALE TOMMASO EDISON,all'intersezione semaforizzata con,VIALE GUGLIELMO MARCONI,VIALE GUGLIELMO MARCONI,,,Tamponamento,Intersezione semaforizzata,Due carreggiate,Asciutto,Asfaltata,Verticale ed orizzontale,Sereno,Intenso,Buona,Ore Diurne,2,0,0,3,12.471,41.8586,-1,2,Autovettura privata,In marcia / fermata / arresto,Passeggero,F,Illeso,0,,Non accertato,,
3983886,11,11/09/2018 20:05:00,Strada Urbana,VIA DELLE CONCE,all'intersezione semaforizzata con,VIA DEL PORTO FLUVIALE,VIA DEL PORTO FLUVIALE,,,Scontro laterale fra veicoli in marcia,Incrocio,Una carreggiata a doppio senso,Asciutto,Asfaltata,Verticale ed orizzontale,Sereno,Normale,Sufficiente,Sufficiente,0,0,0,2,12.4787,41.8724,-1,1,Autocarro inferiore 35 q.,In marcia / fermata / arresto,Conducente,M,Illeso,0,,,,
3983886,11,11/09/2018 20:05:00,Strada Urbana,VIA DELLE CONCE,all'intersezione semaforizzata con,VIA DEL PORTO FLUVIALE,VIA DEL PORTO FLUVIALE,,,Scontro laterale fra veicoli in marcia,Incrocio,Una carreggiata a doppio senso,Asciutto,Asfaltata,Verticale ed orizzontale,Sereno,Normale,Sufficiente,Sufficiente,0,0,0,2,12.4787,41.8724,-1,2,Autovettura privata,In marcia / fermata / arresto,Conducente,M,Illeso,0,,,,
3983887,8,11/09/2018 19:20:00,Strada Urbana,VIA DEL FOSSO DI S. MAURA,da specificare,,,,tra rotatoria con viale della sorbona,Scontro laterale fra veicoli in marcia,Curva a visuale libera,Una carreggiata a senso unico di marcia,Asciutto,Asfaltata,Verticale ed orizzontale,Sereno,Normale,Buona,Ore Diurne,0,0,0,5,12.5947,41.858,-1,1,Autovettura privata,In marcia / fermata / arresto,Conducente,M,Illeso,0,,Non accertato,Inesploso,
3983887,8,11/09/2018 19:20:00,Strada Urbana,VIA DEL FOSSO DI S. MAURA,da specificare,,,,tra rotatoria con viale della sorbona,Scontro laterale fra veicoli in marcia,Curva a visuale libera,Una carreggiata a senso unico di marcia,Asciutto,Asfaltata,Verticale ed orizzontale,Sereno,Normale,Buona,Ore Diurne,0,0,0,5,12.5947,41.858,-1,1,Autovettura privata,In marcia / fermata / arresto,Passeggero,F,Illeso,0,,Non accertato,Inesploso,
3983887,8,11/09/2018 19:20:00,Strada Urbana,VIA DEL FOSSO DI S. MAURA,da specificare,,,,tra rotatoria con viale della sorbona,Scontro laterale fra veicoli in marcia,Curva a visuale libera,Una carreggiata a senso unico di marcia,Asciutto,Asfaltata,Verticale ed orizzontale,Sereno,Normale,Buona,Ore Diurne,0,0,0,5,12.5947,41.858,-1,1,Autovettura privata,In marcia / fermata / arresto,Passeggero,M,Illeso,0,,Non accertato,Inesploso,
3983887,8,11/09/2018 19:20:00,Strada Urbana,VIA DEL FOSSO DI S. MAURA,da specificare,,,,tra rotatoria con viale della sorbona,Scontro laterale fra veicoli in marcia,Curva a visuale libera,Una carreggiata a senso unico di marcia,Asciutto,Asfaltata,Verticale ed orizzontale,Sereno,Normale,Buona,Ore Diurne,0,0,0,5,12.5947,41.858,-1,1,Autovettura privata,In marcia / fermata / arresto,Passeggero,M,Illeso,0,,Non accertato,Inesploso,
3983887,8,11/09/2018 19:20:00,Strada Urbana,VIA DEL FOSSO DI S. MAURA,da specificare,,,,tra rotatoria con viale della sorbona,Scontro laterale fra veicoli in marcia,Curva a visuale libera,Una carreggiata a senso unico di marcia,Asciutto,Asfaltata,Verticale ed orizzontale,Sereno,Normale,Buona,Ore Diurne,0,0,0,5,12.5947,41.858,-1,2,Autovettura privata,In marcia / fermata / arresto,Conducente,F,Illeso,0,,Non accertato,Inesploso,
3983896,20,11/09/2018 20:00:00,Strada Urbana,VIA DEI DUE PONTI,in corrispondenza,,del civico n.,219,,Scontro frontale/laterale SX fra veicoli in marcia,Curva senza visuale libera,Una carreggiata a doppio senso,Asciutto,Asfaltata,Verticale ed orizzontale,Sereno,Normale,Sufficiente,Insufficiente,0,0,0,2,12.4511,41.9654,-1,1,Autovettura privata,In marcia / fermata / arresto,Conducente,M,Illeso,0,,,,
3983896,20,11/09/2018 20:00:00,Strada Urbana,VIA DEI DUE PONTI,in corrispondenza,,del civico n.,219,,Scontro frontale/laterale SX fra veicoli in marcia,Curva senza visuale libera,Una carreggiata a doppio senso,Asciutto,Asfaltata,Verticale ed orizzontale,Sereno,Normale,Sufficiente,Insufficiente,0,0,0,2,12.4511,41.9654,-1,2,Autovettura privata,In marcia / fermata / arresto,Conducente,M,Illeso,0,,,,
3983898,7,11/09/2018 20:00:00,Strada Urbana,VIA DEI FRASSINI,all'intersezione con,VIALE DELLE GARDENIE,VIALE DELLE GARDENIE,,,Investimento di pedone,Incrocio,Due carreggiate,Asciutto,Asfaltata,Verticale ed orizzontale,Sereno,Scarso,Buona,Insufficiente,1,0,0,1,12.5683,41.8856,-1,,,,Pedone,M,Rimandato,0,NON DECEDUTO,,,
3983898,7,11/09/2018 20:00:00,Strada Urbana,VIA DEI FRASSINI,all'intersezione con,VIALE DELLE GARDENIE,VIALE DELLE GARDENIE,,,Investimento di pedone,Incrocio,Due carreggiate,Asciutto,Asfaltata,Verticale ed orizzontale,Sereno,Scarso,Buona,Insufficiente,1,0,0,1,12.5683,41.8856,-1,1,Autovettura privata,In marcia / fermata / arresto,Conducente,M,Illeso,0,,Non accertato,Inesploso,
3983902,20,11/09/2018 16:40:00,Strada Urbana,VIA FRASSINETO,in corrispondenza,,del civico n.,73,,Tamponamento Multiplo,Rettilineo,Una carreggiata a doppio senso,Asciutto,Asfaltata,Orizzontale,Sereno,Normale,Buona,Ore Diurne,0,0,0,7,12.4904,41.999,-1,1,Autovettura privata,In marcia / fermata / arresto,Conducente,M,Illeso,0,,Non accertato,Inesploso,
3983902,20,11/09/2018 16:40:00,Strada Urbana,VIA FRASSINETO,in corrispondenza,,del civico n.,73,,Tamponamento Multiplo,Rettilineo,Una carreggiata a doppio senso,Asciutto,Asfaltata,Orizzontale,Sereno,Normale,Buona,Ore Diurne,0,0,0,7,12.4904,41.999,-1,1,Autovettura privata,In marcia / fermata / arresto,Passeggero,F,Illeso,0,,Non accertato,Inesploso,
3983902,20,11/09/2018 16:40:00,Strada Urbana,VIA FRASSINETO,in corrispondenza,,del civico n.,73,,Tamponamento Multiplo,Rettilineo,Una carreggiata a doppio senso,Asciutto,Asfaltata,Orizzontale,Sereno,Normale,Buona,Ore Diurne,0,0,0,7,12.4904,41.999,-1,1,Autovettura privata,In marcia / fermata / arresto,Passeggero,F,Illeso,0,,Non accertato,Inesploso,
3983902,20,11/09/2018 16:40:00,Strada Urbana,VIA FRASSINETO,in corrispondenza,,del civico n.,73,,Tamponamento Multiplo,Rettilineo,Una carreggiata a doppio senso,Asciutto,Asfaltata,Orizzontale,Sereno,Normale,Buona,Ore Diurne,0,0,0,7,12.4904,41.999,-1,1,Autovettura privata,In marcia / fermata / arresto,Passeggero,F,Illeso,0,,Non accertato,Inesploso,
3983902,20,11/09/2018 16:40:00,Strada Urbana,VIA FRASSINETO,in corrispondenza,,del civico n.,73,,Tamponamento Multiplo,Rettilineo,Una carreggiata a doppio senso,Asciutto,Asfaltata,Orizzontale,Sereno,Normale,Buona,Ore Diurne,0,0,0,7,12.4904,41.999,-1,1,Autovettura privata,In marcia / fermata / arresto,Passeggero,F,Illeso,0,,Non accertato,Inesploso,
3983902,20,11/09/2018 16:40:00,Strada Urbana,VIA FRASSINETO,in corrispondenza,,del civico n.,73,,Tamponamento Multiplo,Rettilineo,Una carreggiata a doppio senso,Asciutto,Asfaltata,Orizzontale,Sereno,Normale,Buona,Ore Diurne,0,0,0,7,12.4904,41.999,-1,2,Autovettura privata,In marcia / fermata / arresto,Conducente,M,Illeso,0,,Non accertato,Inesploso,
3983902,20,11/09/2018 16:40:00,Strada Urbana,VIA FRASSINETO,in corrispondenza,,del civico n.,73,,Tamponamento Multiplo,Rettilineo,Una carreggiata a doppio senso,Asciutto,Asfaltata,Orizzontale,Sereno,Normale,Buona,Ore Diurne,0,0,0,7,12.4904,41.999,-1,3,Autovettura privata,In marcia / fermata / arresto,Conducente,F,Illeso,0,,Non accertato,Inesploso,
3983907,8,11/09/2018 12:10:00,Strada Urbana,VIA DI TOR BELLA MONACA,da specificare,,,,alt. palo acea 29,Veicolo in marcia contro ostacolo fisso,Rettilineo,Due carreggiate,Asciutto,Asfaltata,Verticale ed orizzontale,Sereno,Normale,Buona,Ore Diurne,1,0,0,0,12.6282,41.8763,-1,1,Autovettura privata,In marcia / fermata / arresto,Conducente,M,Rimandato,0,NON DECEDUTO,Non accertato,Inesploso,
3983918,20,11/09/2018 19:30:00,Strada Urbana,VIALE DI TOR DI QUINTO,in corrispondenza,,del palo luce n.,171,,Veicolo in marcia contro ostacolo fisso,Curva a visuale libera,Due carreggiate,Asciutto,Asfaltata,Verticale ed orizzontale,Sereno,Normale,Buona,Sufficiente,0,0,0,2,12.4785,41.9447,-1,1,Autovettura privata,In marcia / fermata / arresto,Conducente,F,Illeso,0,,Non accertato,Esploso,
3983918,20,11/09/2018 19:30:00,Strada Urbana,VIALE DI TOR DI QUINTO,in corrispondenza,,del palo luce n.,171,,Veicolo in marcia contro ostacolo fisso,Curva a visuale libera,Due carreggiate,Asciutto,Asfaltata,Verticale ed orizzontale,Sereno,Normale,Buona,Sufficiente,0,0,0,2,12.4785,41.9447,-1,2,Autovettura privata,In marcia / fermata / arresto,Conducente,M,Illeso,0,,Non accertato,,
3983920,8,11/09/2018 14:15:00,Strada Urbana,VIA DI TORRE SPACCATA,all'intersezione semaforizzata con,VIALE DEI ROMANISTI,VIALE DEI ROMANISTI,,,Scontro frontale/laterale SX fra veicoli in marcia,Incrocio,Due carreggiate,Asciutto,Asfaltata,Verticale ed orizzontale,Sereno,Normale,Buona,Ore Diurne,3,0,0,2,12.5858,41.8586,-1,1,Autovettura privata,In marcia / fermata / arresto,Conducente,M,Rifiuta cure immediate,0,NON DECEDUTO,Non accertato,Inesploso,
3983920,8,11/09/2018 14:15:00,Strada Urbana,VIA DI TORRE SPACCATA,all'intersezione semaforizzata con,VIALE DEI ROMANISTI,VIALE DEI ROMANISTI,,,Scontro frontale/laterale SX fra veicoli in marcia,Incrocio,Due carreggiate,Asciutto,Asfaltata,Verticale ed orizzontale,Sereno,Normale,Buona,Ore Diurne,3,0,0,2,12.5858,41.8586,-1,1,Autovettura privata,In marcia / fermata / arresto,Passeggero,M,Illeso,0,,Non accertato,Inesploso,
3983920,8,11/09/2018 14:15:00,Strada Urbana,VIA DI TORRE SPACCATA,all'intersezione semaforizzata con,VIALE DEI ROMANISTI,VIALE DEI ROMANISTI,,,Scontro frontale/laterale SX fra veicoli in marcia,Incrocio,Due carreggiate,Asciutto,Asfaltata,Verticale ed orizzontale,Sereno,Normale,Buona,Ore Diurne,3,0,0,2,12.5858,41.8586,-1,2,Autovettura privata,In marcia / fermata / arresto,Conducente,M,Rifiuta cure immediate,0,NON DECEDUTO,Non accertato,Inesploso,
3983920,8,11/09/2018 14:15:00,Strada Urbana,VIA DI TORRE SPACCATA,all'intersezione semaforizzata con,VIALE DEI ROMANISTI,VIALE DEI ROMANISTI,,,Scontro frontale/laterale SX fra veicoli in marcia,Incrocio,Due carreggiate,Asciutto,Asfaltata,Verticale ed orizzontale,Sereno,Normale,Buona,Ore Diurne,3,0,0,2,12.5858,41.8586,-1,2,Autovettura privata,In marcia / fermata / arresto,Passeggero,M,Illeso,0,,Non accertato,Inesploso,
3983920,8,11/09/2018 14:15:00,Strada Urbana,VIA DI TORRE SPACCATA,all'intersezione semaforizzata con,VIALE DEI ROMANISTI,VIALE DEI ROMANISTI,,,Scontro frontale/laterale SX fra veicoli in marcia,Incrocio,Due carreggiate,Asciutto,Asfaltata,Verticale ed orizzontale,Sereno,Normale,Buona,Ore Diurne,3,0,0,2,12.5858,41.8586,-1,3,Velocipede,In marcia / fermata / arresto,Conducente,M,Rifiuta cure immediate,0,NON DECEDUTO,Esente,,