Protocollo,Gruppo,DataOraIncidente,Localizzazione1,STRADA1,Localizzazione2,STRADA2,Strada02,Chilometrica,DaSpecificare,NaturaIncidente,particolaritastrade,TipoStrada,FondoStradale,Pavimentazione,Segnaletica,CondizioneAtmosferica,Traffico,Visibilita,Illuminazione,NUM_FERITI,NUM_RISERVATA,NUM_MORTI,NUM_ILLESI,Longitudine,Latitudine,Confermato,Progressivo,TipoVeicolo,StatoVeicolo,TipoPersona,Sesso,Tipolesione,Deceduto,DecedutoDopo,CinturaCascoUtilizzato,Airbag,
3983928,11,11/09/2018 18:45:00,Strada Urbana,VIA VALCO DI S. PAOLO,in corrispondenza,,del civico n.,14,,Scontro laterale fra veicoli in marcia,Rettilineo,Una carreggiata a doppio senso,Asciutto,Asfaltata,Verticale ed orizzontale,Sereno,Normale,Buona,Ore Diurne,0,0,0,4,12.4749,41.8524,-1,1,Autovettura privata,In marcia / fermata / arresto,Conducente,F,Illeso,0,,Non accertato,,
3983928,11,11/09/2018 18:45:00,Strada Urbana,VIA VALCO DI S. PAOLO,in corrispondenza,,del civico n.,14,,Scontro laterale fra veicoli in marcia,Rettilineo,Una carreggiata a doppio senso,Asciutto,Asfaltata,Verticale ed orizzontale,Sereno,Normale,Buona,Ore Diurne,0,0,0,4,12.4749,41.8524,-1,1,Autovettura privata,In marcia / fermata / arresto,Passeggero,F,Illeso,0,,Utilizzato,,
3983928,11,11/09/2018 18:45:00,Strada Urbana,VIA VALCO DI S. PAOLO,in corrispondenza,,del civico n.,14,,Scontro laterale fra veicoli in marcia,Rettilineo,Una carreggiata a doppio senso,Asciutto,Asfaltata,Verticale ed orizzontale,Sereno,Normale,Buona,Ore Diurne,0,0,0,4,12.4749,41.8524,-1,1,Autovettura privata,In marcia / fermata / arresto,Passeggero,F,Illeso,0,,Utilizzato,,
3983928,11,11/09/2018 18:45:00,Strada Urbana,VIA VALCO DI S. PAOLO,in corrispondenza,,del civico n.,14,,Scontro laterale fra veicoli in marcia,Rettilineo,Una carreggiata a doppio senso,Asciutto,Asfaltata,Verticale ed orizzontale,Sereno,Normale,Buona,Ore Diurne,0,0,0,4,12.4749,41.8524,-1,2,Motociclo a solo,In marcia / fermata / arresto,Conducente,M,Illeso,0,,Non accertato,,
3983929,5,11/09/2018 08:55:00,Strada Urbana,VIA DI PORTONACCIO,in prossimit�,,del civico n.,116,,Tamponamento Multiplo,Rettilineo,Due carreggiate,Asciutto,Asfaltata,Assente,Sereno,Intenso,Buona,Ore Diurne,2,0,0,4,12.5371,41.9004,-1,1,Autovettura privata,In marcia / fermata / arresto,Conducente,M,Illeso,0,,Non accertato,Inesploso,
3983929,5,11/09/2018 08:55:00,Strada Urbana,VIA DI PORTONACCIO,in prossimit�,,del civico n.,116,,Tamponamento Multiplo,Rettilineo,Due carreggiate,Asciutto,Asfaltata,Assente,Sereno,Intenso,Buona,Ore Diurne,2,0,0,4,12.5371,41.9004,-1,1,Autovettura privata,In marcia / fermata / arresto,Passeggero,F,Rimandato,0,NON DECEDUTO,Non accertato,Inesploso,
3983929,5,11/09/2018 08:55:00,Strada Urbana,VIA DI PORTONACCIO,in prossimit�,,del civico n.,116,,Tamponamento Multiplo,Rettilineo,Due carreggiate,Asciutto,Asfaltata,Assente,Sereno,Intenso,Buona,Ore Diurne,2,0,0,4,12.5371,41.9004,-1,2,Autovettura privata,In marcia / fermata / arresto,Conducente,M,Illeso,0,,Non accertato,Inesploso,
3983929,5,11/09/2018 08:55:00,Strada Urbana,VIA DI PORTONACCIO,in prossimit�,,del civico n.,116,,Tamponamento Multiplo,Rettilineo,Due carreggiate,Asciutto,Asfaltata,Assente,Sereno,Intenso,Buona,Ore Diurne,2,0,0,4,12.5371,41.9004,-1,3,Autovettura privata,In marcia / fermata / arresto,Conducente,M,Rimandato,0,NON DECEDUTO,Non accertato,Inesploso,
3983929,5,11/09/2018 08:55:00,Strada Urbana,VIA DI PORTONACCIO,in prossimit�,,del civico n.,116,,Tamponamento Multiplo,Rettilineo,Due carreggiate,Asciutto,Asfaltata,Assente,Sereno,Intenso,Buona,Ore Diurne,2,0,0,4,12.5371,41.9004,-1,4,Autovettura di soccorso,In marcia / fermata / arresto,Conducente,M,Illeso,0,,Non accertato,Inesploso,
3983929,5,11/09/2018 08:55:00,Strada Urbana,VIA DI PORTONACCIO,in prossimit�,,del civico n.,116,,Tamponamento Multiplo,Rettilineo,Due carreggiate,Asciutto,Asfaltata,Assente,Sereno,Intenso,Buona,Ore Diurne,2,0,0,4,12.5371,41.9004,-1,4,Autovettura di soccorso,In marcia / fermata / arresto,Passeggero,F,Illeso,0,,Non accertato,Inesploso,
3983930,18,11/09/2018 18:40:00,Strada Urbana,VIA DI BOCCEA,da specificare,,,,PROSSIMITA' VIA VEROLENGO,Veicolo in marcia contro ostacolo fisso,Rettilineo,Una carreggiata a doppio senso,Asciutto,Asfaltata,Orizzontale,Sereno,Intenso,Buona,Ore Diurne,2,0,0,0,12.4111,41.9034,-1,1,Motociclo con passeggero,In marcia / fermata / arresto,Conducente,M,Rimandato,0,NON DECEDUTO,Non accertato,,
3983930,18,11/09/2018 18:40:00,Strada Urbana,VIA DI BOCCEA,da specificare,,,,PROSSIMITA' VIA VEROLENGO,Veicolo in marcia contro ostacolo fisso,Rettilineo,Una carreggiata a doppio senso,Asciutto,Asfaltata,Orizzontale,Sereno,Intenso,Buona,Ore Diurne,2,0,0,0,12.4111,41.9034,-1,1,Motociclo con passeggero,In marcia / fermata / arresto,Passeggero,F,Rimandato,0,NON DECEDUTO,Non accertato,,
3983937,8,11/09/2018 16:30:00,Strada Urbana,VIA GAGLIANO DEL CAPO,in prossimit�,,del civico n.,119,,Veicolo in marcia contro ostacolo accidentale,Rettilineo,Una carreggiata a doppio senso,Asciutto,Asfaltata,Orizzontale,Sereno,Scarso,Buona,Ore Diurne,0,0,0,1,12.651,41.8544,-1,1,Motociclo a solo,In marcia / fermata / arresto,Conducente,M,Illeso,0,,Non accertato,,
3983959,10,12/09/2018 00:30:00,Strada Urbana,VIA TUSCOLANA,da specificare,,,,palo ACEA 777 prox inter. Via Torre Spaccata.compl,Veicolo in marcia contro ostacolo fisso,Rettilineo,Pi� di due carreggiate,Asciutto,Asfaltata,Verticale,Sereno,Scarso,Sufficiente,Sufficiente,0,0,0,2,12.5786,41.8466,-1,1,Autovettura privata,In marcia / fermata / arresto,Conducente,M,Illeso,0,,Non utilizzato,Inesploso,
3983959,10,12/09/2018 00:30:00,Strada Urbana,VIA TUSCOLANA,da specificare,,,,palo ACEA 777 prox inter. Via Torre Spaccata.compl,Veicolo in marcia contro ostacolo fisso,Rettilineo,Pi� di due carreggiate,Asciutto,Asfaltata,Verticale,Sereno,Scarso,Sufficiente,Sufficiente,0,0,0,2,12.5786,41.8466,-1,1,Autovettura privata,In marcia / fermata / arresto,Passeggero,F,Illeso,0,,Non accertato,Inesploso,
3983960,1,09/09/2018 11:30:00,Strada Urbana,VIA QUINTINO SELLA,all'intersezione con,VIA FLAVIA,VIA FLAVIA,,,Scontro frontale/laterale DX fra veicoli in marcia,Intersezione stradale segnalata,Una carreggiata a senso unico di marcia,Asciutto,In cubetti di porfido,Orizzontale,Sereno,Scarso,Buona,Ore Diurne,0,0,0,3,12.4968,41.9068,-1,1,Autovettura pubblica,In marcia / fermata / arresto,Conducente,M,Illeso,0,,Non accertato,Inesploso,
3983960,1,09/09/2018 11:30:00,Strada Urbana,VIA QUINTINO SELLA,all'intersezione con,VIA FLAVIA,VIA FLAVIA,,,Scontro frontale/laterale DX fra veicoli in marcia,Intersezione stradale segnalata,Una carreggiata a senso unico di marcia,Asciutto,In cubetti di porfido,Orizzontale,Sereno,Scarso,Buona,Ore Diurne,0,0,0,3,12.4968,41.9068,-1,2,Autovettura privata,In marcia / fermata / arresto,Conducente,F,Illeso,0,,Non accertato,Inesploso,
3983960,1,09/09/2018 11:30:00,Strada Urbana,VIA QUINTINO SELLA,all'intersezione con,VIA FLAVIA,VIA FLAVIA,,,Scontro frontale/laterale DX fra veicoli in marcia,Intersezione stradale segnalata,Una carreggiata a senso unico di marcia,Asciutto,In cubetti di porfido,Orizzontale,Sereno,Scarso,Buona,Ore Diurne,0,0,0,3,12.4968,41.9068,-1,2,Autovettura privata,In marcia / fermata / arresto,Passeggero,F,Illeso,0,,Non accertato,Inesploso,
3983961,19,11/09/2018 18:30:00,Strada Urbana,VIA MATTIA BATTISTINI,all'intersezione con,VIA DELLE CALASANZIANE,VIA DELLE CALASANZIANE,,,Scontro frontale/laterale DX fra veicoli in marcia,Incrocio,Una carreggiata a doppio senso,Asciutto,Asfaltata,Verticale ed orizzontale,Sereno,Normale,Buona,Ore Diurne,0,0,0,2,12.4184,41.9139,-1,1,Autovettura privata,In marcia / fermata / arresto,Conducente,F,Illeso,0,,Non accertato,,
3983961,19,11/09/2018 18:30:00,Strada Urbana,VIA MATTIA BATTISTINI,all'intersezione con,VIA DELLE CALASANZIANE,VIA DELLE CALASANZIANE,,,Scontro frontale/laterale DX fra veicoli in marcia,Incrocio,Una carreggiata a doppio senso,Asciutto,Asfaltata,Verticale ed orizzontale,Sereno,Normale,Buona,Ore Diurne,0,0,0,2,12.4184,41.9139,-1,2,Autovettura privata,In marcia / fermata / arresto,Conducente,F,Illeso,0,,Non accertato,,
3983962,12,12/09/2018 06:50:00,Provinciale entro l'abitato,VIA LAURENTINA,all'intersezione con,VIA DI TOR PAGNOTTA,VIA DI TOR PAGNOTTA,,,Scontro laterale fra veicoli in marcia,Rotatoria,Una carreggiata a senso unico di marcia,Asciutto,Asfaltata,Verticale ed orizzontale,Sereno,Normale,Buona,Ore Diurne,0,0,0,2,12.4824,41.8036,-1,1,Autovettura privata,In marcia / fermata / arresto,Conducente,F,Illeso,0,,Non accertato,Inesploso,
3983962,12,12/09/2018 06:50:00,Provinciale entro l'abitato,VIA LAURENTINA,all'intersezione con,VIA DI TOR PAGNOTTA,VIA DI TOR PAGNOTTA,,,Scontro laterale fra veicoli in marcia,Rotatoria,Una carreggiata a senso unico di marcia,Asciutto,Asfaltata,Verticale ed orizzontale,Sereno,Normale,Buona,Ore Diurne,0,0,0,2,12.4824,41.8036,-1,2,Filobus,In marcia / fermata / arresto,Conducente,M,Illeso,0,,Non accertato,Inesploso,
3983979,13,11/09/2018 10:40:00,Strada Urbana,VIALE DELLE REPUBBLICHE MARINARE,all'intersezione con,CORSO DUCA DI GENOVA,CORSO DUCA DI GENOVA,,,Scontro frontale/laterale DX fra veicoli in marcia,Incrocio,Due carreggiate,Asciutto,Asfaltata,Verticale ed orizzontale,Sereno,Normale,Buona,Ore Diurne,0,0,0,2,12.2682,41.735,-1,1,Autovettura privata,In marcia / fermata / arresto,Conducente,F,Illeso,0,,Non accertato,Inesploso,
3983979,13,11/09/2018 10:40:00,Strada Urbana,VIALE DELLE REPUBBLICHE MARINARE,all'intersezione con,CORSO DUCA DI GENOVA,CORSO DUCA DI GENOVA,,,Scontro frontale/laterale DX fra veicoli in marcia,Incrocio,Due carreggiate,Asciutto,Asfaltata,Verticale ed orizzontale,Sereno,Normale,Buona,Ore Diurne,0,0,0,2,12.2682,41.735,-1,2,Autovettura privata,In marcia / fermata / arresto,Conducente,F,Illeso,0,,Non accertato,Inesploso,
3983985,17,11/09/2018 12:30:00,Strada Urbana,VIA TACITO,all'intersezione con,VIA CASSIODORO,VIA CASSIODORO,,,Scontro frontale/laterale SX fra veicoli in marcia,Incrocio,Una carreggiata a senso unico di marcia,Asciutto,Acciotolata,Verticale ed orizzontale,Sereno,Normale,Buona,Ore Diurne,1,0,0,1,12.4675,41.9069,-1,1,Autovettura pubblica,In marcia / fermata / arresto,Conducente,M,Illeso,0,,Non accertato,,
3983985,17,11/09/2018 12:30:00,Strada Urbana,VIA TACITO,all'intersezione con,VIA CASSIODORO,VIA CASSIODORO,,,Scontro frontale/laterale SX fra veicoli in marcia,Incrocio,Una carreggiata a senso unico di marcia,Asciutto,Acciotolata,Verticale ed orizzontale,Sereno,Normale,Buona,Ore Diurne,1,0,0,1,12.4675,41.9069,-1,2,Autovettura privata,In marcia / fermata / arresto,Conducente,F,Ricoverato,0,NON DECEDUTO,Non accertato,,
3983992,4,11/09/2018 10:45:00,Strada Urbana,VIA FLAVIO ANDO',in prossimit�,,del civico n.,12,,Veicolo in marcia contro veicolo in sosta,Rettilineo,Una carreggiata a doppio senso,Asciutto,Asfaltata,Verticale ed orizzontale,Sereno,Normale,Buona,Ore Diurne,0,0,0,2,12.5217,41.9667,-1,2,Autocarro inferiore 35 q.,In marcia / fermata / arresto,Conducente,M,Illeso,0,,Non accertato,Inesploso,
3983992,4,11/09/2018 10:45:00,Strada Urbana,VIA FLAVIO ANDO',in prossimit�,,del civico n.,12,,Veicolo in marcia contro veicolo in sosta,Rettilineo,Una carreggiata a doppio senso,Asciutto,Asfaltata,Verticale ed orizzontale,Sereno,Normale,Buona,Ore Diurne,0,0,0,2,12.5217,41.9667,-1,2,Autocarro inferiore 35 q.,In marcia / fermata / arresto,Passeggero,F,Illeso,0,,Non accertato,Inesploso,
3983993,20,11/09/2018 10:45:00,Strada Urbana,VIA DEL FORO ITALICO,da specificare,,,,prossimit� Galleria Giovanni XXIII dir. Trionfale ,Tamponamento,Rettilineo,Una carreggiata a senso unico di marcia,Asciutto,Asfaltata,Verticale ed orizzontale,Sereno,Normale,Buona,Ore Diurne,0,0,0,2,12.4828,41.94,-1,1,Motociclo con passeggero,In marcia / fermata / arresto,Conducente,M,Illeso,0,,,,
3983993,20,11/09/2018 10:45:00,Strada Urbana,VIA DEL FORO ITALICO,da specificare,,,,prossimit� Galleria Giovanni XXIII dir. Trionfale ,Tamponamento,Rettilineo,Una carreggiata a senso unico di marcia,Asciutto,Asfaltata,Verticale ed orizzontale,Sereno,Normale,Buona,Ore Diurne,0,0,0,2,12.4828,41.94,-1,2,Autovettura privata,In marcia / fermata / arresto,Conducente,M,Illeso,0,,,,
3983996,7,11/09/2018 18:55:00,Strada Urbana,VIA DEGLI ACERI,all'intersezione con,VIA DELLE AZALEE,VIA DELLE AZALEE,,,Scontro laterale fra veicoli in marcia,Incrocio,Una carreggiata a senso unico di marcia,Asciutto,Asfaltata,Verticale ed orizzontale,Sereno,Scarso,Sufficiente,Ore Diurne,0,0,0,4,12.569,41.8782,-1,1,Autovettura privata,In marcia / fermata / arresto,Conducente,M,Illeso,0,,Non accertato,Inesploso,
3983996,7,11/09/2018 18:55:00,Strada Urbana,VIA DEGLI ACERI,all'intersezione con,VIA DELLE AZALEE,VIA DELLE AZALEE,,,Scontro laterale fra veicoli in marcia,Incrocio,Una carreggiata a senso unico di marcia,Asciutto,Asfaltata,Verticale ed orizzontale,Sereno,Scarso,Sufficiente,Ore Diurne,0,0,0,4,12.569,41.8782,-1,1,Autovettura privata,In marcia / fermata / arresto,Passeggero,F,Illeso,0,,Non accertato,Inesploso,
3983996,7,11/09/2018 18:55:00,Strada Urbana,VIA DEGLI ACERI,all'intersezione con,VIA DELLE AZALEE,VIA DELLE AZALEE,,,Scontro laterale fra veicoli in marcia,Incrocio,Una carreggiata a senso unico di marcia,Asciutto,Asfaltata,Verticale ed orizzontale,Sereno,Scarso,Sufficiente,Ore Diurne,0,0,0,4,12.569,41.8782,-1,1,Autovettura privata,In marcia / fermata / arresto,Passeggero,F,Illeso,0,,Non accertato,Inesploso,
3983996,7,11/09/2018 18:55:00,Strada Urbana,VIA DEGLI ACERI,all'intersezione con,VIA DELLE AZALEE,VIA DELLE AZALEE,,,Scontro laterale fra veicoli in marcia,Incrocio,Una carreggiata a senso unico di marcia,Asciutto,Asfaltata,Verticale ed orizzontale,Sereno,Scarso,Sufficiente,Ore Diurne,0,0,0,4,12.569,41.8782,-1,2,Autovettura privata,In marcia / fermata / arresto,Conducente,M,Illeso,0,,Non accertato,Inesploso,
3984002,12,11/09/2018 09:40:00,Regionale,VIA PONTINA,da specificare,,,,KM 15,900 DIR. LATINA,Scontro frontale/laterale SX fra veicoli in marcia,Curva senza visuale libera,Due carreggiate,Asciutto,Asfaltata,Verticale ed orizzontale,Sereno,Normale,Buona,Ore Diurne,0,0,0,1,12.8234,41.5412,-1,1,Autovettura privata,In marcia / fermata / arresto,Conducente,M,Illeso,0,,Utilizzato,
3984011,10,11/09/2018 16:40:00,Strada Urbana,VIA LUCREZIA ROMANA,all'intersezione con,VIA MARIO BROGLIO,VIA MARIO BROGLIO,,,Scontro frontale/laterale SX fra veicoli in marcia,Intersezione stradale segnalata,Una carreggiata a doppio senso,Asciutto,Asfaltata,Verticale ed orizzontale,Sereno,Normale,Buona,Ore Diurne,0,0,0,2,12.5784,41.8323,-1,1,Autovettura privata,In marcia / fermata / arresto,Conducente,M,Illeso,0,,Non accertato,Esploso,
3984011,10,11/09/2018 16:40:00,Strada Urbana,VIA LUCREZIA ROMANA,all'intersezione con,VIA MARIO BROGLIO,VIA MARIO BROGLIO,,,Scontro frontale/laterale SX fra veicoli in marcia,Intersezione stradale segnalata,Una carreggiata a doppio senso,Asciutto,Asfaltata,Verticale ed orizzontale,Sereno,Normale,Buona,Ore Diurne,0,0,0,2,12.5784,41.8323,-1,2,Autovettura privata,In marcia / fermata / arresto,Conducente,F,Illeso,0,,Non accertato,Esploso,
3984020,20,10/09/2018 16:15:00,Strada Urbana,VIA GOFFREDO ZIGNANI,all'intersezione con,VIA DELLA STAZIONE DI CESANO,VIA DELLA STAZIONE DI CESANO,,,Scontro laterale fra veicoli in marcia,Incrocio,Una carreggiata a doppio senso,Asciutto,Asfaltata,Verticale,Sereno,Normale,Buona,Ore Diurne,0,0,0,2,12.3358,42.0703,-1,1,Autovettura privata,In marcia / fermata / arresto,Conducente,M,Illeso,0,,Non accertato,Inesploso,
3984020,20,10/09/2018 16:15:00,Strada Urbana,VIA GOFFREDO ZIGNANI,all'intersezione con,VIA DELLA STAZIONE DI CESANO,VIA DELLA STAZIONE DI CESANO,,,Scontro laterale fra veicoli in marcia,Incrocio,Una carreggiata a doppio senso,Asciutto,Asfaltata,Verticale,Sereno,Normale,Buona,Ore Diurne,0,0,0,2,12.3358,42.0703,-1,2,Autovettura privata,In marcia / fermata / arresto,Conducente,M,Illeso,0,,Non accertato,Inesploso,
3984033,2,11/09/2018 17:45:00,Strada Urbana,VIALE PARIOLI,in prossimit�,,del civico n.,93,,Tamponamento,Rettilineo,Una carreggiata a doppio senso,Asciutto,Asfaltata,Verticale ed orizzontale,Sereno,Normale,Buona,Ore Diurne,1,0,0,1,12.486,41.9285,-1,1,Autovettura privata,In marcia / fermata / arresto,Conducente,F,Illeso,0,,,,
3984033,2,11/09/2018 17:45:00,Strada Urbana,VIALE PARIOLI,in prossimit�,,del civico n.,93,,Tamponamento,Rettilineo,Una carreggiata a doppio senso,Asciutto,Asfaltata,Verticale ed orizzontale,Sereno,Normale,Buona,Ore Diurne,1,0,0,1,12.486,41.9285,-1,2,Autovettura privata,In marcia / fermata / arresto,Conducente,F,Rifiuta cure immediate,0,NON DECEDUTO,,,
3984070,12,12/09/2018 07:50:00,Statale,VIA OSTIENSE,da specificare,,,,altezza G.R.A. direzione Roma,Infortunio per sola frenata improvvisa,Dosso,Una carreggiata a senso unico di marcia,Asciutto,Asfaltata,Verticale ed orizzontale,Sereno,Intenso,Buona,Ore Diurne,1,0,0,0,12.4248,41.8109,-1,1,Motociclo a solo,In marcia / fermata / arresto,Conducente,M,Ricoverato,0,NON DECEDUTO,Utilizzato,,
3984079,10,12/09/2018 08:00:00,Strada Urbana,VIA ORAZIO RAIMONDO,in prossimit�,,del civico n.,21,,Tamponamento,Rettilineo,Una carreggiata a senso unico di marcia,Asciutto,Asfaltata,Assente,Sereno,Scarso,Buona,Ore Diurne,0,0,0,2,,,0,1,Autovettura privata,In marcia / fermata / arresto,Conducente,M,Illeso,0,,Non accertato,Inesploso,
3984079,10,12/09/2018 08:00:00,Strada Urbana,VIA ORAZIO RAIMONDO,in prossimit�,,del civico n.,21,,Tamponamento,Rettilineo,Una carreggiata a senso unico di marcia,Asciutto,Asfaltata,Assente,Sereno,Scarso,Buona,Ore Diurne,0,0,0,2,,,0,1,Autovettura privata,In marcia / fermata / arresto,Passeggero,F,Illeso,0,,Non accertato,Inesploso,
3984118,1,09/09/2018 08:25:00,Strada Urbana,VIA GIOVANNI GIOLITTI,in prossimit�,,del civico n.,275,,Veicolo in marcia contro veicolo in sosta,Rettilineo,Una carreggiata a senso unico di marcia,Asciutto,Asfaltata,Verticale ed orizzontale,Sereno,Scarso,Buona,Ore Diurne,0,0,0,3,12.5073,41.8963,-1,1,Autovettura privata,In marcia / fermata / arresto,Conducente,F,Illeso,0,,Non accertato,Inesploso,
3984118,1,09/09/2018 08:25:00,Strada Urbana,VIA GIOVANNI GIOLITTI,in prossimit�,,del civico n.,275,,Veicolo in marcia contro veicolo in sosta,Rettilineo,Una carreggiata a senso unico di marcia,Asciutto,Asfaltata,Verticale ed orizzontale,Sereno,Scarso,Buona,Ore Diurne,0,0,0,3,12.5073,41.8963,-1,1,Autovettura privata,In marcia / fermata / arresto,Passeggero,M,Illeso,0,,Non accertato,Inesploso,
3984118,1,09/09/2018 08:25:00,Strada Urbana,VIA GIOVANNI GIOLITTI,in prossimit�,,del civico n.,275,,Veicolo in marcia contro veicolo in sosta,Rettilineo,Una carreggiata a senso unico di marcia,Asciutto,Asfaltata,Verticale ed orizzontale,Sereno,Scarso,Buona,Ore Diurne,0,0,0,3,12.5073,41.8963,-1,1,Autovettura privata,In marcia / fermata / arresto,Passeggero,F,Illeso,0,,Non accertato,Inesploso,
3984119,6,12/09/2018 08:35:00,Provinciale entro l'abitato,VIA PRENESTINA,all'intersezione con,VIA ARGENTINA ALTOBELLI,VIA ARGENTINA ALTOBELLI,,,Scontro laterale fra veicoli in marcia,Incrocio,Pi� di due carreggiate,Asciutto,Asfaltata,Verticale ed orizzontale,Sereno,Intenso,Buona,Ore Diurne,0,0,0,2,12.5641,41.8951,-1,1,Autovettura privata,In marcia / fermata / arresto,Conducente,M,Illeso,0,,Non accertato,Inesploso,
3984119,6,12/09/2018 08:35:00,Provinciale entro l'abitato,VIA PRENESTINA,all'intersezione con,VIA ARGENTINA ALTOBELLI,VIA ARGENTINA ALTOBELLI,,,Scontro laterale fra veicoli in marcia,Incrocio,Pi� di due carreggiate,Asciutto,Asfaltata,Verticale ed orizzontale,Sereno,Intenso,Buona,Ore Diurne,0,0,0,2,12.5641,41.8951,-1,2,Autocarro inferiore 35 q.,In marcia / fermata / arresto,Conducente,M,Illeso,0,,Non accertato,Inesploso,
3984120,5,12/09/2018 08:00:00,Strada Urbana,VIA CESARE MASSINI,in prossimit�,,del civico n.,54,,Scontro frontale/laterale SX fra veicoli in marcia,Rettilineo,Una carreggiata a doppio senso,Asciutto,Asfaltata,Assente,Sereno,Normale,Buona,Ore Diurne,0,0,0,2,12.5711,41.9093,-1,1,Autovettura privata,In marcia / fermata / arresto,Conducente,M,Illeso,0,,Non accertato,,
3984120,5,12/09/2018 08:00:00,Strada Urbana,VIA CESARE MASSINI,in prossimit�,,del civico n.,54,,Scontro frontale/laterale SX fra veicoli in marcia,Rettilineo,Una carreggiata a doppio senso,Asciutto,Asfaltata,Assente,Sereno,Normale,Buona,Ore Diurne,0,0,0,2,12.5711,41.9093,-1,2,Autovettura privata,In marcia / fermata / arresto,Conducente,F,Illeso,0,,Non accertato,Inesploso,
3984123,13,11/09/2018 12:45:00,Strada Urbana,PIAZZALE MAGELLANO,in prossimit�,,del civico n.,10,,Scontro frontale/laterale SX fra veicoli in marcia,Rettilineo,Una carreggiata a senso unico di marcia,Asciutto,Asfaltata,Assente,Sereno,Normale,Buona,Ore Diurne,0,0,0,2,12.2885,41.7259,-1,1,Autovettura privata,In marcia / fermata / arresto,Conducente,F,Illeso,0,,Non accertato,Inesploso,
3984123,13,11/09/2018 12:45:00,Strada Urbana,PIAZZALE MAGELLANO,in prossimit�,,del civico n.,10,,Scontro frontale/laterale SX fra veicoli in marcia,Rettilineo,Una carreggiata a senso unico di marcia,Asciutto,Asfaltata,Assente,Sereno,Normale,Buona,Ore Diurne,0,0,0,2,12.2885,41.7259,-1,2,Quadriciclo leggero,In marcia / fermata / arresto,Conducente,M,Illeso,0,,Non accertato,Inesploso,
3984168,13,11/09/2018 22:10:00,Strada Urbana,LUNGOMARE PAOLO TOSCANELLI,all'intersezione con,VIA DEGLI ALDOBRANDINI,VIA DEGLI ALDOBRANDINI,,,Scontro laterale fra veicoli in marcia,Incrocio,Due carreggiate,Asciutto,Asfaltata,Orizzontale,Sereno,Normale,Sufficiente,Sufficiente,0,0,0,4,12.2749,41.7301,-1,1,Autovettura privata,In marcia / fermata / arresto,Conducente,M,Illeso,0,,Non accertato,Inesploso,
3984168,13,11/09/2018 22:10:00,Strada Urbana,LUNGOMARE PAOLO TOSCANELLI,all'intersezione con,VIA DEGLI ALDOBRANDINI,VIA DEGLI ALDOBRANDINI,,,Scontro laterale fra veicoli in marcia,Incrocio,Due carreggiate,Asciutto,Asfaltata,Orizzontale,Sereno,Normale,Sufficiente,Sufficiente,0,0,0,4,12.2749,41.7301,-1,1,Autovettura privata,In marcia / fermata / arresto,Passeggero,F,Illeso,0,,Non accertato,Inesploso,
3984168,13,11/09/2018 22:10:00,Strada Urbana,LUNGOMARE PAOLO TOSCANELLI,all'intersezione con,VIA DEGLI ALDOBRANDINI,VIA DEGLI ALDOBRANDINI,,,Scontro laterale fra veicoli in marcia,Incrocio,Due carreggiate,Asciutto,Asfaltata,Orizzontale,Sereno,Normale,Sufficiente,Sufficiente,0,0,0,4,12.2749,41.7301,-1,2,Autovettura privata,In marcia / fermata / arresto,Conducente,F,Illeso,0,,Non accertato,Inesploso,
3984168,13,11/09/2018 22:10:00,Strada Urbana,LUNGOMARE PAOLO TOSCANELLI,all'intersezione con,VIA DEGLI ALDOBRANDINI,VIA DEGLI ALDOBRANDINI,,,Scontro laterale fra veicoli in marcia,Incrocio,Due carreggiate,Asciutto,Asfaltata,Orizzontale,Sereno,Normale,Sufficiente,Sufficiente,0,0,0,4,12.2749,41.7301,-1,2,Autovettura privata,In marcia / fermata / arresto,Passeggero,M,Illeso,0,,Non accertato,Inesploso,
3984175,1,11/09/2018 17:20:00,Strada Urbana,PIAZZA DELLA BOCCA DELLA VERITA',in prossimit�,,del palo luce n.,8,,Investimento di pedone,Rettilineo,Una carreggiata a doppio senso,Asciutto,Acciotolata,Verticale ed orizzontale,Sereno,Normale,Buona,Ore Diurne,1,0,0,3,12.4815,41.8888,-1,,,,Pedone,M,Illeso,0,,,,
3984175,1,11/09/2018 17:20:00,Strada Urbana,PIAZZA DELLA BOCCA DELLA VERITA',in prossimit�,,del palo luce n.,8,,Investimento di pedone,Rettilineo,Una carreggiata a doppio senso,Asciutto,Acciotolata,Verticale ed orizzontale,Sereno,Normale,Buona,Ore Diurne,1,0,0,3,12.4815,41.8888,-1,,,,Pedone,F,Rimandato,0,NON DECEDUTO,,,
3984175,1,11/09/2018 17:20:00,Strada Urbana,PIAZZA DELLA BOCCA DELLA VERITA',in prossimit�,,del palo luce n.,8,,Investimento di pedone,Rettilineo,Una carreggiata a doppio senso,Asciutto,Acciotolata,Verticale ed orizzontale,Sereno,Normale,Buona,Ore Diurne,1,0,0,3,12.4815,41.8888,-1,1,Motociclo a solo,In marcia / fermata / arresto,Conducente,M,Illeso,0,,Non accertato,,
3984175,1,11/09/2018 17:20:00,Strada Urbana,PIAZZA DELLA BOCCA DELLA VERITA',in prossimit�,,del palo luce n.,8,,Investimento di pedone,Rettilineo,Una carreggiata a doppio senso,Asciutto,Acciotolata,Verticale ed orizzontale,Sereno,Normale,Buona,Ore Diurne,1,0,0,3,12.4815,41.8888,-1,2,Motociclo a solo,In marcia / fermata / arresto,Conducente,M,Illeso,0,,Non accertato,,