Protocollo,Gruppo,DataOraIncidente,Localizzazione1,STRADA1,Localizzazione2,STRADA2,Strada02,Chilometrica,DaSpecificare,NaturaIncidente,particolaritastrade,TipoStrada,FondoStradale,Pavimentazione,Segnaletica,CondizioneAtmosferica,Traffico,Visibilita,Illuminazione,NUM_FERITI,NUM_RISERVATA,NUM_MORTI,NUM_ILLESI,Longitudine,Latitudine,Confermato,Progressivo,TipoVeicolo,StatoVeicolo,TipoPersona,Sesso,Tipolesione,Deceduto,DecedutoDopo,CinturaCascoUtilizzato,Airbag,
3984185,7,12/09/2018 07:50:00,Strada Urbana,VIA DI TOR TRE TESTE,in prossimit�,,del palo luce n.,60,,Veicolo in marcia contro ostacolo accidentale,Curva a visuale libera,Una carreggiata a doppio senso,Asciutto,Asfaltata,Orizzontale,Sereno,Intenso,Buona,Ore Diurne,0,0,0,1,12.5917,41.8811,-1,1,Autovettura privata,In marcia / fermata / arresto,Conducente,M,Illeso,0,,Non accertato,Inesploso,
3984200,16,10/09/2018 18:45:00,Strada Urbana,VIA DI BRAVETTA,all'intersezione con,VIA DEI FELTRESCHI,VIA DEI FELTRESCHI,,,Scontro frontale/laterale DX fra veicoli in marcia,Intersezione non regolata/non segnalata,Una carreggiata a doppio senso,Asciutto,Asfaltata,Verticale ed orizzontale,Sereno,Normale,Buona,Sufficiente,0,0,0,3,12.4257,41.8762,-1,1,Autovettura privata,In marcia / fermata / arresto,Conducente,M,Illeso,0,,Non accertato,Inesploso,
3984200,16,10/09/2018 18:45:00,Strada Urbana,VIA DI BRAVETTA,all'intersezione con,VIA DEI FELTRESCHI,VIA DEI FELTRESCHI,,,Scontro frontale/laterale DX fra veicoli in marcia,Intersezione non regolata/non segnalata,Una carreggiata a doppio senso,Asciutto,Asfaltata,Verticale ed orizzontale,Sereno,Normale,Buona,Sufficiente,0,0,0,3,12.4257,41.8762,-1,1,Autovettura privata,In marcia / fermata / arresto,Passeggero,F,Illeso,0,,Non accertato,Inesploso,
3984200,16,10/09/2018 18:45:00,Strada Urbana,VIA DI BRAVETTA,all'intersezione con,VIA DEI FELTRESCHI,VIA DEI FELTRESCHI,,,Scontro frontale/laterale DX fra veicoli in marcia,Intersezione non regolata/non segnalata,Una carreggiata a doppio senso,Asciutto,Asfaltata,Verticale ed orizzontale,Sereno,Normale,Buona,Sufficiente,0,0,0,3,12.4257,41.8762,-1,2,Motociclo a solo,In marcia / fermata / arresto,Conducente,M,Illeso,0,,Non accertato,,
3984208,6,12/09/2018 09:10:00,Strada Urbana,VIA SAMPIERO DI BASTELICA,all'intersezione con,VIA GUGLIELMO DEGLI UBERTINI,VIA GUGLIELMO DEGLI UBERTINI,,,Scontro laterale fra veicoli in marcia,Intersezione stradale segnalata,Una carreggiata a senso unico di marcia,Asciutto,Asfaltata,Verticale,Sereno,Normale,Buona,Ore Diurne,1,0,0,1,12.5405,41.8909,-1,1,Autovettura privata,In marcia / fermata / arresto,Conducente,M,Rimandato,0,NON DECEDUTO,Non accertato,Inesploso,
3984208,6,12/09/2018 09:10:00,Strada Urbana,VIA SAMPIERO DI BASTELICA,all'intersezione con,VIA GUGLIELMO DEGLI UBERTINI,VIA GUGLIELMO DEGLI UBERTINI,,,Scontro laterale fra veicoli in marcia,Intersezione stradale segnalata,Una carreggiata a senso unico di marcia,Asciutto,Asfaltata,Verticale,Sereno,Normale,Buona,Ore Diurne,1,0,0,1,12.5405,41.8909,-1,2,Autovettura privata,In marcia / fermata / arresto,Conducente,F,Illeso,0,,Non accertato,Inesploso,
3984223,7,12/09/2018 07:51:00,Strada Urbana,VIA DI TOR TRE TESTE,in prossimit�,,del palo luce n.,60,,Veicolo in marcia contro ostacolo accidentale,Curva a visuale libera,Una carreggiata a doppio senso,Asciutto,Asfaltata,Orizzontale,Sereno,Intenso,Buona,Ore Diurne,0,0,0,1,12.5917,41.8811,-1,1,Autovettura privata,In marcia / fermata / arresto,Conducente,M,Illeso,0,,Non accertato,Inesploso,
3984231,17,11/09/2018 10:10:00,Strada Urbana,VIA MOCENIGO,da specificare,,,,in prossimit� di via Andrea Doria,Veicolo in marcia contro veicoli in sosta,Rettilineo,Una carreggiata a senso unico di marcia,Asciutto,Asfaltata,Verticale ed orizzontale,Sereno,Scarso,Buona,Ore Diurne,0,0,0,2,12.451,41.9094,-1,1,Autovettura privata,In marcia / fermata / arresto,Conducente,M,Illeso,0,,,,
3984231,17,11/09/2018 10:10:00,Strada Urbana,VIA MOCENIGO,da specificare,,,,in prossimit� di via Andrea Doria,Veicolo in marcia contro veicoli in sosta,Rettilineo,Una carreggiata a senso unico di marcia,Asciutto,Asfaltata,Verticale ed orizzontale,Sereno,Scarso,Buona,Ore Diurne,0,0,0,2,12.451,41.9094,-1,2,Autovettura privata,In marcia / fermata / arresto,Conducente,F,Illeso,0,,,,
3984239,1,11/09/2018 11:00:00,Strada Urbana,VIA DEL PLEBISCITO,all'intersezione semaforizzata con,PIAZZA DEL GESU',PIAZZA DEL GESU',,,Tamponamento,Intersezione semaforizzata,Una carreggiata a senso unico di marcia,Asciutto,Asfaltata,Verticale ed orizzontale,Sereno,Intenso,Buona,Ore Diurne,1,0,0,1,,,0,1,Autovettura pubblica,In marcia / fermata / arresto,Conducente,M,Illeso,0,,Non accertato,Inesploso,
3984239,1,11/09/2018 11:00:00,Strada Urbana,VIA DEL PLEBISCITO,all'intersezione semaforizzata con,PIAZZA DEL GESU',PIAZZA DEL GESU',,,Tamponamento,Intersezione semaforizzata,Una carreggiata a senso unico di marcia,Asciutto,Asfaltata,Verticale ed orizzontale,Sereno,Intenso,Buona,Ore Diurne,1,0,0,1,,,0,2,Motociclo a solo,In marcia / fermata / arresto,Conducente,F,Rimandato,0,NON DECEDUTO,Non accertato,,
3984257,7,12/09/2018 07:49:00,Strada Urbana,VIA DI TOR TRE TESTE,in prossimit�,,del palo luce n.,60,,Veicolo in marcia contro ostacolo accidentale,Curva a visuale libera,Una carreggiata a doppio senso,Asciutto,Asfaltata,Orizzontale,Sereno,Intenso,Buona,Ore Diurne,0,0,0,1,12.5917,41.8811,-1,1,Autovettura privata,In marcia / fermata / arresto,Conducente,M,Illeso,0,,Non accertato,Inesploso,
3984283,7,12/09/2018 07:52:00,Strada Urbana,VIA DI TOR TRE TESTE,in prossimit�,,del palo luce n.,60,,Veicolo in marcia contro ostacolo accidentale,Curva a visuale libera,Una carreggiata a doppio senso,Asciutto,Asfaltata,Orizzontale,Sereno,Intenso,Buona,Ore Diurne,0,0,0,1,12.5917,41.8811,-1,1,Autovettura privata,In marcia / fermata / arresto,Conducente,M,Illeso,0,,Non accertato,Inesploso,
3984285,1,11/09/2018 16:40:00,Strada Urbana,LUNGOTEVERE DEI PIERLEONI,in prossimit�,,del civico n.,6,,Scontro laterale fra veicoli in marcia,Curva senza visuale libera,Una carreggiata a senso unico di marcia,Asciutto,Asfaltata,Verticale ed orizzontale,Sereno,Normale,Buona,Ore Diurne,0,0,0,2,12.4801,41.8893,-1,1,Autovettura privata,In marcia / fermata / arresto,Conducente,M,Illeso,0,,Non accertato,Inesploso,
3984285,1,11/09/2018 16:40:00,Strada Urbana,LUNGOTEVERE DEI PIERLEONI,in prossimit�,,del civico n.,6,,Scontro laterale fra veicoli in marcia,Curva senza visuale libera,Una carreggiata a senso unico di marcia,Asciutto,Asfaltata,Verticale ed orizzontale,Sereno,Normale,Buona,Ore Diurne,0,0,0,2,12.4801,41.8893,-1,2,Autovettura privata,In marcia / fermata / arresto,Conducente,F,Illeso,0,,Non accertato,Inesploso,
3984296,13,11/09/2018 17:00:00,Statale,VIA DEL MARE,in prossimit�,,della chilometrica,22.8,,Tamponamento,Rettilineo,Una carreggiata a doppio senso,Asciutto,Asfaltata,Orizzontale,Sereno,Normale,Buona,Ore Diurne,0,0,0,2,12.4632,41.8403,-1,1,Autocarro inferiore 35 q.,In marcia / fermata / arresto,Conducente,M,Illeso,0,,Non accertato,Inesploso,
3984296,13,11/09/2018 17:00:00,Statale,VIA DEL MARE,in prossimit�,,della chilometrica,22.8,,Tamponamento,Rettilineo,Una carreggiata a doppio senso,Asciutto,Asfaltata,Orizzontale,Sereno,Normale,Buona,Ore Diurne,0,0,0,2,12.4632,41.8403,-1,2,Autovettura privata,In marcia / fermata / arresto,Conducente,M,Illeso,0,,Non accertato,Inesploso,
3984305,13,11/09/2018 18:50:00,Provinciale,VIA LITORANEA,in prossimit�,,della chilometrica,3,,Scontro laterale fra veicoli in marcia,Rettilineo,Una carreggiata a doppio senso,Asciutto,Asfaltata,Verticale ed orizzontale,Sereno,Normale,Buona,Ore Diurne,1,0,0,2,12.3735,41.6876,-1,1,Motociclo a solo,In marcia / fermata / arresto,Conducente,M,Illeso,0,,Non accertato,,
3984305,13,11/09/2018 18:50:00,Provinciale,VIA LITORANEA,in prossimit�,,della chilometrica,3,,Scontro laterale fra veicoli in marcia,Rettilineo,Una carreggiata a doppio senso,Asciutto,Asfaltata,Verticale ed orizzontale,Sereno,Normale,Buona,Ore Diurne,1,0,0,2,12.3735,41.6876,-1,2,Motociclo a solo,In marcia / fermata / arresto,Conducente,M,Ricoverato,0,NON DECEDUTO,Utilizzato,,
3984305,13,11/09/2018 18:50:00,Provinciale,VIA LITORANEA,in prossimit�,,della chilometrica,3,,Scontro laterale fra veicoli in marcia,Rettilineo,Una carreggiata a doppio senso,Asciutto,Asfaltata,Verticale ed orizzontale,Sereno,Normale,Buona,Ore Diurne,1,0,0,2,12.3735,41.6876,-1,3,Autovettura privata,In marcia / fermata / arresto,Conducente,F,Illeso,0,,Non accertato,Inesploso,
3984307,17,11/09/2018 12:30:00,Strada Urbana,PIAZZALE DEGLI EROI,in prossimit�,,del civico n.,12,,Scontro laterale fra veicoli in marcia,Rotatoria,Due carreggiate,Asciutto,Asfaltata,Verticale ed orizzontale,Sereno,Normale,Buona,Ore Diurne,0,0,0,2,12.4481,41.9093,-1,1,Autovettura privata,In marcia / fermata / arresto,Conducente,M,Illeso,0,,,,
3984307,17,11/09/2018 12:30:00,Strada Urbana,PIAZZALE DEGLI EROI,in prossimit�,,del civico n.,12,,Scontro laterale fra veicoli in marcia,Rotatoria,Due carreggiate,Asciutto,Asfaltata,Verticale ed orizzontale,Sereno,Normale,Buona,Ore Diurne,0,0,0,2,12.4481,41.9093,-1,2,Motociclo a solo,In marcia / fermata / arresto,Conducente,M,Illeso,0,,,,
3984325,7,12/09/2018 08:35:00,Strada Urbana,VIA DI TOR TRE TESTE,in prossimit�,,del palo luce n.,60,,Veicolo in marcia contro ostacolo accidentale,Curva a visuale libera,Una carreggiata a doppio senso,Asciutto,Asfaltata,Orizzontale,Sereno,Intenso,Buona,Ore Diurne,0,0,0,1,12.5917,41.8811,-1,1,Autovettura privata,In marcia / fermata / arresto,Conducente,M,Illeso,0,,Non accertato,Inesploso,
3984336,12,12/09/2018 09:18:00,Strada Urbana,VIA CRISTOFORO COLOMBO,all'intersezione con,VIALE ASIA,VIALE ASIA,,,Scontro frontale/laterale DX fra veicoli in marcia,Incrocio,Due carreggiate,Asciutto,Asfaltata,Verticale ed orizzontale,Sereno,Normale,Buona,Ore Diurne,2,0,0,1,12.4121,41.786,-1,1,Motociclo con passeggero,In marcia / fermata / arresto,Conducente,M,Rimandato,0,NON DECEDUTO,Non accertato,,
3984336,12,12/09/2018 09:18:00,Strada Urbana,VIA CRISTOFORO COLOMBO,all'intersezione con,VIALE ASIA,VIALE ASIA,,,Scontro frontale/laterale DX fra veicoli in marcia,Incrocio,Due carreggiate,Asciutto,Asfaltata,Verticale ed orizzontale,Sereno,Normale,Buona,Ore Diurne,2,0,0,1,12.4121,41.786,-1,1,Motociclo con passeggero,In marcia / fermata / arresto,Passeggero,F,Rimandato,0,NON DECEDUTO,Non accertato,,
3984336,12,12/09/2018 09:18:00,Strada Urbana,VIA CRISTOFORO COLOMBO,all'intersezione con,VIALE ASIA,VIALE ASIA,,,Scontro frontale/laterale DX fra veicoli in marcia,Incrocio,Due carreggiate,Asciutto,Asfaltata,Verticale ed orizzontale,Sereno,Normale,Buona,Ore Diurne,2,0,0,1,12.4121,41.786,-1,2,Autovettura privata,In marcia / fermata / arresto,Conducente,M,Illeso,0,,Non accertato,Inesploso,
3984343,1,11/09/2018 14:15:00,Strada Urbana,VIA DEL FORO OLITORIO,all'intersezione semaforizzata con,VIA LUIGI PETROSELLI,VIA LUIGI PETROSELLI,,,Scontro laterale fra veicoli in marcia,Intersezione semaforizzata,Una carreggiata a doppio senso,Asciutto,Asfaltata,Verticale ed orizzontale,Sereno,Normale,Buona,Ore Diurne,0,0,0,2,12.4804,41.8908,-1,1,Autovettura privata,In marcia / fermata / arresto,Conducente,M,Illeso,0,,Non accertato,Inesploso,
3984343,1,11/09/2018 14:15:00,Strada Urbana,VIA DEL FORO OLITORIO,all'intersezione semaforizzata con,VIA LUIGI PETROSELLI,VIA LUIGI PETROSELLI,,,Scontro laterale fra veicoli in marcia,Intersezione semaforizzata,Una carreggiata a doppio senso,Asciutto,Asfaltata,Verticale ed orizzontale,Sereno,Normale,Buona,Ore Diurne,0,0,0,2,12.4804,41.8908,-1,2,Autovettura privata,In marcia / fermata / arresto,Conducente,M,Illeso,0,,Non accertato,,
3984361,2,11/09/2018 16:00:00,Strada Urbana,VIA SALARIA,in prossimit�,,del civico n.,403,,Tamponamento Multiplo,Curva a visuale libera,Una carreggiata a senso unico di marcia,Asciutto,Asfaltata,Orizzontale,Sereno,Normale,Buona,Ore Diurne,2,0,0,1,12.5093,41.9332,-1,1,Autovettura privata,In marcia / fermata / arresto,Conducente,M,Rifiuta cure immediate,0,NON DECEDUTO,,,
3984361,2,11/09/2018 16:00:00,Strada Urbana,VIA SALARIA,in prossimit�,,del civico n.,403,,Tamponamento Multiplo,Curva a visuale libera,Una carreggiata a senso unico di marcia,Asciutto,Asfaltata,Orizzontale,Sereno,Normale,Buona,Ore Diurne,2,0,0,1,12.5093,41.9332,-1,2,Autocarro inferiore 35 q.,In marcia / fermata / arresto,Conducente,M,Rifiuta cure immediate,0,NON DECEDUTO,,,
3984361,2,11/09/2018 16:00:00,Strada Urbana,VIA SALARIA,in prossimit�,,del civico n.,403,,Tamponamento Multiplo,Curva a visuale libera,Una carreggiata a senso unico di marcia,Asciutto,Asfaltata,Orizzontale,Sereno,Normale,Buona,Ore Diurne,2,0,0,1,12.5093,41.9332,-1,3,Autovettura privata,In marcia / fermata / arresto,Conducente,M,Illeso,0,,,,
3984363,2,11/09/2018 10:10:00,Strada Urbana,PIAZZA VESCOVIO,all'intersezione con,VIA DI PRISCILLA,VIA DI PRISCILLA,,,Veicolo in marcia contro veicolo in sosta,Incrocio,Una carreggiata a doppio senso,Asciutto,Asfaltata,Verticale ed orizzontale,Sereno,Normale,Buona,Ore Diurne,0,0,0,1,12.5122,41.9333,-1,2,Autobus urbano,In marcia / fermata / arresto,Conducente,M,Illeso,0,,Non accertato,Inesploso,
3984368,2,11/09/2018 17:00:00,Strada Urbana,LUNGOTEVERE SALVO D'ACQUISTO,da specificare,,,,pross. via Per�,Ribaltamento senza urto contro ostacolo fisso,Rettilineo,Una carreggiata a doppio senso,Asciutto,Asfaltata,Orizzontale,Sereno,Normale,Buona,Ore Diurne,2,0,0,0,12.4713,41.9352,-1,1,Motociclo a solo,In marcia / fermata / arresto,Conducente,M,Rifiuta cure immediate,0,NON DECEDUTO,,,
3984368,2,11/09/2018 17:00:00,Strada Urbana,LUNGOTEVERE SALVO D'ACQUISTO,da specificare,,,,pross. via Per�,Ribaltamento senza urto contro ostacolo fisso,Rettilineo,Una carreggiata a doppio senso,Asciutto,Asfaltata,Orizzontale,Sereno,Normale,Buona,Ore Diurne,2,0,0,0,12.4713,41.9352,-1,2,Motociclo a solo,In marcia / fermata / arresto,Conducente,M,Rifiuta cure immediate,0,NON DECEDUTO,,,
3984370,1,11/09/2018 12:00:00,Strada Urbana,VIA DI S. GREGORIO,all'intersezione con,VIA DEI CERCHI,VIA DEI CERCHI,,,Scontro laterale fra veicoli in marcia,Intersezione stradale segnalata,Due carreggiate,Asciutto,In cubetti di porfido,Verticale ed orizzontale,Sereno,Normale,Buona,Ore Diurne,0,0,0,2,12.4893,41.8852,-1,1,Autobus turistico,In marcia / fermata / arresto,Conducente,M,Illeso,0,,Non accertato,Inesploso,
3984370,1,11/09/2018 12:00:00,Strada Urbana,VIA DI S. GREGORIO,all'intersezione con,VIA DEI CERCHI,VIA DEI CERCHI,,,Scontro laterale fra veicoli in marcia,Intersezione stradale segnalata,Due carreggiate,Asciutto,In cubetti di porfido,Verticale ed orizzontale,Sereno,Normale,Buona,Ore Diurne,0,0,0,2,12.4893,41.8852,-1,2,Autovettura privata,In marcia / fermata / arresto,Conducente,M,Illeso,0,,Non accertato,Inesploso,
3984371,7,12/09/2018 08:40:00,Strada Urbana,VIA DI TOR TRE TESTE,in prossimit�,,del palo luce n.,60,,Veicolo in marcia contro ostacolo accidentale,Curva a visuale libera,Una carreggiata a doppio senso,Asciutto,Asfaltata,Orizzontale,Sereno,Intenso,Buona,Ore Diurne,0,0,0,1,12.5917,41.8811,-1,1,Autovettura privata,In marcia / fermata / arresto,Conducente,F,Illeso,0,,Non accertato,Inesploso,
3984372,2,11/09/2018 11:00:00,Strada Urbana,VIA GUIDUBALDO DEL MONTE,da specificare,,,,altezza Viale Maresciallo Pilsudski,Tamponamento,Rettilineo,Una carreggiata a senso unico di marcia,Asciutto,Asfaltata,Verticale ed orizzontale,Sereno,Normale,Buona,Ore Diurne,0,0,0,2,12.4781,41.9284,-1,1,Autocarro inferiore 35 q.,In marcia / fermata / arresto,Conducente,M,Illeso,0,,Non accertato,Inesploso,
3984372,2,11/09/2018 11:00:00,Strada Urbana,VIA GUIDUBALDO DEL MONTE,da specificare,,,,altezza Viale Maresciallo Pilsudski,Tamponamento,Rettilineo,Una carreggiata a senso unico di marcia,Asciutto,Asfaltata,Verticale ed orizzontale,Sereno,Normale,Buona,Ore Diurne,0,0,0,2,12.4781,41.9284,-1,2,Autocarro inferiore 35 q.,In marcia / fermata / arresto,Conducente,M,Illeso,0,,Non accertato,Inesploso,
3984373,2,11/09/2018 18:20:00,Strada Urbana,VIA NINO OXILIA,all'intersezione con,VIA VITTORIO LOCCHI,VIA VITTORIO LOCCHI,,,Tamponamento,Incrocio,Una carreggiata a senso unico di marcia,Asciutto,Asfaltata,Verticale ed orizzontale,Sereno,Intenso,Buona,Ore Diurne,0,0,0,2,12.4909,41.925,-1,1,Quadriciclo leggero,In marcia / fermata / arresto,Conducente,F,Illeso,0,,,,
3984373,2,11/09/2018 18:20:00,Strada Urbana,VIA NINO OXILIA,all'intersezione con,VIA VITTORIO LOCCHI,VIA VITTORIO LOCCHI,,,Tamponamento,Incrocio,Una carreggiata a senso unico di marcia,Asciutto,Asfaltata,Verticale ed orizzontale,Sereno,Intenso,Buona,Ore Diurne,0,0,0,2,12.4909,41.925,-1,2,Autovettura di polizia,In marcia / fermata / arresto,Conducente,M,Illeso,0,,,,
3984377,2,11/09/2018 14:30:00,Strada Urbana,PIAZZA GIUSEPPE VERDI,all'intersezione con,VIA GIOVANNI BATTISTA MARTINI,VIA GIOVANNI BATTISTA MARTINI,,,Scontro laterale fra veicoli in marcia,Intersezione stradale segnalata,Una carreggiata a senso unico di marcia,Asciutto,Asfaltata,Verticale ed orizzontale,Sereno,Normale,Buona,Ore Diurne,0,0,0,2,12.495,41.9196,-1,1,Autovettura privata,In marcia / fermata / arresto,Conducente,F,Illeso,0,,Non accertato,Inesploso,
3984377,2,11/09/2018 14:30:00,Strada Urbana,PIAZZA GIUSEPPE VERDI,all'intersezione con,VIA GIOVANNI BATTISTA MARTINI,VIA GIOVANNI BATTISTA MARTINI,,,Scontro laterale fra veicoli in marcia,Intersezione stradale segnalata,Una carreggiata a senso unico di marcia,Asciutto,Asfaltata,Verticale ed orizzontale,Sereno,Normale,Buona,Ore Diurne,0,0,0,2,12.495,41.9196,-1,2,Autovettura pubblica,In marcia / fermata / arresto,Conducente,M,Illeso,0,,Non accertato,Inesploso,
3984411,6,12/09/2018 09:00:00,Strada Urbana,VIA L'AQUILA,in prossimit�,,del civico n.,33,,Veicolo in marcia contro veicolo fermo,Rettilineo,Una carreggiata a senso unico di marcia,Asciutto,Asfaltata,Orizzontale,Sereno,Normale,Buona,Ore Diurne,0,0,0,4,12.5253,41.8906,-1,1,Autovettura privata,In marcia / fermata / arresto,Conducente,M,Illeso,0,,Non accertato,Inesploso,
3984411,6,12/09/2018 09:00:00,Strada Urbana,VIA L'AQUILA,in prossimit�,,del civico n.,33,,Veicolo in marcia contro veicolo fermo,Rettilineo,Una carreggiata a senso unico di marcia,Asciutto,Asfaltata,Orizzontale,Sereno,Normale,Buona,Ore Diurne,0,0,0,4,12.5253,41.8906,-1,1,Autovettura privata,In marcia / fermata / arresto,Passeggero,F,Illeso,0,,Non accertato,Inesploso,
3984411,6,12/09/2018 09:00:00,Strada Urbana,VIA L'AQUILA,in prossimit�,,del civico n.,33,,Veicolo in marcia contro veicolo fermo,Rettilineo,Una carreggiata a senso unico di marcia,Asciutto,Asfaltata,Orizzontale,Sereno,Normale,Buona,Ore Diurne,0,0,0,4,12.5253,41.8906,-1,1,Autovettura privata,In marcia / fermata / arresto,Passeggero,F,Illeso,0,,Non accertato,Inesploso,
3984411,6,12/09/2018 09:00:00,Strada Urbana,VIA L'AQUILA,in prossimit�,,del civico n.,33,,Veicolo in marcia contro veicolo fermo,Rettilineo,Una carreggiata a senso unico di marcia,Asciutto,Asfaltata,Orizzontale,Sereno,Normale,Buona,Ore Diurne,0,0,0,4,12.5253,41.8906,-1,2,Motociclo a solo,In marcia / fermata / arresto,Conducente,M,Illeso,0,,Non accertato,,
3984501,23,11/09/2018 12:15:00,Strada Urbana,VIA GOITO,in corrispondenza,,del civico n.,34,,Veicolo in marcia contro veicoli in sosta,Rettilineo,Una carreggiata a senso unico di marcia,Asciutto,Asfaltata,Verticale ed orizzontale,Sereno,Normale,Buona,Ore Diurne,0,0,0,1,12.5008,41.9058,0,1,Autocarro inferiore 35 q.,In marcia / fermata / arresto,Conducente,M,Illeso,0,,Non utilizzato,Inesploso,
3984534,9,12/09/2018 10:00:00,Strada Urbana,VIA EURIALO,in corrispondenza,,del civico n.,1,,Investimento di pedone,Rettilineo,Una carreggiata a senso unico di marcia,Asciutto,Asfaltata,Orizzontale,Sereno,Normale,Buona,Ore Diurne,1,0,0,1,12.5243,41.8751,-1,,,,Pedone,F,Rimandato,0,NON DECEDUTO,,,
3984534,9,12/09/2018 10:00:00,Strada Urbana,VIA EURIALO,in corrispondenza,,del civico n.,1,,Investimento di pedone,Rettilineo,Una carreggiata a senso unico di marcia,Asciutto,Asfaltata,Orizzontale,Sereno,Normale,Buona,Ore Diurne,1,0,0,1,12.5243,41.8751,-1,1,Autovettura privata,In marcia / fermata / arresto,Conducente,M,Illeso,0,,,,
3984557,20,12/09/2018 10:25:00,Strada Urbana,VIALE DI TOR DI QUINTO,in prossimit�,,del civico n.,151,,Tamponamento,Rettilineo,Due carreggiate,Asciutto,Asfaltata,Verticale ed orizzontale,Sereno,Normale,Buona,Ore Diurne,1,0,0,1,12.4858,41.9476,-1,1,Autovettura privata,In marcia / fermata / arresto,Conducente,F,Illeso,0,,Non accertato,Inesploso,
3984557,20,12/09/2018 10:25:00,Strada Urbana,VIALE DI TOR DI QUINTO,in prossimit�,,del civico n.,151,,Tamponamento,Rettilineo,Due carreggiate,Asciutto,Asfaltata,Verticale ed orizzontale,Sereno,Normale,Buona,Ore Diurne,1,0,0,1,12.4858,41.9476,-1,2,Motociclo a solo,In marcia / fermata / arresto,Conducente,M,Rimandato,0,NON DECEDUTO,Non accertato,,
3984586,16,11/09/2018 06:50:00,Strada Urbana,VIA DELLA CONSOLATA,all'intersezione con,VIA DEI SALIMBENI,VIA DEI SALIMBENI,,,Scontro laterale fra veicoli in marcia,Incrocio,Una carreggiata a doppio senso,Asciutto,Asfaltata,Verticale ed orizzontale,Sereno,Normale,Sufficiente,Ore Diurne,0,0,0,2,12.4217,41.8767,-1,1,Motociclo a solo,In marcia / fermata / arresto,Conducente,M,Illeso,0,,Non accertato,,
3984586,16,11/09/2018 06:50:00,Strada Urbana,VIA DELLA CONSOLATA,all'intersezione con,VIA DEI SALIMBENI,VIA DEI SALIMBENI,,,Scontro laterale fra veicoli in marcia,Incrocio,Una carreggiata a doppio senso,Asciutto,Asfaltata,Verticale ed orizzontale,Sereno,Normale,Sufficiente,Ore Diurne,0,0,0,2,12.4217,41.8767,-1,2,Autovettura privata,In marcia / fermata / arresto,Conducente,M,Illeso,0,,Non accertato,Inesploso,
3984593,1,12/09/2018 09:50:00,Strada Urbana,VIA MARIA ADELAIDE,all'intersezione con,VIA MARIA CRISTINA,VIA MARIA CRISTINA,,,Scontro laterale fra veicoli in marcia,Incrocio,Una carreggiata a senso unico di marcia,Asciutto,Asfaltata,Verticale ed orizzontale,Sereno,Normale,Buona,Ore Diurne,1,0,0,1,12.474,41.9108,-1,1,Motociclo a solo,In marcia / fermata / arresto,Conducente,M,Rimandato,0,NON DECEDUTO,Non accertato,,
3984593,1,12/09/2018 09:50:00,Strada Urbana,VIA MARIA ADELAIDE,all'intersezione con,VIA MARIA CRISTINA,VIA MARIA CRISTINA,,,Scontro laterale fra veicoli in marcia,Incrocio,Una carreggiata a senso unico di marcia,Asciutto,Asfaltata,Verticale ed orizzontale,Sereno,Normale,Buona,Ore Diurne,1,0,0,1,12.474,41.9108,-1,2,Autovettura privata,In marcia / fermata / arresto,Conducente,M,Illeso,0,,Non accertato,Inesploso,
3984609,12,12/09/2018 12:30:00,Strada Urbana,VIALE DELL'ARTE,all'intersezione con,PIAZZALE DEGLI ARCHIVI,PIAZZALE DEGLI ARCHIVI,,,Scontro laterale fra veicoli in marcia,Intersezione semaforizzata,Una carreggiata a doppio senso,Asciutto,Asfaltata,Verticale ed orizzontale,Sereno,Normale,Buona,Ore Diurne,0,0,0,2,12.4742,41.8294,-1,1,Autovettura privata,In marcia / fermata / arresto,Conducente,M,Illeso,0,,Non accertato,Inesploso,
3984609,12,12/09/2018 12:30:00,Strada Urbana,VIALE DELL'ARTE,all'intersezione con,PIAZZALE DEGLI ARCHIVI,PIAZZALE DEGLI ARCHIVI,,,Scontro laterale fra veicoli in marcia,Intersezione semaforizzata,Una carreggiata a doppio senso,Asciutto,Asfaltata,Verticale ed orizzontale,Sereno,Normale,Buona,Ore Diurne,0,0,0,2,12.4742,41.8294,-1,2,Motociclo a solo,In marcia / fermata / arresto,Conducente,M,Illeso,0,,Non accertato,,
3984615,16,11/09/2018 09:30:00,Strada Urbana,VIA CAMILLO DE LELLIS,all'intersezione con,VIA CATERINA FIESCHI,VIA CATERINA FIESCHI,,,Scontro frontale/laterale DX fra veicoli in marcia,Incrocio,Due carreggiate,Asciutto,Asfaltata,Verticale ed orizzontale,Sereno,Normale,Buona,Ore Diurne,1,0,0,2,12.4506,41.8692,-1,1,Autovettura privata,In marcia / fermata / arresto,Conducente,F,Rifiuta cure immediate,0,NON DECEDUTO,Non accertato,Inesploso,
3984615,16,11/09/2018 09:30:00,Strada Urbana,VIA CAMILLO DE LELLIS,all'intersezione con,VIA CATERINA FIESCHI,VIA CATERINA FIESCHI,,,Scontro frontale/laterale DX fra veicoli in marcia,Incrocio,Due carreggiate,Asciutto,Asfaltata,Verticale ed orizzontale,Sereno,Normale,Buona,Ore Diurne,1,0,0,2,12.4506,41.8692,-1,2,Autovettura privata,In marcia / fermata / arresto,Conducente,F,Illeso,0,,Non accertato,Inesploso,