Protocollo,Gruppo,DataOraIncidente,Localizzazione1,STRADA1,Localizzazione2,STRADA2,Strada02,Chilometrica,DaSpecificare,NaturaIncidente,particolaritastrade,TipoStrada,FondoStradale,Pavimentazione,Segnaletica,CondizioneAtmosferica,Traffico,Visibilita,Illuminazione,NUM_FERITI,NUM_RISERVATA,NUM_MORTI,NUM_ILLESI,Longitudine,Latitudine,Confermato,Progressivo,TipoVeicolo,StatoVeicolo,TipoPersona,Sesso,Tipolesione,Deceduto,DecedutoDopo,CinturaCascoUtilizzato,Airbag,
3984615,16,11/09/2018 09:30:00,Strada Urbana,VIA CAMILLO DE LELLIS,all'intersezione con,VIA CATERINA FIESCHI,VIA CATERINA FIESCHI,,,Scontro frontale/laterale DX fra veicoli in marcia,Incrocio,Due carreggiate,Asciutto,Asfaltata,Verticale ed orizzontale,Sereno,Normale,Buona,Ore Diurne,1,0,0,2,12.4506,41.8692,-1,2,Autovettura privata,In marcia / fermata / arresto,Passeggero,F,Illeso,0,,Non accertato,Inesploso,
3984635,16,11/09/2018 10:30:00,Strada Urbana,VIALE DEI COLLI PORTUENSI,in corrispondenza,,del civico n.,48,,Tamponamento Multiplo,Pendenza,Una carreggiata a doppio senso,Asciutto,Asfaltata,Verticale ed orizzontale,Sereno,Normale,Buona,Ore Diurne,0,0,0,4,12.443,41.8757,-1,1,Autocarro inferiore 35 q.,In marcia / fermata / arresto,Conducente,M,Illeso,0,,Non accertato,,
3984635,16,11/09/2018 10:30:00,Strada Urbana,VIALE DEI COLLI PORTUENSI,in corrispondenza,,del civico n.,48,,Tamponamento Multiplo,Pendenza,Una carreggiata a doppio senso,Asciutto,Asfaltata,Verticale ed orizzontale,Sereno,Normale,Buona,Ore Diurne,0,0,0,4,12.443,41.8757,-1,2,Autovettura privata,In marcia / fermata / arresto,Conducente,F,Illeso,0,,Non accertato,,
3984635,16,11/09/2018 10:30:00,Strada Urbana,VIALE DEI COLLI PORTUENSI,in corrispondenza,,del civico n.,48,,Tamponamento Multiplo,Pendenza,Una carreggiata a doppio senso,Asciutto,Asfaltata,Verticale ed orizzontale,Sereno,Normale,Buona,Ore Diurne,0,0,0,4,12.443,41.8757,-1,3,Autovettura privata,In marcia / fermata / arresto,Conducente,F,Illeso,0,,Non accertato,,
3984635,16,11/09/2018 10:30:00,Strada Urbana,VIALE DEI COLLI PORTUENSI,in corrispondenza,,del civico n.,48,,Tamponamento Multiplo,Pendenza,Una carreggiata a doppio senso,Asciutto,Asfaltata,Verticale ed orizzontale,Sereno,Normale,Buona,Ore Diurne,0,0,0,4,12.443,41.8757,-1,3,Autovettura privata,In marcia / fermata / arresto,Passeggero,F,Illeso,0,,Non accertato,,
3984658,10,12/09/2018 12:00:00,Strada Urbana,VIA QUINTO PUBLICIO,in prossimit�,,del palo luce n.,15,,Veicolo in marcia contro ostacolo fisso,Curva a visuale libera,Due carreggiate,Asciutto,Asfaltata,Orizzontale,Sereno,Normale,Buona,Ore Diurne,0,0,1,0,12.5726,41.8563,-1,1,Autovettura privata,In marcia / fermata / arresto,Conducente,M,Prognosi riservata,0,DECEDUTO ENTRO SETTIMO GIORNO,Non accertato,Inesistente,
3984696,1,12/09/2018 09:15:00,Strada Urbana,LUNGOTEVERE TOR DI NONA,in prossimit�,,del civico n.,3,,Investimento di pedone,Rettilineo,Una carreggiata a senso unico di marcia,Asciutto,Asfaltata,Verticale ed orizzontale,Sereno,Intenso,Sufficiente,Ore Diurne,1,0,0,1,,,0,,,,Pedone,F,Rifiuta cure immediate,0,NON DECEDUTO,,,
3984696,1,12/09/2018 09:15:00,Strada Urbana,LUNGOTEVERE TOR DI NONA,in prossimit�,,del civico n.,3,,Investimento di pedone,Rettilineo,Una carreggiata a senso unico di marcia,Asciutto,Asfaltata,Verticale ed orizzontale,Sereno,Intenso,Sufficiente,Ore Diurne,1,0,0,1,,,0,1,Motociclo a solo,In marcia / fermata / arresto,Conducente,F,Illeso,0,,Non accertato,,
3984704,16,11/09/2018 13:30:00,Strada Urbana,VIA BERNARDINO RAMAZZINI,da specificare,,,,fronte civico 149,Tamponamento Multiplo,Rettilineo,Una carreggiata a doppio senso,Asciutto,Asfaltata,Verticale ed orizzontale,Nebbia,Intenso,Buona,Ore Diurne,1,0,0,3,12.4496,41.8647,-1,1,Autovettura privata,In marcia / fermata / arresto,Conducente,F,Rimandato,0,NON DECEDUTO,Non accertato,,
3984704,16,11/09/2018 13:30:00,Strada Urbana,VIA BERNARDINO RAMAZZINI,da specificare,,,,fronte civico 149,Tamponamento Multiplo,Rettilineo,Una carreggiata a doppio senso,Asciutto,Asfaltata,Verticale ed orizzontale,Nebbia,Intenso,Buona,Ore Diurne,1,0,0,3,12.4496,41.8647,-1,2,Autovettura pubblica,In marcia / fermata / arresto,Conducente,M,Illeso,0,,Non accertato,,
3984704,16,11/09/2018 13:30:00,Strada Urbana,VIA BERNARDINO RAMAZZINI,da specificare,,,,fronte civico 149,Tamponamento Multiplo,Rettilineo,Una carreggiata a doppio senso,Asciutto,Asfaltata,Verticale ed orizzontale,Nebbia,Intenso,Buona,Ore Diurne,1,0,0,3,12.4496,41.8647,-1,3,Autovettura privata,In marcia / fermata / arresto,Conducente,M,Illeso,0,,Non accertato,,
3984704,16,11/09/2018 13:30:00,Strada Urbana,VIA BERNARDINO RAMAZZINI,da specificare,,,,fronte civico 149,Tamponamento Multiplo,Rettilineo,Una carreggiata a doppio senso,Asciutto,Asfaltata,Verticale ed orizzontale,Nebbia,Intenso,Buona,Ore Diurne,1,0,0,3,12.4496,41.8647,-1,4,Autovettura privata,In marcia / fermata / arresto,Conducente,F,Illeso,0,,Non accertato,,
3984754,19,12/09/2018 12:40:00,Strada Urbana,VIA DELLA RISERVA GRANDE,in prossimit�,,del civico n.,175,,Tamponamento,Rettilineo,Una carreggiata a doppio senso,Asciutto,Asfaltata,Assente,Sereno,Scarso,Buona,Ore Diurne,2,0,0,0,12.3744,41.9461,-1,1,Autovettura privata,In marcia / fermata / arresto,Conducente,F,Rimandato,0,NON DECEDUTO,,,
3984754,19,12/09/2018 12:40:00,Strada Urbana,VIA DELLA RISERVA GRANDE,in prossimit�,,del civico n.,175,,Tamponamento,Rettilineo,Una carreggiata a doppio senso,Asciutto,Asfaltata,Assente,Sereno,Scarso,Buona,Ore Diurne,2,0,0,0,12.3744,41.9461,-1,2,Autovettura privata,In marcia / fermata / arresto,Conducente,F,Rimandato,0,NON DECEDUTO,,,
3984808,20,12/09/2018 12:30:00,Strada Urbana,VIALE DI TOR DI QUINTO,da specificare,,,,prossimit� palo ACEA 171,Veicolo in marcia contro veicolo fermo,Rettilineo,Due carreggiate,Asciutto,Asfaltata,Orizzontale,Sereno,Intenso,Buona,Ore Diurne,0,0,0,3,12.4827,41.9416,-1,1,Motociclo con passeggero,In marcia / fermata / arresto,Conducente,F,Illeso,0,,Non accertato,,
3984808,20,12/09/2018 12:30:00,Strada Urbana,VIALE DI TOR DI QUINTO,da specificare,,,,prossimit� palo ACEA 171,Veicolo in marcia contro veicolo fermo,Rettilineo,Due carreggiate,Asciutto,Asfaltata,Orizzontale,Sereno,Intenso,Buona,Ore Diurne,0,0,0,3,12.4827,41.9416,-1,1,Motociclo con passeggero,In marcia / fermata / arresto,Passeggero,F,Illeso,0,,Non accertato,,
3984808,20,12/09/2018 12:30:00,Strada Urbana,VIALE DI TOR DI QUINTO,da specificare,,,,prossimit� palo ACEA 171,Veicolo in marcia contro veicolo fermo,Rettilineo,Due carreggiate,Asciutto,Asfaltata,Orizzontale,Sereno,Intenso,Buona,Ore Diurne,0,0,0,3,12.4827,41.9416,-1,2,Autocarro inferiore 35 q.,In marcia / fermata / arresto,Conducente,M,Illeso,0,,,,
3984842,17,12/09/2018 13:00:00,Strada Urbana,CIRCONVALLAZIONE CLODIA,in prossimit�,,del civico n.,76/a,,Veicolo in marcia contro veicolo in sosta,Rettilineo,Due carreggiate,Asciutto,Asfaltata,Verticale,Sereno,Normale,Buona,Ore Diurne,0,0,0,1,12.4574,41.9201,-1,1,Autovettura privata,In marcia / fermata / arresto,Conducente,F,Illeso,0,,Non accertato,Inesploso,
3984856,20,12/09/2018 14:10:00,Regionale entro l'abitato,VIA CASSIA,in corrispondenza,,del civico n.,1042,,Scontro laterale fra veicoli in marcia,Curva a visuale libera,Una carreggiata a doppio senso,Asciutto,Asfaltata,Verticale ed orizzontale,Sereno,Scarso,Buona,Ore Diurne,0,0,0,3,12.427,41.9744,-1,1,Motociclo a solo,In marcia / fermata / arresto,Conducente,M,Illeso,0,,Non accertato,,
3984856,20,12/09/2018 14:10:00,Regionale entro l'abitato,VIA CASSIA,in corrispondenza,,del civico n.,1042,,Scontro laterale fra veicoli in marcia,Curva a visuale libera,Una carreggiata a doppio senso,Asciutto,Asfaltata,Verticale ed orizzontale,Sereno,Scarso,Buona,Ore Diurne,0,0,0,3,12.427,41.9744,-1,2,Autocarro inferiore 35 q.,In marcia / fermata / arresto,Conducente,M,Illeso,0,,Non accertato,Inesploso,
3984856,20,12/09/2018 14:10:00,Regionale entro l'abitato,VIA CASSIA,in corrispondenza,,del civico n.,1042,,Scontro laterale fra veicoli in marcia,Curva a visuale libera,Una carreggiata a doppio senso,Asciutto,Asfaltata,Verticale ed orizzontale,Sereno,Scarso,Buona,Ore Diurne,0,0,0,3,12.427,41.9744,-1,2,Autocarro inferiore 35 q.,In marcia / fermata / arresto,Passeggero,F,Illeso,0,,Non accertato,Inesploso,
3984872,6,12/09/2018 14:30:00,Strada Urbana,PIAZZALE PRENESTINO,all'intersezione semaforizzata con,CIRCONVALLAZIONE CASILINA,CIRCONVALLAZIONE CASILINA,,,Scontro laterale fra veicoli in marcia,Intersezione semaforizzata,Due carreggiate,Asciutto,Asfaltata,Verticale ed orizzontale,Sereno,Normale,Buona,Ore Diurne,1,0,0,1,12.5274,41.8911,-1,1,Autovettura privata,In marcia / fermata / arresto,Conducente,M,Illeso,0,,Non accertato,Inesploso,
3984872,6,12/09/2018 14:30:00,Strada Urbana,PIAZZALE PRENESTINO,all'intersezione semaforizzata con,CIRCONVALLAZIONE CASILINA,CIRCONVALLAZIONE CASILINA,,,Scontro laterale fra veicoli in marcia,Intersezione semaforizzata,Due carreggiate,Asciutto,Asfaltata,Verticale ed orizzontale,Sereno,Normale,Buona,Ore Diurne,1,0,0,1,12.5274,41.8911,-1,2,Motociclo a solo,In marcia / fermata / arresto,Conducente,M,Rimandato,0,NON DECEDUTO,Non accertato,,
3984876,20,12/09/2018 12:00:00,Regionale entro l'abitato,VIA FLAMINIA,in prossimit�,,del civico n.,861,,Tamponamento Multiplo,Rettilineo,Due carreggiate,Asciutto,Asfaltata,Verticale ed orizzontale,Sereno,Normale,Buona,Ore Diurne,0,0,0,3,12.4847,41.9547,-1,1,Autovettura privata,In marcia / fermata / arresto,Conducente,M,Illeso,0,,,,
3984876,20,12/09/2018 12:00:00,Regionale entro l'abitato,VIA FLAMINIA,in prossimit�,,del civico n.,861,,Tamponamento Multiplo,Rettilineo,Due carreggiate,Asciutto,Asfaltata,Verticale ed orizzontale,Sereno,Normale,Buona,Ore Diurne,0,0,0,3,12.4847,41.9547,-1,2,Autovettura pubblica,In marcia / fermata / arresto,Conducente,M,Illeso,0,,,,
3984876,20,12/09/2018 12:00:00,Regionale entro l'abitato,VIA FLAMINIA,in prossimit�,,del civico n.,861,,Tamponamento Multiplo,Rettilineo,Due carreggiate,Asciutto,Asfaltata,Verticale ed orizzontale,Sereno,Normale,Buona,Ore Diurne,0,0,0,3,12.4847,41.9547,-1,3,Autovettura privata,In marcia / fermata / arresto,Conducente,M,Illeso,0,,Non accertato,Inesploso,
3984881,18,12/09/2018 11:15:00,Strada Urbana,VIA DI VAL CANNUTA,all'intersezione con,VIA GIUSEPPE BETTIOL,VIA GIUSEPPE BETTIOL,,,Scontro frontale/laterale SX fra veicoli in marcia,Intersezione stradale segnalata,Una carreggiata a doppio senso,Asciutto,Asfaltata,Verticale ed orizzontale,Sereno,Normale,Buona,Ore Diurne,2,0,0,5,12.4103,41.897,-1,1,Autobus di linea,In marcia / fermata / arresto,Conducente,M,Illeso,0,,Esente,Inesploso,
3984881,18,12/09/2018 11:15:00,Strada Urbana,VIA DI VAL CANNUTA,all'intersezione con,VIA GIUSEPPE BETTIOL,VIA GIUSEPPE BETTIOL,,,Scontro frontale/laterale SX fra veicoli in marcia,Intersezione stradale segnalata,Una carreggiata a doppio senso,Asciutto,Asfaltata,Verticale ed orizzontale,Sereno,Normale,Buona,Ore Diurne,2,0,0,5,12.4103,41.897,-1,2,Autovettura privata,In marcia / fermata / arresto,Conducente,M,Rifiuta cure immediate,0,NON DECEDUTO,Non accertato,Inesploso,
3984881,18,12/09/2018 11:15:00,Strada Urbana,VIA DI VAL CANNUTA,all'intersezione con,VIA GIUSEPPE BETTIOL,VIA GIUSEPPE BETTIOL,,,Scontro frontale/laterale SX fra veicoli in marcia,Intersezione stradale segnalata,Una carreggiata a doppio senso,Asciutto,Asfaltata,Verticale ed orizzontale,Sereno,Normale,Buona,Ore Diurne,2,0,0,5,12.4103,41.897,-1,2,Autovettura privata,In marcia / fermata / arresto,Passeggero,F,Rifiuta cure immediate,0,NON DECEDUTO,Non accertato,Inesploso,
3984881,18,12/09/2018 11:15:00,Strada Urbana,VIA DI VAL CANNUTA,all'intersezione con,VIA GIUSEPPE BETTIOL,VIA GIUSEPPE BETTIOL,,,Scontro frontale/laterale SX fra veicoli in marcia,Intersezione stradale segnalata,Una carreggiata a doppio senso,Asciutto,Asfaltata,Verticale ed orizzontale,Sereno,Normale,Buona,Ore Diurne,2,0,0,5,12.4103,41.897,-1,3,Autovettura privata,In marcia / fermata / arresto,Conducente,M,Illeso,0,,Non accertato,Inesploso,
3984881,18,12/09/2018 11:15:00,Strada Urbana,VIA DI VAL CANNUTA,all'intersezione con,VIA GIUSEPPE BETTIOL,VIA GIUSEPPE BETTIOL,,,Scontro frontale/laterale SX fra veicoli in marcia,Intersezione stradale segnalata,Una carreggiata a doppio senso,Asciutto,Asfaltata,Verticale ed orizzontale,Sereno,Normale,Buona,Ore Diurne,2,0,0,5,12.4103,41.897,-1,3,Autovettura privata,In marcia / fermata / arresto,Passeggero,M,Illeso,0,,Non accertato,Inesploso,
3984881,18,12/09/2018 11:15:00,Strada Urbana,VIA DI VAL CANNUTA,all'intersezione con,VIA GIUSEPPE BETTIOL,VIA GIUSEPPE BETTIOL,,,Scontro frontale/laterale SX fra veicoli in marcia,Intersezione stradale segnalata,Una carreggiata a doppio senso,Asciutto,Asfaltata,Verticale ed orizzontale,Sereno,Normale,Buona,Ore Diurne,2,0,0,5,12.4103,41.897,-1,3,Autovettura privata,In marcia / fermata / arresto,Passeggero,F,Illeso,0,,Non accertato,Inesploso,
3984881,18,12/09/2018 11:15:00,Strada Urbana,VIA DI VAL CANNUTA,all'intersezione con,VIA GIUSEPPE BETTIOL,VIA GIUSEPPE BETTIOL,,,Scontro frontale/laterale SX fra veicoli in marcia,Intersezione stradale segnalata,Una carreggiata a doppio senso,Asciutto,Asfaltata,Verticale ed orizzontale,Sereno,Normale,Buona,Ore Diurne,2,0,0,5,12.4103,41.897,-1,3,Autovettura privata,In marcia / fermata / arresto,Passeggero,F,Illeso,0,,Non utilizzato,Inesploso,
3984895,20,12/09/2018 09:40:00,Strada Urbana,LARGO DI VIGNA STELLUTI,in corrispondenza,,del civico n.,34,,Scontro laterale fra veicoli in marcia,Rettilineo,Una carreggiata a doppio senso,Asciutto,Asfaltata,Orizzontale,Sereno,Normale,Buona,Ore Diurne,0,0,0,2,12.4662,41.9476,-1,1,Autovettura privata,In marcia / fermata / arresto,Conducente,F,Illeso,0,,,,
3984895,20,12/09/2018 09:40:00,Strada Urbana,LARGO DI VIGNA STELLUTI,in corrispondenza,,del civico n.,34,,Scontro laterale fra veicoli in marcia,Rettilineo,Una carreggiata a doppio senso,Asciutto,Asfaltata,Orizzontale,Sereno,Normale,Buona,Ore Diurne,0,0,0,2,12.4662,41.9476,-1,2,Autovettura privata,In marcia / fermata / arresto,Conducente,F,Illeso,0,,,,
3984903,18,12/09/2018 08:40:00,Strada Urbana,VIA DI CASAL SELCE,all'intersezione con,VIA AURELIA,VIA AURELIA,,,Scontro frontale/laterale SX fra veicoli in marcia,Intersezione stradale segnalata,Una carreggiata a doppio senso,Asciutto,Asfaltata,Verticale ed orizzontale,Sereno,Normale,Buona,Ore Diurne,1,0,0,1,12.3471,41.9055,-1,1,Autovettura privata,In marcia / fermata / arresto,Conducente,F,Illeso,0,,Non accertato,Inesploso,
3984903,18,12/09/2018 08:40:00,Strada Urbana,VIA DI CASAL SELCE,all'intersezione con,VIA AURELIA,VIA AURELIA,,,Scontro frontale/laterale SX fra veicoli in marcia,Intersezione stradale segnalata,Una carreggiata a doppio senso,Asciutto,Asfaltata,Verticale ed orizzontale,Sereno,Normale,Buona,Ore Diurne,1,0,0,1,12.3471,41.9055,-1,2,Motociclo a solo,In marcia / fermata / arresto,Conducente,M,Rimandato,0,NON DECEDUTO,Non accertato,,
3984915,18,12/09/2018 09:35:00,Strada Urbana,VIA BALDO DEGLI UBALDI,all'intersezione semaforizzata con,VIA GIACINTO DE VECCHI PIERALICE,VIA GIACINTO DE VECCHI PIERALICE,,,Scontro laterale fra veicoli in marcia,Intersezione semaforizzata,Due carreggiate,Asciutto,Asfaltata,Verticale ed orizzontale,Sereno,Normale,Buona,Ore Diurne,1,0,0,2,12.4363,41.8999,-1,1,Autovettura privata,In marcia / fermata / arresto,Conducente,M,Illeso,0,,Non accertato,Inesploso,
3984915,18,12/09/2018 09:35:00,Strada Urbana,VIA BALDO DEGLI UBALDI,all'intersezione semaforizzata con,VIA GIACINTO DE VECCHI PIERALICE,VIA GIACINTO DE VECCHI PIERALICE,,,Scontro laterale fra veicoli in marcia,Intersezione semaforizzata,Due carreggiate,Asciutto,Asfaltata,Verticale ed orizzontale,Sereno,Normale,Buona,Ore Diurne,1,0,0,2,12.4363,41.8999,-1,1,Autovettura privata,In marcia / fermata / arresto,Passeggero,F,Illeso,0,,Non accertato,Inesploso,
3984915,18,12/09/2018 09:35:00,Strada Urbana,VIA BALDO DEGLI UBALDI,all'intersezione semaforizzata con,VIA GIACINTO DE VECCHI PIERALICE,VIA GIACINTO DE VECCHI PIERALICE,,,Scontro laterale fra veicoli in marcia,Intersezione semaforizzata,Due carreggiate,Asciutto,Asfaltata,Verticale ed orizzontale,Sereno,Normale,Buona,Ore Diurne,1,0,0,2,12.4363,41.8999,-1,2,Motociclo a solo,In marcia / fermata / arresto,Conducente,F,Rimandato,0,NON DECEDUTO,Non accertato,,
3984919,20,12/09/2018 09:40:00,Regionale entro l'abitato,VIA CASSIA,in prossimit�,,del civico n.,1952,,Investimento di pedone,Rettilineo,Una carreggiata a doppio senso,Asciutto,Asfaltata,Verticale ed orizzontale,Sereno,Normale,Buona,Ore Diurne,2,0,0,0,,,0,,,,Pedone,M,Ricoverato,0,NON DECEDUTO,,,
3984919,20,12/09/2018 09:40:00,Regionale entro l'abitato,VIA CASSIA,in prossimit�,,del civico n.,1952,,Investimento di pedone,Rettilineo,Una carreggiata a doppio senso,Asciutto,Asfaltata,Verticale ed orizzontale,Sereno,Normale,Buona,Ore Diurne,2,0,0,0,,,0,1,Motociclo a solo,In marcia / fermata / arresto,Conducente,M,Rifiuta cure immediate,0,NON DECEDUTO,Non accertato,,
3984936,18,12/09/2018 12:30:00,Strada Urbana,PIAZZA DEI GIURECONSULTI,in prossimit�,,del civico n.,32,,Scontro laterale fra veicoli in marcia,Pianeggiante,Due carreggiate,Asciutto,Asfaltata,Verticale ed orizzontale,Sereno,Normale,Buona,Ore Diurne,0,0,0,5,12.4251,41.9021,-1,1,Autovettura privata,In marcia / fermata / arresto,Conducente,M,Illeso,0,,Non accertato,Inesploso,
3984936,18,12/09/2018 12:30:00,Strada Urbana,PIAZZA DEI GIURECONSULTI,in prossimit�,,del civico n.,32,,Scontro laterale fra veicoli in marcia,Pianeggiante,Due carreggiate,Asciutto,Asfaltata,Verticale ed orizzontale,Sereno,Normale,Buona,Ore Diurne,0,0,0,5,12.4251,41.9021,-1,1,Autovettura privata,In marcia / fermata / arresto,Passeggero,F,Illeso,0,,Non accertato,Inesploso,
3984936,18,12/09/2018 12:30:00,Strada Urbana,PIAZZA DEI GIURECONSULTI,in prossimit�,,del civico n.,32,,Scontro laterale fra veicoli in marcia,Pianeggiante,Due carreggiate,Asciutto,Asfaltata,Verticale ed orizzontale,Sereno,Normale,Buona,Ore Diurne,0,0,0,5,12.4251,41.9021,-1,2,Autovettura privata,In marcia / fermata / arresto,Conducente,F,Illeso,0,,Non accertato,Inesploso,
3984936,18,12/09/2018 12:30:00,Strada Urbana,PIAZZA DEI GIURECONSULTI,in prossimit�,,del civico n.,32,,Scontro laterale fra veicoli in marcia,Pianeggiante,Due carreggiate,Asciutto,Asfaltata,Verticale ed orizzontale,Sereno,Normale,Buona,Ore Diurne,0,0,0,5,12.4251,41.9021,-1,2,Autovettura privata,In marcia / fermata / arresto,Passeggero,M,Illeso,0,,Non accertato,Inesploso,
3984936,18,12/09/2018 12:30:00,Strada Urbana,PIAZZA DEI GIURECONSULTI,in prossimit�,,del civico n.,32,,Scontro laterale fra veicoli in marcia,Pianeggiante,Due carreggiate,Asciutto,Asfaltata,Verticale ed orizzontale,Sereno,Normale,Buona,Ore Diurne,0,0,0,5,12.4251,41.9021,-1,2,Autovettura privata,In marcia / fermata / arresto,Passeggero,M,Illeso,0,,Non accertato,Inesploso,
3984965,9,12/09/2018 10:50:00,Strada Urbana,VIA ENNA,in prossimit�,,del civico n.,22,,Tamponamento Multiplo,Rettilineo,Una carreggiata a doppio senso,Asciutto,Asfaltata,Verticale ed orizzontale,Sereno,Normale,Buona,Ore Diurne,0,0,0,6,12.5231,41.8832,-1,1,Autovettura privata,In marcia / fermata / arresto,Conducente,F,Illeso,0,,Non accertato,Inesploso,
3984965,9,12/09/2018 10:50:00,Strada Urbana,VIA ENNA,in prossimit�,,del civico n.,22,,Tamponamento Multiplo,Rettilineo,Una carreggiata a doppio senso,Asciutto,Asfaltata,Verticale ed orizzontale,Sereno,Normale,Buona,Ore Diurne,0,0,0,6,12.5231,41.8832,-1,2,Autovettura privata,In marcia / fermata / arresto,Conducente,M,Illeso,0,,Non accertato,Inesploso,
3984965,9,12/09/2018 10:50:00,Strada Urbana,VIA ENNA,in prossimit�,,del civico n.,22,,Tamponamento Multiplo,Rettilineo,Una carreggiata a doppio senso,Asciutto,Asfaltata,Verticale ed orizzontale,Sereno,Normale,Buona,Ore Diurne,0,0,0,6,12.5231,41.8832,-1,2,Autovettura privata,In marcia / fermata / arresto,Passeggero,M,Illeso,0,,Non accertato,Inesploso,
3984965,9,12/09/2018 10:50:00,Strada Urbana,VIA ENNA,in prossimit�,,del civico n.,22,,Tamponamento Multiplo,Rettilineo,Una carreggiata a doppio senso,Asciutto,Asfaltata,Verticale ed orizzontale,Sereno,Normale,Buona,Ore Diurne,0,0,0,6,12.5231,41.8832,-1,2,Autovettura privata,In marcia / fermata / arresto,Passeggero,M,Illeso,0,,Non accertato,Inesploso,
3984965,9,12/09/2018 10:50:00,Strada Urbana,VIA ENNA,in prossimit�,,del civico n.,22,,Tamponamento Multiplo,Rettilineo,Una carreggiata a doppio senso,Asciutto,Asfaltata,Verticale ed orizzontale,Sereno,Normale,Buona,Ore Diurne,0,0,0,6,12.5231,41.8832,-1,3,Autovettura privata,In marcia / fermata / arresto,Conducente,M,Illeso,0,,Non accertato,Inesploso,
3984965,9,12/09/2018 10:50:00,Strada Urbana,VIA ENNA,in prossimit�,,del civico n.,22,,Tamponamento Multiplo,Rettilineo,Una carreggiata a doppio senso,Asciutto,Asfaltata,Verticale ed orizzontale,Sereno,Normale,Buona,Ore Diurne,0,0,0,6,12.5231,41.8832,-1,4,Autovettura privata,In marcia / fermata / arresto,Conducente,M,Illeso,0,,Non accertato,Inesploso,
3984968,9,12/09/2018 13:35:00,,LARGO PIETRO TACCHI VENTURI,all'intersezione con,VIA TEODORO MOMMSEN,VIA TEODORO MOMMSEN,,,Scontro frontale/laterale DX fra veicoli in marcia,,,,,,,,,,0,0,0,2,12.5265,41.8679,0,1,Autocarro inferiore 35 q.,In marcia / fermata / arresto,Conducente,M,Illeso,0,,Non accertato,Inesploso,
3984968,9,12/09/2018 13:35:00,,LARGO PIETRO TACCHI VENTURI,all'intersezione con,VIA TEODORO MOMMSEN,VIA TEODORO MOMMSEN,,,Scontro frontale/laterale DX fra veicoli in marcia,,,,,,,,,,0,0,0,2,12.5265,41.8679,0,2,Autovettura privata,In marcia / fermata / arresto,Conducente,M,Illeso,0,,Non accertato,Inesploso,
3985138,20,12/09/2018 15:30:00,Regionale entro l'abitato,VIA CASSIA,all'intersezione semaforizzata con,VIA DELLA GIUSTINIANA,VIA DELLA GIUSTINIANA,,,Scontro laterale fra veicoli in marcia,Intersezione semaforizzata,Una carreggiata a doppio senso,Asciutto,Asfaltata,Verticale ed orizzontale,Sereno,Normale,Buona,Ore Diurne,0,0,0,2,12.4147,41.9823,-1,1,Autovettura privata,In marcia / fermata / arresto,Conducente,M,Illeso,0,,Non accertato,Inesploso,
3985138,20,12/09/2018 15:30:00,Regionale entro l'abitato,VIA CASSIA,all'intersezione semaforizzata con,VIA DELLA GIUSTINIANA,VIA DELLA GIUSTINIANA,,,Scontro laterale fra veicoli in marcia,Intersezione semaforizzata,Una carreggiata a doppio senso,Asciutto,Asfaltata,Verticale ed orizzontale,Sereno,Normale,Buona,Ore Diurne,0,0,0,2,12.4147,41.9823,-1,2,Autovettura privata,In marcia / fermata / arresto,Conducente,F,Illeso,0,,Non accertato,,
3985156,18,12/09/2018 16:00:00,Strada Urbana,VIA DI CASALOTTI,all'intersezione con,VIA BORGO TICINO,VIA BORGO TICINO,,,Scontro laterale fra veicoli in marcia,Intersezione stradale segnalata,Una carreggiata a doppio senso,Asciutto,Asfaltata,Assente,Sereno,Normale,Buona,Ore Diurne,0,0,0,2,12.373,41.9162,-1,1,Autocarro superiore 35 q.,In marcia / fermata / arresto,Conducente,M,Illeso,0,,Non accertato,Inesistente,
3985156,18,12/09/2018 16:00:00,Strada Urbana,VIA DI CASALOTTI,all'intersezione con,VIA BORGO TICINO,VIA BORGO TICINO,,,Scontro laterale fra veicoli in marcia,Intersezione stradale segnalata,Una carreggiata a doppio senso,Asciutto,Asfaltata,Assente,Sereno,Normale,Buona,Ore Diurne,0,0,0,2,12.373,41.9162,-1,2,Autocarro inferiore 35 q.,In marcia / fermata / arresto,Conducente,M,Illeso,0,,Non accertato,Inesploso,
3985158,15,12/09/2018 16:20:00,Strada Urbana,VIA DELLA MAGLIANA,in prossimit�,,del palo luce n.,159,,Tamponamento,Rettilineo,Una carreggiata a doppio senso,Asciutto,Asfaltata,Orizzontale,Sereno,Normale,Buona,Ore Diurne,1,0,0,1,12.4107,41.8256,-1,1,Autovettura privata,In marcia / fermata / arresto,Conducente,M,Illeso,0,,Non accertato,Inesploso,
3985158,15,12/09/2018 16:20:00,Strada Urbana,VIA DELLA MAGLIANA,in prossimit�,,del palo luce n.,159,,Tamponamento,Rettilineo,Una carreggiata a doppio senso,Asciutto,Asfaltata,Orizzontale,Sereno,Normale,Buona,Ore Diurne,1,0,0,1,12.4107,41.8256,-1,2,Motociclo a solo,In marcia / fermata / arresto,Conducente,F,Rimandato,0,NON DECEDUTO,Non accertato,,