Protocollo,Gruppo,DataOraIncidente,Localizzazione1,STRADA1,Localizzazione2,STRADA2,Strada02,Chilometrica,DaSpecificare,NaturaIncidente,particolaritastrade,TipoStrada,FondoStradale,Pavimentazione,Segnaletica,CondizioneAtmosferica,Traffico,Visibilita,Illuminazione,NUM_FERITI,NUM_RISERVATA,NUM_MORTI,NUM_ILLESI,Longitudine,Latitudine,Confermato,Progressivo,TipoVeicolo,StatoVeicolo,TipoPersona,Sesso,Tipolesione,Deceduto,DecedutoDopo,CinturaCascoUtilizzato,Airbag,
3985858,13,12/09/2018 13:20:00,Strada Urbana,VIA DEI BASTIMENTI,all'intersezione con,VIA DELLA CARLINGA,VIA DELLA CARLINGA,,,Scontro frontale/laterale DX fra veicoli in marcia,Incrocio,Una carreggiata a doppio senso,Asciutto,Sterrata,Assente,Sereno,Scarso,Sufficiente,Ore Diurne,0,0,0,5,12.2383,41.7403,-1,1,Autovettura privata,In marcia / fermata / arresto,Conducente,M,Illeso,0,,,,
3985858,13,12/09/2018 13:20:00,Strada Urbana,VIA DEI BASTIMENTI,all'intersezione con,VIA DELLA CARLINGA,VIA DELLA CARLINGA,,,Scontro frontale/laterale DX fra veicoli in marcia,Incrocio,Una carreggiata a doppio senso,Asciutto,Sterrata,Assente,Sereno,Scarso,Sufficiente,Ore Diurne,0,0,0,5,12.2383,41.7403,-1,1,Autovettura privata,In marcia / fermata / arresto,Passeggero,F,Illeso,0,,,,
3985858,13,12/09/2018 13:20:00,Strada Urbana,VIA DEI BASTIMENTI,all'intersezione con,VIA DELLA CARLINGA,VIA DELLA CARLINGA,,,Scontro frontale/laterale DX fra veicoli in marcia,Incrocio,Una carreggiata a doppio senso,Asciutto,Sterrata,Assente,Sereno,Scarso,Sufficiente,Ore Diurne,0,0,0,5,12.2383,41.7403,-1,1,Autovettura privata,In marcia / fermata / arresto,Passeggero,M,Illeso,0,,,Inesploso,
3985858,13,12/09/2018 13:20:00,Strada Urbana,VIA DEI BASTIMENTI,all'intersezione con,VIA DELLA CARLINGA,VIA DELLA CARLINGA,,,Scontro frontale/laterale DX fra veicoli in marcia,Incrocio,Una carreggiata a doppio senso,Asciutto,Sterrata,Assente,Sereno,Scarso,Sufficiente,Ore Diurne,0,0,0,5,12.2383,41.7403,-1,2,Autovettura privata,In marcia / fermata / arresto,Conducente,F,Illeso,0,,,,
3985858,13,12/09/2018 13:20:00,Strada Urbana,VIA DEI BASTIMENTI,all'intersezione con,VIA DELLA CARLINGA,VIA DELLA CARLINGA,,,Scontro frontale/laterale DX fra veicoli in marcia,Incrocio,Una carreggiata a doppio senso,Asciutto,Sterrata,Assente,Sereno,Scarso,Sufficiente,Ore Diurne,0,0,0,5,12.2383,41.7403,-1,2,Autovettura privata,In marcia / fermata / arresto,Passeggero,M,Illeso,0,,,Inesploso,
3985881,12,12/09/2018 17:40:00,Strada Urbana,VIALE DELLA GRANDE MURAGLIA,all'intersezione con,PIAZZA MONTE DI TAI,PIAZZA MONTE DI TAI,,,Scontro frontale/laterale DX fra veicoli in marcia,Rotatoria,Una carreggiata a senso unico di marcia,Asciutto,Asfaltata,Verticale ed orizzontale,Sereno,Normale,Buona,Ore Diurne,2,0,0,1,12.435,41.8077,-1,1,Autovettura di polizia,In marcia / fermata / arresto,Conducente,M,Rimandato,0,NON DECEDUTO,,,
3985881,12,12/09/2018 17:40:00,Strada Urbana,VIALE DELLA GRANDE MURAGLIA,all'intersezione con,PIAZZA MONTE DI TAI,PIAZZA MONTE DI TAI,,,Scontro frontale/laterale DX fra veicoli in marcia,Rotatoria,Una carreggiata a senso unico di marcia,Asciutto,Asfaltata,Verticale ed orizzontale,Sereno,Normale,Buona,Ore Diurne,2,0,0,1,12.435,41.8077,-1,1,Autovettura di polizia,In marcia / fermata / arresto,Passeggero,M,Rimandato,0,NON DECEDUTO,,,
3985881,12,12/09/2018 17:40:00,Strada Urbana,VIALE DELLA GRANDE MURAGLIA,all'intersezione con,PIAZZA MONTE DI TAI,PIAZZA MONTE DI TAI,,,Scontro frontale/laterale DX fra veicoli in marcia,Rotatoria,Una carreggiata a senso unico di marcia,Asciutto,Asfaltata,Verticale ed orizzontale,Sereno,Normale,Buona,Ore Diurne,2,0,0,1,12.435,41.8077,-1,2,Autovettura privata,In marcia / fermata / arresto,Conducente,M,Illeso,0,,Non accertato,Inesploso,
3985889,13,12/09/2018 17:15:00,Strada Urbana,LUNGOMARE AMERIGO VESPUCCI,in prossimit�,,del civico n.,43,,Scontro frontale/laterale DX fra veicoli in marcia,Rettilineo,Una carreggiata a doppio senso,Asciutto,Asfaltata,Orizzontale,Sereno,Normale,Buona,Ore Diurne,0,0,0,2,12.3265,41.7109,-1,1,Autovettura privata,In marcia / fermata / arresto,Conducente,M,Illeso,0,,Non accertato,Inesploso,
3985889,13,12/09/2018 17:15:00,Strada Urbana,LUNGOMARE AMERIGO VESPUCCI,in prossimit�,,del civico n.,43,,Scontro frontale/laterale DX fra veicoli in marcia,Rettilineo,Una carreggiata a doppio senso,Asciutto,Asfaltata,Orizzontale,Sereno,Normale,Buona,Ore Diurne,0,0,0,2,12.3265,41.7109,-1,2,Autovettura privata,In marcia / fermata / arresto,Conducente,M,Illeso,0,,,,
3985908,18,12/09/2018 20:30:00,Strada Urbana,VIA NOSTRA SIGNORA DI LOURDES,da specificare,,,,IN PROSSIMITA' FRONTE CIV. 45,Veicolo in marcia contro veicolo in sosta,Curva a visuale libera,Una carreggiata a doppio senso,Asciutto,Asfaltata,Verticale ed orizzontale,Sereno,Scarso,Buona,Sufficiente,0,0,0,1,12.4291,41.903,-1,1,Autovettura privata,In marcia / fermata / arresto,Conducente,M,Illeso,0,,,,
3985920,18,12/09/2018 17:15:00,Strada Urbana,VIA BALDO DEGLI UBALDI,all'intersezione con,VIA GIROLAMO VITELLI,VIA GIROLAMO VITELLI,,,Investimento di pedone,Incrocio,Una carreggiata a senso unico di marcia,Asciutto,Asfaltata,Orizzontale,Sereno,Normale,Buona,Ore Diurne,2,0,0,1,12.4363,41.8999,-1,,,,Pedone,F,Rimandato,0,NON DECEDUTO,,,
3985920,18,12/09/2018 17:15:00,Strada Urbana,VIA BALDO DEGLI UBALDI,all'intersezione con,VIA GIROLAMO VITELLI,VIA GIROLAMO VITELLI,,,Investimento di pedone,Incrocio,Una carreggiata a senso unico di marcia,Asciutto,Asfaltata,Orizzontale,Sereno,Normale,Buona,Ore Diurne,2,0,0,1,12.4363,41.8999,-1,,,,Pedone,M,Rimandato,0,NON DECEDUTO,,,
3985920,18,12/09/2018 17:15:00,Strada Urbana,VIA BALDO DEGLI UBALDI,all'intersezione con,VIA GIROLAMO VITELLI,VIA GIROLAMO VITELLI,,,Investimento di pedone,Incrocio,Una carreggiata a senso unico di marcia,Asciutto,Asfaltata,Orizzontale,Sereno,Normale,Buona,Ore Diurne,2,0,0,1,12.4363,41.8999,-1,1,Autovettura privata,In marcia / fermata / arresto,Conducente,M,Illeso,0,,,,
3985946,18,13/09/2018 01:30:00,Strada Urbana,VIA GREGORIO VII,da specificare,,,,in prossimit� del fronte civico 257,Veicolo in marcia contro veicoli in sosta,Rettilineo,Pi� di due carreggiate,Asciutto,Asfaltata,Verticale ed orizzontale,Sereno,Scarso,Buona,Sufficiente,0,0,0,2,12.4401,41.8959,-1,1,Autovettura privata,In marcia / fermata / arresto,Conducente,M,Illeso,0,,,,
3985946,18,13/09/2018 01:30:00,Strada Urbana,VIA GREGORIO VII,da specificare,,,,in prossimit� del fronte civico 257,Veicolo in marcia contro veicoli in sosta,Rettilineo,Pi� di due carreggiate,Asciutto,Asfaltata,Verticale ed orizzontale,Sereno,Scarso,Buona,Sufficiente,0,0,0,2,12.4401,41.8959,-1,1,Autovettura privata,In marcia / fermata / arresto,Passeggero,M,Illeso,0,,,,
3985951,12,12/09/2018 08:20:00,Strada Urbana,VIA CRISTOFORO COLOMBO,all'intersezione con,VIALE AMERICA,VIALE AMERICA,,,Scontro laterale fra veicoli in marcia,Intersezione stradale segnalata,Due carreggiate,Asciutto,Asfaltata,Verticale ed orizzontale,Sereno,Intenso,Buona,Ore Diurne,1,0,0,3,12.4692,41.8293,-1,1,Autovettura privata,In marcia / fermata / arresto,Conducente,M,Illeso,0,,Utilizzato,Inesploso,
3985951,12,12/09/2018 08:20:00,Strada Urbana,VIA CRISTOFORO COLOMBO,all'intersezione con,VIALE AMERICA,VIALE AMERICA,,,Scontro laterale fra veicoli in marcia,Intersezione stradale segnalata,Due carreggiate,Asciutto,Asfaltata,Verticale ed orizzontale,Sereno,Intenso,Buona,Ore Diurne,1,0,0,3,12.4692,41.8293,-1,1,Autovettura privata,In marcia / fermata / arresto,Passeggero,F,Illeso,0,,Utilizzato,Inesploso,
3985951,12,12/09/2018 08:20:00,Strada Urbana,VIA CRISTOFORO COLOMBO,all'intersezione con,VIALE AMERICA,VIALE AMERICA,,,Scontro laterale fra veicoli in marcia,Intersezione stradale segnalata,Due carreggiate,Asciutto,Asfaltata,Verticale ed orizzontale,Sereno,Intenso,Buona,Ore Diurne,1,0,0,3,12.4692,41.8293,-1,2,Motociclo a solo,In marcia / fermata / arresto,Conducente,M,Rimandato,0,NON DECEDUTO,,,
3985951,12,12/09/2018 08:20:00,Strada Urbana,VIA CRISTOFORO COLOMBO,all'intersezione con,VIALE AMERICA,VIALE AMERICA,,,Scontro laterale fra veicoli in marcia,Intersezione stradale segnalata,Due carreggiate,Asciutto,Asfaltata,Verticale ed orizzontale,Sereno,Intenso,Buona,Ore Diurne,1,0,0,3,12.4692,41.8293,-1,3,Autocarro inferiore 35 q.,In marcia / fermata / arresto,Conducente,M,Illeso,0,,Utilizzato,Inesploso,
3985973,16,12/09/2018 08:15:00,Strada Urbana,VIA DI BRAVETTA,da specificare,,,,fronte prossimit� palo Acea n. 1,Scontro laterale fra veicoli in marcia,Rettilineo,Una carreggiata a doppio senso,Asciutto,Asfaltata,Verticale ed orizzontale,Sereno,Intenso,Buona,Ore Diurne,0,0,0,2,12.4257,41.8762,-1,1,Autovettura privata,In marcia / fermata / arresto,Conducente,F,Illeso,0,,Non accertato,Inesploso,
3985973,16,12/09/2018 08:15:00,Strada Urbana,VIA DI BRAVETTA,da specificare,,,,fronte prossimit� palo Acea n. 1,Scontro laterale fra veicoli in marcia,Rettilineo,Una carreggiata a doppio senso,Asciutto,Asfaltata,Verticale ed orizzontale,Sereno,Intenso,Buona,Ore Diurne,0,0,0,2,12.4257,41.8762,-1,2,Autovettura privata,In marcia / fermata / arresto,Conducente,M,Illeso,0,,Non accertato,Inesploso,
3985988,16,11/09/2018 17:15:00,Strada Urbana,VIA FEDERICO OZANAM,in prossimit�,,del civico n.,107,,Investimento di pedone,Rettilineo,Una carreggiata a doppio senso,Asciutto,Asfaltata,Orizzontale,Sereno,Normale,Buona,Ore Diurne,1,0,0,1,12.4501,41.8774,-1,,,,Pedone,F,Rimandato,0,NON DECEDUTO,,,
3985988,16,11/09/2018 17:15:00,Strada Urbana,VIA FEDERICO OZANAM,in prossimit�,,del civico n.,107,,Investimento di pedone,Rettilineo,Una carreggiata a doppio senso,Asciutto,Asfaltata,Orizzontale,Sereno,Normale,Buona,Ore Diurne,1,0,0,1,12.4501,41.8774,-1,1,Motociclo a solo,In marcia / fermata / arresto,Conducente,M,Illeso,0,,Non accertato,,
3985994,13,12/09/2018 18:15:00,Strada Urbana,VIALE DELLA VITTORIA,all'intersezione con,VIALE CAPITAN CASELLA,VIALE CAPITAN CASELLA,,,Scontro frontale/laterale DX fra veicoli in marcia,Incrocio,Due carreggiate,Asciutto,Asfaltata,Verticale ed orizzontale,Sereno,Normale,Buona,Ore Diurne,0,0,0,3,12.4796,41.9069,-1,1,Autovettura privata,In marcia / fermata / arresto,Conducente,F,Illeso,0,,Non accertato,Inesploso,
3985994,13,12/09/2018 18:15:00,Strada Urbana,VIALE DELLA VITTORIA,all'intersezione con,VIALE CAPITAN CASELLA,VIALE CAPITAN CASELLA,,,Scontro frontale/laterale DX fra veicoli in marcia,Incrocio,Due carreggiate,Asciutto,Asfaltata,Verticale ed orizzontale,Sereno,Normale,Buona,Ore Diurne,0,0,0,3,12.4796,41.9069,-1,1,Autovettura privata,In marcia / fermata / arresto,Passeggero,M,Illeso,0,,Non accertato,Inesploso,
3985994,13,12/09/2018 18:15:00,Strada Urbana,VIALE DELLA VITTORIA,all'intersezione con,VIALE CAPITAN CASELLA,VIALE CAPITAN CASELLA,,,Scontro frontale/laterale DX fra veicoli in marcia,Incrocio,Due carreggiate,Asciutto,Asfaltata,Verticale ed orizzontale,Sereno,Normale,Buona,Ore Diurne,0,0,0,3,12.4796,41.9069,-1,2,Autovettura privata,In marcia / fermata / arresto,Conducente,M,Illeso,0,,Non accertato,Inesploso,
3985997,16,12/09/2018 07:40:00,Strada Urbana,VIA DI DONNA OLIMPIA,in corrispondenza,,del civico n.,184,,Veicolo in marcia contro veicoli in sosta,Rettilineo,Una carreggiata a doppio senso,Asciutto,Asfaltata,Orizzontale,Sereno,Normale,Buona,Ore Diurne,0,0,0,3,12.4547,41.8749,-1,1,Autovettura privata,In marcia / fermata / arresto,Conducente,F,Illeso,0,,Non accertato,Inesploso,
3985997,16,12/09/2018 07:40:00,Strada Urbana,VIA DI DONNA OLIMPIA,in corrispondenza,,del civico n.,184,,Veicolo in marcia contro veicoli in sosta,Rettilineo,Una carreggiata a doppio senso,Asciutto,Asfaltata,Orizzontale,Sereno,Normale,Buona,Ore Diurne,0,0,0,3,12.4547,41.8749,-1,1,Autovettura privata,In marcia / fermata / arresto,Passeggero,F,Illeso,0,,Non accertato,,
3985997,16,12/09/2018 07:40:00,Strada Urbana,VIA DI DONNA OLIMPIA,in corrispondenza,,del civico n.,184,,Veicolo in marcia contro veicoli in sosta,Rettilineo,Una carreggiata a doppio senso,Asciutto,Asfaltata,Orizzontale,Sereno,Normale,Buona,Ore Diurne,0,0,0,3,12.4547,41.8749,-1,1,Autovettura privata,In marcia / fermata / arresto,Passeggero,F,Illeso,0,,Non accertato,,
3985999,17,11/09/2018 17:45:00,Strada Urbana,VIA RAFFAELE ROSSETTI,in corrispondenza,,del civico n.,4,,Scontro frontale fra veicoli in marcia,Rettilineo,Una carreggiata a doppio senso,Asciutto,Asfaltata,Verticale ed orizzontale,Sereno,Normale,Buona,Ore Diurne,0,0,0,2,12.4509,41.9149,-1,1,Autovettura privata,In marcia / fermata / arresto,Conducente,M,Illeso,0,,,,
3985999,17,11/09/2018 17:45:00,Strada Urbana,VIA RAFFAELE ROSSETTI,in corrispondenza,,del civico n.,4,,Scontro frontale fra veicoli in marcia,Rettilineo,Una carreggiata a doppio senso,Asciutto,Asfaltata,Verticale ed orizzontale,Sereno,Normale,Buona,Ore Diurne,0,0,0,2,12.4509,41.9149,-1,2,Autovettura privata,Allontanatosi,Conducente,M,Illeso,0,,,,
3986002,7,12/09/2018 18:40:00,Strada Urbana,VIA PAPIRIA,in corrispondenza,,del civico n.,134,,Tamponamento,Rettilineo,Una carreggiata a doppio senso,Asciutto,Asfaltata,Verticale ed orizzontale,Sereno,Intenso,Buona,Ore Diurne,1,0,0,3,12.5658,41.8627,-1,1,Autovettura privata,In marcia / fermata / arresto,Conducente,F,Rimandato,0,NON DECEDUTO,Non accertato,Inesploso,
3986002,7,12/09/2018 18:40:00,Strada Urbana,VIA PAPIRIA,in corrispondenza,,del civico n.,134,,Tamponamento,Rettilineo,Una carreggiata a doppio senso,Asciutto,Asfaltata,Verticale ed orizzontale,Sereno,Intenso,Buona,Ore Diurne,1,0,0,3,12.5658,41.8627,-1,1,Autovettura privata,In marcia / fermata / arresto,Passeggero,F,Illeso,0,,Non accertato,Inesploso,
3986002,7,12/09/2018 18:40:00,Strada Urbana,VIA PAPIRIA,in corrispondenza,,del civico n.,134,,Tamponamento,Rettilineo,Una carreggiata a doppio senso,Asciutto,Asfaltata,Verticale ed orizzontale,Sereno,Intenso,Buona,Ore Diurne,1,0,0,3,12.5658,41.8627,-1,2,Ciclomotore con passeggero,In marcia / fermata / arresto,Conducente,F,Illeso,0,,Non accertato,,
3986002,7,12/09/2018 18:40:00,Strada Urbana,VIA PAPIRIA,in corrispondenza,,del civico n.,134,,Tamponamento,Rettilineo,Una carreggiata a doppio senso,Asciutto,Asfaltata,Verticale ed orizzontale,Sereno,Intenso,Buona,Ore Diurne,1,0,0,3,12.5658,41.8627,-1,2,Ciclomotore con passeggero,In marcia / fermata / arresto,Passeggero,M,Illeso,0,,Non accertato,,
3986015,16,12/09/2018 09:00:00,Strada Urbana,VIA PORTUENSE,in corrispondenza,,del civico n.,91/A,,Scontro frontale/laterale DX fra veicoli in marcia,Rettilineo,Una carreggiata a doppio senso,Asciutto,Asfaltata,Verticale ed orizzontale,Sereno,Normale,Buona,Ore Diurne,1,0,0,1,12.4672,41.8754,-1,1,Autovettura privata,In marcia / fermata / arresto,Conducente,M,Illeso,0,,Non accertato,Inesploso,
3986015,16,12/09/2018 09:00:00,Strada Urbana,VIA PORTUENSE,in corrispondenza,,del civico n.,91/A,,Scontro frontale/laterale DX fra veicoli in marcia,Rettilineo,Una carreggiata a doppio senso,Asciutto,Asfaltata,Verticale ed orizzontale,Sereno,Normale,Buona,Ore Diurne,1,0,0,1,12.4672,41.8754,-1,2,Velocipede,In marcia / fermata / arresto,Conducente,F,Ricoverato,0,NON DECEDUTO,Esente,,
3986016,16,12/09/2018 08:45:00,Strada Urbana,PIAZZA CARLO FORLANINI,in corrispondenza,,del civico n.,2,,Scontro laterale fra veicoli in marcia,Rettilineo,Due carreggiate,Asciutto,Asfaltata,Orizzontale,Sereno,Normale,Buona,Ore Diurne,1,0,0,1,12.4498,41.867,-1,1,Autovettura privata,In marcia / fermata / arresto,Conducente,F,Illeso,0,,Non accertato,,
3986016,16,12/09/2018 08:45:00,Strada Urbana,PIAZZA CARLO FORLANINI,in corrispondenza,,del civico n.,2,,Scontro laterale fra veicoli in marcia,Rettilineo,Due carreggiate,Asciutto,Asfaltata,Orizzontale,Sereno,Normale,Buona,Ore Diurne,1,0,0,1,12.4498,41.867,-1,2,Motociclo a solo,In marcia / fermata / arresto,Conducente,F,Rimandato,0,NON DECEDUTO,Non accertato,,
3986041,10,13/09/2018 09:30:00,Strada Urbana,PIAZZA FABIO SABATINI,da specificare,,,,altezza Via U. Comandini,Scontro laterale fra veicoli in marcia,Rotatoria,Una carreggiata a senso unico di marcia,Asciutto,Asfaltata,Verticale ed orizzontale,Sereno,Normale,Sufficiente,Ore Diurne,0,0,0,3,12.5913,41.8465,-1,1,Autovettura privata,In marcia / fermata / arresto,Conducente,M,Illeso,0,,Non accertato,Inesploso,
3986041,10,13/09/2018 09:30:00,Strada Urbana,PIAZZA FABIO SABATINI,da specificare,,,,altezza Via U. Comandini,Scontro laterale fra veicoli in marcia,Rotatoria,Una carreggiata a senso unico di marcia,Asciutto,Asfaltata,Verticale ed orizzontale,Sereno,Normale,Sufficiente,Ore Diurne,0,0,0,3,12.5913,41.8465,-1,2,Autovettura privata,In marcia / fermata / arresto,Conducente,M,Illeso,0,,Non accertato,Inesploso,
3986041,10,13/09/2018 09:30:00,Strada Urbana,PIAZZA FABIO SABATINI,da specificare,,,,altezza Via U. Comandini,Scontro laterale fra veicoli in marcia,Rotatoria,Una carreggiata a senso unico di marcia,Asciutto,Asfaltata,Verticale ed orizzontale,Sereno,Normale,Sufficiente,Ore Diurne,0,0,0,3,12.5913,41.8465,-1,2,Autovettura privata,In marcia / fermata / arresto,Passeggero,F,Illeso,0,,Non accertato,Inesploso,
3986048,23,12/09/2018 10:15:00,Comunale extraurbana,VIA CRISTOFORO COLOMBO,all'intersezione con,VIALE DON PASQUINO BORGHI,VIALE DON PASQUINO BORGHI,,,Scontro laterale fra veicoli in marcia,Incrocio,Pi� di due carreggiate,Asciutto,Asfaltata,Verticale ed orizzontale,Sereno,Normale,Buona,Ore Diurne,1,0,0,1,12.4121,41.786,-1,1,Motociclo a solo,In marcia / fermata / arresto,Conducente,M,Illeso,0,,Non accertato,,
3986048,23,12/09/2018 10:15:00,Comunale extraurbana,VIA CRISTOFORO COLOMBO,all'intersezione con,VIALE DON PASQUINO BORGHI,VIALE DON PASQUINO BORGHI,,,Scontro laterale fra veicoli in marcia,Incrocio,Pi� di due carreggiate,Asciutto,Asfaltata,Verticale ed orizzontale,Sereno,Normale,Buona,Ore Diurne,1,0,0,1,12.4121,41.786,-1,2,Motociclo a solo,In marcia / fermata / arresto,Conducente,M,Rimandato,0,NON DECEDUTO,,,
3986058,4,12/09/2018 08:30:00,Strada Urbana,VIA IVANOE BONOMI,all'intersezione con,PIAZZA DANTE GALLANI,PIAZZA DANTE GALLANI,,,Investimento di pedone,Intersezione stradale segnalata,Una carreggiata a senso unico di marcia,Asciutto,Asfaltata,Verticale,Sereno,Normale,Buona,Ore Diurne,1,0,0,1,12.5223,41.9497,-1,,,,Pedone,M,Ricoverato,0,NON DECEDUTO,,,
3986058,4,12/09/2018 08:30:00,Strada Urbana,VIA IVANOE BONOMI,all'intersezione con,PIAZZA DANTE GALLANI,PIAZZA DANTE GALLANI,,,Investimento di pedone,Intersezione stradale segnalata,Una carreggiata a senso unico di marcia,Asciutto,Asfaltata,Verticale,Sereno,Normale,Buona,Ore Diurne,1,0,0,1,12.5223,41.9497,-1,1,Autovettura privata,In marcia / fermata / arresto,Conducente,F,Illeso,0,,Non accertato,,
3986069,16,12/09/2018 21:15:00,Strada Urbana,VIA ETTORE ROLLI,all'intersezione semaforizzata con,VIA DEGLI STRADIVARI,VIA DEGLI STRADIVARI,,,Scontro frontale/laterale DX fra veicoli in marcia,Intersezione semaforizzata,Una carreggiata a doppio senso,Asciutto,Asfaltata,Verticale ed orizzontale,Sereno,Normale,Sufficiente,Sufficiente,0,0,0,3,12.4676,41.8743,-1,1,Autovettura privata,In marcia / fermata / arresto,Conducente,M,Illeso,0,,Non accertato,Inesploso,
3986069,16,12/09/2018 21:15:00,Strada Urbana,VIA ETTORE ROLLI,all'intersezione semaforizzata con,VIA DEGLI STRADIVARI,VIA DEGLI STRADIVARI,,,Scontro frontale/laterale DX fra veicoli in marcia,Intersezione semaforizzata,Una carreggiata a doppio senso,Asciutto,Asfaltata,Verticale ed orizzontale,Sereno,Normale,Sufficiente,Sufficiente,0,0,0,3,12.4676,41.8743,-1,2,Autovettura privata,In marcia / fermata / arresto,Conducente,M,Illeso,0,,Non accertato,Inesploso,
3986069,16,12/09/2018 21:15:00,Strada Urbana,VIA ETTORE ROLLI,all'intersezione semaforizzata con,VIA DEGLI STRADIVARI,VIA DEGLI STRADIVARI,,,Scontro frontale/laterale DX fra veicoli in marcia,Intersezione semaforizzata,Una carreggiata a doppio senso,Asciutto,Asfaltata,Verticale ed orizzontale,Sereno,Normale,Sufficiente,Sufficiente,0,0,0,3,12.4676,41.8743,-1,2,Autovettura privata,In marcia / fermata / arresto,Passeggero,F,Illeso,0,,Non accertato,Inesploso,
3986087,2,12/09/2018 17:00:00,Strada Urbana,VIALE PARIOLI,all'intersezione con,PIAZZALE DEL PARCO DELLA RIMEMBRANZA,PIAZZALE DEL PARCO DELLA RIMEMBRANZA,,,Scontro laterale fra veicoli in marcia,Intersezione stradale segnalata,Una carreggiata a doppio senso,Asciutto,Asfaltata,Verticale ed orizzontale,Sereno,Intenso,Buona,Ore Diurne,0,0,0,2,12.4874,41.9258,-1,1,Motociclo a solo,In marcia / fermata / arresto,Conducente,M,Illeso,0,,Non accertato,,
3986087,2,12/09/2018 17:00:00,Strada Urbana,VIALE PARIOLI,all'intersezione con,PIAZZALE DEL PARCO DELLA RIMEMBRANZA,PIAZZALE DEL PARCO DELLA RIMEMBRANZA,,,Scontro laterale fra veicoli in marcia,Intersezione stradale segnalata,Una carreggiata a doppio senso,Asciutto,Asfaltata,Verticale ed orizzontale,Sereno,Intenso,Buona,Ore Diurne,0,0,0,2,12.4874,41.9258,-1,2,Autovettura privata,In marcia / fermata / arresto,Conducente,M,Illeso,0,,Non accertato,Inesploso,
3986092,2,12/09/2018 17:15:00,Strada Urbana,PIAZZALE DEL PARCO DELLA RIMEMBRANZA,all'intersezione con,VIA DELLA FONTE DELL'ACQUA ACETOSA,VIA DELLA FONTE DELL'ACQUA ACETOSA,,,Veicolo in marcia contro veicolo in sosta,Incrocio,Due carreggiate,Asciutto,Asfaltata,Verticale,Sereno,Intenso,Buona,Ore Diurne,0,0,0,2,12.4831,41.9294,-1,1,Autovettura privata,In marcia / fermata / arresto,Conducente,F,Illeso,0,,Non accertato,Inesploso,
3986092,2,12/09/2018 17:15:00,Strada Urbana,PIAZZALE DEL PARCO DELLA RIMEMBRANZA,all'intersezione con,VIA DELLA FONTE DELL'ACQUA ACETOSA,VIA DELLA FONTE DELL'ACQUA ACETOSA,,,Veicolo in marcia contro veicolo in sosta,Incrocio,Due carreggiate,Asciutto,Asfaltata,Verticale,Sereno,Intenso,Buona,Ore Diurne,0,0,0,2,12.4831,41.9294,-1,1,Autovettura privata,In marcia / fermata / arresto,Passeggero,M,Illeso,0,,Non accertato,Inesploso,
3986095,2,13/09/2018 00:05:00,Strada Urbana,VIA CHIANA,all'intersezione semaforizzata con,VIA SEBINO,VIA SEBINO,,,Scontro frontale/laterale SX fra veicoli in marcia,Incrocio,Una carreggiata a doppio senso,Asciutto,Asfaltata,Verticale ed orizzontale,Sereno,Scarso,Sufficiente,Sufficiente,0,0,0,4,12.5054,41.9218,-1,1,Autovettura privata,In marcia / fermata / arresto,Conducente,M,Illeso,0,,,,
3986095,2,13/09/2018 00:05:00,Strada Urbana,VIA CHIANA,all'intersezione semaforizzata con,VIA SEBINO,VIA SEBINO,,,Scontro frontale/laterale SX fra veicoli in marcia,Incrocio,Una carreggiata a doppio senso,Asciutto,Asfaltata,Verticale ed orizzontale,Sereno,Scarso,Sufficiente,Sufficiente,0,0,0,4,12.5054,41.9218,-1,1,Autovettura privata,In marcia / fermata / arresto,Passeggero,F,Illeso,0,,,,
3986095,2,13/09/2018 00:05:00,Strada Urbana,VIA CHIANA,all'intersezione semaforizzata con,VIA SEBINO,VIA SEBINO,,,Scontro frontale/laterale SX fra veicoli in marcia,Incrocio,Una carreggiata a doppio senso,Asciutto,Asfaltata,Verticale ed orizzontale,Sereno,Scarso,Sufficiente,Sufficiente,0,0,0,4,12.5054,41.9218,-1,2,Quadriciclo leggero,In marcia / fermata / arresto,Conducente,F,Illeso,0,,,,
3986095,2,13/09/2018 00:05:00,Strada Urbana,VIA CHIANA,all'intersezione semaforizzata con,VIA SEBINO,VIA SEBINO,,,Scontro frontale/laterale SX fra veicoli in marcia,Incrocio,Una carreggiata a doppio senso,Asciutto,Asfaltata,Verticale ed orizzontale,Sereno,Scarso,Sufficiente,Sufficiente,0,0,0,4,12.5054,41.9218,-1,2,Quadriciclo leggero,In marcia / fermata / arresto,Passeggero,F,Illeso,0,,,,
3986101,2,12/09/2018 09:30:00,Strada Urbana,VIA DI VILLA ADA,all'intersezione con,VIA BENACO,VIA BENACO,,,Scontro frontale/laterale SX fra veicoli in marcia,Intersezione stradale segnalata,Una carreggiata a senso unico di marcia,Asciutto,Asfaltata,Verticale ed orizzontale,Sereno,Normale,Buona,Ore Diurne,0,0,0,2,12.5055,41.9242,-1,1,Autovettura privata,In marcia / fermata / arresto,Conducente,F,Illeso,0,,Non accertato,Inesploso,
3986101,2,12/09/2018 09:30:00,Strada Urbana,VIA DI VILLA ADA,all'intersezione con,VIA BENACO,VIA BENACO,,,Scontro frontale/laterale SX fra veicoli in marcia,Intersezione stradale segnalata,Una carreggiata a senso unico di marcia,Asciutto,Asfaltata,Verticale ed orizzontale,Sereno,Normale,Buona,Ore Diurne,0,0,0,2,12.5055,41.9242,-1,2,Autovettura privata,In marcia / fermata / arresto,Conducente,F,Illeso,0,,Non accertato,Inesploso,