Protocollo,Gruppo,DataOraIncidente,Localizzazione1,STRADA1,Localizzazione2,STRADA2,Strada02,Chilometrica,DaSpecificare,NaturaIncidente,particolaritastrade,TipoStrada,FondoStradale,Pavimentazione,Segnaletica,CondizioneAtmosferica,Traffico,Visibilita,Illuminazione,NUM_FERITI,NUM_RISERVATA,NUM_MORTI,NUM_ILLESI,Longitudine,Latitudine,Confermato,Progressivo,TipoVeicolo,StatoVeicolo,TipoPersona,Sesso,Tipolesione,Deceduto,DecedutoDopo,CinturaCascoUtilizzato,Airbag,
3986105,2,12/09/2018 09:57:00,Strada Urbana,VIA DI PRISCILLA,in prossimit�,,del civico n.,101,,Tamponamento,Rettilineo,Una carreggiata a doppio senso,Asciutto,Asfaltata,Verticale ed orizzontale,Sereno,Normale,Buona,Ore Diurne,0,0,0,3,12.512,41.9323,-1,1,Motociclo a solo,In marcia / fermata / arresto,Conducente,M,Illeso,0,,Non accertato,,
3986105,2,12/09/2018 09:57:00,Strada Urbana,VIA DI PRISCILLA,in prossimit�,,del civico n.,101,,Tamponamento,Rettilineo,Una carreggiata a doppio senso,Asciutto,Asfaltata,Verticale ed orizzontale,Sereno,Normale,Buona,Ore Diurne,0,0,0,3,12.512,41.9323,-1,2,Autovettura di polizia,In marcia / fermata / arresto,Conducente,M,Illeso,0,,Non accertato,Inesploso,
3986105,2,12/09/2018 09:57:00,Strada Urbana,VIA DI PRISCILLA,in prossimit�,,del civico n.,101,,Tamponamento,Rettilineo,Una carreggiata a doppio senso,Asciutto,Asfaltata,Verticale ed orizzontale,Sereno,Normale,Buona,Ore Diurne,0,0,0,3,12.512,41.9323,-1,2,Autovettura di polizia,In marcia / fermata / arresto,Passeggero,M,Illeso,0,,Non accertato,Inesploso,
3986107,2,12/09/2018 17:00:00,Strada Urbana,VIALE DEL MURO TORTO,in prossimit�,,del palo luce n.,25,,Scontro laterale fra veicoli in marcia,Curva senza visuale libera,Due carreggiate,Asciutto,Asfaltata,Verticale ed orizzontale,Sereno,Intenso,Buona,Ore Diurne,0,0,0,3,12.4817,41.9107,-1,1,Autobus urbano,In marcia / fermata / arresto,Conducente,M,Illeso,0,,Non accertato,Inesploso,
3986107,2,12/09/2018 17:00:00,Strada Urbana,VIALE DEL MURO TORTO,in prossimit�,,del palo luce n.,25,,Scontro laterale fra veicoli in marcia,Curva senza visuale libera,Due carreggiate,Asciutto,Asfaltata,Verticale ed orizzontale,Sereno,Intenso,Buona,Ore Diurne,0,0,0,3,12.4817,41.9107,-1,1,Autobus urbano,In marcia / fermata / arresto,Passeggero,F,Illeso,0,,Non accertato,Inesistente,
3986107,2,12/09/2018 17:00:00,Strada Urbana,VIALE DEL MURO TORTO,in prossimit�,,del palo luce n.,25,,Scontro laterale fra veicoli in marcia,Curva senza visuale libera,Due carreggiate,Asciutto,Asfaltata,Verticale ed orizzontale,Sereno,Intenso,Buona,Ore Diurne,0,0,0,3,12.4817,41.9107,-1,2,Autovettura privata,In marcia / fermata / arresto,Conducente,M,Illeso,0,,Non accertato,Inesploso,
3986139,23,12/09/2018 08:10:00,Comunale extraurbana,VIA CRISTOFORO COLOMBO,in prossimit�,,della chilometrica,15.1,,Infortunio per caduta del veicolo,Rettilineo,Pi� di due carreggiate,Asciutto,Asfaltata,Verticale ed orizzontale,Sereno,Normale,Buona,Ore Diurne,1,0,0,0,12.4121,41.786,-1,1,Motociclo a solo,In marcia / fermata / arresto,Conducente,M,Ricoverato,0,NON DECEDUTO,Utilizzato,,
3986165,4,12/09/2018 20:30:00,Strada Urbana,VIA GIOVANNI CONTI,all'intersezione semaforizzata con,VIA ANTONIO DE CURTIS,VIA ANTONIO DE CURTIS,,,Tamponamento,Intersezione semaforizzata,Due carreggiate,Asciutto,Asfaltata,Verticale ed orizzontale,Sereno,Scarso,Buona,Sufficiente,1,0,0,1,12.5316,41.9551,-1,1,Autovettura privata,In marcia / fermata / arresto,Conducente,F,Rifiuta cure immediate,0,NON DECEDUTO,Non accertato,Inesploso,
3986165,4,12/09/2018 20:30:00,Strada Urbana,VIA GIOVANNI CONTI,all'intersezione semaforizzata con,VIA ANTONIO DE CURTIS,VIA ANTONIO DE CURTIS,,,Tamponamento,Intersezione semaforizzata,Due carreggiate,Asciutto,Asfaltata,Verticale ed orizzontale,Sereno,Scarso,Buona,Sufficiente,1,0,0,1,12.5316,41.9551,-1,2,Autovettura privata,Allontanatosi,Conducente,F,Illeso,0,,,,
3986189,23,12/09/2018 12:40:00,Comunale extraurbana,VIA CRISTOFORO COLOMBO,in prossimit�,,della chilometrica,19.2,,Fuoriuscita dalla sede stradale,Rettilineo,Pi� di due carreggiate,Asciutto,Asfaltata,Verticale ed orizzontale,Sereno,Scarso,Buona,Ore Diurne,1,0,0,0,12.4121,41.786,-1,1,Velocipede,In marcia / fermata / arresto,Conducente,M,Rimandato,0,NON DECEDUTO,Esente,,
3986245,15,13/09/2018 11:20:00,Strada Urbana,VIA DELLA PISANA,da specificare,,,,PROSSIMITA' FERMATA ATAC n. 75469,Scontro laterale fra veicoli in marcia,Rettilineo,Una carreggiata a doppio senso,Asciutto,Asfaltata,Orizzontale,Nuvoloso,Normale,Buona,Ore Diurne,0,0,0,5,12.389,41.8577,-1,1,Autobus di linea,In marcia / fermata / arresto,Conducente,M,Illeso,0,,Non accertato,Inesistente,
3986245,15,13/09/2018 11:20:00,Strada Urbana,VIA DELLA PISANA,da specificare,,,,PROSSIMITA' FERMATA ATAC n. 75469,Scontro laterale fra veicoli in marcia,Rettilineo,Una carreggiata a doppio senso,Asciutto,Asfaltata,Orizzontale,Nuvoloso,Normale,Buona,Ore Diurne,0,0,0,5,12.389,41.8577,-1,2,Autovettura privata,In marcia / fermata / arresto,Conducente,M,Illeso,0,,Non accertato,Inesploso,
3986245,15,13/09/2018 11:20:00,Strada Urbana,VIA DELLA PISANA,da specificare,,,,PROSSIMITA' FERMATA ATAC n. 75469,Scontro laterale fra veicoli in marcia,Rettilineo,Una carreggiata a doppio senso,Asciutto,Asfaltata,Orizzontale,Nuvoloso,Normale,Buona,Ore Diurne,0,0,0,5,12.389,41.8577,-1,2,Autovettura privata,In marcia / fermata / arresto,Passeggero,M,Illeso,0,,Non accertato,Inesploso,
3986245,15,13/09/2018 11:20:00,Strada Urbana,VIA DELLA PISANA,da specificare,,,,PROSSIMITA' FERMATA ATAC n. 75469,Scontro laterale fra veicoli in marcia,Rettilineo,Una carreggiata a doppio senso,Asciutto,Asfaltata,Orizzontale,Nuvoloso,Normale,Buona,Ore Diurne,0,0,0,5,12.389,41.8577,-1,2,Autovettura privata,In marcia / fermata / arresto,Passeggero,F,Illeso,0,,Non accertato,Inesistente,
3986245,15,13/09/2018 11:20:00,Strada Urbana,VIA DELLA PISANA,da specificare,,,,PROSSIMITA' FERMATA ATAC n. 75469,Scontro laterale fra veicoli in marcia,Rettilineo,Una carreggiata a doppio senso,Asciutto,Asfaltata,Orizzontale,Nuvoloso,Normale,Buona,Ore Diurne,0,0,0,5,12.389,41.8577,-1,2,Autovettura privata,In marcia / fermata / arresto,Passeggero,F,Illeso,0,,Non accertato,Inesistente,
3986273,19,13/09/2018 12:00:00,Strada Urbana,VIA DI TORREVECCHIA,in corrispondenza,,del civico n.,123,,Tamponamento Multiplo,Rettilineo,Una carreggiata a doppio senso,Bagnato (pioggia),Asfaltata,Verticale ed orizzontale,Pioggia in atto,Normale,Buona,Ore Diurne,0,0,0,4,12.4202,41.9341,-1,1,Autovettura privata,In marcia / fermata / arresto,Conducente,F,Illeso,0,,Non accertato,Inesploso,
3986273,19,13/09/2018 12:00:00,Strada Urbana,VIA DI TORREVECCHIA,in corrispondenza,,del civico n.,123,,Tamponamento Multiplo,Rettilineo,Una carreggiata a doppio senso,Bagnato (pioggia),Asfaltata,Verticale ed orizzontale,Pioggia in atto,Normale,Buona,Ore Diurne,0,0,0,4,12.4202,41.9341,-1,2,Autovettura privata,In marcia / fermata / arresto,Conducente,M,Illeso,0,,Non accertato,Inesploso,
3986273,19,13/09/2018 12:00:00,Strada Urbana,VIA DI TORREVECCHIA,in corrispondenza,,del civico n.,123,,Tamponamento Multiplo,Rettilineo,Una carreggiata a doppio senso,Bagnato (pioggia),Asfaltata,Verticale ed orizzontale,Pioggia in atto,Normale,Buona,Ore Diurne,0,0,0,4,12.4202,41.9341,-1,2,Autovettura privata,In marcia / fermata / arresto,Passeggero,F,Illeso,0,,Non accertato,Inesploso,
3986273,19,13/09/2018 12:00:00,Strada Urbana,VIA DI TORREVECCHIA,in corrispondenza,,del civico n.,123,,Tamponamento Multiplo,Rettilineo,Una carreggiata a doppio senso,Bagnato (pioggia),Asfaltata,Verticale ed orizzontale,Pioggia in atto,Normale,Buona,Ore Diurne,0,0,0,4,12.4202,41.9341,-1,3,Autovettura privata,In marcia / fermata / arresto,Conducente,F,Illeso,0,,Non accertato,Inesploso,
3986276,12,12/09/2018 17:30:00,Provinciale entro l'abitato,VIA OSTIENSE,da specificare,,,,prossimit� Via dell'Ippica,Tamponamento Multiplo,Rettilineo,Una carreggiata a doppio senso,Asciutto,Asfaltata,Verticale ed orizzontale,Sereno,Intenso,Buona,Ore Diurne,1,0,0,2,12.4354,41.8191,-1,1,Autovettura privata,In marcia / fermata / arresto,Conducente,M,Illeso,0,,Utilizzato,Inesploso,
3986276,12,12/09/2018 17:30:00,Provinciale entro l'abitato,VIA OSTIENSE,da specificare,,,,prossimit� Via dell'Ippica,Tamponamento Multiplo,Rettilineo,Una carreggiata a doppio senso,Asciutto,Asfaltata,Verticale ed orizzontale,Sereno,Intenso,Buona,Ore Diurne,1,0,0,2,12.4354,41.8191,-1,2,Autovettura privata,In marcia / fermata / arresto,Conducente,F,Rimandato,0,NON DECEDUTO,Utilizzato,Inesistente,
3986276,12,12/09/2018 17:30:00,Provinciale entro l'abitato,VIA OSTIENSE,da specificare,,,,prossimit� Via dell'Ippica,Tamponamento Multiplo,Rettilineo,Una carreggiata a doppio senso,Asciutto,Asfaltata,Verticale ed orizzontale,Sereno,Intenso,Buona,Ore Diurne,1,0,0,2,12.4354,41.8191,-1,3,Autovettura privata,In marcia / fermata / arresto,Conducente,M,Illeso,0,,Utilizzato,Inesploso,
3986370,16,13/09/2018 07:00:00,Strada Urbana,CIRCONVALLAZIONE GIANICOLENSE,all'intersezione con,VIA S. GIROLAMO EMILIANI,VIA S. GIROLAMO EMILIANI,,,Investimento di pedone,Intersezione semaforizzata,Due carreggiate,Asciutto,Asfaltata,Assente,Nuvoloso,Normale,Buona,Ore Diurne,1,0,0,1,12.4649,41.8729,-1,,,,Pedone,M,Rimandato,0,NON DECEDUTO,,,
3986370,16,13/09/2018 07:00:00,Strada Urbana,CIRCONVALLAZIONE GIANICOLENSE,all'intersezione con,VIA S. GIROLAMO EMILIANI,VIA S. GIROLAMO EMILIANI,,,Investimento di pedone,Intersezione semaforizzata,Due carreggiate,Asciutto,Asfaltata,Assente,Nuvoloso,Normale,Buona,Ore Diurne,1,0,0,1,12.4649,41.8729,-1,1,Autovettura privata,In marcia / fermata / arresto,Conducente,M,Illeso,0,,Non accertato,Inesploso,
3986411,3,12/09/2018 20:50:00,Strada Urbana,VIALE DELL'UNIVERSITA',all'intersezione semaforizzata con,VIALE DEL POLICLINICO,VIALE DEL POLICLINICO,,,Scontro frontale/laterale DX fra veicoli in marcia,Incrocio,Pi� di due carreggiate,Asciutto,Asfaltata,Orizzontale,Sereno,Intenso,Sufficiente,Sufficiente,3,0,0,0,12.5118,41.9043,-1,1,Motociclo con passeggero,In marcia / fermata / arresto,Conducente,M,Rimandato,0,NON DECEDUTO,,,
3986411,3,12/09/2018 20:50:00,Strada Urbana,VIALE DELL'UNIVERSITA',all'intersezione semaforizzata con,VIALE DEL POLICLINICO,VIALE DEL POLICLINICO,,,Scontro frontale/laterale DX fra veicoli in marcia,Incrocio,Pi� di due carreggiate,Asciutto,Asfaltata,Orizzontale,Sereno,Intenso,Sufficiente,Sufficiente,3,0,0,0,12.5118,41.9043,-1,1,Motociclo con passeggero,In marcia / fermata / arresto,Passeggero,F,Rimandato,0,NON DECEDUTO,,,
3986411,3,12/09/2018 20:50:00,Strada Urbana,VIALE DELL'UNIVERSITA',all'intersezione semaforizzata con,VIALE DEL POLICLINICO,VIALE DEL POLICLINICO,,,Scontro frontale/laterale DX fra veicoli in marcia,Incrocio,Pi� di due carreggiate,Asciutto,Asfaltata,Orizzontale,Sereno,Intenso,Sufficiente,Sufficiente,3,0,0,0,12.5118,41.9043,-1,2,Motociclo a solo,In marcia / fermata / arresto,Conducente,M,Rimandato,0,NON DECEDUTO,,,
3986480,4,12/09/2018 17:00:00,Statale entro l'abitato,VIA SALARIA,in prossimit�,,della chilometrica,19.6,,Tamponamento,Rettilineo,Una carreggiata a doppio senso,Asciutto,Asfaltata,Verticale ed orizzontale,Sereno,Normale,Buona,Ore Diurne,0,0,0,4,12.5557,42.0375,-1,1,Autovettura privata,In marcia / fermata / arresto,Conducente,M,Illeso,0,,Utilizzato,Inesploso,
3986480,4,12/09/2018 17:00:00,Statale entro l'abitato,VIA SALARIA,in prossimit�,,della chilometrica,19.6,,Tamponamento,Rettilineo,Una carreggiata a doppio senso,Asciutto,Asfaltata,Verticale ed orizzontale,Sereno,Normale,Buona,Ore Diurne,0,0,0,4,12.5557,42.0375,-1,1,Autovettura privata,In marcia / fermata / arresto,Passeggero,F,Illeso,0,,Non accertato,Inesploso,
3986480,4,12/09/2018 17:00:00,Statale entro l'abitato,VIA SALARIA,in prossimit�,,della chilometrica,19.6,,Tamponamento,Rettilineo,Una carreggiata a doppio senso,Asciutto,Asfaltata,Verticale ed orizzontale,Sereno,Normale,Buona,Ore Diurne,0,0,0,4,12.5557,42.0375,-1,2,Autovettura privata,In marcia / fermata / arresto,Conducente,M,Illeso,0,,Utilizzato,Inesploso,
3986480,4,12/09/2018 17:00:00,Statale entro l'abitato,VIA SALARIA,in prossimit�,,della chilometrica,19.6,,Tamponamento,Rettilineo,Una carreggiata a doppio senso,Asciutto,Asfaltata,Verticale ed orizzontale,Sereno,Normale,Buona,Ore Diurne,0,0,0,4,12.5557,42.0375,-1,2,Autovettura privata,In marcia / fermata / arresto,Passeggero,F,Illeso,0,,Non accertato,Inesploso,
3986482,1,12/09/2018 12:20:00,Strada Urbana,PONTE SUBLICIO,in prossimit�,,del palo luce n.,1,,Scontro laterale fra veicoli in marcia,Rettilineo,Una carreggiata a doppio senso,Asciutto,Asfaltata,Verticale ed orizzontale,Sereno,Intenso,Buona,Ore Diurne,0,0,0,3,12.4747,41.8837,-1,1,Autovettura privata,In marcia / fermata / arresto,Conducente,M,Illeso,0,,Non accertato,Inesploso,
3986482,1,12/09/2018 12:20:00,Strada Urbana,PONTE SUBLICIO,in prossimit�,,del palo luce n.,1,,Scontro laterale fra veicoli in marcia,Rettilineo,Una carreggiata a doppio senso,Asciutto,Asfaltata,Verticale ed orizzontale,Sereno,Intenso,Buona,Ore Diurne,0,0,0,3,12.4747,41.8837,-1,2,Autocarro inferiore 35 q.,In marcia / fermata / arresto,Conducente,M,Illeso,0,,Non accertato,Inesploso,
3986482,1,12/09/2018 12:20:00,Strada Urbana,PONTE SUBLICIO,in prossimit�,,del palo luce n.,1,,Scontro laterale fra veicoli in marcia,Rettilineo,Una carreggiata a doppio senso,Asciutto,Asfaltata,Verticale ed orizzontale,Sereno,Intenso,Buona,Ore Diurne,0,0,0,3,12.4747,41.8837,-1,2,Autocarro inferiore 35 q.,In marcia / fermata / arresto,Passeggero,M,Illeso,0,,Non accertato,Inesploso,
3986494,12,13/09/2018 12:40:00,Statale,VIA DEL MARE,da specificare,,,,altezza svincolo via Ostiense direzione Ostia,Scontro laterale fra veicoli in marcia,Cavalcavia,Due carreggiate,Asciutto,Asfaltata,Verticale ed orizzontale,Nuvoloso,Normale,Buona,Ore Diurne,1,0,0,1,12.4632,41.8403,-1,1,Autovettura privata,In marcia / fermata / arresto,Conducente,F,Illeso,0,,Utilizzato,Inesploso,
3986494,12,13/09/2018 12:40:00,Statale,VIA DEL MARE,da specificare,,,,altezza svincolo via Ostiense direzione Ostia,Scontro laterale fra veicoli in marcia,Cavalcavia,Due carreggiate,Asciutto,Asfaltata,Verticale ed orizzontale,Nuvoloso,Normale,Buona,Ore Diurne,1,0,0,1,12.4632,41.8403,-1,2,Motociclo a solo,In marcia / fermata / arresto,Conducente,M,Rimandato,0,NON DECEDUTO,Non accertato,,
3986515,1,12/09/2018 14:00:00,Strada Urbana,VIALE CASTRO PRETORIO,da specificare,,,,in prossimit� VIA DEL CASTRO PRETORIO,Scontro laterale fra veicoli in marcia,Rettilineo,Una carreggiata a doppio senso,Asciutto,Asfaltata,Verticale ed orizzontale,Sereno,Normale,Buona,Ore Diurne,0,0,0,3,12.5069,41.9027,-1,1,Autovettura privata,In marcia / fermata / arresto,Conducente,M,Illeso,0,,Non accertato,Inesploso,
3986515,1,12/09/2018 14:00:00,Strada Urbana,VIALE CASTRO PRETORIO,da specificare,,,,in prossimit� VIA DEL CASTRO PRETORIO,Scontro laterale fra veicoli in marcia,Rettilineo,Una carreggiata a doppio senso,Asciutto,Asfaltata,Verticale ed orizzontale,Sereno,Normale,Buona,Ore Diurne,0,0,0,3,12.5069,41.9027,-1,1,Autovettura privata,In marcia / fermata / arresto,Passeggero,M,Illeso,0,,Non accertato,Inesploso,
3986515,1,12/09/2018 14:00:00,Strada Urbana,VIALE CASTRO PRETORIO,da specificare,,,,in prossimit� VIA DEL CASTRO PRETORIO,Scontro laterale fra veicoli in marcia,Rettilineo,Una carreggiata a doppio senso,Asciutto,Asfaltata,Verticale ed orizzontale,Sereno,Normale,Buona,Ore Diurne,0,0,0,3,12.5069,41.9027,-1,2,Autovettura privata,In marcia / fermata / arresto,Conducente,F,Illeso,0,,Non accertato,Inesploso,
3986524,3,11/09/2018 19:50:00,Strada Urbana,VIA NOMENTANA,all'intersezione con,VIALE REGINA MARGHERITA,VIALE REGINA MARGHERITA,,,Scontro frontale/laterale DX fra veicoli in marcia,Incrocio,Pi� di due carreggiate,Asciutto,Asfaltata,Verticale ed orizzontale,Sereno,Normale,Sufficiente,Sufficiente,1,0,0,2,12.5067,41.9129,-1,1,Motociclo a solo,In marcia / fermata / arresto,Conducente,M,Rimandato,0,NON DECEDUTO,Non accertato,,
3986524,3,11/09/2018 19:50:00,Strada Urbana,VIA NOMENTANA,all'intersezione con,VIALE REGINA MARGHERITA,VIALE REGINA MARGHERITA,,,Scontro frontale/laterale DX fra veicoli in marcia,Incrocio,Pi� di due carreggiate,Asciutto,Asfaltata,Verticale ed orizzontale,Sereno,Normale,Sufficiente,Sufficiente,1,0,0,2,12.5067,41.9129,-1,2,Motociclo con passeggero,In marcia / fermata / arresto,Conducente,M,Illeso,0,,Non accertato,,
3986524,3,11/09/2018 19:50:00,Strada Urbana,VIA NOMENTANA,all'intersezione con,VIALE REGINA MARGHERITA,VIALE REGINA MARGHERITA,,,Scontro frontale/laterale DX fra veicoli in marcia,Incrocio,Pi� di due carreggiate,Asciutto,Asfaltata,Verticale ed orizzontale,Sereno,Normale,Sufficiente,Sufficiente,1,0,0,2,12.5067,41.9129,-1,2,Motociclo con passeggero,In marcia / fermata / arresto,Passeggero,M,Illeso,0,,Non accertato,,
3986541,3,12/09/2018 10:45:00,Strada Urbana,PIAZZALE DELLA STAZIONE TIBURTINA,da specificare,,,,fr civ 1,Investimento di pedone,Rettilineo,Una carreggiata a doppio senso,Asciutto,Asfaltata,Verticale ed orizzontale,Sereno,Normale,Buona,Ore Diurne,1,0,0,1,12.5302,41.9097,-1,,,,Pedone,F,Rimandato,0,NON DECEDUTO,,,
3986541,3,12/09/2018 10:45:00,Strada Urbana,PIAZZALE DELLA STAZIONE TIBURTINA,da specificare,,,,fr civ 1,Investimento di pedone,Rettilineo,Una carreggiata a doppio senso,Asciutto,Asfaltata,Verticale ed orizzontale,Sereno,Normale,Buona,Ore Diurne,1,0,0,1,12.5302,41.9097,-1,1,Autovettura pubblica,In marcia / fermata / arresto,Conducente,M,Illeso,0,,,,
3986543,3,11/09/2018 18:20:00,Strada Urbana,VIA TIBURTINA,da specificare,,,,biforcazione Via Portonaccio/Ple Verano,Veicolo in marcia contro ostacolo fisso,Pendenza,Una carreggiata a senso unico di marcia,Asciutto,Asfaltata,Verticale ed orizzontale,Sereno,Normale,Buona,Ore Diurne,0,0,0,1,12.5277,41.9085,0,1,Autovettura privata,In marcia / fermata / arresto,Conducente,M,Illeso,0,,,,
3986557,1,12/09/2018 18:30:00,Strada Urbana,VIA CERNAIA,all'intersezione con,VIA PASTRENGO,VIA PASTRENGO,,,Scontro frontale/laterale SX fra veicoli in marcia,Incrocio,Una carreggiata a senso unico di marcia,Asciutto,Asfaltata,Verticale ed orizzontale,Sereno,Normale,Buona,Ore Diurne,0,0,0,2,12.4974,41.9046,-1,1,Autovettura privata,In marcia / fermata / arresto,Conducente,M,Illeso,0,,Non accertato,Inesploso,
3986557,1,12/09/2018 18:30:00,Strada Urbana,VIA CERNAIA,all'intersezione con,VIA PASTRENGO,VIA PASTRENGO,,,Scontro frontale/laterale SX fra veicoli in marcia,Incrocio,Una carreggiata a senso unico di marcia,Asciutto,Asfaltata,Verticale ed orizzontale,Sereno,Normale,Buona,Ore Diurne,0,0,0,2,12.4974,41.9046,-1,2,Motociclo a solo,In marcia / fermata / arresto,Conducente,M,Illeso,0,,Non accertato,,
3986564,4,12/09/2018 17:15:00,Strada Urbana,VIA ROBERTO ROSSELLINI,in corrispondenza,,del civico n.,54,,Scontro frontale/laterale SX fra veicoli in marcia,Curva a visuale libera,Una carreggiata a doppio senso,Asciutto,Asfaltata,Orizzontale,Sereno,Normale,Buona,Ore Diurne,0,0,0,2,12.5677,41.9503,-1,1,Autovettura privata,In marcia / fermata / arresto,Conducente,F,Illeso,0,,Non accertato,Inesploso,
3986564,4,12/09/2018 17:15:00,Strada Urbana,VIA ROBERTO ROSSELLINI,in corrispondenza,,del civico n.,54,,Scontro frontale/laterale SX fra veicoli in marcia,Curva a visuale libera,Una carreggiata a doppio senso,Asciutto,Asfaltata,Orizzontale,Sereno,Normale,Buona,Ore Diurne,0,0,0,2,12.5677,41.9503,-1,2,Motociclo a solo,In marcia / fermata / arresto,Conducente,M,Illeso,0,,Non accertato,,
3986586,17,12/09/2018 10:45:00,Strada Urbana,VIA COLA DI RIENZO,in corrispondenza,,del civico n.,196,,Investimento di pedone,Rettilineo,Una carreggiata a doppio senso,Asciutto,In cubetti di porfido,Verticale ed orizzontale,Sereno,Intenso,Buona,Ore Diurne,1,0,0,2,12.4632,41.9073,-1,,,,Pedone,M,Rimandato,0,NON DECEDUTO,,,
3986586,17,12/09/2018 10:45:00,Strada Urbana,VIA COLA DI RIENZO,in corrispondenza,,del civico n.,196,,Investimento di pedone,Rettilineo,Una carreggiata a doppio senso,Asciutto,In cubetti di porfido,Verticale ed orizzontale,Sereno,Intenso,Buona,Ore Diurne,1,0,0,2,12.4632,41.9073,-1,1,Autovettura di polizia,In marcia / fermata / arresto,Conducente,M,Illeso,0,,,,
3986586,17,12/09/2018 10:45:00,Strada Urbana,VIA COLA DI RIENZO,in corrispondenza,,del civico n.,196,,Investimento di pedone,Rettilineo,Una carreggiata a doppio senso,Asciutto,In cubetti di porfido,Verticale ed orizzontale,Sereno,Intenso,Buona,Ore Diurne,1,0,0,2,12.4632,41.9073,-1,1,Autovettura di polizia,In marcia / fermata / arresto,Passeggero,F,Illeso,0,,,,
3986604,1,12/09/2018 20:45:00,Strada Urbana,VIA MERULANA,all'intersezione semaforizzata con,VIA LABICANA,VIA LABICANA,,,Veicolo in marcia contro ostacolo fisso,Intersezione semaforizzata,Due carreggiate,Asciutto,Asfaltata,Verticale ed orizzontale,Sereno,Normale,Buona,Sufficiente,0,0,0,1,,,0,1,Autovettura pubblica,In marcia / fermata / arresto,Conducente,M,Illeso,0,,Non accertato,Inesploso,
3986621,1,13/09/2018 11:05:00,Strada Urbana,VIA DEGLI ANNIBALDI,all'intersezione con,VIA NICOLA SALVI,VIA NICOLA SALVI,,,Scontro laterale fra veicoli in marcia,Incrocio,Una carreggiata a senso unico di marcia,Asciutto,Asfaltata,Verticale ed orizzontale,Nuvoloso,Intenso,Buona,Ore Diurne,0,0,0,2,12.4918,41.892,-1,1,Autobus turistico,In marcia / fermata / arresto,Conducente,M,Illeso,0,,Non accertato,Inesploso,
3986621,1,13/09/2018 11:05:00,Strada Urbana,VIA DEGLI ANNIBALDI,all'intersezione con,VIA NICOLA SALVI,VIA NICOLA SALVI,,,Scontro laterale fra veicoli in marcia,Incrocio,Una carreggiata a senso unico di marcia,Asciutto,Asfaltata,Verticale ed orizzontale,Nuvoloso,Intenso,Buona,Ore Diurne,0,0,0,2,12.4918,41.892,-1,2,Autovettura privata,In marcia / fermata / arresto,Conducente,M,Illeso,0,,Non accertato,Inesploso,
3986648,17,12/09/2018 08:25:00,Strada Urbana,PIAZZA DEI TRIBUNALI,da specificare,,,,"fronte STATUA ""GAIO""",Scontro laterale fra veicoli in marcia,Rettilineo,Una carreggiata a senso unico di marcia,Asciutto,Asfaltata,Verticale ed orizzontale,Sereno,Normale,Buona,Ore Diurne,0,0,0,2,12.4704,41.9031,-1,1,Autovettura privata,In marcia / fermata / arresto,Conducente,M,Illeso,0,,,,
3986648,17,12/09/2018 08:25:00,Strada Urbana,PIAZZA DEI TRIBUNALI,da specificare,,,,"fronte STATUA ""GAIO""",Scontro laterale fra veicoli in marcia,Rettilineo,Una carreggiata a senso unico di marcia,Asciutto,Asfaltata,Verticale ed orizzontale,Sereno,Normale,Buona,Ore Diurne,0,0,0,2,12.4704,41.9031,-1,2,Motociclo a solo,In marcia / fermata / arresto,Conducente,M,Illeso,0,,,,
3986650,10,13/09/2018 15:25:00,Strada Urbana,VIA QUINTO PUBLICIO,all'intersezione semaforizzata con,VIALE PALMIRO TOGLIATTI,VIALE PALMIRO TOGLIATTI,,,Scontro laterale fra veicoli in marcia,Intersezione semaforizzata,Due carreggiate,Asciutto,Asfaltata,Verticale ed orizzontale,Nuvoloso,Intenso,Buona,Ore Diurne,0,0,0,2,12.5712,41.8562,-1,1,Autovettura privata,In marcia / fermata / arresto,Conducente,M,Illeso,0,,Non accertato,Inesploso,
3986650,10,13/09/2018 15:25:00,Strada Urbana,VIA QUINTO PUBLICIO,all'intersezione semaforizzata con,VIALE PALMIRO TOGLIATTI,VIALE PALMIRO TOGLIATTI,,,Scontro laterale fra veicoli in marcia,Intersezione semaforizzata,Due carreggiate,Asciutto,Asfaltata,Verticale ed orizzontale,Nuvoloso,Intenso,Buona,Ore Diurne,0,0,0,2,12.5712,41.8562,-1,2,Autovettura privata,In marcia / fermata / arresto,Conducente,M,Illeso,0,,Non utilizzato,Inesploso,
3986657,1,13/09/2018 10:05:00,Strada Urbana, Sottovia Cappellini,da specificare,,,,direzione FERROVIE LAZIALI,Infortunio per sola frenata improvvisa,Rettilineo,Due carreggiate,Asciutto,Asfaltata,Temporanea di cantiere,Nuvoloso,Normale,Buona,Ore Diurne,0,0,0,2,12.5046,41.8972,-1,1,Motociclo a solo,In marcia / fermata / arresto,Conducente,M,Illeso,0,,Non accertato,,
3986657,1,13/09/2018 10:05:00,Strada Urbana, Sottovia Cappellini,da specificare,,,,direzione FERROVIE LAZIALI,Infortunio per sola frenata improvvisa,Rettilineo,Due carreggiate,Asciutto,Asfaltata,Temporanea di cantiere,Nuvoloso,Normale,Buona,Ore Diurne,0,0,0,2,12.5046,41.8972,-1,2,Altro,In marcia / fermata / arresto,Conducente,M,Illeso,0,,Non accertato,Inesploso,