Protocollo,Gruppo,DataOraIncidente,Localizzazione1,STRADA1,Localizzazione2,STRADA2,Strada02,Chilometrica,DaSpecificare,NaturaIncidente,particolaritastrade,TipoStrada,FondoStradale,Pavimentazione,Segnaletica,CondizioneAtmosferica,Traffico,Visibilita,Illuminazione,NUM_FERITI,NUM_RISERVATA,NUM_MORTI,NUM_ILLESI,Longitudine,Latitudine,Confermato,Progressivo,TipoVeicolo,StatoVeicolo,TipoPersona,Sesso,Tipolesione,Deceduto,DecedutoDopo,CinturaCascoUtilizzato,Airbag,
3986690,6,13/09/2018 16:00:00,Strada Urbana,VIA DEI GELSI,all'intersezione con,VIA DEI CICLAMINI,VIA DEI CICLAMINI,,,Scontro frontale/laterale SX fra veicoli in marcia,Incrocio,Una carreggiata a doppio senso,Asciutto,Asfaltata,Verticale ed orizzontale,Nuvoloso,Normale,Buona,Ore Diurne,0,0,0,4,12.5672,41.8889,-1,1,Autovettura privata,In marcia / fermata / arresto,Conducente,F,Illeso,0,,Non accertato,Inesploso,
3986690,6,13/09/2018 16:00:00,Strada Urbana,VIA DEI GELSI,all'intersezione con,VIA DEI CICLAMINI,VIA DEI CICLAMINI,,,Scontro frontale/laterale SX fra veicoli in marcia,Incrocio,Una carreggiata a doppio senso,Asciutto,Asfaltata,Verticale ed orizzontale,Nuvoloso,Normale,Buona,Ore Diurne,0,0,0,4,12.5672,41.8889,-1,1,Autovettura privata,In marcia / fermata / arresto,Passeggero,M,Illeso,0,,Non accertato,Inesploso,
3986690,6,13/09/2018 16:00:00,Strada Urbana,VIA DEI GELSI,all'intersezione con,VIA DEI CICLAMINI,VIA DEI CICLAMINI,,,Scontro frontale/laterale SX fra veicoli in marcia,Incrocio,Una carreggiata a doppio senso,Asciutto,Asfaltata,Verticale ed orizzontale,Nuvoloso,Normale,Buona,Ore Diurne,0,0,0,4,12.5672,41.8889,-1,1,Autovettura privata,In marcia / fermata / arresto,Passeggero,M,Illeso,0,,Non accertato,Inesploso,
3986690,6,13/09/2018 16:00:00,Strada Urbana,VIA DEI GELSI,all'intersezione con,VIA DEI CICLAMINI,VIA DEI CICLAMINI,,,Scontro frontale/laterale SX fra veicoli in marcia,Incrocio,Una carreggiata a doppio senso,Asciutto,Asfaltata,Verticale ed orizzontale,Nuvoloso,Normale,Buona,Ore Diurne,0,0,0,4,12.5672,41.8889,-1,2,Autovettura privata,In marcia / fermata / arresto,Conducente,M,Illeso,0,,Non accertato,Inesploso,
3986701,1,13/09/2018 09:40:00,Strada Urbana,VIA DEL TEATRO DI MARCELLO,all'intersezione con,PIAZZA VENEZIA,PIAZZA VENEZIA,,,Veicolo in marcia contro ostacolo accidentale,Incrocio,Una carreggiata a senso unico di marcia,Asciutto,In cubetti di porfido,Verticale ed orizzontale,Sereno,Normale,Sufficiente,Ore Diurne,0,0,0,1,,,0,1,Ciclomotore,In marcia / fermata / arresto,Conducente,M,Illeso,0,,Non accertato,,
3986702,12,12/09/2018 08:20:00,Strada Urbana,VIA CATERINA TROIANI,all'intersezione con,VIA DI DECIMA,VIA DI DECIMA,,,Scontro frontale/laterale SX fra veicoli in marcia,Incrocio,Una carreggiata a doppio senso,Asciutto,Asfaltata,Verticale ed orizzontale,Sereno,Scarso,Buona,Ore Diurne,0,0,0,3,12.4502,41.8122,-1,1,Autovettura privata,In marcia / fermata / arresto,Conducente,M,Illeso,0,,Utilizzato,Inesploso,
3986702,12,12/09/2018 08:20:00,Strada Urbana,VIA CATERINA TROIANI,all'intersezione con,VIA DI DECIMA,VIA DI DECIMA,,,Scontro frontale/laterale SX fra veicoli in marcia,Incrocio,Una carreggiata a doppio senso,Asciutto,Asfaltata,Verticale ed orizzontale,Sereno,Scarso,Buona,Ore Diurne,0,0,0,3,12.4502,41.8122,-1,2,Autovettura privata,In marcia / fermata / arresto,Conducente,M,Illeso,0,,Utilizzato,Esploso,
3986702,12,12/09/2018 08:20:00,Strada Urbana,VIA CATERINA TROIANI,all'intersezione con,VIA DI DECIMA,VIA DI DECIMA,,,Scontro frontale/laterale SX fra veicoli in marcia,Incrocio,Una carreggiata a doppio senso,Asciutto,Asfaltata,Verticale ed orizzontale,Sereno,Scarso,Buona,Ore Diurne,0,0,0,3,12.4502,41.8122,-1,2,Autovettura privata,In marcia / fermata / arresto,Passeggero,M,Illeso,0,,Utilizzato,Inesploso,
3986717,17,11/09/2018 16:30:00,Strada Urbana,VIA VALADIER,in corrispondenza,,del civico n.,38,,Veicolo in marcia contro veicolo in sosta,Rettilineo,Una carreggiata a senso unico di marcia,Asciutto,Asfaltata,Verticale ed orizzontale,Sereno,Normale,Buona,Ore Diurne,0,0,0,1,12.4692,41.9083,-1,1,Autovettura privata,In marcia / fermata / arresto,Conducente,M,Illeso,0,,Non accertato,Inesploso,
3986720,12,13/09/2018 12:30:00,Strada Urbana,VIADOTTO DELLA MAGLIANA,da specificare,,,,direzione Fiumicino altezza Sheraton,Scontro laterale fra veicoli in marcia,Rettilineo,Due carreggiate,Bagnato (pioggia),Asfaltata,Verticale ed orizzontale,Nuvoloso,Normale,Buona,Ore Diurne,0,0,0,2,12.4712,41.8421,-1,1,Autovettura pubblica,In marcia / fermata / arresto,Conducente,M,Illeso,0,,Utilizzato,Inesploso,
3986720,12,13/09/2018 12:30:00,Strada Urbana,VIADOTTO DELLA MAGLIANA,da specificare,,,,direzione Fiumicino altezza Sheraton,Scontro laterale fra veicoli in marcia,Rettilineo,Due carreggiate,Bagnato (pioggia),Asfaltata,Verticale ed orizzontale,Nuvoloso,Normale,Buona,Ore Diurne,0,0,0,2,12.4712,41.8421,-1,2,Motociclo a solo,In marcia / fermata / arresto,Conducente,M,Illeso,0,,Utilizzato,,
3986725,7,13/09/2018 15:10:00,Provinciale entro l'abitato,VIA PRENESTINA,da specificare,,,,via della Tenuta Mistica,Scontro frontale/laterale DX fra veicoli in marcia,Rettilineo,Una carreggiata a doppio senso,Asciutto,Asfaltata,Verticale ed orizzontale,Nuvoloso,Normale,Buona,Ore Diurne,0,0,1,1,12.5995,41.8936,-1,1,Motociclo a solo,In marcia / fermata / arresto,Conducente,M,Deceduto sul posto,-1,,,,
3986725,7,13/09/2018 15:10:00,Provinciale entro l'abitato,VIA PRENESTINA,da specificare,,,,via della Tenuta Mistica,Scontro frontale/laterale DX fra veicoli in marcia,Rettilineo,Una carreggiata a doppio senso,Asciutto,Asfaltata,Verticale ed orizzontale,Nuvoloso,Normale,Buona,Ore Diurne,0,0,1,1,12.5995,41.8936,-1,2,Autovettura privata,In marcia / fermata / arresto,Conducente,M,Illeso,0,,,,
3986819,17,12/09/2018 22:30:00,Strada Urbana,VIALE DELLO STADIO OLIMPICO,da specificare,,,,altezza VIA DEL CAMPEGGIO,Tamponamento,Rettilineo,Una carreggiata a senso unico di marcia,Asciutto,Asfaltata,Verticale,Sereno,Scarso,Buona,Sufficiente,1,0,0,1,12.4534,41.9311,0,1,Autovettura privata,In marcia / fermata / arresto,Conducente,M,Rimandato,0,NON DECEDUTO,,,
3986819,17,12/09/2018 22:30:00,Strada Urbana,VIALE DELLO STADIO OLIMPICO,da specificare,,,,altezza VIA DEL CAMPEGGIO,Tamponamento,Rettilineo,Una carreggiata a senso unico di marcia,Asciutto,Asfaltata,Verticale,Sereno,Scarso,Buona,Sufficiente,1,0,0,1,12.4534,41.9311,0,2,Autovettura pubblica,In marcia / fermata / arresto,Conducente,M,Illeso,0,,,,
3986825,1,11/09/2018 09:20:00,,PIAZZA VENEZIA,da specificare,,,,0,Veicolo in marcia contro ostacolo accidentale,,,,,,,,,,0,0,0,1,,,0,1,Motociclo a solo,In marcia / fermata / arresto,Conducente,M,Illeso,0,,,,
3986836,3,12/09/2018 11:50:00,Strada Urbana,VIA LIVORNO,in prossimit�,,del civico n.,34,,Scontro laterale fra veicoli in marcia,Pendenza,Una carreggiata a doppio senso,Asciutto,Asfaltata,Verticale ed orizzontale,Sereno,Normale,Buona,Ore Diurne,0,0,0,1,12.5231,41.9149,-1,1,Autovettura privata,In marcia / fermata / arresto,Conducente,M,Illeso,0,,Non accertato,Inesploso,
3986878,17,12/09/2018 19:30:00,Strada Urbana,PIAZZA CAVOUR,in prossimit�,,del civico n.,22,,Scontro laterale fra veicoli in marcia,Rettilineo,Una carreggiata a doppio senso,Asciutto,In cubetti di porfido,Verticale ed orizzontale,Sereno,Normale,Sufficiente,Ore Diurne,1,0,0,3,12.4696,41.9061,0,1,Autovettura privata,In marcia / fermata / arresto,Conducente,M,Illeso,0,,,,
3986878,17,12/09/2018 19:30:00,Strada Urbana,PIAZZA CAVOUR,in prossimit�,,del civico n.,22,,Scontro laterale fra veicoli in marcia,Rettilineo,Una carreggiata a doppio senso,Asciutto,In cubetti di porfido,Verticale ed orizzontale,Sereno,Normale,Sufficiente,Ore Diurne,1,0,0,3,12.4696,41.9061,0,1,Autovettura privata,In marcia / fermata / arresto,Passeggero,M,Illeso,0,,,,
3986878,17,12/09/2018 19:30:00,Strada Urbana,PIAZZA CAVOUR,in prossimit�,,del civico n.,22,,Scontro laterale fra veicoli in marcia,Rettilineo,Una carreggiata a doppio senso,Asciutto,In cubetti di porfido,Verticale ed orizzontale,Sereno,Normale,Sufficiente,Ore Diurne,1,0,0,3,12.4696,41.9061,0,1,Autovettura privata,In marcia / fermata / arresto,Passeggero,M,Illeso,0,,,,
3986878,17,12/09/2018 19:30:00,Strada Urbana,PIAZZA CAVOUR,in prossimit�,,del civico n.,22,,Scontro laterale fra veicoli in marcia,Rettilineo,Una carreggiata a doppio senso,Asciutto,In cubetti di porfido,Verticale ed orizzontale,Sereno,Normale,Sufficiente,Ore Diurne,1,0,0,3,12.4696,41.9061,0,2,Motociclo a solo,In marcia / fermata / arresto,Conducente,M,Rimandato,0,NON DECEDUTO,,,
3986889,17,13/09/2018 15:00:00,Strada Urbana,VIA CANDIA,all'intersezione con,VIA MOCENIGO,VIA MOCENIGO,,,Scontro laterale fra veicoli in marcia,Incrocio,Una carreggiata a senso unico di marcia,Asciutto,Asfaltata,Verticale ed orizzontale,Nuvoloso,Normale,Sufficiente,Ore Diurne,1,0,0,1,12.4527,41.9081,0,1,Autovettura privata,In marcia / fermata / arresto,Conducente,M,Illeso,0,,,,
3986889,17,13/09/2018 15:00:00,Strada Urbana,VIA CANDIA,all'intersezione con,VIA MOCENIGO,VIA MOCENIGO,,,Scontro laterale fra veicoli in marcia,Incrocio,Una carreggiata a senso unico di marcia,Asciutto,Asfaltata,Verticale ed orizzontale,Nuvoloso,Normale,Sufficiente,Ore Diurne,1,0,0,1,12.4527,41.9081,0,2,Motociclo con passeggero,In marcia / fermata / arresto,Conducente,M,Rifiuta cure immediate,0,NON DECEDUTO,,,
3986920,10,13/09/2018 17:45:00,Strada Urbana,VIA TUSCOLANA,da specificare,,,,dir Frascati inversione di marcia Petrocelli,Scontro laterale fra veicoli in marcia,Curva a visuale libera,Una carreggiata a senso unico di marcia,Asciutto,Asfaltata,Verticale ed orizzontale,Sereno,Intenso,Buona,Ore Diurne,0,0,0,2,12.6036,41.8253,-1,1,Autobus urbano,In marcia / fermata / arresto,Conducente,M,Illeso,0,,Non accertato,Inesistente,
3986920,10,13/09/2018 17:45:00,Strada Urbana,VIA TUSCOLANA,da specificare,,,,dir Frascati inversione di marcia Petrocelli,Scontro laterale fra veicoli in marcia,Curva a visuale libera,Una carreggiata a senso unico di marcia,Asciutto,Asfaltata,Verticale ed orizzontale,Sereno,Intenso,Buona,Ore Diurne,0,0,0,2,12.6036,41.8253,-1,2,Autovettura privata,In marcia / fermata / arresto,Conducente,F,Illeso,0,,Non accertato,Inesploso,
3986989,17,13/09/2018 00:30:00,Strada Urbana,LUNGOTEVERE DELLA VITTORIA,in prossimit�,,del civico n.,fronte 5/A,,Tamponamento,Rettilineo,Una carreggiata a doppio senso,Asciutto,Asfaltata,Verticale ed orizzontale,Sereno,Scarso,Buona,Sufficiente,3,0,0,0,12.4654,41.9216,-1,1,Autovettura privata,In marcia / fermata / arresto,Conducente,M,Rimandato,0,NON DECEDUTO,,,
3986989,17,13/09/2018 00:30:00,Strada Urbana,LUNGOTEVERE DELLA VITTORIA,in prossimit�,,del civico n.,fronte 5/A,,Tamponamento,Rettilineo,Una carreggiata a doppio senso,Asciutto,Asfaltata,Verticale ed orizzontale,Sereno,Scarso,Buona,Sufficiente,3,0,0,0,12.4654,41.9216,-1,1,Autovettura privata,In marcia / fermata / arresto,Passeggero,M,Rimandato,0,NON DECEDUTO,,,
3986989,17,13/09/2018 00:30:00,Strada Urbana,LUNGOTEVERE DELLA VITTORIA,in prossimit�,,del civico n.,fronte 5/A,,Tamponamento,Rettilineo,Una carreggiata a doppio senso,Asciutto,Asfaltata,Verticale ed orizzontale,Sereno,Scarso,Buona,Sufficiente,3,0,0,0,12.4654,41.9216,-1,2,Autobus di linea,In marcia / fermata / arresto,Conducente,M,Rimandato,0,NON DECEDUTO,,,
3987002,12,13/09/2018 18:30:00,Strada Urbana,VIA LAURENTINA,all'intersezione con,VIA DI ACQUA ACETOSA OSTIENSE,VIA DI ACQUA ACETOSA OSTIENSE,,,Scontro frontale/laterale DX fra veicoli in marcia,Intersezione semaforizzata,Due carreggiate,Asciutto,Asfaltata,Verticale ed orizzontale,Nuvoloso,Intenso,Buona,Ore Diurne,1,0,0,2,12.4811,41.8013,-1,1,Autovettura privata,In marcia / fermata / arresto,Conducente,M,Illeso,0,,Non accertato,Inesploso,
3987002,12,13/09/2018 18:30:00,Strada Urbana,VIA LAURENTINA,all'intersezione con,VIA DI ACQUA ACETOSA OSTIENSE,VIA DI ACQUA ACETOSA OSTIENSE,,,Scontro frontale/laterale DX fra veicoli in marcia,Intersezione semaforizzata,Due carreggiate,Asciutto,Asfaltata,Verticale ed orizzontale,Nuvoloso,Intenso,Buona,Ore Diurne,1,0,0,2,12.4811,41.8013,-1,2,Motociclo a solo,In marcia / fermata / arresto,Conducente,M,Illeso,0,,Utilizzato,,
3987002,12,13/09/2018 18:30:00,Strada Urbana,VIA LAURENTINA,all'intersezione con,VIA DI ACQUA ACETOSA OSTIENSE,VIA DI ACQUA ACETOSA OSTIENSE,,,Scontro frontale/laterale DX fra veicoli in marcia,Intersezione semaforizzata,Due carreggiate,Asciutto,Asfaltata,Verticale ed orizzontale,Nuvoloso,Intenso,Buona,Ore Diurne,1,0,0,2,12.4811,41.8013,-1,2,Motociclo a solo,In marcia / fermata / arresto,Passeggero,F,Rimandato,0,NON DECEDUTO,Utilizzato,,
3987210,9,13/09/2018 08:40:00,,VIA APPIA NUOVA,in prossimit�,,del civico n.,591,,Tamponamento,,,,,,,,,,0,0,0,3,,,0,1,Autovettura privata,In marcia / fermata / arresto,Conducente,M,Illeso,0,,,,
3987210,9,13/09/2018 08:40:00,,VIA APPIA NUOVA,in prossimit�,,del civico n.,591,,Tamponamento,,,,,,,,,,0,0,0,3,,,0,2,Autovettura privata,In marcia / fermata / arresto,Conducente,F,Illeso,0,,,,
3987210,9,13/09/2018 08:40:00,,VIA APPIA NUOVA,in prossimit�,,del civico n.,591,,Tamponamento,,,,,,,,,,0,0,0,3,,,0,2,Autovettura privata,In marcia / fermata / arresto,Passeggero,M,Illeso,0,,,,
3987211,9,13/09/2018 11:00:00,Strada Urbana,VIALE FURIO CAMILLO,in prossimit�,,del civico n.,90,,Veicolo in marcia contro veicoli in sosta,Rettilineo,Due carreggiate,Asciutto,Asfaltata,Verticale ed orizzontale,Nuvoloso,Normale,Buona,Ore Diurne,0,0,0,1,12.5251,41.8761,-1,1,Autovettura privata,In marcia / fermata / arresto,Conducente,M,Illeso,0,,Non accertato,Inesploso,
3987343,9,13/09/2018 11:50:00,Strada Urbana,VIA TUSCOLANA,da specificare,,,,fronte 224,Scontro frontale/laterale SX fra veicoli in marcia,Rettilineo,Una carreggiata a doppio senso,Bagnato (pioggia),Asfaltata,Verticale ed orizzontale,Pioggia in atto,Intenso,Buona,Ore Diurne,1,0,0,1,12.5235,41.8782,-1,1,Autovettura privata,In marcia / fermata / arresto,Conducente,M,Illeso,0,,Non accertato,Inesploso,
3987343,9,13/09/2018 11:50:00,Strada Urbana,VIA TUSCOLANA,da specificare,,,,fronte 224,Scontro frontale/laterale SX fra veicoli in marcia,Rettilineo,Una carreggiata a doppio senso,Bagnato (pioggia),Asfaltata,Verticale ed orizzontale,Pioggia in atto,Intenso,Buona,Ore Diurne,1,0,0,1,12.5235,41.8782,-1,2,Motociclo a solo,In marcia / fermata / arresto,Conducente,M,Rimandato,0,NON DECEDUTO,Non accertato,,
3987344,9,13/09/2018 16:00:00,Strada Urbana,VIA TUSCOLANA,all'intersezione con,VIA ROCCA DI PAPA,VIA ROCCA DI PAPA,,,Scontro frontale/laterale SX fra veicoli in marcia,Incrocio,Due carreggiate,Asciutto,Asfaltata,Verticale ed orizzontale,Sereno,Intenso,Buona,Ore Diurne,2,0,0,1,12.5923,41.8396,-1,1,Autovettura di polizia,In marcia / fermata / arresto,Conducente,M,Rimandato,0,NON DECEDUTO,Utilizzato,Inesploso,
3987344,9,13/09/2018 16:00:00,Strada Urbana,VIA TUSCOLANA,all'intersezione con,VIA ROCCA DI PAPA,VIA ROCCA DI PAPA,,,Scontro frontale/laterale SX fra veicoli in marcia,Incrocio,Due carreggiate,Asciutto,Asfaltata,Verticale ed orizzontale,Sereno,Intenso,Buona,Ore Diurne,2,0,0,1,12.5923,41.8396,-1,1,Autovettura di polizia,In marcia / fermata / arresto,Passeggero,M,Rimandato,0,NON DECEDUTO,Utilizzato,Inesploso,
3987344,9,13/09/2018 16:00:00,Strada Urbana,VIA TUSCOLANA,all'intersezione con,VIA ROCCA DI PAPA,VIA ROCCA DI PAPA,,,Scontro frontale/laterale SX fra veicoli in marcia,Incrocio,Due carreggiate,Asciutto,Asfaltata,Verticale ed orizzontale,Sereno,Intenso,Buona,Ore Diurne,2,0,0,1,12.5923,41.8396,-1,2,Autovettura privata,In marcia / fermata / arresto,Conducente,M,Illeso,0,,Non accertato,Inesploso,
3987345,9,13/09/2018 16:20:00,Strada Urbana,VIA APPIA NUOVA,da specificare,,,,FR.VIA FREGENE,Scontro laterale fra veicoli in marcia,Rettilineo,Due carreggiate,Asciutto,Asfaltata,Verticale ed orizzontale,Sereno,Normale,Buona,Ore Diurne,0,0,0,4,12.5327,41.8486,-1,1,Autocarro inferiore 35 q.,In marcia / fermata / arresto,Conducente,M,Illeso,0,,Non accertato,Inesploso,
3987345,9,13/09/2018 16:20:00,Strada Urbana,VIA APPIA NUOVA,da specificare,,,,FR.VIA FREGENE,Scontro laterale fra veicoli in marcia,Rettilineo,Due carreggiate,Asciutto,Asfaltata,Verticale ed orizzontale,Sereno,Normale,Buona,Ore Diurne,0,0,0,4,12.5327,41.8486,-1,2,Autovettura privata,In marcia / fermata / arresto,Conducente,M,Illeso,0,,Non accertato,Inesploso,
3987345,9,13/09/2018 16:20:00,Strada Urbana,VIA APPIA NUOVA,da specificare,,,,FR.VIA FREGENE,Scontro laterale fra veicoli in marcia,Rettilineo,Due carreggiate,Asciutto,Asfaltata,Verticale ed orizzontale,Sereno,Normale,Buona,Ore Diurne,0,0,0,4,12.5327,41.8486,-1,2,Autovettura privata,In marcia / fermata / arresto,Passeggero,F,Illeso,0,,Non accertato,Inesploso,
3987345,9,13/09/2018 16:20:00,Strada Urbana,VIA APPIA NUOVA,da specificare,,,,FR.VIA FREGENE,Scontro laterale fra veicoli in marcia,Rettilineo,Due carreggiate,Asciutto,Asfaltata,Verticale ed orizzontale,Sereno,Normale,Buona,Ore Diurne,0,0,0,4,12.5327,41.8486,-1,2,Autovettura privata,In marcia / fermata / arresto,Passeggero,F,Illeso,0,,Non accertato,Inesploso,
3987386,15,13/09/2018 14:00:00,Strada Urbana,VIALE GUGLIELMO MARCONI,in corrispondenza,,del civico n.,261,,Scontro laterale fra veicoli in marcia,Rettilineo,Due carreggiate,Asciutto,Asfaltata,Temporanea di cantiere,Sereno,Normale,Buona,Ore Diurne,0,0,0,4,12.4698,41.8632,-1,1,Autovettura privata,In marcia / fermata / arresto,Conducente,F,Illeso,0,,Non accertato,Inesploso,
3987386,15,13/09/2018 14:00:00,Strada Urbana,VIALE GUGLIELMO MARCONI,in corrispondenza,,del civico n.,261,,Scontro laterale fra veicoli in marcia,Rettilineo,Due carreggiate,Asciutto,Asfaltata,Temporanea di cantiere,Sereno,Normale,Buona,Ore Diurne,0,0,0,4,12.4698,41.8632,-1,1,Autovettura privata,In marcia / fermata / arresto,Passeggero,F,Illeso,0,,,,
3987386,15,13/09/2018 14:00:00,Strada Urbana,VIALE GUGLIELMO MARCONI,in corrispondenza,,del civico n.,261,,Scontro laterale fra veicoli in marcia,Rettilineo,Due carreggiate,Asciutto,Asfaltata,Temporanea di cantiere,Sereno,Normale,Buona,Ore Diurne,0,0,0,4,12.4698,41.8632,-1,2,Autovettura privata,In marcia / fermata / arresto,Conducente,M,Illeso,0,,Non accertato,Inesploso,
3987386,15,13/09/2018 14:00:00,Strada Urbana,VIALE GUGLIELMO MARCONI,in corrispondenza,,del civico n.,261,,Scontro laterale fra veicoli in marcia,Rettilineo,Due carreggiate,Asciutto,Asfaltata,Temporanea di cantiere,Sereno,Normale,Buona,Ore Diurne,0,0,0,4,12.4698,41.8632,-1,2,Autovettura privata,In marcia / fermata / arresto,Passeggero,F,Illeso,0,,Non accertato,Inesploso,
3987402,20,13/09/2018 13:00:00,Regionale entro l'abitato,VIA CASSIA,in prossimit�,,del civico n.,1738,,Scontro laterale fra veicoli in marcia,Rettilineo,Una carreggiata a doppio senso,Asciutto,Asfaltata,Verticale ed orizzontale,Nuvoloso,Normale,Buona,Ore Diurne,0,0,0,3,12.3787,42.0094,-1,1,Autovettura privata,In marcia / fermata / arresto,Conducente,F,Illeso,0,,Non accertato,Inesploso,
3987402,20,13/09/2018 13:00:00,Regionale entro l'abitato,VIA CASSIA,in prossimit�,,del civico n.,1738,,Scontro laterale fra veicoli in marcia,Rettilineo,Una carreggiata a doppio senso,Asciutto,Asfaltata,Verticale ed orizzontale,Nuvoloso,Normale,Buona,Ore Diurne,0,0,0,3,12.3787,42.0094,-1,2,Autovettura privata,In marcia / fermata / arresto,Conducente,F,Illeso,0,,Non accertato,Inesploso,
3987402,20,13/09/2018 13:00:00,Regionale entro l'abitato,VIA CASSIA,in prossimit�,,del civico n.,1738,,Scontro laterale fra veicoli in marcia,Rettilineo,Una carreggiata a doppio senso,Asciutto,Asfaltata,Verticale ed orizzontale,Nuvoloso,Normale,Buona,Ore Diurne,0,0,0,3,12.3787,42.0094,-1,2,Autovettura privata,In marcia / fermata / arresto,Passeggero,M,Illeso,0,,Non accertato,Inesploso,
3987406,20,13/09/2018 12:50:00,Strada Urbana,VIA VIBIO MARIANO,in corrispondenza,,del civico n.,37,,Veicolo in marcia contro veicolo in sosta,Pendenza,Una carreggiata a doppio senso,Bagnato (pioggia),Asfaltata,Verticale ed orizzontale,Pioggia in atto,Normale,Buona,Ore Diurne,0,0,0,2,12.4452,41.9664,-1,2,Autovettura privata,In marcia / fermata / arresto,Conducente,F,Illeso,0,,Non accertato,,
3987406,20,13/09/2018 12:50:00,Strada Urbana,VIA VIBIO MARIANO,in corrispondenza,,del civico n.,37,,Veicolo in marcia contro veicolo in sosta,Pendenza,Una carreggiata a doppio senso,Bagnato (pioggia),Asfaltata,Verticale ed orizzontale,Pioggia in atto,Normale,Buona,Ore Diurne,0,0,0,2,12.4452,41.9664,-1,2,Autovettura privata,In marcia / fermata / arresto,Passeggero,M,Illeso,0,,Non accertato,Inesploso,
3987408,15,13/09/2018 14:30:00,Comunale extraurbana,VIALE CASTELLO DELLA MAGLIANA,da specificare,,,,sottovia Roma Fiumicino,Scontro frontale/laterale SX fra veicoli in marcia,Curva a visuale libera,Una carreggiata a senso unico di marcia,Asciutto,Asfaltata,Verticale ed orizzontale,Nuvoloso,Normale,Buona,Ore Diurne,0,0,0,2,12.4134,41.8233,-1,1,Autovettura privata,In marcia / fermata / arresto,Conducente,M,Illeso,0,,,,
3987408,15,13/09/2018 14:30:00,Comunale extraurbana,VIALE CASTELLO DELLA MAGLIANA,da specificare,,,,sottovia Roma Fiumicino,Scontro frontale/laterale SX fra veicoli in marcia,Curva a visuale libera,Una carreggiata a senso unico di marcia,Asciutto,Asfaltata,Verticale ed orizzontale,Nuvoloso,Normale,Buona,Ore Diurne,0,0,0,2,12.4134,41.8233,-1,2,Autovettura privata,In marcia / fermata / arresto,Conducente,F,Illeso,0,,Non accertato,Inesploso,
3987417,5,18/09/2018 23:00:00,Strada Urbana,CORSO D'ITALIA,in prossimit�,,del civico n.,41,,Veicolo in marcia contro ostacolo fisso,Rettilineo,Pi� di due carreggiate,Bagnato (pioggia),Asfaltata,Verticale ed orizzontale,Pioggia in atto,Scarso,Sufficiente,Sufficiente,0,1,0,0,12.497,41.9109,0,1,Autovettura privata,In marcia / fermata / arresto,Conducente,M,Prognosi riservata,0,NON DECEDUTO,Non accertato,,
3987418,11,13/09/2018 13:30:00,Strada Urbana,VIA OSTIENSE,da specificare,,,,alt. palo Acea 1,Scontro frontale/laterale DX fra veicoli in marcia,Rettilineo,Pi� di due carreggiate,Asciutto,Asfaltata,Verticale ed orizzontale,Nuvoloso,Normale,Buona,Ore Diurne,1,0,0,1,12.4806,41.8751,-1,1,Autovettura privata,In marcia / fermata / arresto,Conducente,F,Illeso,0,,Non accertato,,
3987418,11,13/09/2018 13:30:00,Strada Urbana,VIA OSTIENSE,da specificare,,,,alt. palo Acea 1,Scontro frontale/laterale DX fra veicoli in marcia,Rettilineo,Pi� di due carreggiate,Asciutto,Asfaltata,Verticale ed orizzontale,Nuvoloso,Normale,Buona,Ore Diurne,1,0,0,1,12.4806,41.8751,-1,2,Motociclo a solo,In marcia / fermata / arresto,Conducente,M,Rimandato,0,NON DECEDUTO,,,
3987421,11,15/09/2018 07:15:00,Strada Urbana,VIALE GUGLIELMO MARCONI,all'intersezione con,VIA EFESO,VIA EFESO,,,Tamponamento Multiplo,Intersezione semaforizzata,Due carreggiate,Asciutto,Asfaltata,Verticale ed orizzontale,Sereno,Normale,Buona,Ore Diurne,1,0,0,3,12.4725,41.8539,-1,1,Autovettura privata,In marcia / fermata / arresto,Conducente,F,Illeso,0,,,,
3987421,11,15/09/2018 07:15:00,Strada Urbana,VIALE GUGLIELMO MARCONI,all'intersezione con,VIA EFESO,VIA EFESO,,,Tamponamento Multiplo,Intersezione semaforizzata,Due carreggiate,Asciutto,Asfaltata,Verticale ed orizzontale,Sereno,Normale,Buona,Ore Diurne,1,0,0,3,12.4725,41.8539,-1,1,Autovettura privata,In marcia / fermata / arresto,Passeggero,F,Illeso,0,,,,
3987421,11,15/09/2018 07:15:00,Strada Urbana,VIALE GUGLIELMO MARCONI,all'intersezione con,VIA EFESO,VIA EFESO,,,Tamponamento Multiplo,Intersezione semaforizzata,Due carreggiate,Asciutto,Asfaltata,Verticale ed orizzontale,Sereno,Normale,Buona,Ore Diurne,1,0,0,3,12.4725,41.8539,-1,2,Autovettura privata,In marcia / fermata / arresto,Conducente,M,Rifiuta cure immediate,0,NON DECEDUTO,,,
3987421,11,15/09/2018 07:15:00,Strada Urbana,VIALE GUGLIELMO MARCONI,all'intersezione con,VIA EFESO,VIA EFESO,,,Tamponamento Multiplo,Intersezione semaforizzata,Due carreggiate,Asciutto,Asfaltata,Verticale ed orizzontale,Sereno,Normale,Buona,Ore Diurne,1,0,0,3,12.4725,41.8539,-1,3,Autobus turistico,In marcia / fermata / arresto,Conducente,M,Illeso,0,,,,