Protocollo,Gruppo,DataOraIncidente,Localizzazione1,STRADA1,Localizzazione2,STRADA2,Strada02,Chilometrica,DaSpecificare,NaturaIncidente,particolaritastrade,TipoStrada,FondoStradale,Pavimentazione,Segnaletica,CondizioneAtmosferica,Traffico,Visibilita,Illuminazione,NUM_FERITI,NUM_RISERVATA,NUM_MORTI,NUM_ILLESI,Longitudine,Latitudine,Confermato,Progressivo,TipoVeicolo,StatoVeicolo,TipoPersona,Sesso,Tipolesione,Deceduto,DecedutoDopo,CinturaCascoUtilizzato,Airbag,
3987425,15,13/09/2018 14:45:00,Strada Urbana,VIADOTTO DELLA MAGLIANA,da specificare,,,,svincolo V.le I. Newton direz. centro,Veicolo in marcia contro ostacolo accidentale,Rettilineo,Due carreggiate,Asciutto,Asfaltata,Verticale,Nuvoloso,Normale,Buona,Ore Diurne,0,0,0,1,12.4578,41.8394,-1,1,Motociclo a solo,In marcia / fermata / arresto,Conducente,M,Illeso,0,,Non accertato,,
3987438,1,13/09/2018 18:10:00,Strada Urbana,VIA DI PORTA S. SEBASTIANO,all'intersezione semaforizzata con,VIALE DELLE MURA LATINE,VIALE DELLE MURA LATINE,,,Scontro laterale fra veicoli in marcia,Intersezione semaforizzata,Una carreggiata a senso unico di marcia,Asciutto,In cubetti di porfido,Verticale ed orizzontale,Sereno,Intenso,Buona,Ore Diurne,1,0,0,1,12.4997,41.8766,-1,1,Autovettura pubblica,In marcia / fermata / arresto,Conducente,M,Illeso,0,,Non accertato,,
3987438,1,13/09/2018 18:10:00,Strada Urbana,VIA DI PORTA S. SEBASTIANO,all'intersezione semaforizzata con,VIALE DELLE MURA LATINE,VIALE DELLE MURA LATINE,,,Scontro laterale fra veicoli in marcia,Intersezione semaforizzata,Una carreggiata a senso unico di marcia,Asciutto,In cubetti di porfido,Verticale ed orizzontale,Sereno,Intenso,Buona,Ore Diurne,1,0,0,1,12.4997,41.8766,-1,2,Motociclo a solo,In marcia / fermata / arresto,Conducente,M,Rifiuta cure immediate,0,NON DECEDUTO,Non accertato,,
3987439,11,13/09/2018 09:15:00,Strada Urbana,VIA ARDEATINA,all'intersezione con,VIA DELLE SETTE CHIESE,VIA DELLE SETTE CHIESE,,,Scontro frontale/laterale SX fra veicoli in marcia,Intersezione stradale segnalata,Una carreggiata a doppio senso,Asciutto,Asfaltata,Verticale ed orizzontale,Nuvoloso,Intenso,Buona,Ore Diurne,1,0,0,1,12.5254,41.8131,-1,1,Autovettura privata,In marcia / fermata / arresto,Conducente,F,Illeso,0,,Non accertato,,
3987439,11,13/09/2018 09:15:00,Strada Urbana,VIA ARDEATINA,all'intersezione con,VIA DELLE SETTE CHIESE,VIA DELLE SETTE CHIESE,,,Scontro frontale/laterale SX fra veicoli in marcia,Intersezione stradale segnalata,Una carreggiata a doppio senso,Asciutto,Asfaltata,Verticale ed orizzontale,Nuvoloso,Intenso,Buona,Ore Diurne,1,0,0,1,12.5254,41.8131,-1,2,Motociclo a solo,In marcia / fermata / arresto,Conducente,M,Rifiuta cure immediate,0,NON DECEDUTO,Utilizzato,,
3987440,1,13/09/2018 16:30:00,Strada Urbana,VIA ELENIANA,all'intersezione con,VIA SEBASTIANO GRANDIS,VIA SEBASTIANO GRANDIS,,,Scontro frontale/laterale DX fra veicoli in marcia,Intersezione stradale segnalata,Una carreggiata a doppio senso,Asciutto,Asfaltata,Verticale ed orizzontale,Nuvoloso,Normale,Buona,Ore Diurne,1,0,0,1,12.5149,41.8904,-1,1,Autovettura privata,In marcia / fermata / arresto,Conducente,M,Illeso,0,,Non accertato,Inesploso,
3987440,1,13/09/2018 16:30:00,Strada Urbana,VIA ELENIANA,all'intersezione con,VIA SEBASTIANO GRANDIS,VIA SEBASTIANO GRANDIS,,,Scontro frontale/laterale DX fra veicoli in marcia,Intersezione stradale segnalata,Una carreggiata a doppio senso,Asciutto,Asfaltata,Verticale ed orizzontale,Nuvoloso,Normale,Buona,Ore Diurne,1,0,0,1,12.5149,41.8904,-1,2,Motociclo a solo,In marcia / fermata / arresto,Conducente,M,Rimandato,0,NON DECEDUTO,Non accertato,,
3987448,11,13/09/2018 13:40:00,Strada Urbana,VIA DELLE SETTE CHIESE,da specificare,,,,in prossimit� via l. pancaldo,Infortunio per caduta del veicolo,Rettilineo,Due carreggiate,Asciutto,Asfaltata,Verticale ed orizzontale,Sereno,Normale,Buona,Ore Diurne,0,0,0,4,12.5007,41.8596,-1,1,Autovettura privata,In marcia / fermata / arresto,Conducente,M,Illeso,0,,,,
3987448,11,13/09/2018 13:40:00,Strada Urbana,VIA DELLE SETTE CHIESE,da specificare,,,,in prossimit� via l. pancaldo,Infortunio per caduta del veicolo,Rettilineo,Due carreggiate,Asciutto,Asfaltata,Verticale ed orizzontale,Sereno,Normale,Buona,Ore Diurne,0,0,0,4,12.5007,41.8596,-1,2,Autovettura privata,In marcia / fermata / arresto,Conducente,F,Illeso,0,,,,
3987448,11,13/09/2018 13:40:00,Strada Urbana,VIA DELLE SETTE CHIESE,da specificare,,,,in prossimit� via l. pancaldo,Infortunio per caduta del veicolo,Rettilineo,Due carreggiate,Asciutto,Asfaltata,Verticale ed orizzontale,Sereno,Normale,Buona,Ore Diurne,0,0,0,4,12.5007,41.8596,-1,2,Autovettura privata,In marcia / fermata / arresto,Passeggero,F,Illeso,0,,,,
3987448,11,13/09/2018 13:40:00,Strada Urbana,VIA DELLE SETTE CHIESE,da specificare,,,,in prossimit� via l. pancaldo,Infortunio per caduta del veicolo,Rettilineo,Due carreggiate,Asciutto,Asfaltata,Verticale ed orizzontale,Sereno,Normale,Buona,Ore Diurne,0,0,0,4,12.5007,41.8596,-1,2,Autovettura privata,In marcia / fermata / arresto,Passeggero,M,Illeso,0,,,,
3987454,20,13/09/2018 16:45:00,Strada Urbana,VIA SANT'ANGELO IN VADO,da specificare,,,,prossimit� rampa G.R.A.,Tamponamento,Rettilineo,Una carreggiata a doppio senso,Asciutto,Asfaltata,Verticale ed orizzontale,Sereno,Normale,Buona,Ore Diurne,1,0,0,2,12.5065,41.9913,-1,1,Autovettura privata,In marcia / fermata / arresto,Conducente,M,Rifiuta cure immediate,0,NON DECEDUTO,Non accertato,Inesploso,
3987454,20,13/09/2018 16:45:00,Strada Urbana,VIA SANT'ANGELO IN VADO,da specificare,,,,prossimit� rampa G.R.A.,Tamponamento,Rettilineo,Una carreggiata a doppio senso,Asciutto,Asfaltata,Verticale ed orizzontale,Sereno,Normale,Buona,Ore Diurne,1,0,0,2,12.5065,41.9913,-1,1,Autovettura privata,In marcia / fermata / arresto,Passeggero,M,Illeso,0,,Non accertato,Inesploso,
3987454,20,13/09/2018 16:45:00,Strada Urbana,VIA SANT'ANGELO IN VADO,da specificare,,,,prossimit� rampa G.R.A.,Tamponamento,Rettilineo,Una carreggiata a doppio senso,Asciutto,Asfaltata,Verticale ed orizzontale,Sereno,Normale,Buona,Ore Diurne,1,0,0,2,12.5065,41.9913,-1,2,Autocarro inferiore 35 q.,In marcia / fermata / arresto,Conducente,M,Illeso,0,,Non accertato,Inesploso,
3987455,11,13/09/2018 03:00:00,Strada Urbana,VIA GIROLAMO BENZONI,in corrispondenza,,del civico n.,123,,Veicolo in marcia contro veicoli in sosta,Rettilineo,Una carreggiata a doppio senso,Asciutto,Asfaltata,Verticale ed orizzontale,Nuvoloso,Normale,Buona,Sufficiente,0,0,0,1,12.4844,41.8673,-1,4,Autovettura privata,In marcia / fermata / arresto,Conducente,M,Illeso,0,,Non accertato,,
3987459,12,14/09/2018 07:25:00,Strada Urbana,VIA CRISTOFORO COLOMBO,in prossimit�,,del palo luce n.,575,,Tamponamento,Rettilineo,Due carreggiate,Asciutto,Asfaltata,Verticale ed orizzontale,Sereno,Intenso,Buona,Ore Diurne,1,0,0,1,12.4647,41.8214,-1,1,Autovettura privata,In marcia / fermata / arresto,Conducente,F,Illeso,0,,Non accertato,Inesploso,
3987459,12,14/09/2018 07:25:00,Strada Urbana,VIA CRISTOFORO COLOMBO,in prossimit�,,del palo luce n.,575,,Tamponamento,Rettilineo,Due carreggiate,Asciutto,Asfaltata,Verticale ed orizzontale,Sereno,Intenso,Buona,Ore Diurne,1,0,0,1,12.4647,41.8214,-1,2,Motociclo a solo,In marcia / fermata / arresto,Conducente,F,Rimandato,0,NON DECEDUTO,Utilizzato,,
3987461,5,13/09/2018 14:10:00,Strada Urbana,VIA BELMONTE IN SABINA,da specificare,,,,altezza rampa uscita via di s. Alessandro,Scontro laterale fra veicoli in marcia,Rettilineo,Due carreggiate,Asciutto,Asfaltata,Orizzontale,Nuvoloso,Normale,Buona,Ore Diurne,0,0,0,2,12.5972,41.9483,-1,1,Autovettura privata,In marcia / fermata / arresto,Conducente,M,Illeso,0,,Non accertato,Inesploso,
3987461,5,13/09/2018 14:10:00,Strada Urbana,VIA BELMONTE IN SABINA,da specificare,,,,altezza rampa uscita via di s. Alessandro,Scontro laterale fra veicoli in marcia,Rettilineo,Due carreggiate,Asciutto,Asfaltata,Orizzontale,Nuvoloso,Normale,Buona,Ore Diurne,0,0,0,2,12.5972,41.9483,-1,2,Autovettura privata,In marcia / fermata / arresto,Conducente,M,Illeso,0,,Non accertato,Inesploso,
3987467,10,14/09/2018 02:10:00,Strada Urbana,VIA DELLE CAPANNELLE,in prossimit�,,del civico n.,95,,Scontro frontale fra veicoli in marcia,Rettilineo,Una carreggiata a doppio senso,Asciutto,Asfaltata,Verticale ed orizzontale,Sereno,Normale,Buona,Sufficiente,2,0,0,0,12.5689,41.8325,-1,1,Autovettura privata,In marcia / fermata / arresto,Conducente,M,Rimandato,0,NON DECEDUTO,Non accertato,Esploso,
3987467,10,14/09/2018 02:10:00,Strada Urbana,VIA DELLE CAPANNELLE,in prossimit�,,del civico n.,95,,Scontro frontale fra veicoli in marcia,Rettilineo,Una carreggiata a doppio senso,Asciutto,Asfaltata,Verticale ed orizzontale,Sereno,Normale,Buona,Sufficiente,2,0,0,0,12.5689,41.8325,-1,2,Autovettura privata,In marcia / fermata / arresto,Conducente,M,Rifiuta cure immediate,0,NON DECEDUTO,Non accertato,Esploso,
3987479,5,13/09/2018 17:00:00,Strada Urbana,VIA DI CASAL BIANCO,da specificare,,,,prossimit� rotatoria Via Marco Simone,Tamponamento Multiplo,Rettilineo,Una carreggiata a doppio senso,Asciutto,Asfaltata,Verticale ed orizzontale,Sereno,Normale,Buona,Ore Diurne,0,0,0,3,12.6459,41.947,-1,1,Autovettura privata,In marcia / fermata / arresto,Conducente,M,Illeso,0,,Non accertato,Inesploso,
3987479,5,13/09/2018 17:00:00,Strada Urbana,VIA DI CASAL BIANCO,da specificare,,,,prossimit� rotatoria Via Marco Simone,Tamponamento Multiplo,Rettilineo,Una carreggiata a doppio senso,Asciutto,Asfaltata,Verticale ed orizzontale,Sereno,Normale,Buona,Ore Diurne,0,0,0,3,12.6459,41.947,-1,2,Autovettura privata,In marcia / fermata / arresto,Conducente,M,Illeso,0,,Non accertato,Inesploso,
3987479,5,13/09/2018 17:00:00,Strada Urbana,VIA DI CASAL BIANCO,da specificare,,,,prossimit� rotatoria Via Marco Simone,Tamponamento Multiplo,Rettilineo,Una carreggiata a doppio senso,Asciutto,Asfaltata,Verticale ed orizzontale,Sereno,Normale,Buona,Ore Diurne,0,0,0,3,12.6459,41.947,-1,3,Autovettura privata,In marcia / fermata / arresto,Conducente,M,Illeso,0,,Non accertato,Inesploso,
3987483,20,13/09/2018 17:30:00,Strada Urbana,VIA DEL FORO ITALICO,in prossimit�,,del civico n.,909,,Scontro laterale fra veicoli in marcia,Rettilineo,Due carreggiate,Asciutto,Asfaltata,Verticale ed orizzontale,Sereno,Intenso,Buona,Ore Diurne,0,0,0,3,12.5047,41.9385,-1,1,Autovettura privata,In marcia / fermata / arresto,Conducente,M,Illeso,0,,,,
3987483,20,13/09/2018 17:30:00,Strada Urbana,VIA DEL FORO ITALICO,in prossimit�,,del civico n.,909,,Scontro laterale fra veicoli in marcia,Rettilineo,Due carreggiate,Asciutto,Asfaltata,Verticale ed orizzontale,Sereno,Intenso,Buona,Ore Diurne,0,0,0,3,12.5047,41.9385,-1,1,Autovettura privata,In marcia / fermata / arresto,Passeggero,M,Illeso,0,,,,
3987483,20,13/09/2018 17:30:00,Strada Urbana,VIA DEL FORO ITALICO,in prossimit�,,del civico n.,909,,Scontro laterale fra veicoli in marcia,Rettilineo,Due carreggiate,Asciutto,Asfaltata,Verticale ed orizzontale,Sereno,Intenso,Buona,Ore Diurne,0,0,0,3,12.5047,41.9385,-1,2,Autovettura privata,In marcia / fermata / arresto,Conducente,M,Illeso,0,,,,
3987489,1,13/09/2018 19:25:00,Strada Urbana,VIA QUATTRO NOVEMBRE,in corrispondenza,,del civico n.,155,,Investimento di pedone,Rettilineo,Una carreggiata a doppio senso,Asciutto,In cubetti di porfido,Verticale ed orizzontale,Sereno,Intenso,Buona,Ore Diurne,0,0,0,2,,,0,,,,Pedone,M,Illeso,0,,,,
3987489,1,13/09/2018 19:25:00,Strada Urbana,VIA QUATTRO NOVEMBRE,in corrispondenza,,del civico n.,155,,Investimento di pedone,Rettilineo,Una carreggiata a doppio senso,Asciutto,In cubetti di porfido,Verticale ed orizzontale,Sereno,Intenso,Buona,Ore Diurne,0,0,0,2,,,0,1,Motociclo a solo,In marcia / fermata / arresto,Conducente,M,Illeso,0,,Non accertato,,
3987497,4,13/09/2018 14:00:00,Strada Urbana,VIA LUCIANO ZUCCOLI,all'intersezione con,VIA NINO MARTOGLIO,VIA NINO MARTOGLIO,,,Scontro laterale fra veicoli in marcia,Intersezione stradale segnalata,Una carreggiata a senso unico di marcia,Asciutto,Asfaltata,Verticale,Nuvoloso,Scarso,Buona,Ore Diurne,0,0,0,4,12.5457,41.9512,-1,1,Autocarro inferiore 35 q.,In marcia / fermata / arresto,Conducente,M,Illeso,0,,Non accertato,,
3987497,4,13/09/2018 14:00:00,Strada Urbana,VIA LUCIANO ZUCCOLI,all'intersezione con,VIA NINO MARTOGLIO,VIA NINO MARTOGLIO,,,Scontro laterale fra veicoli in marcia,Intersezione stradale segnalata,Una carreggiata a senso unico di marcia,Asciutto,Asfaltata,Verticale,Nuvoloso,Scarso,Buona,Ore Diurne,0,0,0,4,12.5457,41.9512,-1,1,Autocarro inferiore 35 q.,In marcia / fermata / arresto,Passeggero,M,Illeso,0,,Non accertato,,
3987497,4,13/09/2018 14:00:00,Strada Urbana,VIA LUCIANO ZUCCOLI,all'intersezione con,VIA NINO MARTOGLIO,VIA NINO MARTOGLIO,,,Scontro laterale fra veicoli in marcia,Intersezione stradale segnalata,Una carreggiata a senso unico di marcia,Asciutto,Asfaltata,Verticale,Nuvoloso,Scarso,Buona,Ore Diurne,0,0,0,4,12.5457,41.9512,-1,2,Autovettura privata,In marcia / fermata / arresto,Conducente,F,Illeso,0,,Non accertato,,
3987497,4,13/09/2018 14:00:00,Strada Urbana,VIA LUCIANO ZUCCOLI,all'intersezione con,VIA NINO MARTOGLIO,VIA NINO MARTOGLIO,,,Scontro laterale fra veicoli in marcia,Intersezione stradale segnalata,Una carreggiata a senso unico di marcia,Asciutto,Asfaltata,Verticale,Nuvoloso,Scarso,Buona,Ore Diurne,0,0,0,4,12.5457,41.9512,-1,2,Autovettura privata,In marcia / fermata / arresto,Passeggero,M,Illeso,0,,Non accertato,,
3987532,5,14/09/2018 03:30:00,Strada Urbana,VIA CARLO ARTURO JEMOLO,all'intersezione con,VIA ALDO SANDULLI,VIA ALDO SANDULLI,,,Scontro frontale/laterale DX fra veicoli in marcia,Incrocio,Due carreggiate,Asciutto,Asfaltata,Verticale ed orizzontale,Sereno,Scarso,Buona,Sufficiente,0,0,0,2,12.5865,41.9485,-1,1,Autovettura privata,In marcia / fermata / arresto,Conducente,F,Illeso,0,,Non accertato,,
3987532,5,14/09/2018 03:30:00,Strada Urbana,VIA CARLO ARTURO JEMOLO,all'intersezione con,VIA ALDO SANDULLI,VIA ALDO SANDULLI,,,Scontro frontale/laterale DX fra veicoli in marcia,Incrocio,Due carreggiate,Asciutto,Asfaltata,Verticale ed orizzontale,Sereno,Scarso,Buona,Sufficiente,0,0,0,2,12.5865,41.9485,-1,2,Autovettura privata,In marcia / fermata / arresto,Conducente,M,Illeso,0,,Non accertato,,
3987546,13,13/09/2018 09:45:00,Strada Urbana,VIALE DELLA MARINA,in corrispondenza,,del civico n.,8,,Veicolo in marcia contro veicolo in sosta,Rettilineo,Due carreggiate,Asciutto,Asfaltata,Assente,Nuvoloso,Normale,Buona,Ore Diurne,0,0,0,1,12.2774,41.7313,-1,2,Autovettura privata,In marcia / fermata / arresto,Conducente,M,Illeso,0,,Non accertato,Inesploso,
3987550,1,13/09/2018 20:50:00,Strada Urbana,VIA DELLA NAVICELLA,in prossimit�,,del palo luce n.,6,,Scontro laterale fra veicoli in marcia,Pendenza,Una carreggiata a doppio senso,Asciutto,Asfaltata,Verticale ed orizzontale,Nuvoloso,Scarso,Buona,Sufficiente,2,0,0,1,,,0,1,Autovettura privata,In marcia / fermata / arresto,Conducente,F,Illeso,0,,Non accertato,Inesploso,
3987550,1,13/09/2018 20:50:00,Strada Urbana,VIA DELLA NAVICELLA,in prossimit�,,del palo luce n.,6,,Scontro laterale fra veicoli in marcia,Pendenza,Una carreggiata a doppio senso,Asciutto,Asfaltata,Verticale ed orizzontale,Nuvoloso,Scarso,Buona,Sufficiente,2,0,0,1,,,0,2,Motociclo con passeggero,In marcia / fermata / arresto,Conducente,M,Rimandato,0,NON DECEDUTO,Non accertato,,
3987550,1,13/09/2018 20:50:00,Strada Urbana,VIA DELLA NAVICELLA,in prossimit�,,del palo luce n.,6,,Scontro laterale fra veicoli in marcia,Pendenza,Una carreggiata a doppio senso,Asciutto,Asfaltata,Verticale ed orizzontale,Nuvoloso,Scarso,Buona,Sufficiente,2,0,0,1,,,0,2,Motociclo con passeggero,In marcia / fermata / arresto,Passeggero,M,Rimandato,0,NON DECEDUTO,,,
3987554,2,13/09/2018 13:25:00,Strada Urbana,VIA TEMBIEN,all'intersezione con,VIALE ETIOPIA,VIALE ETIOPIA,,,Scontro laterale fra veicoli in marcia,Incrocio,Una carreggiata a doppio senso,Bagnato (pioggia),Asfaltata,Verticale ed orizzontale,Pioggia in atto,Normale,Buona,Ore Diurne,0,0,0,2,12.5253,41.9293,-1,1,Autovettura privata,In marcia / fermata / arresto,Conducente,M,Illeso,0,,Non accertato,Inesploso,
3987554,2,13/09/2018 13:25:00,Strada Urbana,VIA TEMBIEN,all'intersezione con,VIALE ETIOPIA,VIALE ETIOPIA,,,Scontro laterale fra veicoli in marcia,Incrocio,Una carreggiata a doppio senso,Bagnato (pioggia),Asfaltata,Verticale ed orizzontale,Pioggia in atto,Normale,Buona,Ore Diurne,0,0,0,2,12.5253,41.9293,-1,2,Autovettura privata,In marcia / fermata / arresto,Conducente,M,Illeso,0,,,,
3987557,1,13/09/2018 23:30:00,Strada Urbana,CORSO VITTORIO EMANUELE II,da specificare,,,,ALT. VICOLO SFORZA CESARINI,Scontro laterale fra veicoli in marcia,Rettilineo,Una carreggiata a doppio senso,Asciutto,Asfaltata,Verticale ed orizzontale,Nuvoloso,Scarso,Sufficiente,Sufficiente,0,0,0,4,12.4717,41.8971,-1,1,Autovettura privata,In marcia / fermata / arresto,Conducente,M,Illeso,0,,Non accertato,,
3987557,1,13/09/2018 23:30:00,Strada Urbana,CORSO VITTORIO EMANUELE II,da specificare,,,,ALT. VICOLO SFORZA CESARINI,Scontro laterale fra veicoli in marcia,Rettilineo,Una carreggiata a doppio senso,Asciutto,Asfaltata,Verticale ed orizzontale,Nuvoloso,Scarso,Sufficiente,Sufficiente,0,0,0,4,12.4717,41.8971,-1,1,Autovettura privata,In marcia / fermata / arresto,Passeggero,M,Illeso,0,,Non accertato,,
3987557,1,13/09/2018 23:30:00,Strada Urbana,CORSO VITTORIO EMANUELE II,da specificare,,,,ALT. VICOLO SFORZA CESARINI,Scontro laterale fra veicoli in marcia,Rettilineo,Una carreggiata a doppio senso,Asciutto,Asfaltata,Verticale ed orizzontale,Nuvoloso,Scarso,Sufficiente,Sufficiente,0,0,0,4,12.4717,41.8971,-1,2,Autovettura privata,In marcia / fermata / arresto,Conducente,F,Illeso,0,,Non accertato,,
3987557,1,13/09/2018 23:30:00,Strada Urbana,CORSO VITTORIO EMANUELE II,da specificare,,,,ALT. VICOLO SFORZA CESARINI,Scontro laterale fra veicoli in marcia,Rettilineo,Una carreggiata a doppio senso,Asciutto,Asfaltata,Verticale ed orizzontale,Nuvoloso,Scarso,Sufficiente,Sufficiente,0,0,0,4,12.4717,41.8971,-1,2,Autovettura privata,In marcia / fermata / arresto,Passeggero,F,Illeso,0,,Non accertato,,
3987562,2,13/09/2018 16:10:00,Strada Urbana,VIALE DEL MURO TORTO,da specificare,,,,alt. palo luce 9 dir. p.le Brasile,Tamponamento Multiplo,Rettilineo,Due carreggiate,Asciutto,Asfaltata,Orizzontale,Sereno,Intenso,Buona,Ore Diurne,0,0,0,5,12.4802,41.9128,-1,1,Autovettura privata,In marcia / fermata / arresto,Conducente,M,Illeso,0,,,,
3987562,2,13/09/2018 16:10:00,Strada Urbana,VIALE DEL MURO TORTO,da specificare,,,,alt. palo luce 9 dir. p.le Brasile,Tamponamento Multiplo,Rettilineo,Due carreggiate,Asciutto,Asfaltata,Orizzontale,Sereno,Intenso,Buona,Ore Diurne,0,0,0,5,12.4802,41.9128,-1,2,Autovettura privata,In marcia / fermata / arresto,Conducente,M,Illeso,0,,,,
3987562,2,13/09/2018 16:10:00,Strada Urbana,VIALE DEL MURO TORTO,da specificare,,,,alt. palo luce 9 dir. p.le Brasile,Tamponamento Multiplo,Rettilineo,Due carreggiate,Asciutto,Asfaltata,Orizzontale,Sereno,Intenso,Buona,Ore Diurne,0,0,0,5,12.4802,41.9128,-1,2,Autovettura privata,In marcia / fermata / arresto,Passeggero,M,Illeso,0,,,,
3987562,2,13/09/2018 16:10:00,Strada Urbana,VIALE DEL MURO TORTO,da specificare,,,,alt. palo luce 9 dir. p.le Brasile,Tamponamento Multiplo,Rettilineo,Due carreggiate,Asciutto,Asfaltata,Orizzontale,Sereno,Intenso,Buona,Ore Diurne,0,0,0,5,12.4802,41.9128,-1,3,Autovettura privata,In marcia / fermata / arresto,Conducente,F,Illeso,0,,,,
3987562,2,13/09/2018 16:10:00,Strada Urbana,VIALE DEL MURO TORTO,da specificare,,,,alt. palo luce 9 dir. p.le Brasile,Tamponamento Multiplo,Rettilineo,Due carreggiate,Asciutto,Asfaltata,Orizzontale,Sereno,Intenso,Buona,Ore Diurne,0,0,0,5,12.4802,41.9128,-1,4,Autovettura privata,In marcia / fermata / arresto,Conducente,M,Illeso,0,,,,
3987565,2,13/09/2018 20:00:00,Strada Urbana,VIALE DELLE BELLE ARTI,da specificare,,,,alt. palo Atac n. 71379,Scontro laterale fra veicoli in marcia,Rettilineo,Una carreggiata a senso unico di marcia,Asciutto,Asfaltata,Verticale ed orizzontale,Sereno,Normale,Sufficiente,Sufficiente,2,0,0,1,12.4782,41.9187,-1,1,Autovettura di polizia,In marcia / fermata / arresto,Conducente,M,Rimandato,0,NON DECEDUTO,Non accertato,Inesploso,
3987565,2,13/09/2018 20:00:00,Strada Urbana,VIALE DELLE BELLE ARTI,da specificare,,,,alt. palo Atac n. 71379,Scontro laterale fra veicoli in marcia,Rettilineo,Una carreggiata a senso unico di marcia,Asciutto,Asfaltata,Verticale ed orizzontale,Sereno,Normale,Sufficiente,Sufficiente,2,0,0,1,12.4782,41.9187,-1,1,Autovettura di polizia,In marcia / fermata / arresto,Passeggero,M,Rimandato,0,NON DECEDUTO,,,
3987565,2,13/09/2018 20:00:00,Strada Urbana,VIALE DELLE BELLE ARTI,da specificare,,,,alt. palo Atac n. 71379,Scontro laterale fra veicoli in marcia,Rettilineo,Una carreggiata a senso unico di marcia,Asciutto,Asfaltata,Verticale ed orizzontale,Sereno,Normale,Sufficiente,Sufficiente,2,0,0,1,12.4782,41.9187,-1,2,Autovettura privata,In marcia / fermata / arresto,Conducente,M,Illeso,0,,,,
3987567,2,14/09/2018 00:20:00,Strada Urbana,VIA NOMENTANA,all'intersezione semaforizzata con,VIA LAZZARO SPALLANZANI,VIA LAZZARO SPALLANZANI,,,Scontro frontale/laterale SX fra veicoli in marcia,Intersezione semaforizzata,Una carreggiata a doppio senso,Asciutto,Asfaltata,Verticale ed orizzontale,Sereno,Normale,Sufficiente,Insufficiente,0,0,0,4,12.5728,41.9579,-1,1,Autovettura privata,In marcia / fermata / arresto,Conducente,M,Illeso,0,,Non accertato,Inesploso,
3987567,2,14/09/2018 00:20:00,Strada Urbana,VIA NOMENTANA,all'intersezione semaforizzata con,VIA LAZZARO SPALLANZANI,VIA LAZZARO SPALLANZANI,,,Scontro frontale/laterale SX fra veicoli in marcia,Intersezione semaforizzata,Una carreggiata a doppio senso,Asciutto,Asfaltata,Verticale ed orizzontale,Sereno,Normale,Sufficiente,Insufficiente,0,0,0,4,12.5728,41.9579,-1,2,Autovettura privata,In marcia / fermata / arresto,Conducente,F,Illeso,0,,Non accertato,Inesploso,
3987567,2,14/09/2018 00:20:00,Strada Urbana,VIA NOMENTANA,all'intersezione semaforizzata con,VIA LAZZARO SPALLANZANI,VIA LAZZARO SPALLANZANI,,,Scontro frontale/laterale SX fra veicoli in marcia,Intersezione semaforizzata,Una carreggiata a doppio senso,Asciutto,Asfaltata,Verticale ed orizzontale,Sereno,Normale,Sufficiente,Insufficiente,0,0,0,4,12.5728,41.9579,-1,2,Autovettura privata,In marcia / fermata / arresto,Passeggero,F,Illeso,0,,Non accertato,Inesploso,
3987583,17,13/09/2018 08:30:00,Strada Urbana,VIA CANDIA,all'intersezione con,VIA SANTAMAURA,VIA SANTAMAURA,,,Scontro frontale/laterale SX fra veicoli in marcia,Intersezione stradale segnalata,Una carreggiata a senso unico di marcia,Asciutto,Asfaltata,Verticale ed orizzontale,Sereno,Normale,Buona,Ore Diurne,1,0,0,1,12.4538,41.9083,-1,1,Autovettura privata,In marcia / fermata / arresto,Conducente,F,Rimandato,0,NON DECEDUTO,,,
3987583,17,13/09/2018 08:30:00,Strada Urbana,VIA CANDIA,all'intersezione con,VIA SANTAMAURA,VIA SANTAMAURA,,,Scontro frontale/laterale SX fra veicoli in marcia,Intersezione stradale segnalata,Una carreggiata a senso unico di marcia,Asciutto,Asfaltata,Verticale ed orizzontale,Sereno,Normale,Buona,Ore Diurne,1,0,0,1,12.4538,41.9083,-1,2,Autovettura privata,In marcia / fermata / arresto,Conducente,M,Illeso,0,,,,
3987602,18,12/09/2018 17:45:00,Strada Urbana,VIA AURELIA,da specificare,,,,IN PROSSIMITA' PIAZZA DE LA SALLE DIR. IRNERIO,Scontro laterale fra veicoli in marcia,Rettilineo,Due carreggiate,Asciutto,Asfaltata,Verticale ed orizzontale,Sereno,Intenso,Sufficiente,Ore Diurne,0,0,0,4,12.4275,41.8984,-1,1,Autocarro inferiore 35 q.,In marcia / fermata / arresto,Conducente,M,Illeso,0,,,,
3987602,18,12/09/2018 17:45:00,Strada Urbana,VIA AURELIA,da specificare,,,,IN PROSSIMITA' PIAZZA DE LA SALLE DIR. IRNERIO,Scontro laterale fra veicoli in marcia,Rettilineo,Due carreggiate,Asciutto,Asfaltata,Verticale ed orizzontale,Sereno,Intenso,Sufficiente,Ore Diurne,0,0,0,4,12.4275,41.8984,-1,1,Autocarro inferiore 35 q.,In marcia / fermata / arresto,Passeggero,M,Illeso,0,,,,