Protocollo,Gruppo,DataOraIncidente,Localizzazione1,STRADA1,Localizzazione2,STRADA2,Strada02,Chilometrica,DaSpecificare,NaturaIncidente,particolaritastrade,TipoStrada,FondoStradale,Pavimentazione,Segnaletica,CondizioneAtmosferica,Traffico,Visibilita,Illuminazione,NUM_FERITI,NUM_RISERVATA,NUM_MORTI,NUM_ILLESI,Longitudine,Latitudine,Confermato,Progressivo,TipoVeicolo,StatoVeicolo,TipoPersona,Sesso,Tipolesione,Deceduto,DecedutoDopo,CinturaCascoUtilizzato,Airbag,
3987602,18,12/09/2018 17:45:00,Strada Urbana,VIA AURELIA,da specificare,,,,IN PROSSIMITA' PIAZZA DE LA SALLE DIR. IRNERIO,Scontro laterale fra veicoli in marcia,Rettilineo,Due carreggiate,Asciutto,Asfaltata,Verticale ed orizzontale,Sereno,Intenso,Sufficiente,Ore Diurne,0,0,0,4,12.4275,41.8984,-1,2,Autovettura privata,In marcia / fermata / arresto,Conducente,M,Illeso,0,,,,
3987602,18,12/09/2018 17:45:00,Strada Urbana,VIA AURELIA,da specificare,,,,IN PROSSIMITA' PIAZZA DE LA SALLE DIR. IRNERIO,Scontro laterale fra veicoli in marcia,Rettilineo,Due carreggiate,Asciutto,Asfaltata,Verticale ed orizzontale,Sereno,Intenso,Sufficiente,Ore Diurne,0,0,0,4,12.4275,41.8984,-1,2,Autovettura privata,In marcia / fermata / arresto,Passeggero,F,Illeso,0,,,,
3987608,7,13/09/2018 22:00:00,Strada Urbana,VIA FEDERICO DELPINO,all'intersezione con,PIAZZA TEOFRASTO,PIAZZA TEOFRASTO,,,Scontro frontale/laterale DX fra veicoli in marcia,Incrocio,Una carreggiata a doppio senso,Asciutto,Asfaltata,Verticale ed orizzontale,Sereno,Normale,Insufficiente,Sufficiente,1,0,0,1,12.5645,41.8914,-1,1,Autovettura privata,In marcia / fermata / arresto,Conducente,M,Rimandato,0,NON DECEDUTO,Non accertato,Inesploso,
3987608,7,13/09/2018 22:00:00,Strada Urbana,VIA FEDERICO DELPINO,all'intersezione con,PIAZZA TEOFRASTO,PIAZZA TEOFRASTO,,,Scontro frontale/laterale DX fra veicoli in marcia,Incrocio,Una carreggiata a doppio senso,Asciutto,Asfaltata,Verticale ed orizzontale,Sereno,Normale,Insufficiente,Sufficiente,1,0,0,1,12.5645,41.8914,-1,2,Autovettura privata,In marcia / fermata / arresto,Conducente,M,Illeso,0,,,,
3987616,8,14/09/2018 08:00:00,Statale entro l'abitato,VIA CASILINA,da specificare,,,,cavalcavia GRA direzione centro,Tamponamento Multiplo,Rettilineo,Una carreggiata a senso unico di marcia,Asciutto,Asfaltata,Verticale ed orizzontale,Nuvoloso,Intenso,Buona,Ore Diurne,0,0,0,3,9.644,45.397,-1,1,Autovettura privata,In marcia / fermata / arresto,Conducente,M,Illeso,0,,Non accertato,Inesploso,
3987616,8,14/09/2018 08:00:00,Statale entro l'abitato,VIA CASILINA,da specificare,,,,cavalcavia GRA direzione centro,Tamponamento Multiplo,Rettilineo,Una carreggiata a senso unico di marcia,Asciutto,Asfaltata,Verticale ed orizzontale,Nuvoloso,Intenso,Buona,Ore Diurne,0,0,0,3,9.644,45.397,-1,2,Autovettura privata,In marcia / fermata / arresto,Conducente,M,Illeso,0,,Non accertato,Inesploso,
3987616,8,14/09/2018 08:00:00,Statale entro l'abitato,VIA CASILINA,da specificare,,,,cavalcavia GRA direzione centro,Tamponamento Multiplo,Rettilineo,Una carreggiata a senso unico di marcia,Asciutto,Asfaltata,Verticale ed orizzontale,Nuvoloso,Intenso,Buona,Ore Diurne,0,0,0,3,9.644,45.397,-1,3,Autocarro superiore 35 q.,In marcia / fermata / arresto,Conducente,M,Illeso,0,,Non accertato,Inesploso,
3987636,10,14/09/2018 08:15:00,Strada Urbana,VIA DEI SETTE METRI,in prossimit�,,del civico n.,42,,Scontro laterale fra veicoli in marcia,Rettilineo,Una carreggiata a doppio senso,Asciutto,Asfaltata,Orizzontale,Sereno,Normale,Buona,Ore Diurne,0,0,0,3,12.6078,41.8163,-1,1,Autovettura privata,In marcia / fermata / arresto,Conducente,F,Illeso,0,,Non accertato,Inesploso,
3987636,10,14/09/2018 08:15:00,Strada Urbana,VIA DEI SETTE METRI,in prossimit�,,del civico n.,42,,Scontro laterale fra veicoli in marcia,Rettilineo,Una carreggiata a doppio senso,Asciutto,Asfaltata,Orizzontale,Sereno,Normale,Buona,Ore Diurne,0,0,0,3,12.6078,41.8163,-1,1,Autovettura privata,In marcia / fermata / arresto,Passeggero,F,Illeso,0,,Non accertato,Inesploso,
3987636,10,14/09/2018 08:15:00,Strada Urbana,VIA DEI SETTE METRI,in prossimit�,,del civico n.,42,,Scontro laterale fra veicoli in marcia,Rettilineo,Una carreggiata a doppio senso,Asciutto,Asfaltata,Orizzontale,Sereno,Normale,Buona,Ore Diurne,0,0,0,3,12.6078,41.8163,-1,2,Autovettura privata,In marcia / fermata / arresto,Conducente,M,Illeso,0,,Non accertato,Inesploso,
3987639,7,14/09/2018 02:20:00,Strada Urbana,VIALE DELLA PRIMAVERA,all'intersezione con,PIAZZALE DELLE GARDENIE,PIAZZALE DELLE GARDENIE,,,Veicolo in marcia contro ostacolo fisso,Incrocio,Due carreggiate,Asciutto,Asfaltata,Verticale ed orizzontale,Sereno,Scarso,Sufficiente,Sufficiente,0,0,0,4,,,0,1,Autovettura privata,In marcia / fermata / arresto,Conducente,M,Illeso,0,,Non accertato,Inesploso,
3987639,7,14/09/2018 02:20:00,Strada Urbana,VIALE DELLA PRIMAVERA,all'intersezione con,PIAZZALE DELLE GARDENIE,PIAZZALE DELLE GARDENIE,,,Veicolo in marcia contro ostacolo fisso,Incrocio,Due carreggiate,Asciutto,Asfaltata,Verticale ed orizzontale,Sereno,Scarso,Sufficiente,Sufficiente,0,0,0,4,,,0,1,Autovettura privata,In marcia / fermata / arresto,Passeggero,M,Illeso,0,,Non accertato,Inesploso,
3987639,7,14/09/2018 02:20:00,Strada Urbana,VIALE DELLA PRIMAVERA,all'intersezione con,PIAZZALE DELLE GARDENIE,PIAZZALE DELLE GARDENIE,,,Veicolo in marcia contro ostacolo fisso,Incrocio,Due carreggiate,Asciutto,Asfaltata,Verticale ed orizzontale,Sereno,Scarso,Sufficiente,Sufficiente,0,0,0,4,,,0,1,Autovettura privata,In marcia / fermata / arresto,Passeggero,F,Illeso,0,,Non accertato,Inesploso,
3987648,13,13/09/2018 14:30:00,Strada Urbana,VIA CARLO CASINI,all'intersezione con,VIA FELICE DA MONTECCHIO,VIA FELICE DA MONTECCHIO,,,Scontro frontale/laterale DX fra veicoli in marcia,Incrocio,Una carreggiata a senso unico di marcia,Asciutto,Asfaltata,Assente,Nuvoloso,Scarso,Sufficiente,Ore Diurne,0,0,0,3,12.3374,41.7823,-1,1,Autovettura privata,In marcia / fermata / arresto,Conducente,M,Illeso,0,,Non accertato,Esploso,
3987648,13,13/09/2018 14:30:00,Strada Urbana,VIA CARLO CASINI,all'intersezione con,VIA FELICE DA MONTECCHIO,VIA FELICE DA MONTECCHIO,,,Scontro frontale/laterale DX fra veicoli in marcia,Incrocio,Una carreggiata a senso unico di marcia,Asciutto,Asfaltata,Assente,Nuvoloso,Scarso,Sufficiente,Ore Diurne,0,0,0,3,12.3374,41.7823,-1,2,Autovettura privata,In marcia / fermata / arresto,Conducente,M,Illeso,0,,Non accertato,Esploso,
3987648,13,13/09/2018 14:30:00,Strada Urbana,VIA CARLO CASINI,all'intersezione con,VIA FELICE DA MONTECCHIO,VIA FELICE DA MONTECCHIO,,,Scontro frontale/laterale DX fra veicoli in marcia,Incrocio,Una carreggiata a senso unico di marcia,Asciutto,Asfaltata,Assente,Nuvoloso,Scarso,Sufficiente,Ore Diurne,0,0,0,3,12.3374,41.7823,-1,2,Autovettura privata,In marcia / fermata / arresto,Passeggero,M,Illeso,0,,Non accertato,,
3987652,18,13/09/2018 18:15:00,Strada Urbana,VIA DI BOCCEA,in prossimit�,,del civico n.,116,,Investimento di pedone,Rettilineo,Una carreggiata a doppio senso,Asciutto,Asfaltata,Verticale ed orizzontale,Sereno,Intenso,Buona,Ore Diurne,1,0,0,2,12.425,41.9023,-1,,,,Pedone,F,Rifiuta cure immediate,0,NON DECEDUTO,,,
3987652,18,13/09/2018 18:15:00,Strada Urbana,VIA DI BOCCEA,in prossimit�,,del civico n.,116,,Investimento di pedone,Rettilineo,Una carreggiata a doppio senso,Asciutto,Asfaltata,Verticale ed orizzontale,Sereno,Intenso,Buona,Ore Diurne,1,0,0,2,12.425,41.9023,-1,1,Autovettura privata,In marcia / fermata / arresto,Conducente,M,Illeso,0,,,,
3987652,18,13/09/2018 18:15:00,Strada Urbana,VIA DI BOCCEA,in prossimit�,,del civico n.,116,,Investimento di pedone,Rettilineo,Una carreggiata a doppio senso,Asciutto,Asfaltata,Verticale ed orizzontale,Sereno,Intenso,Buona,Ore Diurne,1,0,0,2,12.425,41.9023,-1,1,Autovettura privata,In marcia / fermata / arresto,Passeggero,F,Illeso,0,,,,
3987686,8,13/09/2018 08:50:00,Strada Urbana,VIALE OXFORD,all'intersezione con,VIALE OXFORD,VIALE OXFORD,,,Scontro frontale/laterale DX fra veicoli in marcia,Incrocio,Una carreggiata a senso unico di marcia,Asciutto,Asfaltata,Verticale ed orizzontale,Nuvoloso,Normale,Buona,Ore Diurne,2,0,0,1,12.6275,41.8612,0,1,Autovettura privata,In marcia / fermata / arresto,Conducente,M,Rifiuta cure immediate,0,NON DECEDUTO,Non accertato,Esploso,
3987686,8,13/09/2018 08:50:00,Strada Urbana,VIALE OXFORD,all'intersezione con,VIALE OXFORD,VIALE OXFORD,,,Scontro frontale/laterale DX fra veicoli in marcia,Incrocio,Una carreggiata a senso unico di marcia,Asciutto,Asfaltata,Verticale ed orizzontale,Nuvoloso,Normale,Buona,Ore Diurne,2,0,0,1,12.6275,41.8612,0,2,Autocarro inferiore 35 q.,In marcia / fermata / arresto,Conducente,M,Illeso,0,,,,
3987686,8,13/09/2018 08:50:00,Strada Urbana,VIALE OXFORD,all'intersezione con,VIALE OXFORD,VIALE OXFORD,,,Scontro frontale/laterale DX fra veicoli in marcia,Incrocio,Una carreggiata a senso unico di marcia,Asciutto,Asfaltata,Verticale ed orizzontale,Nuvoloso,Normale,Buona,Ore Diurne,2,0,0,1,12.6275,41.8612,0,2,Autocarro inferiore 35 q.,In marcia / fermata / arresto,Passeggero,M,Rifiuta cure immediate,0,NON DECEDUTO,,,
3987732,23,13/09/2018 11:30:00,Strada Urbana,VIA CRISTOFORO COLOMBO,all'intersezione con,VIA DEMOCRITO,VIA DEMOCRITO,,,Scontro laterale fra veicoli in marcia,Incrocio,Pi� di due carreggiate,Asciutto,Asfaltata,Verticale ed orizzontale,Nuvoloso,Normale,Buona,Ore Diurne,0,0,0,2,12.4121,41.786,-1,1,Autovettura privata,In marcia / fermata / arresto,Conducente,F,Illeso,0,,Non accertato,Inesploso,
3987732,23,13/09/2018 11:30:00,Strada Urbana,VIA CRISTOFORO COLOMBO,all'intersezione con,VIA DEMOCRITO,VIA DEMOCRITO,,,Scontro laterale fra veicoli in marcia,Incrocio,Pi� di due carreggiate,Asciutto,Asfaltata,Verticale ed orizzontale,Nuvoloso,Normale,Buona,Ore Diurne,0,0,0,2,12.4121,41.786,-1,2,Autovettura privata,In marcia / fermata / arresto,Conducente,F,Illeso,0,,Non accertato,Inesploso,
3987746,8,13/09/2018 19:30:00,Strada Urbana,VIA FRANCESCO COZZA,in corrispondenza,,del civico n.,20,,Veicolo in marcia contro veicolo in sosta,Rettilineo,Una carreggiata a senso unico di marcia,Asciutto,Asfaltata,Assente,Sereno,Scarso,Buona,Ore Diurne,0,0,0,1,12.6195,41.8724,-1,1,Autovettura privata,In marcia / fermata / arresto,Conducente,F,Illeso,0,,,,
3987758,19,14/09/2018 09:20:00,Strada Urbana,VIA GARLASCO,in prossimit�,,del civico n.,2,,Scontro laterale fra veicoli in marcia,Rettilineo,Una carreggiata a doppio senso,Asciutto,Asfaltata,Assente,Sereno,Scarso,Buona,Ore Diurne,0,0,0,2,12.3808,41.9493,-1,1,Autovettura privata,In marcia / fermata / arresto,Conducente,M,Illeso,0,,,,
3987758,19,14/09/2018 09:20:00,Strada Urbana,VIA GARLASCO,in prossimit�,,del civico n.,2,,Scontro laterale fra veicoli in marcia,Rettilineo,Una carreggiata a doppio senso,Asciutto,Asfaltata,Assente,Sereno,Scarso,Buona,Ore Diurne,0,0,0,2,12.3808,41.9493,-1,2,Autovettura privata,In marcia / fermata / arresto,Conducente,M,Illeso,0,,,,
3987785,1,14/09/2018 09:15:00,Strada Urbana,LUNGOTEVERE RAFFAELLO SANZIO,in prossimit�,,del civico n.,12,,Scontro laterale fra veicoli in marcia,Rettilineo,Una carreggiata a senso unico di marcia,Asciutto,Asfaltata,Verticale ed orizzontale,Sereno,Intenso,Buona,Ore Diurne,0,0,0,2,12.4717,41.891,-1,1,Autovettura privata,In marcia / fermata / arresto,Conducente,M,Illeso,0,,Non accertato,Inesploso,
3987785,1,14/09/2018 09:15:00,Strada Urbana,LUNGOTEVERE RAFFAELLO SANZIO,in prossimit�,,del civico n.,12,,Scontro laterale fra veicoli in marcia,Rettilineo,Una carreggiata a senso unico di marcia,Asciutto,Asfaltata,Verticale ed orizzontale,Sereno,Intenso,Buona,Ore Diurne,0,0,0,2,12.4717,41.891,-1,2,Autocarro inferiore 35 q.,In marcia / fermata / arresto,Conducente,M,Illeso,0,,Non accertato,Inesploso,
3987803,8,13/09/2018 09:00:00,,VIA ROCCAFORTE DEL GRECO,in corrispondenza,,del civico n.,321,,Veicolo in marcia contro ostacolo accidentale,,,,,,,,,,0,0,0,1,12.6935,41.8691,0,1,Autovettura privata,In marcia / fermata / arresto,Conducente,M,Illeso,0,,,,
3987819,8,13/09/2018 16:00:00,Strada Urbana,VIALE OXFORD,da specificare,,,,interno ptv,Scontro frontale/laterale DX fra veicoli in marcia,Rettilineo,Due carreggiate,Asciutto,Asfaltata,Verticale ed orizzontale,Sereno,Scarso,Buona,Ore Diurne,2,0,0,2,12.6275,41.8612,-1,1,Autovettura privata,In marcia / fermata / arresto,Conducente,F,Illeso,0,,Non accertato,Esploso,
3987819,8,13/09/2018 16:00:00,Strada Urbana,VIALE OXFORD,da specificare,,,,interno ptv,Scontro frontale/laterale DX fra veicoli in marcia,Rettilineo,Due carreggiate,Asciutto,Asfaltata,Verticale ed orizzontale,Sereno,Scarso,Buona,Ore Diurne,2,0,0,2,12.6275,41.8612,-1,1,Autovettura privata,In marcia / fermata / arresto,Passeggero,M,Illeso,0,,Non accertato,Esploso,
3987819,8,13/09/2018 16:00:00,Strada Urbana,VIALE OXFORD,da specificare,,,,interno ptv,Scontro frontale/laterale DX fra veicoli in marcia,Rettilineo,Due carreggiate,Asciutto,Asfaltata,Verticale ed orizzontale,Sereno,Scarso,Buona,Ore Diurne,2,0,0,2,12.6275,41.8612,-1,2,Autovettura privata,In marcia / fermata / arresto,Conducente,F,Rifiuta cure immediate,0,NON DECEDUTO,Non accertato,Inesploso,
3987819,8,13/09/2018 16:00:00,Strada Urbana,VIALE OXFORD,da specificare,,,,interno ptv,Scontro frontale/laterale DX fra veicoli in marcia,Rettilineo,Due carreggiate,Asciutto,Asfaltata,Verticale ed orizzontale,Sereno,Scarso,Buona,Ore Diurne,2,0,0,2,12.6275,41.8612,-1,2,Autovettura privata,In marcia / fermata / arresto,Passeggero,M,Rimandato,0,NON DECEDUTO,,,
3987825,12,14/09/2018 09:40:00,Strada Urbana,VIA KARIBA,in prossimit�,,del palo luce n.,2,,Scontro laterale fra veicoli in marcia,Rettilineo,Una carreggiata a doppio senso,Asciutto,Asfaltata,Verticale ed orizzontale,Sereno,Scarso,Buona,Ore Diurne,0,0,0,2,12.4746,41.8241,-1,1,Autovettura privata,In marcia / fermata / arresto,Conducente,M,Illeso,0,,Utilizzato,Inesploso,
3987825,12,14/09/2018 09:40:00,Strada Urbana,VIA KARIBA,in prossimit�,,del palo luce n.,2,,Scontro laterale fra veicoli in marcia,Rettilineo,Una carreggiata a doppio senso,Asciutto,Asfaltata,Verticale ed orizzontale,Sereno,Scarso,Buona,Ore Diurne,0,0,0,2,12.4746,41.8241,-1,2,Autovettura privata,In marcia / fermata / arresto,Conducente,M,Illeso,0,,Non accertato,Inesploso,
3987845,7,13/09/2018 17:30:00,Strada Urbana,VIA PRENESTINA BIS,da specificare,,,,direzione gra FI, palo luce br,16,Veicolo in marcia contro ostacolo accidentale,Rettilineo,Una carreggiata a senso unico di marcia,Asciutto,Asfaltata,Verticale ed orizzontale,Nuvoloso,Normale,Buona,Ore Diurne,1,0,0,0,12.6038,41.8879,-1,1,Motociclo a solo,In marcia / fermata / arresto,Conducente,M,Rimandato,0,NON DECEDUTO,
3987882,18,13/09/2018 09:20:00,Strada Urbana,LARGO DI PORTA CAVALLEGGERI,da specificare,,,,INGRESSO GALLERIA,Scontro laterale fra veicoli in marcia,Rettilineo,Una carreggiata a doppio senso,Asciutto,Asfaltata,Verticale ed orizzontale,Nuvoloso,Intenso,Buona,Ore Diurne,0,0,0,3,12.4571,41.9002,-1,1,Autovettura privata,In marcia / fermata / arresto,Conducente,F,Illeso,0,,,,
3987882,18,13/09/2018 09:20:00,Strada Urbana,LARGO DI PORTA CAVALLEGGERI,da specificare,,,,INGRESSO GALLERIA,Scontro laterale fra veicoli in marcia,Rettilineo,Una carreggiata a doppio senso,Asciutto,Asfaltata,Verticale ed orizzontale,Nuvoloso,Intenso,Buona,Ore Diurne,0,0,0,3,12.4571,41.9002,-1,2,Autovettura privata,In marcia / fermata / arresto,Conducente,F,Illeso,0,,,,
3987882,18,13/09/2018 09:20:00,Strada Urbana,LARGO DI PORTA CAVALLEGGERI,da specificare,,,,INGRESSO GALLERIA,Scontro laterale fra veicoli in marcia,Rettilineo,Una carreggiata a doppio senso,Asciutto,Asfaltata,Verticale ed orizzontale,Nuvoloso,Intenso,Buona,Ore Diurne,0,0,0,3,12.4571,41.9002,-1,2,Autovettura privata,In marcia / fermata / arresto,Passeggero,F,Illeso,0,,,,
3987886,8,13/09/2018 18:45:00,Strada Urbana,VIA DI CARCARICOLA,all'intersezione con,VIA DELLA TENUTA DI TORRENOVA,VIA DELLA TENUTA DI TORRENOVA,,,Scontro frontale/laterale SX fra veicoli in marcia,Intersezione stradale segnalata,Una carreggiata a doppio senso,Asciutto,Asfaltata,Verticale,Nuvoloso,Scarso,Buona,Ore Diurne,4,0,0,0,12.6135,41.8554,-1,1,Autovettura privata,In marcia / fermata / arresto,Conducente,M,Rifiuta cure immediate,0,NON DECEDUTO,Non accertato,Inesploso,
3987886,8,13/09/2018 18:45:00,Strada Urbana,VIA DI CARCARICOLA,all'intersezione con,VIA DELLA TENUTA DI TORRENOVA,VIA DELLA TENUTA DI TORRENOVA,,,Scontro frontale/laterale SX fra veicoli in marcia,Intersezione stradale segnalata,Una carreggiata a doppio senso,Asciutto,Asfaltata,Verticale,Nuvoloso,Scarso,Buona,Ore Diurne,4,0,0,0,12.6135,41.8554,-1,1,Autovettura privata,In marcia / fermata / arresto,Passeggero,F,Rifiuta cure immediate,0,NON DECEDUTO,Non accertato,Inesploso,
3987886,8,13/09/2018 18:45:00,Strada Urbana,VIA DI CARCARICOLA,all'intersezione con,VIA DELLA TENUTA DI TORRENOVA,VIA DELLA TENUTA DI TORRENOVA,,,Scontro frontale/laterale SX fra veicoli in marcia,Intersezione stradale segnalata,Una carreggiata a doppio senso,Asciutto,Asfaltata,Verticale,Nuvoloso,Scarso,Buona,Ore Diurne,4,0,0,0,12.6135,41.8554,-1,1,Autovettura privata,In marcia / fermata / arresto,Passeggero,M,Rifiuta cure immediate,0,NON DECEDUTO,Non accertato,Inesistente,
3987886,8,13/09/2018 18:45:00,Strada Urbana,VIA DI CARCARICOLA,all'intersezione con,VIA DELLA TENUTA DI TORRENOVA,VIA DELLA TENUTA DI TORRENOVA,,,Scontro frontale/laterale SX fra veicoli in marcia,Intersezione stradale segnalata,Una carreggiata a doppio senso,Asciutto,Asfaltata,Verticale,Nuvoloso,Scarso,Buona,Ore Diurne,4,0,0,0,12.6135,41.8554,-1,2,Motociclo a solo,In marcia / fermata / arresto,Conducente,M,Rimandato,0,NON DECEDUTO,Non accertato,,
3987926,15,14/09/2018 09:15:00,Comunale extraurbana,VIA DEL PONTE PISANO,in corrispondenza,,del civico n.,210,,Scontro frontale/laterale DX fra veicoli in marcia,Rettilineo,Una carreggiata a doppio senso,Asciutto,Asfaltata,Verticale ed orizzontale,Sereno,Normale,Buona,Ore Diurne,0,0,0,2,12.3981,41.857,-1,1,Autocarro inferiore 35 q.,In marcia / fermata / arresto,Conducente,M,Illeso,0,,Non accertato,Inesploso,
3987926,15,14/09/2018 09:15:00,Comunale extraurbana,VIA DEL PONTE PISANO,in corrispondenza,,del civico n.,210,,Scontro frontale/laterale DX fra veicoli in marcia,Rettilineo,Una carreggiata a doppio senso,Asciutto,Asfaltata,Verticale ed orizzontale,Sereno,Normale,Buona,Ore Diurne,0,0,0,2,12.3981,41.857,-1,2,Autovettura privata,In marcia / fermata / arresto,Conducente,M,Illeso,0,,Non accertato,Inesploso,
3987935,15,14/09/2018 07:25:00,Strada Urbana,VIA CASTIGLIONE DELLA PESCAIA,in corrispondenza,,del civico n.,25,,Scontro frontale/laterale SX fra veicoli in marcia,Rettilineo,Una carreggiata a doppio senso,Asciutto,Asfaltata,Assente,Sereno,Scarso,Buona,Ore Diurne,0,0,0,2,12.4283,41.8441,-1,1,Autovettura privata,In marcia / fermata / arresto,Conducente,M,Illeso,0,,Non accertato,Inesploso,
3987935,15,14/09/2018 07:25:00,Strada Urbana,VIA CASTIGLIONE DELLA PESCAIA,in corrispondenza,,del civico n.,25,,Scontro frontale/laterale SX fra veicoli in marcia,Rettilineo,Una carreggiata a doppio senso,Asciutto,Asfaltata,Assente,Sereno,Scarso,Buona,Ore Diurne,0,0,0,2,12.4283,41.8441,-1,2,Motociclo a solo,In marcia / fermata / arresto,Conducente,M,Illeso,0,,Non accertato,,
3987959,13,13/09/2018 15:15:00,Strada Urbana,VIA MONSIGNOR PINI,in corrispondenza,,del civico n.,26,,Scontro frontale/laterale SX fra veicoli in marcia,Rettilineo,Una carreggiata a doppio senso,Asciutto,Asfaltata,Assente,Nuvoloso,Scarso,Buona,Ore Diurne,0,0,0,2,12.3574,41.7615,-1,1,Autovettura privata,In marcia / fermata / arresto,Conducente,F,Illeso,0,,Non accertato,Inesploso,
3987959,13,13/09/2018 15:15:00,Strada Urbana,VIA MONSIGNOR PINI,in corrispondenza,,del civico n.,26,,Scontro frontale/laterale SX fra veicoli in marcia,Rettilineo,Una carreggiata a doppio senso,Asciutto,Asfaltata,Assente,Nuvoloso,Scarso,Buona,Ore Diurne,0,0,0,2,12.3574,41.7615,-1,2,Autovettura privata,In marcia / fermata / arresto,Conducente,F,Illeso,0,,Non accertato,Inesploso,
3988043,1,14/09/2018 11:10:00,Strada Urbana,VIALE DI TRASTEVERE,all'intersezione con,VICOLO DI MAZZAMURELLI,VICOLO DI MAZZAMURELLI,,,Scontro laterale fra veicoli in marcia,Incrocio,Pi� di due carreggiate,Asciutto,Asfaltata,Verticale ed orizzontale,Sereno,Normale,Buona,Ore Diurne,1,0,0,1,12.4736,41.8886,-1,1,Motociclo a solo,In marcia / fermata / arresto,Conducente,M,Rimandato,0,NON DECEDUTO,Non accertato,,
3988043,1,14/09/2018 11:10:00,Strada Urbana,VIALE DI TRASTEVERE,all'intersezione con,VICOLO DI MAZZAMURELLI,VICOLO DI MAZZAMURELLI,,,Scontro laterale fra veicoli in marcia,Incrocio,Pi� di due carreggiate,Asciutto,Asfaltata,Verticale ed orizzontale,Sereno,Normale,Buona,Ore Diurne,1,0,0,1,12.4736,41.8886,-1,2,Autovettura privata,In marcia / fermata / arresto,Conducente,M,Illeso,0,,Non accertato,Inesploso,
3988052,10,14/09/2018 12:35:00,Strada Urbana,VIA TARQUINIO COLLATINO,all'intersezione con,VIA CALPURNIO PISONE,VIA CALPURNIO PISONE,,,Scontro frontale/laterale DX fra veicoli in marcia,Incrocio,Una carreggiata a senso unico di marcia,Asciutto,Asfaltata,Verticale ed orizzontale,Sereno,Normale,Buona,Ore Diurne,2,0,0,1,12.5645,41.8612,-1,1,Autovettura privata,In marcia / fermata / arresto,Conducente,M,Rimandato,0,NON DECEDUTO,Non accertato,Inesploso,
3988052,10,14/09/2018 12:35:00,Strada Urbana,VIA TARQUINIO COLLATINO,all'intersezione con,VIA CALPURNIO PISONE,VIA CALPURNIO PISONE,,,Scontro frontale/laterale DX fra veicoli in marcia,Incrocio,Una carreggiata a senso unico di marcia,Asciutto,Asfaltata,Verticale ed orizzontale,Sereno,Normale,Buona,Ore Diurne,2,0,0,1,12.5645,41.8612,-1,2,Autovettura privata,In marcia / fermata / arresto,Conducente,F,Illeso,0,,Non accertato,Inesploso,
3988052,10,14/09/2018 12:35:00,Strada Urbana,VIA TARQUINIO COLLATINO,all'intersezione con,VIA CALPURNIO PISONE,VIA CALPURNIO PISONE,,,Scontro frontale/laterale DX fra veicoli in marcia,Incrocio,Una carreggiata a senso unico di marcia,Asciutto,Asfaltata,Verticale ed orizzontale,Sereno,Normale,Buona,Ore Diurne,2,0,0,1,12.5645,41.8612,-1,2,Autovettura privata,In marcia / fermata / arresto,Passeggero,F,Rifiuta cure immediate,0,NON DECEDUTO,Non accertato,Inesploso,
3988054,13,14/09/2018 00:30:00,Strada Urbana,VIA OSTIENSE,da specificare,,,,prossimit� via LUCIO LEPIDIO,Scontro frontale fra veicoli in marcia,Rettilineo,Una carreggiata a doppio senso,Asciutto,Asfaltata,Orizzontale,Nuvoloso,Scarso,Buona,Sufficiente,2,0,0,0,12.2797,41.7341,-1,1,Autobus urbano,In marcia / fermata / arresto,Conducente,M,Rifiuta cure immediate,0,NON DECEDUTO,Non accertato,Inesistente,
3988054,13,14/09/2018 00:30:00,Strada Urbana,VIA OSTIENSE,da specificare,,,,prossimit� via LUCIO LEPIDIO,Scontro frontale fra veicoli in marcia,Rettilineo,Una carreggiata a doppio senso,Asciutto,Asfaltata,Orizzontale,Nuvoloso,Scarso,Buona,Sufficiente,2,0,0,0,12.2797,41.7341,-1,2,Motociclo a solo,In marcia / fermata / arresto,Conducente,M,Ricoverato,0,NON DECEDUTO,Utilizzato,,
3988092,16,13/09/2018 18:25:00,Strada Urbana,VIA BERNARDINO RAMAZZINI,in corrispondenza,,del civico n.,76,,Scontro laterale fra veicoli in marcia,Rettilineo,Una carreggiata a doppio senso,Asciutto,Asfaltata,Verticale ed orizzontale,Nuvoloso,Normale,Buona,Ore Diurne,0,0,0,2,12.4528,41.8695,-1,1,Autovettura privata,In marcia / fermata / arresto,Conducente,M,Illeso,0,,Non accertato,Inesploso,
3988092,16,13/09/2018 18:25:00,Strada Urbana,VIA BERNARDINO RAMAZZINI,in corrispondenza,,del civico n.,76,,Scontro laterale fra veicoli in marcia,Rettilineo,Una carreggiata a doppio senso,Asciutto,Asfaltata,Verticale ed orizzontale,Nuvoloso,Normale,Buona,Ore Diurne,0,0,0,2,12.4528,41.8695,-1,2,Motociclo con passeggero,In marcia / fermata / arresto,Conducente,M,Illeso,0,,Non accertato,,
3988200,18,14/09/2018 14:00:00,Strada Urbana,VIA BALDO DEGLI UBALDI,in prossimit�,,del civico n.,324,,Scontro laterale fra veicoli in marcia,Rettilineo,Due carreggiate,Asciutto,Asfaltata,Verticale,Sereno,Normale,Buona,Ore Diurne,0,0,0,4,12.4394,41.9016,-1,1,Autovettura privata,In marcia / fermata / arresto,Conducente,M,Illeso,0,,Non accertato,Inesploso,