Protocollo,Gruppo,DataOraIncidente,Localizzazione1,STRADA1,Localizzazione2,STRADA2,Strada02,Chilometrica,DaSpecificare,NaturaIncidente,particolaritastrade,TipoStrada,FondoStradale,Pavimentazione,Segnaletica,CondizioneAtmosferica,Traffico,Visibilita,Illuminazione,NUM_FERITI,NUM_RISERVATA,NUM_MORTI,NUM_ILLESI,Longitudine,Latitudine,Confermato,Progressivo,TipoVeicolo,StatoVeicolo,TipoPersona,Sesso,Tipolesione,Deceduto,DecedutoDopo,CinturaCascoUtilizzato,Airbag,
3988200,18,14/09/2018 14:00:00,Strada Urbana,VIA BALDO DEGLI UBALDI,in prossimit�,,del civico n.,324,,Scontro laterale fra veicoli in marcia,Rettilineo,Due carreggiate,Asciutto,Asfaltata,Verticale,Sereno,Normale,Buona,Ore Diurne,0,0,0,4,12.4394,41.9016,-1,2,Autovettura privata,In marcia / fermata / arresto,Conducente,M,Illeso,0,,Non accertato,Inesploso,
3988200,18,14/09/2018 14:00:00,Strada Urbana,VIA BALDO DEGLI UBALDI,in prossimit�,,del civico n.,324,,Scontro laterale fra veicoli in marcia,Rettilineo,Due carreggiate,Asciutto,Asfaltata,Verticale,Sereno,Normale,Buona,Ore Diurne,0,0,0,4,12.4394,41.9016,-1,2,Autovettura privata,In marcia / fermata / arresto,Passeggero,M,Illeso,0,,Non accertato,Inesploso,
3988200,18,14/09/2018 14:00:00,Strada Urbana,VIA BALDO DEGLI UBALDI,in prossimit�,,del civico n.,324,,Scontro laterale fra veicoli in marcia,Rettilineo,Due carreggiate,Asciutto,Asfaltata,Verticale,Sereno,Normale,Buona,Ore Diurne,0,0,0,4,12.4394,41.9016,-1,3,Autocarro inferiore 35 q.,In marcia / fermata / arresto,Conducente,M,Illeso,0,,Non accertato,Inesploso,
3988218,20,14/09/2018 14:40:00,Strada Urbana,VIA PEDRENGO,all'intersezione con,VIA ENTRATICO,VIA ENTRATICO,,,Veicolo in marcia contro veicoli in sosta,Incrocio,Una carreggiata a doppio senso,Asciutto,Asfaltata,Assente,Sereno,Scarso,Buona,Ore Diurne,1,0,0,0,12.4764,42.0343,-1,1,Autovettura privata,In marcia / fermata / arresto,Conducente,F,Rimandato,0,NON DECEDUTO,Non accertato,Inesploso,
3988257,17,13/09/2018 15:50:00,Strada Urbana,VIA DEGLI SCIPIONI,da specificare,,,,fronte civico 293,Scontro laterale fra veicoli in marcia,Rettilineo,Una carreggiata a doppio senso,Asciutto,Asfaltata,Verticale ed orizzontale,Sereno,Normale,Buona,Ore Diurne,1,0,0,1,12.463,41.9098,-1,1,Autovettura privata,In marcia / fermata / arresto,Conducente,F,Illeso,0,,,,
3988257,17,13/09/2018 15:50:00,Strada Urbana,VIA DEGLI SCIPIONI,da specificare,,,,fronte civico 293,Scontro laterale fra veicoli in marcia,Rettilineo,Una carreggiata a doppio senso,Asciutto,Asfaltata,Verticale ed orizzontale,Sereno,Normale,Buona,Ore Diurne,1,0,0,1,12.463,41.9098,-1,2,Motociclo a solo,In marcia / fermata / arresto,Conducente,M,Rimandato,0,NON DECEDUTO,,,
3988271,5,14/09/2018 15:00:00,Strada Urbana,VIA RENATO SIMONI,in corrispondenza,,del civico n.,34,,Scontro laterale fra veicoli in marcia,Rettilineo,Una carreggiata a senso unico di marcia,Asciutto,Asfaltata,Verticale ed orizzontale,Sereno,Normale,Sufficiente,Ore Diurne,0,0,0,3,12.539,41.9094,-1,1,Autovettura privata,In marcia / fermata / arresto,Conducente,M,Illeso,0,,Non accertato,Inesploso,
3988271,5,14/09/2018 15:00:00,Strada Urbana,VIA RENATO SIMONI,in corrispondenza,,del civico n.,34,,Scontro laterale fra veicoli in marcia,Rettilineo,Una carreggiata a senso unico di marcia,Asciutto,Asfaltata,Verticale ed orizzontale,Sereno,Normale,Sufficiente,Ore Diurne,0,0,0,3,12.539,41.9094,-1,1,Autovettura privata,In marcia / fermata / arresto,Passeggero,M,Illeso,0,,Non accertato,Inesploso,
3988271,5,14/09/2018 15:00:00,Strada Urbana,VIA RENATO SIMONI,in corrispondenza,,del civico n.,34,,Scontro laterale fra veicoli in marcia,Rettilineo,Una carreggiata a senso unico di marcia,Asciutto,Asfaltata,Verticale ed orizzontale,Sereno,Normale,Sufficiente,Ore Diurne,0,0,0,3,12.539,41.9094,-1,2,Autovettura privata,In marcia / fermata / arresto,Conducente,M,Illeso,0,,Non accertato,Inesploso,
3988423,18,14/09/2018 16:30:00,Strada Urbana,VIA BALDO DEGLI UBALDI,in prossimit�,,del civico n.,100,,Tamponamento Multiplo,Rettilineo,Due carreggiate,Asciutto,Asfaltata,Verticale,Sereno,Normale,Buona,Ore Diurne,1,0,0,3,12.4333,41.8989,-1,1,Autovettura privata,In marcia / fermata / arresto,Conducente,M,Illeso,0,,Non accertato,Inesploso,
3988423,18,14/09/2018 16:30:00,Strada Urbana,VIA BALDO DEGLI UBALDI,in prossimit�,,del civico n.,100,,Tamponamento Multiplo,Rettilineo,Due carreggiate,Asciutto,Asfaltata,Verticale,Sereno,Normale,Buona,Ore Diurne,1,0,0,3,12.4333,41.8989,-1,1,Autovettura privata,In marcia / fermata / arresto,Passeggero,F,Illeso,0,,Non accertato,Inesploso,
3988423,18,14/09/2018 16:30:00,Strada Urbana,VIA BALDO DEGLI UBALDI,in prossimit�,,del civico n.,100,,Tamponamento Multiplo,Rettilineo,Due carreggiate,Asciutto,Asfaltata,Verticale,Sereno,Normale,Buona,Ore Diurne,1,0,0,3,12.4333,41.8989,-1,2,Autovettura pubblica,In marcia / fermata / arresto,Conducente,M,Rimandato,0,NON DECEDUTO,Non accertato,Inesploso,
3988423,18,14/09/2018 16:30:00,Strada Urbana,VIA BALDO DEGLI UBALDI,in prossimit�,,del civico n.,100,,Tamponamento Multiplo,Rettilineo,Due carreggiate,Asciutto,Asfaltata,Verticale,Sereno,Normale,Buona,Ore Diurne,1,0,0,3,12.4333,41.8989,-1,3,Autovettura privata,In marcia / fermata / arresto,Conducente,M,Illeso,0,,Non accertato,Inesploso,
3988432,5,14/09/2018 16:15:00,Strada Urbana,LARGO GIOVANNI PITTALUGA,da specificare,,,,fronte civico 18,Scontro laterale fra veicoli in marcia,Rettilineo,Una carreggiata a senso unico di marcia,Asciutto,Asfaltata,Assente,Sereno,Normale,Buona,Ore Diurne,0,0,0,1,12.5372,41.8995,-1,1,Autovettura privata,In marcia / fermata / arresto,Conducente,M,Illeso,0,,Non accertato,,
3988433,17,13/09/2018 11:10:00,Strada Urbana,VIA COLA DI RIENZO,in prossimit�,,del civico n.,12,,Veicolo in marcia contro veicolo in sosta,Rettilineo,Una carreggiata a doppio senso,Asciutto,In cubetti di porfido,Verticale ed orizzontale,Sereno,Scarso,Buona,Ore Diurne,0,0,0,1,12.4703,41.9091,-1,1,Autovettura privata,In marcia / fermata / arresto,Conducente,M,Illeso,0,,,,
3988464,17,14/09/2018 15:10:00,Strada Urbana,VIA MONTE SANTO,in corrispondenza,,del civico n.,22,,Scontro frontale/laterale SX fra veicoli in marcia,Rettilineo,Due carreggiate,Asciutto,Asfaltata,Verticale ed orizzontale,Sereno,Scarso,Buona,Ore Diurne,0,0,0,3,12.4603,41.9171,-1,1,Motociclo con passeggero,In marcia / fermata / arresto,Conducente,M,Illeso,0,,,,
3988464,17,14/09/2018 15:10:00,Strada Urbana,VIA MONTE SANTO,in corrispondenza,,del civico n.,22,,Scontro frontale/laterale SX fra veicoli in marcia,Rettilineo,Due carreggiate,Asciutto,Asfaltata,Verticale ed orizzontale,Sereno,Scarso,Buona,Ore Diurne,0,0,0,3,12.4603,41.9171,-1,1,Motociclo con passeggero,In marcia / fermata / arresto,Passeggero,F,Illeso,0,,,,
3988464,17,14/09/2018 15:10:00,Strada Urbana,VIA MONTE SANTO,in corrispondenza,,del civico n.,22,,Scontro frontale/laterale SX fra veicoli in marcia,Rettilineo,Due carreggiate,Asciutto,Asfaltata,Verticale ed orizzontale,Sereno,Scarso,Buona,Ore Diurne,0,0,0,3,12.4603,41.9171,-1,2,Autovettura privata,In marcia / fermata / arresto,Conducente,M,Illeso,0,,,,
3988520,20,14/09/2018 17:25:00,Regionale entro l'abitato,VIA CASSIA,in corrispondenza,,del civico n.,1600,,Investimento di pedone,Rettilineo,Una carreggiata a doppio senso,Asciutto,Asfaltata,Verticale ed orizzontale,Sereno,Normale,Buona,Ore Diurne,2,0,0,0,12.3844,42.0017,-1,,,,Pedone,M,Rifiuta cure immediate,0,NON DECEDUTO,,,
3988520,20,14/09/2018 17:25:00,Regionale entro l'abitato,VIA CASSIA,in corrispondenza,,del civico n.,1600,,Investimento di pedone,Rettilineo,Una carreggiata a doppio senso,Asciutto,Asfaltata,Verticale ed orizzontale,Sereno,Normale,Buona,Ore Diurne,2,0,0,0,12.3844,42.0017,-1,1,Motociclo a solo,In marcia / fermata / arresto,Conducente,M,Rimandato,0,NON DECEDUTO,Non accertato,,
3988599,10,14/09/2018 08:30:00,Strada Urbana,VIA STATILIO OTTATO,da specificare,,,,fronte civico 33,Veicolo in marcia contro veicolo in sosta,Rettilineo,Una carreggiata a senso unico di marcia,Asciutto,Asfaltata,Verticale ed orizzontale,Sereno,Normale,Buona,Ore Diurne,0,0,0,1,12.5672,41.8555,-1,2,Ciclomotore,In marcia / fermata / arresto,Conducente,M,Illeso,0,,,,
3988606,18,14/09/2018 19:15:00,Statale,VIA AURELIA,da specificare,,,,altezza uscita GRA direzione Roma Centro,Tamponamento,Rettilineo,Due carreggiate,Asciutto,Asfaltata,Verticale ed orizzontale,Sereno,Normale,Buona,Ore Diurne,1,0,0,1,12.3828,41.8849,-1,1,Autovettura privata,In marcia / fermata / arresto,Conducente,F,Illeso,0,,Non accertato,Inesploso,
3988606,18,14/09/2018 19:15:00,Statale,VIA AURELIA,da specificare,,,,altezza uscita GRA direzione Roma Centro,Tamponamento,Rettilineo,Due carreggiate,Asciutto,Asfaltata,Verticale ed orizzontale,Sereno,Normale,Buona,Ore Diurne,1,0,0,1,12.3828,41.8849,-1,2,Velocipede,In marcia / fermata / arresto,Conducente,M,Rifiuta cure immediate,0,NON DECEDUTO,Esente,,
3988609,10,14/09/2018 09:30:00,Strada Urbana,VIA TUSCOLANA,in corrispondenza,,del civico n.,797-A,,Scontro frontale/laterale SX fra veicoli in marcia,Rettilineo,Due carreggiate,Asciutto,Asfaltata,Verticale ed orizzontale,Sereno,Normale,Buona,Ore Diurne,1,0,0,1,12.5579,41.8596,-1,1,Autovettura privata,In marcia / fermata / arresto,Conducente,F,Illeso,0,,Non accertato,Inesploso,
3988609,10,14/09/2018 09:30:00,Strada Urbana,VIA TUSCOLANA,in corrispondenza,,del civico n.,797-A,,Scontro frontale/laterale SX fra veicoli in marcia,Rettilineo,Due carreggiate,Asciutto,Asfaltata,Verticale ed orizzontale,Sereno,Normale,Buona,Ore Diurne,1,0,0,1,12.5579,41.8596,-1,2,Motociclo a solo,In marcia / fermata / arresto,Conducente,M,Rimandato,0,NON DECEDUTO,Non accertato,,
3988648,5,14/09/2018 19:15:00,Strada Urbana,VIA GIUSEPPE ANTONIO ANDRIULLI,da specificare,,,,direzione prenestina in pross dell'inv di marcia,Tamponamento,Rettilineo,Due carreggiate,Asciutto,Asfaltata,Assente,Sereno,Normale,Sufficiente,Sufficiente,0,0,0,5,12.5571,41.9019,-1,1,Autovettura privata,In marcia / fermata / arresto,Conducente,F,Illeso,0,,Non accertato,,
3988648,5,14/09/2018 19:15:00,Strada Urbana,VIA GIUSEPPE ANTONIO ANDRIULLI,da specificare,,,,direzione prenestina in pross dell'inv di marcia,Tamponamento,Rettilineo,Due carreggiate,Asciutto,Asfaltata,Assente,Sereno,Normale,Sufficiente,Sufficiente,0,0,0,5,12.5571,41.9019,-1,1,Autovettura privata,In marcia / fermata / arresto,Passeggero,F,Illeso,0,,Non accertato,,
3988648,5,14/09/2018 19:15:00,Strada Urbana,VIA GIUSEPPE ANTONIO ANDRIULLI,da specificare,,,,direzione prenestina in pross dell'inv di marcia,Tamponamento,Rettilineo,Due carreggiate,Asciutto,Asfaltata,Assente,Sereno,Normale,Sufficiente,Sufficiente,0,0,0,5,12.5571,41.9019,-1,1,Autovettura privata,In marcia / fermata / arresto,Passeggero,M,Illeso,0,,Non accertato,,
3988648,5,14/09/2018 19:15:00,Strada Urbana,VIA GIUSEPPE ANTONIO ANDRIULLI,da specificare,,,,direzione prenestina in pross dell'inv di marcia,Tamponamento,Rettilineo,Due carreggiate,Asciutto,Asfaltata,Assente,Sereno,Normale,Sufficiente,Sufficiente,0,0,0,5,12.5571,41.9019,-1,1,Autovettura privata,In marcia / fermata / arresto,Passeggero,M,Illeso,0,,Non accertato,,
3988648,5,14/09/2018 19:15:00,Strada Urbana,VIA GIUSEPPE ANTONIO ANDRIULLI,da specificare,,,,direzione prenestina in pross dell'inv di marcia,Tamponamento,Rettilineo,Due carreggiate,Asciutto,Asfaltata,Assente,Sereno,Normale,Sufficiente,Sufficiente,0,0,0,5,12.5571,41.9019,-1,2,Autovettura privata,In marcia / fermata / arresto,Conducente,M,Illeso,0,,Non accertato,,
3988989,11,14/09/2018 15:30:00,Strada Urbana,CIRCONVALLAZIONE OSTIENSE,da specificare,,,,fronte civ.240,Tamponamento,Rettilineo,Due carreggiate,Asciutto,Asfaltata,Verticale ed orizzontale,Sereno,Normale,Buona,Ore Diurne,1,0,0,1,12.4894,41.8671,-1,1,Autovettura privata,In marcia / fermata / arresto,Conducente,M,Illeso,0,,Non accertato,,
3988989,11,14/09/2018 15:30:00,Strada Urbana,CIRCONVALLAZIONE OSTIENSE,da specificare,,,,fronte civ.240,Tamponamento,Rettilineo,Due carreggiate,Asciutto,Asfaltata,Verticale ed orizzontale,Sereno,Normale,Buona,Ore Diurne,1,0,0,1,12.4894,41.8671,-1,2,Motociclo a solo,In marcia / fermata / arresto,Conducente,M,Rimandato,0,NON DECEDUTO,,,
3988991,11,14/09/2018 17:30:00,Strada Urbana,VIA CRISTOFORO COLOMBO,in corrispondenza,,del palo luce n.,237,,Tamponamento Multiplo,Rettilineo,Pi� di due carreggiate,Asciutto,Asfaltata,Verticale ed orizzontale,Sereno,Normale,Buona,Ore Diurne,0,0,0,5,12.4095,41.7936,-1,1,Autovettura privata,In marcia / fermata / arresto,Conducente,M,Illeso,0,,Non accertato,,
3988991,11,14/09/2018 17:30:00,Strada Urbana,VIA CRISTOFORO COLOMBO,in corrispondenza,,del palo luce n.,237,,Tamponamento Multiplo,Rettilineo,Pi� di due carreggiate,Asciutto,Asfaltata,Verticale ed orizzontale,Sereno,Normale,Buona,Ore Diurne,0,0,0,5,12.4095,41.7936,-1,1,Autovettura privata,In marcia / fermata / arresto,Passeggero,F,Illeso,0,,Utilizzato,,
3988991,11,14/09/2018 17:30:00,Strada Urbana,VIA CRISTOFORO COLOMBO,in corrispondenza,,del palo luce n.,237,,Tamponamento Multiplo,Rettilineo,Pi� di due carreggiate,Asciutto,Asfaltata,Verticale ed orizzontale,Sereno,Normale,Buona,Ore Diurne,0,0,0,5,12.4095,41.7936,-1,2,Autovettura privata,In marcia / fermata / arresto,Conducente,M,Illeso,0,,Non accertato,,
3988991,11,14/09/2018 17:30:00,Strada Urbana,VIA CRISTOFORO COLOMBO,in corrispondenza,,del palo luce n.,237,,Tamponamento Multiplo,Rettilineo,Pi� di due carreggiate,Asciutto,Asfaltata,Verticale ed orizzontale,Sereno,Normale,Buona,Ore Diurne,0,0,0,5,12.4095,41.7936,-1,3,Autovettura privata,In marcia / fermata / arresto,Conducente,F,Illeso,0,,Non accertato,,
3988991,11,14/09/2018 17:30:00,Strada Urbana,VIA CRISTOFORO COLOMBO,in corrispondenza,,del palo luce n.,237,,Tamponamento Multiplo,Rettilineo,Pi� di due carreggiate,Asciutto,Asfaltata,Verticale ed orizzontale,Sereno,Normale,Buona,Ore Diurne,0,0,0,5,12.4095,41.7936,-1,4,Motociclo a solo,In marcia / fermata / arresto,Conducente,M,Illeso,0,,Non accertato,,
3989023,17,14/09/2018 20:45:00,Strada Urbana,PIAZZA DELLA LIBERTA',da specificare,,,,rampa di accesso per Lungotevere,Scontro laterale fra veicoli in marcia,Rettilineo,Una carreggiata a senso unico di marcia,Asciutto,Asfaltata,Verticale ed orizzontale,Sereno,Scarso,Buona,Sufficiente,0,0,0,2,12.4707,41.9093,-1,1,Motociclo con passeggero,In marcia / fermata / arresto,Conducente,M,Illeso,0,,,,
3989023,17,14/09/2018 20:45:00,Strada Urbana,PIAZZA DELLA LIBERTA',da specificare,,,,rampa di accesso per Lungotevere,Scontro laterale fra veicoli in marcia,Rettilineo,Una carreggiata a senso unico di marcia,Asciutto,Asfaltata,Verticale ed orizzontale,Sereno,Scarso,Buona,Sufficiente,0,0,0,2,12.4707,41.9093,-1,2,Motociclo con passeggero,In marcia / fermata / arresto,Conducente,M,Illeso,0,,,,
3989025,8,14/09/2018 21:30:00,Strada Urbana,VIA MARFORIO,all'intersezione con,VIA AUGUSTO LUPI,VIA AUGUSTO LUPI,,,Scontro frontale fra veicoli in marcia,Incrocio,Una carreggiata a doppio senso,Asciutto,Asfaltata,Verticale,Sereno,Scarso,Buona,Sufficiente,0,0,0,2,,,0,1,Autovettura privata,In marcia / fermata / arresto,Conducente,M,Illeso,0,,Non accertato,Inesploso,
3989025,8,14/09/2018 21:30:00,Strada Urbana,VIA MARFORIO,all'intersezione con,VIA AUGUSTO LUPI,VIA AUGUSTO LUPI,,,Scontro frontale fra veicoli in marcia,Incrocio,Una carreggiata a doppio senso,Asciutto,Asfaltata,Verticale,Sereno,Scarso,Buona,Sufficiente,0,0,0,2,,,0,2,Macchina operatrice,In marcia / fermata / arresto,Conducente,M,Illeso,0,,Non accertato,Inesistente,
3989041,8,14/09/2018 19:15:00,,VIA DI TOR VERGATA,in prossimit�,,del civico n.,155,,Veicolo in marcia contro ostacolo accidentale,,,,,,,,,,0,0,0,2,,,0,1,Autovettura privata,In marcia / fermata / arresto,Conducente,M,Illeso,0,,Non accertato,Inesploso,
3989041,8,14/09/2018 19:15:00,,VIA DI TOR VERGATA,in prossimit�,,del civico n.,155,,Veicolo in marcia contro ostacolo accidentale,,,,,,,,,,0,0,0,2,,,0,1,Autovettura privata,In marcia / fermata / arresto,Passeggero,M,Illeso,0,,Non accertato,Inesploso,
3989057,8,14/09/2018 15:45:00,,VIA DI S. VITTORINO,in prossimit�,,del civico n.,145,,Veicolo in marcia contro ostacolo accidentale,,,,,,,,,,0,0,0,1,,,0,1,Autobus urbano,In marcia / fermata / arresto,Conducente,M,Illeso,0,,Esente,Inesploso,
3989062,20,14/09/2018 07:50:00,Regionale entro l'abitato,VIA CASSIA,in prossimit�,,del civico n.,846,,Scontro laterale fra veicoli in marcia,Rettilineo,Una carreggiata a doppio senso,Asciutto,Asfaltata,Orizzontale,Sereno,Intenso,Buona,Ore Diurne,0,0,0,3,12.4382,41.9683,-1,1,Autocarro inferiore 35 q.,In marcia / fermata / arresto,Conducente,M,Illeso,0,,Utilizzato,Inesploso,
3989062,20,14/09/2018 07:50:00,Regionale entro l'abitato,VIA CASSIA,in prossimit�,,del civico n.,846,,Scontro laterale fra veicoli in marcia,Rettilineo,Una carreggiata a doppio senso,Asciutto,Asfaltata,Orizzontale,Sereno,Intenso,Buona,Ore Diurne,0,0,0,3,12.4382,41.9683,-1,1,Autocarro inferiore 35 q.,In marcia / fermata / arresto,Passeggero,M,Illeso,0,,Utilizzato,Inesploso,
3989062,20,14/09/2018 07:50:00,Regionale entro l'abitato,VIA CASSIA,in prossimit�,,del civico n.,846,,Scontro laterale fra veicoli in marcia,Rettilineo,Una carreggiata a doppio senso,Asciutto,Asfaltata,Orizzontale,Sereno,Intenso,Buona,Ore Diurne,0,0,0,3,12.4382,41.9683,-1,2,Autovettura privata,In marcia / fermata / arresto,Conducente,F,Illeso,0,,Utilizzato,Inesploso,
3989071,8,14/09/2018 11:00:00,Strada Urbana,VIA DI TORRE SPACCATA,in prossimit�,,del civico n.,110,,Scontro frontale/laterale DX fra veicoli in marcia,Rettilineo,Una carreggiata a doppio senso,Asciutto,Asfaltata,Verticale ed orizzontale,Sereno,Normale,Buona,Ore Diurne,0,0,0,3,12.5878,41.8582,-1,1,Autovettura privata,In marcia / fermata / arresto,Conducente,F,Illeso,0,,Non accertato,Inesploso,
3989071,8,14/09/2018 11:00:00,Strada Urbana,VIA DI TORRE SPACCATA,in prossimit�,,del civico n.,110,,Scontro frontale/laterale DX fra veicoli in marcia,Rettilineo,Una carreggiata a doppio senso,Asciutto,Asfaltata,Verticale ed orizzontale,Sereno,Normale,Buona,Ore Diurne,0,0,0,3,12.5878,41.8582,-1,1,Autovettura privata,In marcia / fermata / arresto,Passeggero,M,Illeso,0,,Non accertato,Inesploso,
3989071,8,14/09/2018 11:00:00,Strada Urbana,VIA DI TORRE SPACCATA,in prossimit�,,del civico n.,110,,Scontro frontale/laterale DX fra veicoli in marcia,Rettilineo,Una carreggiata a doppio senso,Asciutto,Asfaltata,Verticale ed orizzontale,Sereno,Normale,Buona,Ore Diurne,0,0,0,3,12.5878,41.8582,-1,2,Autovettura privata,In marcia / fermata / arresto,Conducente,F,Illeso,0,,Non accertato,Inesploso,
3989072,11,11/09/2018 11:50:00,Strada Urbana,VIALE GUGLIELMO MARCONI,all'intersezione con,VIA DEI CADUTI SENZA CROCE,VIA DEI CADUTI SENZA CROCE,,,Scontro laterale fra veicoli in marcia,Intersezione non regolata/non segnalata,Due carreggiate,Asciutto,Asfaltata,Verticale ed orizzontale,Sereno,Normale,Buona,Ore Diurne,1,0,0,2,12.4739,41.8511,-1,1,Autovettura privata,In marcia / fermata / arresto,Conducente,M,Illeso,0,,Non accertato,,
3989072,11,11/09/2018 11:50:00,Strada Urbana,VIALE GUGLIELMO MARCONI,all'intersezione con,VIA DEI CADUTI SENZA CROCE,VIA DEI CADUTI SENZA CROCE,,,Scontro laterale fra veicoli in marcia,Intersezione non regolata/non segnalata,Due carreggiate,Asciutto,Asfaltata,Verticale ed orizzontale,Sereno,Normale,Buona,Ore Diurne,1,0,0,2,12.4739,41.8511,-1,1,Autovettura privata,In marcia / fermata / arresto,Passeggero,M,Illeso,0,,Non accertato,,
3989072,11,11/09/2018 11:50:00,Strada Urbana,VIALE GUGLIELMO MARCONI,all'intersezione con,VIA DEI CADUTI SENZA CROCE,VIA DEI CADUTI SENZA CROCE,,,Scontro laterale fra veicoli in marcia,Intersezione non regolata/non segnalata,Due carreggiate,Asciutto,Asfaltata,Verticale ed orizzontale,Sereno,Normale,Buona,Ore Diurne,1,0,0,2,12.4739,41.8511,-1,2,Motociclo con passeggero,In marcia / fermata / arresto,Conducente,M,Rimandato,0,NON DECEDUTO,Non accertato,,
3989078,12,14/09/2018 12:50:00,Strada Urbana,VIALE DELL'UMANESIMO,in prossimit�,,del palo luce n.,32,,Veicolo in marcia contro ostacolo accidentale,Rettilineo,Una carreggiata a doppio senso,Asciutto,Asfaltata,Verticale ed orizzontale,Sereno,Normale,Buona,Ore Diurne,0,0,0,2,12.4695,41.8232,-1,1,Autovettura privata,In marcia / fermata / arresto,Conducente,M,Illeso,0,,Utilizzato,Inesistente,
3989078,12,14/09/2018 12:50:00,Strada Urbana,VIALE DELL'UMANESIMO,in prossimit�,,del palo luce n.,32,,Veicolo in marcia contro ostacolo accidentale,Rettilineo,Una carreggiata a doppio senso,Asciutto,Asfaltata,Verticale ed orizzontale,Sereno,Normale,Buona,Ore Diurne,0,0,0,2,12.4695,41.8232,-1,1,Autovettura privata,In marcia / fermata / arresto,Passeggero,M,Illeso,0,,Non accertato,Inesploso,
3989109,17,13/09/2018 11:30:00,Strada Urbana,VIA GIROLAMO SAVONAROLA,in corrispondenza,,del civico n.,6,,Scontro laterale fra veicoli in marcia,Rettilineo,Una carreggiata a senso unico di marcia,Bagnato (pioggia),Asfaltata,Orizzontale,Pioggia in atto,Normale,Buona,Ore Diurne,0,0,0,3,12.452,41.9101,-1,1,Autovettura privata,In marcia / fermata / arresto,Conducente,F,Illeso,0,,,,
3989109,17,13/09/2018 11:30:00,Strada Urbana,VIA GIROLAMO SAVONAROLA,in corrispondenza,,del civico n.,6,,Scontro laterale fra veicoli in marcia,Rettilineo,Una carreggiata a senso unico di marcia,Bagnato (pioggia),Asfaltata,Orizzontale,Pioggia in atto,Normale,Buona,Ore Diurne,0,0,0,3,12.452,41.9101,-1,1,Autovettura privata,In marcia / fermata / arresto,Passeggero,F,Illeso,0,,,Inesploso,
3989109,17,13/09/2018 11:30:00,Strada Urbana,VIA GIROLAMO SAVONAROLA,in corrispondenza,,del civico n.,6,,Scontro laterale fra veicoli in marcia,Rettilineo,Una carreggiata a senso unico di marcia,Bagnato (pioggia),Asfaltata,Orizzontale,Pioggia in atto,Normale,Buona,Ore Diurne,0,0,0,3,12.452,41.9101,-1,2,Autovettura privata,In marcia / fermata / arresto,Conducente,F,Illeso,0,,,,
3989150,17,13/09/2018 16:00:00,Strada Urbana,PIAZZA CAVOUR,da specificare,,,,fronte civico 17 D,Veicolo in marcia contro ostacolo fisso,Rettilineo,Una carreggiata a doppio senso,Asciutto,Acciotolata,Verticale ed orizzontale,Sereno,Normale,Sufficiente,Ore Diurne,1,0,0,1,12.47,41.905,-1,1,Motociclo con passeggero,In marcia / fermata / arresto,Conducente,M,Rifiuta cure immediate,0,NON DECEDUTO,,,
3989150,17,13/09/2018 16:00:00,Strada Urbana,PIAZZA CAVOUR,da specificare,,,,fronte civico 17 D,Veicolo in marcia contro ostacolo fisso,Rettilineo,Una carreggiata a doppio senso,Asciutto,Acciotolata,Verticale ed orizzontale,Sereno,Normale,Sufficiente,Ore Diurne,1,0,0,1,12.47,41.905,-1,2,Autovettura pubblica,In marcia / fermata / arresto,Conducente,M,Illeso,0,,,,
3989183,18,15/09/2018 09:10:00,Strada Urbana,CIRCONVALLAZIONE AURELIA,all'intersezione semaforizzata con,PIAZZA DI VILLA CARPEGNA,PIAZZA DI VILLA CARPEGNA,,,Scontro frontale/laterale DX fra veicoli in marcia,Intersezione semaforizzata,Due carreggiate,Asciutto,Asfaltata,Verticale ed orizzontale,Sereno,Normale,Buona,Ore Diurne,1,0,0,1,12.4283,41.897,-1,1,Autovettura privata,In marcia / fermata / arresto,Conducente,F,Illeso,0,,,,
3989183,18,15/09/2018 09:10:00,Strada Urbana,CIRCONVALLAZIONE AURELIA,all'intersezione semaforizzata con,PIAZZA DI VILLA CARPEGNA,PIAZZA DI VILLA CARPEGNA,,,Scontro frontale/laterale DX fra veicoli in marcia,Intersezione semaforizzata,Due carreggiate,Asciutto,Asfaltata,Verticale ed orizzontale,Sereno,Normale,Buona,Ore Diurne,1,0,0,1,12.4283,41.897,-1,2,Velocipede,In marcia / fermata / arresto,Conducente,M,Rifiuta cure immediate,0,NON DECEDUTO,Esente,,
3989188,4,14/09/2018 12:30:00,Strada Urbana,PIAZZA PIER CARLO TALENTI,all'intersezione semaforizzata con,VIALE JONIO,VIALE JONIO,,,Scontro frontale/laterale DX fra veicoli in marcia,Intersezione semaforizzata,Due carreggiate,Asciutto,Asfaltata,Verticale ed orizzontale,Sereno,Normale,Buona,Ore Diurne,1,0,0,2,12.5477,41.944,-1,1,Autovettura privata,In marcia / fermata / arresto,Conducente,F,Illeso,0,,Non accertato,Inesploso,
3989188,4,14/09/2018 12:30:00,Strada Urbana,PIAZZA PIER CARLO TALENTI,all'intersezione semaforizzata con,VIALE JONIO,VIALE JONIO,,,Scontro frontale/laterale DX fra veicoli in marcia,Intersezione semaforizzata,Due carreggiate,Asciutto,Asfaltata,Verticale ed orizzontale,Sereno,Normale,Buona,Ore Diurne,1,0,0,2,12.5477,41.944,-1,2,Motociclo con passeggero,In marcia / fermata / arresto,Conducente,F,Rimandato,0,NON DECEDUTO,,,