Protocollo,Gruppo,DataOraIncidente,Localizzazione1,STRADA1,Localizzazione2,STRADA2,Strada02,Chilometrica,DaSpecificare,NaturaIncidente,particolaritastrade,TipoStrada,FondoStradale,Pavimentazione,Segnaletica,CondizioneAtmosferica,Traffico,Visibilita,Illuminazione,NUM_FERITI,NUM_RISERVATA,NUM_MORTI,NUM_ILLESI,Longitudine,Latitudine,Confermato,Progressivo,TipoVeicolo,StatoVeicolo,TipoPersona,Sesso,Tipolesione,Deceduto,DecedutoDopo,CinturaCascoUtilizzato,Airbag,
3989188,4,14/09/2018 12:30:00,Strada Urbana,PIAZZA PIER CARLO TALENTI,all'intersezione semaforizzata con,VIALE JONIO,VIALE JONIO,,,Scontro frontale/laterale DX fra veicoli in marcia,Intersezione semaforizzata,Due carreggiate,Asciutto,Asfaltata,Verticale ed orizzontale,Sereno,Normale,Buona,Ore Diurne,1,0,0,2,12.5477,41.944,-1,2,Motociclo con passeggero,In marcia / fermata / arresto,Passeggero,F,Illeso,0,,,,
3989218,19,14/09/2018 12:45:00,Strada Urbana,VIA DI VALLE AURELIA,da specificare,,,,prossimit� palo acea n. 34,Veicolo in marcia contro ostacolo fisso,Rettilineo,Una carreggiata a senso unico di marcia,Asciutto,Asfaltata,Orizzontale,Sereno,Scarso,Buona,Ore Diurne,1,0,0,0,12.4366,41.9082,-1,1,Motociclo a solo,In marcia / fermata / arresto,Conducente,M,Rimandato,0,NON DECEDUTO,,,
3989229,17,13/09/2018 22:50:00,Strada Urbana,VIA DAMIATA,da specificare,,,,in prossimit� di viale Giulio Cesare,Tamponamento,Rettilineo,Una carreggiata a doppio senso,Asciutto,Asfaltata,Verticale ed orizzontale,Nuvoloso,Normale,Sufficiente,Sufficiente,0,0,0,2,12.4638,41.9109,-1,1,Autocarro inferiore 35 q.,In marcia / fermata / arresto,Conducente,M,Illeso,0,,,,
3989229,17,13/09/2018 22:50:00,Strada Urbana,VIA DAMIATA,da specificare,,,,in prossimit� di viale Giulio Cesare,Tamponamento,Rettilineo,Una carreggiata a doppio senso,Asciutto,Asfaltata,Verticale ed orizzontale,Nuvoloso,Normale,Sufficiente,Sufficiente,0,0,0,2,12.4638,41.9109,-1,2,Autovettura privata,In marcia / fermata / arresto,Conducente,M,Illeso,0,,,,
3989248,2,14/09/2018 09:20:00,Strada Urbana,PIAZZALE DON GIOVANNI MINZONI,all'intersezione con,VIALE BRUNO BUOZZI,VIALE BRUNO BUOZZI,,,Scontro laterale fra veicoli in marcia,Intersezione stradale segnalata,Una carreggiata a senso unico di marcia,Asciutto,Asfaltata,Verticale ed orizzontale,Sereno,Normale,Buona,Ore Diurne,0,0,0,2,12.4802,41.9208,-1,1,Autovettura pubblica,In marcia / fermata / arresto,Conducente,M,Illeso,0,,Non accertato,Inesploso,
3989248,2,14/09/2018 09:20:00,Strada Urbana,PIAZZALE DON GIOVANNI MINZONI,all'intersezione con,VIALE BRUNO BUOZZI,VIALE BRUNO BUOZZI,,,Scontro laterale fra veicoli in marcia,Intersezione stradale segnalata,Una carreggiata a senso unico di marcia,Asciutto,Asfaltata,Verticale ed orizzontale,Sereno,Normale,Buona,Ore Diurne,0,0,0,2,12.4802,41.9208,-1,2,Autovettura privata,In marcia / fermata / arresto,Conducente,M,Illeso,0,,Non accertato,Inesploso,
3989249,2,14/09/2018 10:45:00,Strada Urbana,CORSO D'ITALIA,da specificare,,,,altezza Via Tevere,Scontro laterale fra veicoli in marcia,Rettilineo,Una carreggiata a senso unico di marcia,Asciutto,Asfaltata,Verticale ed orizzontale,Sereno,Normale,Buona,Ore Diurne,0,0,0,2,12.4971,41.9109,-1,1,Autovettura privata,In marcia / fermata / arresto,Conducente,M,Illeso,0,,Non accertato,Inesploso,
3989249,2,14/09/2018 10:45:00,Strada Urbana,CORSO D'ITALIA,da specificare,,,,altezza Via Tevere,Scontro laterale fra veicoli in marcia,Rettilineo,Una carreggiata a senso unico di marcia,Asciutto,Asfaltata,Verticale ed orizzontale,Sereno,Normale,Buona,Ore Diurne,0,0,0,2,12.4971,41.9109,-1,2,Motociclo a solo,In marcia / fermata / arresto,Conducente,M,Illeso,0,,Non accertato,,
3989253,2,15/09/2018 00:10:00,Strada Urbana,VIA SALARIA,in corrispondenza,,del civico n.,413,,Veicolo in marcia contro ostacolo fisso,Rettilineo,Una carreggiata a senso unico di marcia,Asciutto,Asfaltata,Verticale ed orizzontale,Sereno,Normale,Sufficiente,Sufficiente,0,0,0,1,12.509,41.9349,-1,1,Autovettura privata,In marcia / fermata / arresto,Conducente,M,Illeso,0,,Non accertato,Inesploso,
3989264,4,14/09/2018 13:15:00,Strada Urbana,VIA VAL D'OSSOLA,in corrispondenza,,del civico n.,121,,Scontro laterale fra veicoli in marcia,Rettilineo,Due carreggiate,Asciutto,Asfaltata,Verticale,Sereno,Normale,Buona,Ore Diurne,0,0,0,3,12.5272,41.9361,-1,1,Autovettura privata,In marcia / fermata / arresto,Conducente,M,Illeso,0,,Non accertato,,
3989264,4,14/09/2018 13:15:00,Strada Urbana,VIA VAL D'OSSOLA,in corrispondenza,,del civico n.,121,,Scontro laterale fra veicoli in marcia,Rettilineo,Due carreggiate,Asciutto,Asfaltata,Verticale,Sereno,Normale,Buona,Ore Diurne,0,0,0,3,12.5272,41.9361,-1,1,Autovettura privata,In marcia / fermata / arresto,Passeggero,F,Illeso,0,,Non accertato,,
3989264,4,14/09/2018 13:15:00,Strada Urbana,VIA VAL D'OSSOLA,in corrispondenza,,del civico n.,121,,Scontro laterale fra veicoli in marcia,Rettilineo,Due carreggiate,Asciutto,Asfaltata,Verticale,Sereno,Normale,Buona,Ore Diurne,0,0,0,3,12.5272,41.9361,-1,2,Autovettura privata,In marcia / fermata / arresto,Conducente,M,Illeso,0,,Non accertato,,
3989310,17,14/09/2018 11:00:00,Strada Urbana,VIA ANASTASIO II,da specificare,,,,prossimit� ponte direzione via Cipro,Scontro laterale fra veicoli in marcia,Rettilineo,Due carreggiate,Asciutto,Asfaltata,Verticale,Sereno,Normale,Buona,Ore Diurne,0,0,0,2,12.4425,41.8999,-1,1,Autovettura privata,In marcia / fermata / arresto,Conducente,F,Illeso,0,,,,
3989310,17,14/09/2018 11:00:00,Strada Urbana,VIA ANASTASIO II,da specificare,,,,prossimit� ponte direzione via Cipro,Scontro laterale fra veicoli in marcia,Rettilineo,Due carreggiate,Asciutto,Asfaltata,Verticale,Sereno,Normale,Buona,Ore Diurne,0,0,0,2,12.4425,41.8999,-1,2,Autovettura privata,In marcia / fermata / arresto,Conducente,M,Illeso,0,,,,
3989315,4,14/09/2018 21:15:00,Strada Urbana,PIAZZALE JONIO,all'intersezione semaforizzata con,VIALE JONIO,VIALE JONIO,,,Scontro frontale/laterale DX fra veicoli in marcia,Intersezione stradale segnalata,Due carreggiate,Asciutto,Asfaltata,Verticale ed orizzontale,Sereno,Normale,Buona,Sufficiente,1,0,0,1,12.5262,41.9457,-1,1,Autovettura privata,In marcia / fermata / arresto,Conducente,F,Illeso,0,,,,
3989315,4,14/09/2018 21:15:00,Strada Urbana,PIAZZALE JONIO,all'intersezione semaforizzata con,VIALE JONIO,VIALE JONIO,,,Scontro frontale/laterale DX fra veicoli in marcia,Intersezione stradale segnalata,Due carreggiate,Asciutto,Asfaltata,Verticale ed orizzontale,Sereno,Normale,Buona,Sufficiente,1,0,0,1,12.5262,41.9457,-1,2,Velocipede,In marcia / fermata / arresto,Conducente,M,Ricoverato,0,NON DECEDUTO,Esente,,
3989368,20,15/09/2018 09:00:00,Regionale entro l'abitato,VIA FLAMINIA,in corrispondenza,,del civico n.,627/C,,Investimento di pedone,Rettilineo,Una carreggiata a doppio senso,Asciutto,Asfaltata,Verticale ed orizzontale,Sereno,Normale,Buona,Ore Diurne,0,1,0,0,,,0,,,,Pedone,F,Prognosi riservata,0,NON DECEDUTO,,,
3989403,12,15/09/2018 12:20:00,Strada Urbana,VIA DELLA MARRANA DI S. FRESCA,in prossimit�,,del civico n.,180,,Scontro frontale/laterale DX fra veicoli in marcia,Curva a visuale libera,Una carreggiata a doppio senso,Asciutto,Asfaltata,Verticale,Sereno,Scarso,Buona,Ore Diurne,0,0,0,3,12.5632,41.7801,-1,1,Autovettura privata,In marcia / fermata / arresto,Conducente,M,Illeso,0,,Utilizzato,Inesploso,
3989403,12,15/09/2018 12:20:00,Strada Urbana,VIA DELLA MARRANA DI S. FRESCA,in prossimit�,,del civico n.,180,,Scontro frontale/laterale DX fra veicoli in marcia,Curva a visuale libera,Una carreggiata a doppio senso,Asciutto,Asfaltata,Verticale,Sereno,Scarso,Buona,Ore Diurne,0,0,0,3,12.5632,41.7801,-1,1,Autovettura privata,In marcia / fermata / arresto,Passeggero,M,Illeso,0,,Utilizzato,Inesploso,
3989403,12,15/09/2018 12:20:00,Strada Urbana,VIA DELLA MARRANA DI S. FRESCA,in prossimit�,,del civico n.,180,,Scontro frontale/laterale DX fra veicoli in marcia,Curva a visuale libera,Una carreggiata a doppio senso,Asciutto,Asfaltata,Verticale,Sereno,Scarso,Buona,Ore Diurne,0,0,0,3,12.5632,41.7801,-1,2,Autovettura privata,In marcia / fermata / arresto,Conducente,F,Illeso,0,,Non accertato,Esploso,
3989438,4,15/09/2018 02:10:00,Strada Urbana,VIA PIAN DI SCO,in prossimit�,,del civico n.,26,,Veicolo in marcia contro veicoli in sosta,Rettilineo,Una carreggiata a doppio senso,Asciutto,Asfaltata,Orizzontale,Sereno,Scarso,Buona,Sufficiente,0,0,0,1,12.5186,41.9602,-1,1,Autovettura privata,In marcia / fermata / arresto,Conducente,F,Illeso,0,,Non accertato,,
3989498,18,15/09/2018 14:00:00,Statale entro l'abitato,VIA AURELIA,in corrispondenza,,del civico n.,476,,Tamponamento Multiplo,Rettilineo,Una carreggiata a doppio senso,Asciutto,Asfaltata,Verticale ed orizzontale,Sereno,Normale,Buona,Ore Diurne,2,0,0,5,12.4235,41.8983,-1,1,Autovettura privata,In marcia / fermata / arresto,Conducente,M,Illeso,0,,Non accertato,Inesploso,
3989498,18,15/09/2018 14:00:00,Statale entro l'abitato,VIA AURELIA,in corrispondenza,,del civico n.,476,,Tamponamento Multiplo,Rettilineo,Una carreggiata a doppio senso,Asciutto,Asfaltata,Verticale ed orizzontale,Sereno,Normale,Buona,Ore Diurne,2,0,0,5,12.4235,41.8983,-1,1,Autovettura privata,In marcia / fermata / arresto,Passeggero,F,Illeso,0,,Non accertato,Inesploso,
3989498,18,15/09/2018 14:00:00,Statale entro l'abitato,VIA AURELIA,in corrispondenza,,del civico n.,476,,Tamponamento Multiplo,Rettilineo,Una carreggiata a doppio senso,Asciutto,Asfaltata,Verticale ed orizzontale,Sereno,Normale,Buona,Ore Diurne,2,0,0,5,12.4235,41.8983,-1,1,Autovettura privata,In marcia / fermata / arresto,Passeggero,M,Illeso,0,,Non accertato,Inesploso,
3989498,18,15/09/2018 14:00:00,Statale entro l'abitato,VIA AURELIA,in corrispondenza,,del civico n.,476,,Tamponamento Multiplo,Rettilineo,Una carreggiata a doppio senso,Asciutto,Asfaltata,Verticale ed orizzontale,Sereno,Normale,Buona,Ore Diurne,2,0,0,5,12.4235,41.8983,-1,2,Autovettura privata,In marcia / fermata / arresto,Conducente,F,Rimandato,0,NON DECEDUTO,,,
3989498,18,15/09/2018 14:00:00,Statale entro l'abitato,VIA AURELIA,in corrispondenza,,del civico n.,476,,Tamponamento Multiplo,Rettilineo,Una carreggiata a doppio senso,Asciutto,Asfaltata,Verticale ed orizzontale,Sereno,Normale,Buona,Ore Diurne,2,0,0,5,12.4235,41.8983,-1,3,Autovettura privata,In marcia / fermata / arresto,Conducente,F,Rimandato,0,NON DECEDUTO,Non accertato,Inesploso,
3989498,18,15/09/2018 14:00:00,Statale entro l'abitato,VIA AURELIA,in corrispondenza,,del civico n.,476,,Tamponamento Multiplo,Rettilineo,Una carreggiata a doppio senso,Asciutto,Asfaltata,Verticale ed orizzontale,Sereno,Normale,Buona,Ore Diurne,2,0,0,5,12.4235,41.8983,-1,4,Autovettura privata,In marcia / fermata / arresto,Conducente,F,Illeso,0,,,,
3989498,18,15/09/2018 14:00:00,Statale entro l'abitato,VIA AURELIA,in corrispondenza,,del civico n.,476,,Tamponamento Multiplo,Rettilineo,Una carreggiata a doppio senso,Asciutto,Asfaltata,Verticale ed orizzontale,Sereno,Normale,Buona,Ore Diurne,2,0,0,5,12.4235,41.8983,-1,4,Autovettura privata,In marcia / fermata / arresto,Passeggero,M,Illeso,0,,Non accertato,Inesploso,
3989508,4,15/09/2018 01:10:00,Provinciale entro l'abitato,VIA NOMENTANA,in corrispondenza,,del civico n.,929,,Scontro laterale fra veicoli in marcia,Rettilineo,Una carreggiata a doppio senso,Asciutto,Asfaltata,Verticale ed orizzontale,Sereno,Normale,Buona,Sufficiente,0,0,0,2,12.5594,41.9441,0,1,Autovettura privata,In marcia / fermata / arresto,Conducente,F,Illeso,0,,,,
3989508,4,15/09/2018 01:10:00,Provinciale entro l'abitato,VIA NOMENTANA,in corrispondenza,,del civico n.,929,,Scontro laterale fra veicoli in marcia,Rettilineo,Una carreggiata a doppio senso,Asciutto,Asfaltata,Verticale ed orizzontale,Sereno,Normale,Buona,Sufficiente,0,0,0,2,12.5594,41.9441,0,2,Motociclo a solo,In marcia / fermata / arresto,Conducente,M,Illeso,0,,,,
3989528,1,13/09/2018 12:45:00,Strada Urbana,VIA MARSALA,all'intersezione con, Sottovia Cappellini, Sottovia Cappellini,,,Investimento di pedone,Incrocio,Una carreggiata a senso unico di marcia,Bagnato (pioggia),Lastricata,Verticale ed orizzontale,Pioggia in atto,Normale,Buona,Ore Diurne,1,0,0,1,12.5046,41.901,-1,,,,Pedone,F,Rimandato,0,NON DECEDUTO,,,
3989528,1,13/09/2018 12:45:00,Strada Urbana,VIA MARSALA,all'intersezione con, Sottovia Cappellini, Sottovia Cappellini,,,Investimento di pedone,Incrocio,Una carreggiata a senso unico di marcia,Bagnato (pioggia),Lastricata,Verticale ed orizzontale,Pioggia in atto,Normale,Buona,Ore Diurne,1,0,0,1,12.5046,41.901,-1,1,Motociclo a solo,In marcia / fermata / arresto,Conducente,M,Illeso,0,,Non utilizzato,,
3989534,1,14/09/2018 16:00:00,Strada Urbana,PIAZZALE NUMA POMPILIO,all'intersezione semaforizzata con,VIALE DELLE TERME DI CARACALLA,VIALE DELLE TERME DI CARACALLA,,,Tamponamento,Intersezione semaforizzata,Pi� di due carreggiate,Asciutto,Asfaltata,Verticale ed orizzontale,Sereno,Intenso,Buona,Ore Diurne,0,0,0,2,,,0,1,Autovettura privata,In marcia / fermata / arresto,Conducente,M,Illeso,0,,Non accertato,Inesploso,
3989534,1,14/09/2018 16:00:00,Strada Urbana,PIAZZALE NUMA POMPILIO,all'intersezione semaforizzata con,VIALE DELLE TERME DI CARACALLA,VIALE DELLE TERME DI CARACALLA,,,Tamponamento,Intersezione semaforizzata,Pi� di due carreggiate,Asciutto,Asfaltata,Verticale ed orizzontale,Sereno,Intenso,Buona,Ore Diurne,0,0,0,2,,,0,2,Motociclo a solo,In marcia / fermata / arresto,Conducente,F,Illeso,0,,Non accertato,,
3989552,1,14/09/2018 12:00:00,Strada Urbana,PIAZZA VENEZIA,da specificare,,,,altezza caplinea ATAC,Scontro laterale fra veicoli in marcia,Curva a visuale libera,Una carreggiata a senso unico di marcia,Asciutto,In cubetti di porfido,Orizzontale,Sereno,Intenso,Buona,Ore Diurne,0,0,0,2,12.4823,41.8957,-1,1,Autovettura privata,In marcia / fermata / arresto,Conducente,M,Illeso,0,,Non accertato,Inesploso,
3989552,1,14/09/2018 12:00:00,Strada Urbana,PIAZZA VENEZIA,da specificare,,,,altezza caplinea ATAC,Scontro laterale fra veicoli in marcia,Curva a visuale libera,Una carreggiata a senso unico di marcia,Asciutto,In cubetti di porfido,Orizzontale,Sereno,Intenso,Buona,Ore Diurne,0,0,0,2,12.4823,41.8957,-1,2,Autovettura privata,In marcia / fermata / arresto,Conducente,M,Illeso,0,,Non accertato,Inesploso,
3989556,1,14/09/2018 09:10:00,Strada Urbana,PIAZZA DI S. GIOVANNI IN LATERANO,all'intersezione semaforizzata con,VIA MERULANA,VIA MERULANA,,,Veicolo in marcia contro ostacolo accidentale,Intersezione semaforizzata,Una carreggiata a doppio senso,Asciutto,Asfaltata,Verticale ed orizzontale,Sereno,Intenso,Buona,Ore Diurne,1,0,0,0,12.5046,41.8873,-1,1,Motociclo a solo,In marcia / fermata / arresto,Conducente,M,Rimandato,0,NON DECEDUTO,Non accertato,,
3989560,1,14/09/2018 18:45:00,Strada Urbana,LUNGOTEVERE RIPA,all'intersezione semaforizzata con,PIAZZA DI PORTA PORTESE,PIAZZA DI PORTA PORTESE,,,Scontro laterale fra veicoli in marcia,Intersezione semaforizzata,Due carreggiate,Asciutto,Acciotolata,Verticale ed orizzontale,Sereno,Intenso,Buona,Ore Diurne,0,0,0,2,12.4747,41.8837,-1,1,Autobus turistico,In marcia / fermata / arresto,Conducente,M,Illeso,0,,Non accertato,Inesploso,
3989560,1,14/09/2018 18:45:00,Strada Urbana,LUNGOTEVERE RIPA,all'intersezione semaforizzata con,PIAZZA DI PORTA PORTESE,PIAZZA DI PORTA PORTESE,,,Scontro laterale fra veicoli in marcia,Intersezione semaforizzata,Due carreggiate,Asciutto,Acciotolata,Verticale ed orizzontale,Sereno,Intenso,Buona,Ore Diurne,0,0,0,2,12.4747,41.8837,-1,2,Autovettura privata,In marcia / fermata / arresto,Conducente,M,Illeso,0,,Non accertato,Inesploso,
3989570,1,15/09/2018 02:30:00,Strada Urbana,PASSEGGIATA DEL GIANICOLO,in corrispondenza,,del civico n.,8,,Veicolo in marcia contro veicolo in sosta,Curva a visuale libera,Una carreggiata a doppio senso,Asciutto,Asfaltata,Verticale ed orizzontale,Sereno,Scarso,Buona,Sufficiente,0,0,0,1,12.461,41.897,-1,1,Autovettura privata,In marcia / fermata / arresto,Conducente,M,Illeso,0,,Non accertato,Inesploso,
3989582,1,15/09/2018 01:00:00,Strada Urbana,VIA PIEMONTE,all'intersezione con,VIA SALLUSTIANA,VIA SALLUSTIANA,,,Scontro frontale/laterale DX fra veicoli in marcia,Intersezione stradale segnalata,Una carreggiata a senso unico di marcia,Asciutto,Asfaltata,Verticale,Sereno,Scarso,Sufficiente,Sufficiente,1,0,0,1,12.4934,41.9087,-1,1,Autovettura privata,In marcia / fermata / arresto,Conducente,M,Illeso,0,,Non accertato,Esploso,
3989582,1,15/09/2018 01:00:00,Strada Urbana,VIA PIEMONTE,all'intersezione con,VIA SALLUSTIANA,VIA SALLUSTIANA,,,Scontro frontale/laterale DX fra veicoli in marcia,Intersezione stradale segnalata,Una carreggiata a senso unico di marcia,Asciutto,Asfaltata,Verticale,Sereno,Scarso,Sufficiente,Sufficiente,1,0,0,1,12.4934,41.9087,-1,2,Autovettura privata,In marcia / fermata / arresto,Conducente,M,Rimandato,0,NON DECEDUTO,Non accertato,Inesploso,
3989598,1,15/09/2018 03:12:00,Strada Urbana,VIA VITTORIO EMANUELE ORLANDO,in corrispondenza,,del civico n.,70,,Scontro laterale fra veicoli in marcia,Rettilineo,Una carreggiata a senso unico di marcia,Asciutto,Acciotolata,Verticale,Sereno,Normale,Buona,Sufficiente,0,0,0,2,12.4955,41.9033,-1,1,Autovettura privata,In marcia / fermata / arresto,Conducente,M,Illeso,0,,Non accertato,Inesploso,
3989598,1,15/09/2018 03:12:00,Strada Urbana,VIA VITTORIO EMANUELE ORLANDO,in corrispondenza,,del civico n.,70,,Scontro laterale fra veicoli in marcia,Rettilineo,Una carreggiata a senso unico di marcia,Asciutto,Acciotolata,Verticale,Sereno,Normale,Buona,Sufficiente,0,0,0,2,12.4955,41.9033,-1,2,Autovettura pubblica,In marcia / fermata / arresto,Conducente,M,Illeso,0,,Non accertato,Inesploso,
3989602,4,15/09/2018 08:00:00,Strada Urbana,VIA RENATO FUCINI,in prossimit�,,del civico n.,6,,Scontro laterale fra veicoli in marcia,Rettilineo,Due carreggiate,Asciutto,Asfaltata,Verticale,Sereno,Normale,Buona,Ore Diurne,0,0,0,2,12.5444,41.9534,-1,1,Autovettura privata,In marcia / fermata / arresto,Conducente,M,Illeso,0,,Non accertato,,
3989602,4,15/09/2018 08:00:00,Strada Urbana,VIA RENATO FUCINI,in prossimit�,,del civico n.,6,,Scontro laterale fra veicoli in marcia,Rettilineo,Due carreggiate,Asciutto,Asfaltata,Verticale,Sereno,Normale,Buona,Ore Diurne,0,0,0,2,12.5444,41.9534,-1,2,Autovettura privata,In marcia / fermata / arresto,Conducente,M,Illeso,0,,Non accertato,,
3989608,17,15/09/2018 15:00:00,Strada Urbana,VIA GERMANICO,in corrispondenza,,del civico n.,197/A,,Veicolo in marcia contro veicolo fermo,Rettilineo,Una carreggiata a senso unico di marcia,Asciutto,Asfaltata,Verticale ed orizzontale,Sereno,Scarso,Buona,Ore Diurne,0,0,0,4,12.4623,41.9088,-1,1,Autovettura privata,In marcia / fermata / arresto,Conducente,M,Illeso,0,,Non accertato,Inesploso,
3989608,17,15/09/2018 15:00:00,Strada Urbana,VIA GERMANICO,in corrispondenza,,del civico n.,197/A,,Veicolo in marcia contro veicolo fermo,Rettilineo,Una carreggiata a senso unico di marcia,Asciutto,Asfaltata,Verticale ed orizzontale,Sereno,Scarso,Buona,Ore Diurne,0,0,0,4,12.4623,41.9088,-1,1,Autovettura privata,In marcia / fermata / arresto,Passeggero,F,Illeso,0,,Non accertato,Inesploso,
3989608,17,15/09/2018 15:00:00,Strada Urbana,VIA GERMANICO,in corrispondenza,,del civico n.,197/A,,Veicolo in marcia contro veicolo fermo,Rettilineo,Una carreggiata a senso unico di marcia,Asciutto,Asfaltata,Verticale ed orizzontale,Sereno,Scarso,Buona,Ore Diurne,0,0,0,4,12.4623,41.9088,-1,1,Autovettura privata,In marcia / fermata / arresto,Passeggero,M,Illeso,0,,Non accertato,Inesploso,
3989608,17,15/09/2018 15:00:00,Strada Urbana,VIA GERMANICO,in corrispondenza,,del civico n.,197/A,,Veicolo in marcia contro veicolo fermo,Rettilineo,Una carreggiata a senso unico di marcia,Asciutto,Asfaltata,Verticale ed orizzontale,Sereno,Scarso,Buona,Ore Diurne,0,0,0,4,12.4623,41.9088,-1,2,Autovettura privata,In marcia / fermata / arresto,Conducente,F,Illeso,0,,Non accertato,Inesploso,
3989614,1,15/09/2018 09:20:00,Strada Urbana,PIAZZA DI S. GIOVANNI IN LATERANO,in prossimit�,,del palo luce n.,41,,Scontro laterale fra veicoli in marcia,Rettilineo,Una carreggiata a senso unico di marcia,Asciutto,Asfaltata,Verticale ed orizzontale,Sereno,Normale,Buona,Ore Diurne,0,0,0,7,12.5068,41.8869,-1,1,Autovettura privata,In marcia / fermata / arresto,Conducente,M,Illeso,0,,Non accertato,Inesploso,
3989614,1,15/09/2018 09:20:00,Strada Urbana,PIAZZA DI S. GIOVANNI IN LATERANO,in prossimit�,,del palo luce n.,41,,Scontro laterale fra veicoli in marcia,Rettilineo,Una carreggiata a senso unico di marcia,Asciutto,Asfaltata,Verticale ed orizzontale,Sereno,Normale,Buona,Ore Diurne,0,0,0,7,12.5068,41.8869,-1,1,Autovettura privata,In marcia / fermata / arresto,Passeggero,F,Illeso,0,,Non accertato,Inesploso,
3989614,1,15/09/2018 09:20:00,Strada Urbana,PIAZZA DI S. GIOVANNI IN LATERANO,in prossimit�,,del palo luce n.,41,,Scontro laterale fra veicoli in marcia,Rettilineo,Una carreggiata a senso unico di marcia,Asciutto,Asfaltata,Verticale ed orizzontale,Sereno,Normale,Buona,Ore Diurne,0,0,0,7,12.5068,41.8869,-1,1,Autovettura privata,In marcia / fermata / arresto,Passeggero,M,Illeso,0,,Non accertato,Inesploso,
3989614,1,15/09/2018 09:20:00,Strada Urbana,PIAZZA DI S. GIOVANNI IN LATERANO,in prossimit�,,del palo luce n.,41,,Scontro laterale fra veicoli in marcia,Rettilineo,Una carreggiata a senso unico di marcia,Asciutto,Asfaltata,Verticale ed orizzontale,Sereno,Normale,Buona,Ore Diurne,0,0,0,7,12.5068,41.8869,-1,1,Autovettura privata,In marcia / fermata / arresto,Passeggero,M,Illeso,0,,Non accertato,Inesploso,
3989614,1,15/09/2018 09:20:00,Strada Urbana,PIAZZA DI S. GIOVANNI IN LATERANO,in prossimit�,,del palo luce n.,41,,Scontro laterale fra veicoli in marcia,Rettilineo,Una carreggiata a senso unico di marcia,Asciutto,Asfaltata,Verticale ed orizzontale,Sereno,Normale,Buona,Ore Diurne,0,0,0,7,12.5068,41.8869,-1,1,Autovettura privata,In marcia / fermata / arresto,Passeggero,F,Illeso,0,,Non accertato,Inesploso,
3989614,1,15/09/2018 09:20:00,Strada Urbana,PIAZZA DI S. GIOVANNI IN LATERANO,in prossimit�,,del palo luce n.,41,,Scontro laterale fra veicoli in marcia,Rettilineo,Una carreggiata a senso unico di marcia,Asciutto,Asfaltata,Verticale ed orizzontale,Sereno,Normale,Buona,Ore Diurne,0,0,0,7,12.5068,41.8869,-1,2,Autovettura privata,In marcia / fermata / arresto,Conducente,F,Illeso,0,,Non accertato,Inesploso,
3989614,1,15/09/2018 09:20:00,Strada Urbana,PIAZZA DI S. GIOVANNI IN LATERANO,in prossimit�,,del palo luce n.,41,,Scontro laterale fra veicoli in marcia,Rettilineo,Una carreggiata a senso unico di marcia,Asciutto,Asfaltata,Verticale ed orizzontale,Sereno,Normale,Buona,Ore Diurne,0,0,0,7,12.5068,41.8869,-1,2,Autovettura privata,In marcia / fermata / arresto,Passeggero,F,Illeso,0,,Non accertato,Inesploso,
3989627,6,14/09/2018 17:30:00,Provinciale entro l'abitato,VIA PRENESTINA,all'intersezione con,VIA SABAUDIA,VIA SABAUDIA,,,Scontro frontale/laterale DX fra veicoli in marcia,Incrocio,Due carreggiate,Asciutto,Asfaltata,Verticale,Sereno,Normale,Buona,Ore Diurne,2,0,0,1,12.5576,41.8943,-1,1,Autovettura pubblica,In marcia / fermata / arresto,Conducente,M,Rimandato,0,NON DECEDUTO,Non accertato,Esploso,
3989627,6,14/09/2018 17:30:00,Provinciale entro l'abitato,VIA PRENESTINA,all'intersezione con,VIA SABAUDIA,VIA SABAUDIA,,,Scontro frontale/laterale DX fra veicoli in marcia,Incrocio,Due carreggiate,Asciutto,Asfaltata,Verticale,Sereno,Normale,Buona,Ore Diurne,2,0,0,1,12.5576,41.8943,-1,2,Autovettura privata,In marcia / fermata / arresto,Conducente,M,Rifiuta cure immediate,0,NON DECEDUTO,Non accertato,Inesploso,
3989627,6,14/09/2018 17:30:00,Provinciale entro l'abitato,VIA PRENESTINA,all'intersezione con,VIA SABAUDIA,VIA SABAUDIA,,,Scontro frontale/laterale DX fra veicoli in marcia,Incrocio,Due carreggiate,Asciutto,Asfaltata,Verticale,Sereno,Normale,Buona,Ore Diurne,2,0,0,1,12.5576,41.8943,-1,2,Autovettura privata,In marcia / fermata / arresto,Passeggero,F,Illeso,0,,Non accertato,Inesploso,