Protocollo,Gruppo,DataOraIncidente,Localizzazione1,STRADA1,Localizzazione2,STRADA2,Strada02,Chilometrica,DaSpecificare,NaturaIncidente,particolaritastrade,TipoStrada,FondoStradale,Pavimentazione,Segnaletica,CondizioneAtmosferica,Traffico,Visibilita,Illuminazione,NUM_FERITI,NUM_RISERVATA,NUM_MORTI,NUM_ILLESI,Longitudine,Latitudine,Confermato,Progressivo,TipoVeicolo,StatoVeicolo,TipoPersona,Sesso,Tipolesione,Deceduto,DecedutoDopo,CinturaCascoUtilizzato,Airbag,
3989629,4,15/09/2018 12:00:00,Statale entro l'abitato,VIA SALARIA,da specificare,,,,in pross svincolo v. dei prati fiscali,Scontro laterale fra veicoli in marcia,Rettilineo,Due carreggiate,Asciutto,Asfaltata,Orizzontale,Sereno,Normale,Buona,Ore Diurne,0,0,0,1,12.5082,41.9405,-1,1,Autovettura privata,In marcia / fermata / arresto,Conducente,M,Illeso,0,,,,
3989642,4,15/09/2018 12:45:00,Strada Urbana,VIA FILIPPO ANTONIO GUALTERIO,all'intersezione con,VIA PIERO FOSCARI,VIA PIERO FOSCARI,,,Scontro frontale/laterale SX fra veicoli in marcia,Intersezione stradale segnalata,Una carreggiata a doppio senso,Asciutto,Asfaltata,Verticale ed orizzontale,Sereno,Normale,Buona,Ore Diurne,1,0,0,1,12.5174,41.9521,-1,1,Autovettura privata,In marcia / fermata / arresto,Conducente,F,Illeso,0,,,,
3989642,4,15/09/2018 12:45:00,Strada Urbana,VIA FILIPPO ANTONIO GUALTERIO,all'intersezione con,VIA PIERO FOSCARI,VIA PIERO FOSCARI,,,Scontro frontale/laterale SX fra veicoli in marcia,Intersezione stradale segnalata,Una carreggiata a doppio senso,Asciutto,Asfaltata,Verticale ed orizzontale,Sereno,Normale,Buona,Ore Diurne,1,0,0,1,12.5174,41.9521,-1,2,Autovettura privata,In marcia / fermata / arresto,Conducente,F,Rifiuta cure immediate,0,NON DECEDUTO,,,
3989646,15,14/09/2018 19:45:00,Strada Urbana,VIA ODERISI DA GUBBIO,in corrispondenza,,del civico n.,186,,Scontro frontale/laterale DX fra veicoli in marcia,Rettilineo,Una carreggiata a doppio senso,Asciutto,Asfaltata,Verticale ed orizzontale,Sereno,Normale,Buona,Ore Diurne,1,0,0,1,12.4647,41.8646,-1,1,Autovettura privata,In marcia / fermata / arresto,Conducente,M,Illeso,0,,Utilizzato,,
3989646,15,14/09/2018 19:45:00,Strada Urbana,VIA ODERISI DA GUBBIO,in corrispondenza,,del civico n.,186,,Scontro frontale/laterale DX fra veicoli in marcia,Rettilineo,Una carreggiata a doppio senso,Asciutto,Asfaltata,Verticale ed orizzontale,Sereno,Normale,Buona,Ore Diurne,1,0,0,1,12.4647,41.8646,-1,2,Motociclo a solo,In marcia / fermata / arresto,Conducente,M,Rimandato,0,NON DECEDUTO,Utilizzato,,
3989654,3,13/09/2018 13:00:00,Strada Urbana,VIA NOMENTANA,in corrispondenza,,del civico n.,90,,Investimento di pedone,Rettilineo,Pi� di due carreggiate,Asciutto,Asfaltata,Verticale ed orizzontale,Nuvoloso,Normale,Buona,Ore Diurne,2,0,0,1,12.5134,41.9174,-1,,,,Pedone,M,Rimandato,0,NON DECEDUTO,,,
3989654,3,13/09/2018 13:00:00,Strada Urbana,VIA NOMENTANA,in corrispondenza,,del civico n.,90,,Investimento di pedone,Rettilineo,Pi� di due carreggiate,Asciutto,Asfaltata,Verticale ed orizzontale,Nuvoloso,Normale,Buona,Ore Diurne,2,0,0,1,12.5134,41.9174,-1,1,Autobus urbano,In marcia / fermata / arresto,Conducente,M,Illeso,0,,,,
3989654,3,13/09/2018 13:00:00,Strada Urbana,VIA NOMENTANA,in corrispondenza,,del civico n.,90,,Investimento di pedone,Rettilineo,Pi� di due carreggiate,Asciutto,Asfaltata,Verticale ed orizzontale,Nuvoloso,Normale,Buona,Ore Diurne,2,0,0,1,12.5134,41.9174,-1,1,Autobus urbano,In marcia / fermata / arresto,Passeggero,F,Rimandato,0,NON DECEDUTO,,,
3989663,6,14/09/2018 18:20:00,Strada Urbana,VIALE DELLA PRIMAVERA,in corrispondenza,,del civico n.,fr. 91,,Investimento di pedone,Rettilineo,Due carreggiate,Asciutto,Asfaltata,Verticale ed orizzontale,Sereno,Normale,Buona,Ore Diurne,1,0,0,1,12.5614,41.8838,-1,,,,Pedone,M,Rifiuta cure immediate,0,NON DECEDUTO,,,
3989663,6,14/09/2018 18:20:00,Strada Urbana,VIALE DELLA PRIMAVERA,in corrispondenza,,del civico n.,fr. 91,,Investimento di pedone,Rettilineo,Due carreggiate,Asciutto,Asfaltata,Verticale ed orizzontale,Sereno,Normale,Buona,Ore Diurne,1,0,0,1,12.5614,41.8838,-1,1,Autovettura privata,In marcia / fermata / arresto,Conducente,M,Illeso,0,,Non accertato,Inesploso,
3989670,3,13/09/2018 09:15:00,,PIAZZALE ALDO MORO,da specificare,,,,in corrispondenza Viale delle Scienze,Scontro laterale fra veicoli in marcia,,,,,,,,,,0,0,0,4,,,0,1,Autovettura privata,In marcia / fermata / arresto,Conducente,M,Illeso,0,,,,
3989670,3,13/09/2018 09:15:00,,PIAZZALE ALDO MORO,da specificare,,,,in corrispondenza Viale delle Scienze,Scontro laterale fra veicoli in marcia,,,,,,,,,,0,0,0,4,,,0,1,Autovettura privata,In marcia / fermata / arresto,Passeggero,M,Illeso,0,,,,
3989670,3,13/09/2018 09:15:00,,PIAZZALE ALDO MORO,da specificare,,,,in corrispondenza Viale delle Scienze,Scontro laterale fra veicoli in marcia,,,,,,,,,,0,0,0,4,,,0,2,Autovettura privata,In marcia / fermata / arresto,Conducente,M,Illeso,0,,,,
3989670,3,13/09/2018 09:15:00,,PIAZZALE ALDO MORO,da specificare,,,,in corrispondenza Viale delle Scienze,Scontro laterale fra veicoli in marcia,,,,,,,,,,0,0,0,4,,,0,2,Autovettura privata,In marcia / fermata / arresto,Passeggero,M,Illeso,0,,,,
3989681,3,13/09/2018 10:35:00,Strada Urbana,VIA ANTONIO NIBBY,all'intersezione semaforizzata con,VIA NOMENTANA,VIA NOMENTANA,,,Veicolo in marcia contro veicolo in sosta,Intersezione semaforizzata,Una carreggiata a senso unico di marcia,Asciutto,Asfaltata,Verticale ed orizzontale,Sereno,Normale,Buona,Ore Diurne,0,0,0,1,12.515,41.9185,0,1,Motociclo a solo,In marcia / fermata / arresto,Conducente,M,Illeso,0,,,,
3989684,6,14/09/2018 19:00:00,Strada Urbana,VIA DINO PENAZZATO,in corrispondenza,,del civico n.,83,,Veicolo in marcia contro veicolo in sosta,Rettilineo,Una carreggiata a doppio senso,Asciutto,Asfaltata,Verticale ed orizzontale,Sereno,Normale,Buona,Sufficiente,0,0,0,1,12.565,41.8978,-1,2,Autovettura privata,In marcia / fermata / arresto,Conducente,F,Illeso,0,,,,
3989687,3,13/09/2018 09:15:00,Strada Urbana,VIA NOMENTANA,da specificare,,,,fronte civ. 317,Scontro laterale fra veicoli in marcia,Rettilineo,Pi� di due carreggiate,Asciutto,Asfaltata,Verticale ed orizzontale,Nuvoloso,Normale,Sufficiente,Ore Diurne,1,0,0,4,12.5147,41.9185,-1,1,Motociclo a solo,In marcia / fermata / arresto,Conducente,M,Rimandato,0,NON DECEDUTO,,,
3989687,3,13/09/2018 09:15:00,Strada Urbana,VIA NOMENTANA,da specificare,,,,fronte civ. 317,Scontro laterale fra veicoli in marcia,Rettilineo,Pi� di due carreggiate,Asciutto,Asfaltata,Verticale ed orizzontale,Nuvoloso,Normale,Sufficiente,Ore Diurne,1,0,0,4,12.5147,41.9185,-1,2,Autovettura privata,In marcia / fermata / arresto,Conducente,M,Illeso,0,,,,
3989687,3,13/09/2018 09:15:00,Strada Urbana,VIA NOMENTANA,da specificare,,,,fronte civ. 317,Scontro laterale fra veicoli in marcia,Rettilineo,Pi� di due carreggiate,Asciutto,Asfaltata,Verticale ed orizzontale,Nuvoloso,Normale,Sufficiente,Ore Diurne,1,0,0,4,12.5147,41.9185,-1,2,Autovettura privata,In marcia / fermata / arresto,Passeggero,F,Illeso,0,,,,
3989687,3,13/09/2018 09:15:00,Strada Urbana,VIA NOMENTANA,da specificare,,,,fronte civ. 317,Scontro laterale fra veicoli in marcia,Rettilineo,Pi� di due carreggiate,Asciutto,Asfaltata,Verticale ed orizzontale,Nuvoloso,Normale,Sufficiente,Ore Diurne,1,0,0,4,12.5147,41.9185,-1,2,Autovettura privata,In marcia / fermata / arresto,Passeggero,M,Illeso,0,,,,
3989687,3,13/09/2018 09:15:00,Strada Urbana,VIA NOMENTANA,da specificare,,,,fronte civ. 317,Scontro laterale fra veicoli in marcia,Rettilineo,Pi� di due carreggiate,Asciutto,Asfaltata,Verticale ed orizzontale,Nuvoloso,Normale,Sufficiente,Ore Diurne,1,0,0,4,12.5147,41.9185,-1,2,Autovettura privata,In marcia / fermata / arresto,Passeggero,F,Illeso,0,,,,
3989697,3,14/09/2018 16:20:00,Strada Urbana,PIAZZA SALERNO,da specificare,,,,fronte Via Baglivi,Scontro laterale fra veicoli in marcia,Rotatoria,Una carreggiata a senso unico di marcia,Asciutto,Asfaltata,Verticale ed orizzontale,Sereno,Intenso,Buona,Ore Diurne,0,0,0,4,12.513,41.9105,-1,1,Autovettura privata,In marcia / fermata / arresto,Conducente,M,Illeso,0,,Non accertato,Inesploso,
3989697,3,14/09/2018 16:20:00,Strada Urbana,PIAZZA SALERNO,da specificare,,,,fronte Via Baglivi,Scontro laterale fra veicoli in marcia,Rotatoria,Una carreggiata a senso unico di marcia,Asciutto,Asfaltata,Verticale ed orizzontale,Sereno,Intenso,Buona,Ore Diurne,0,0,0,4,12.513,41.9105,-1,2,Motociclo a solo,In marcia / fermata / arresto,Conducente,M,Illeso,0,,Non accertato,,
3989697,3,14/09/2018 16:20:00,Strada Urbana,PIAZZA SALERNO,da specificare,,,,fronte Via Baglivi,Scontro laterale fra veicoli in marcia,Rotatoria,Una carreggiata a senso unico di marcia,Asciutto,Asfaltata,Verticale ed orizzontale,Sereno,Intenso,Buona,Ore Diurne,0,0,0,4,12.513,41.9105,-1,3,Autovettura privata,In marcia / fermata / arresto,Conducente,M,Illeso,0,,Non accertato,Inesploso,
3989697,3,14/09/2018 16:20:00,Strada Urbana,PIAZZA SALERNO,da specificare,,,,fronte Via Baglivi,Scontro laterale fra veicoli in marcia,Rotatoria,Una carreggiata a senso unico di marcia,Asciutto,Asfaltata,Verticale ed orizzontale,Sereno,Intenso,Buona,Ore Diurne,0,0,0,4,12.513,41.9105,-1,3,Autovettura privata,In marcia / fermata / arresto,Passeggero,M,Illeso,0,,Non accertato,Inesploso,
3989706,17,15/09/2018 04:35:00,Strada Urbana,LUNGOTEVERE DEI TEBALDI,in corrispondenza,,del civico n.,FR. 4,,Veicolo in marcia contro ostacolo fisso,Rettilineo,Una carreggiata a senso unico di marcia,Asciutto,Asfaltata,Verticale ed orizzontale,Sereno,Scarso,Buona,Sufficiente,0,1,0,0,12.4683,41.895,-1,1,Motociclo a solo,In marcia / fermata / arresto,Conducente,M,Prognosi riservata,0,NON DECEDUTO,,,
3989708,18,15/09/2018 17:35:00,Strada Urbana,VIA INNOCENZO XIII,in prossimit�,,del civico n.,22,,Veicolo in marcia contro veicolo in sosta,Pendenza,Una carreggiata a doppio senso,Asciutto,Asfaltata,Verticale,Sereno,Scarso,Buona,Ore Diurne,0,0,0,1,12.4424,41.9007,-1,2,Autovettura privata,In marcia / fermata / arresto,Conducente,M,Illeso,0,,,,
3989720,15,15/09/2018 08:35:00,Strada Urbana,VIA PORTUENSE,da specificare,,,,altezza Via A. Pacinotti fronte Prati di Quinzio,Tamponamento,Rettilineo,Una carreggiata a doppio senso,Asciutto,Asfaltata,Orizzontale,Sereno,Scarso,Buona,Ore Diurne,0,0,0,3,12.414,41.847,-1,1,Autovettura privata,In marcia / fermata / arresto,Conducente,M,Illeso,0,,Utilizzato,Inesploso,
3989720,15,15/09/2018 08:35:00,Strada Urbana,VIA PORTUENSE,da specificare,,,,altezza Via A. Pacinotti fronte Prati di Quinzio,Tamponamento,Rettilineo,Una carreggiata a doppio senso,Asciutto,Asfaltata,Orizzontale,Sereno,Scarso,Buona,Ore Diurne,0,0,0,3,12.414,41.847,-1,1,Autovettura privata,In marcia / fermata / arresto,Passeggero,F,Illeso,0,,,,
3989720,15,15/09/2018 08:35:00,Strada Urbana,VIA PORTUENSE,da specificare,,,,altezza Via A. Pacinotti fronte Prati di Quinzio,Tamponamento,Rettilineo,Una carreggiata a doppio senso,Asciutto,Asfaltata,Orizzontale,Sereno,Scarso,Buona,Ore Diurne,0,0,0,3,12.414,41.847,-1,2,Autovettura privata,In marcia / fermata / arresto,Conducente,M,Illeso,0,,,,
3989737,15,15/09/2018 12:50:00,Strada Urbana,VIA POGGIO VERDE,in prossimit�,,del civico n.,40,,Scontro frontale/laterale DX fra veicoli in marcia,Rettilineo,Una carreggiata a doppio senso,Asciutto,Asfaltata,Assente,Sereno,Scarso,Buona,Ore Diurne,1,0,0,1,12.4172,41.8564,-1,1,Autovettura privata,In marcia / fermata / arresto,Conducente,M,Illeso,0,,,,
3989737,15,15/09/2018 12:50:00,Strada Urbana,VIA POGGIO VERDE,in prossimit�,,del civico n.,40,,Scontro frontale/laterale DX fra veicoli in marcia,Rettilineo,Una carreggiata a doppio senso,Asciutto,Asfaltata,Assente,Sereno,Scarso,Buona,Ore Diurne,1,0,0,1,12.4172,41.8564,-1,2,Motociclo a solo,In marcia / fermata / arresto,Conducente,M,Rifiuta cure immediate,0,NON DECEDUTO,Utilizzato,,
3989752,20,15/09/2018 15:45:00,Strada Urbana,VIALE DEL FORO ITALICO,da specificare,,,,Dir.Stadio Olimpico a 50mt. da Monti della Farnesi,Veicolo in marcia contro ostacolo fisso,Rettilineo,Una carreggiata a senso unico di marcia,Asciutto,Asfaltata,Orizzontale,Sereno,Normale,Buona,Ore Diurne,3,0,0,0,,,0,1,Autocarro inferiore 35 q.,In marcia / fermata / arresto,Conducente,M,Ricoverato,0,NON DECEDUTO,Non accertato,Inesistente,
3989752,20,15/09/2018 15:45:00,Strada Urbana,VIALE DEL FORO ITALICO,da specificare,,,,Dir.Stadio Olimpico a 50mt. da Monti della Farnesi,Veicolo in marcia contro ostacolo fisso,Rettilineo,Una carreggiata a senso unico di marcia,Asciutto,Asfaltata,Orizzontale,Sereno,Normale,Buona,Ore Diurne,3,0,0,0,,,0,1,Autocarro inferiore 35 q.,In marcia / fermata / arresto,Passeggero,M,Ricoverato,0,NON DECEDUTO,Non accertato,Inesistente,
3989752,20,15/09/2018 15:45:00,Strada Urbana,VIALE DEL FORO ITALICO,da specificare,,,,Dir.Stadio Olimpico a 50mt. da Monti della Farnesi,Veicolo in marcia contro ostacolo fisso,Rettilineo,Una carreggiata a senso unico di marcia,Asciutto,Asfaltata,Orizzontale,Sereno,Normale,Buona,Ore Diurne,3,0,0,0,,,0,1,Autocarro inferiore 35 q.,In marcia / fermata / arresto,Passeggero,M,Rimandato,0,NON DECEDUTO,Non accertato,Inesistente,
3989762,13,14/09/2018 13:15:00,Strada Urbana,VIA DELLE FIAMME GIALLE,in corrispondenza,,del civico n.,14,,Tamponamento Multiplo,Rettilineo,Una carreggiata a doppio senso,Asciutto,Asfaltata,Verticale ed orizzontale,Sereno,Scarso,Buona,Ore Diurne,1,0,0,3,12.2951,41.7304,-1,1,Autovettura privata,In marcia / fermata / arresto,Conducente,F,Rimandato,0,NON DECEDUTO,Non accertato,Inesploso,
3989762,13,14/09/2018 13:15:00,Strada Urbana,VIA DELLE FIAMME GIALLE,in corrispondenza,,del civico n.,14,,Tamponamento Multiplo,Rettilineo,Una carreggiata a doppio senso,Asciutto,Asfaltata,Verticale ed orizzontale,Sereno,Scarso,Buona,Ore Diurne,1,0,0,3,12.2951,41.7304,-1,2,Autovettura privata,In marcia / fermata / arresto,Conducente,F,Illeso,0,,Non accertato,Inesploso,
3989762,13,14/09/2018 13:15:00,Strada Urbana,VIA DELLE FIAMME GIALLE,in corrispondenza,,del civico n.,14,,Tamponamento Multiplo,Rettilineo,Una carreggiata a doppio senso,Asciutto,Asfaltata,Verticale ed orizzontale,Sereno,Scarso,Buona,Ore Diurne,1,0,0,3,12.2951,41.7304,-1,3,Autovettura privata,In marcia / fermata / arresto,Conducente,F,Illeso,0,,Non accertato,Inesploso,
3989762,13,14/09/2018 13:15:00,Strada Urbana,VIA DELLE FIAMME GIALLE,in corrispondenza,,del civico n.,14,,Tamponamento Multiplo,Rettilineo,Una carreggiata a doppio senso,Asciutto,Asfaltata,Verticale ed orizzontale,Sereno,Scarso,Buona,Ore Diurne,1,0,0,3,12.2951,41.7304,-1,3,Autovettura privata,In marcia / fermata / arresto,Passeggero,F,Illeso,0,,Non accertato,Inesploso,
3989763,13,14/09/2018 13:55:00,Strada Urbana,VIA DEI PANFILI,in corrispondenza,,del civico n.,59,,Scontro frontale/laterale SX fra veicoli in marcia,Rettilineo,Una carreggiata a senso unico di marcia,Asciutto,Asfaltata,Verticale ed orizzontale,Sereno,Scarso,Buona,Ore Diurne,0,0,0,4,12.2767,41.7356,-1,1,Autovettura privata,In marcia / fermata / arresto,Conducente,M,Illeso,0,,Non accertato,Inesploso,
3989763,13,14/09/2018 13:55:00,Strada Urbana,VIA DEI PANFILI,in corrispondenza,,del civico n.,59,,Scontro frontale/laterale SX fra veicoli in marcia,Rettilineo,Una carreggiata a senso unico di marcia,Asciutto,Asfaltata,Verticale ed orizzontale,Sereno,Scarso,Buona,Ore Diurne,0,0,0,4,12.2767,41.7356,-1,2,Autovettura privata,In marcia / fermata / arresto,Conducente,M,Illeso,0,,Non accertato,Inesploso,
3989763,13,14/09/2018 13:55:00,Strada Urbana,VIA DEI PANFILI,in corrispondenza,,del civico n.,59,,Scontro frontale/laterale SX fra veicoli in marcia,Rettilineo,Una carreggiata a senso unico di marcia,Asciutto,Asfaltata,Verticale ed orizzontale,Sereno,Scarso,Buona,Ore Diurne,0,0,0,4,12.2767,41.7356,-1,2,Autovettura privata,In marcia / fermata / arresto,Passeggero,F,Illeso,0,,Non accertato,Inesploso,
3989763,13,14/09/2018 13:55:00,Strada Urbana,VIA DEI PANFILI,in corrispondenza,,del civico n.,59,,Scontro frontale/laterale SX fra veicoli in marcia,Rettilineo,Una carreggiata a senso unico di marcia,Asciutto,Asfaltata,Verticale ed orizzontale,Sereno,Scarso,Buona,Ore Diurne,0,0,0,4,12.2767,41.7356,-1,2,Autovettura privata,In marcia / fermata / arresto,Passeggero,M,Illeso,0,,Non accertato,Inesploso,
3989766,13,14/09/2018 17:35:00,Strada Urbana,VIA MADRE COLOMBA GABRIEL,all'intersezione con,VIALE FRA' ANDREA DI GIOVANNI,VIALE FRA' ANDREA DI GIOVANNI,,,Scontro frontale/laterale DX fra veicoli in marcia,Incrocio,Una carreggiata a senso unico di marcia,Asciutto,Asfaltata,Verticale ed orizzontale,Sereno,Normale,Buona,Ore Diurne,1,0,0,1,12.3462,41.7805,-1,1,Motociclo con passeggero,In marcia / fermata / arresto,Conducente,F,Rimandato,0,NON DECEDUTO,Non accertato,,
3989766,13,14/09/2018 17:35:00,Strada Urbana,VIA MADRE COLOMBA GABRIEL,all'intersezione con,VIALE FRA' ANDREA DI GIOVANNI,VIALE FRA' ANDREA DI GIOVANNI,,,Scontro frontale/laterale DX fra veicoli in marcia,Incrocio,Una carreggiata a senso unico di marcia,Asciutto,Asfaltata,Verticale ed orizzontale,Sereno,Normale,Buona,Ore Diurne,1,0,0,1,12.3462,41.7805,-1,2,Autovettura privata,In marcia / fermata / arresto,Conducente,F,Illeso,0,,Non accertato,Inesploso,
3989767,13,14/09/2018 20:10:00,Strada Urbana,PIAZZA REGINA PACIS,all'intersezione con,VIA VINCENZO VANNUTELLI,VIA VINCENZO VANNUTELLI,,,Veicolo in marcia contro veicolo arresto,Incrocio,Una carreggiata a doppio senso,Asciutto,Asfaltata,Verticale ed orizzontale,Sereno,Normale,Buona,Sufficiente,0,0,0,2,12.2806,41.7309,-1,1,Autovettura privata,In marcia / fermata / arresto,Conducente,M,Illeso,0,,Non accertato,Inesploso,
3989767,13,14/09/2018 20:10:00,Strada Urbana,PIAZZA REGINA PACIS,all'intersezione con,VIA VINCENZO VANNUTELLI,VIA VINCENZO VANNUTELLI,,,Veicolo in marcia contro veicolo arresto,Incrocio,Una carreggiata a doppio senso,Asciutto,Asfaltata,Verticale ed orizzontale,Sereno,Normale,Buona,Sufficiente,0,0,0,2,12.2806,41.7309,-1,2,Autovettura privata,In marcia / fermata / arresto,Conducente,M,Illeso,0,,Non accertato,Inesploso,
3989770,13,15/09/2018 14:30:00,Strada Urbana,VIA ANDREOTTO SARACINI,in corrispondenza,,del civico n.,9,,Veicolo in marcia contro veicolo in sosta,Rettilineo,Una carreggiata a senso unico di marcia,Asciutto,Asfaltata,Assente,Sereno,Scarso,Buona,Ore Diurne,0,0,0,1,12.2778,41.7327,-1,1,Autovettura privata,In marcia / fermata / arresto,Conducente,M,Illeso,0,,Non accertato,Inesploso,
3989773,13,15/09/2018 16:07:00,Strada Urbana,LUNGOMARE PAOLO TOSCANELLI,all'intersezione con,VIA DEGLI ALDOBRANDINI,VIA DEGLI ALDOBRANDINI,,,Scontro laterale fra veicoli in marcia,Incrocio,Una carreggiata a senso unico di marcia,Asciutto,Asfaltata,Verticale ed orizzontale,Sereno,Scarso,Buona,Ore Diurne,0,0,0,5,12.2749,41.7301,-1,1,Autovettura privata,In marcia / fermata / arresto,Conducente,M,Illeso,0,,Non accertato,Inesploso,
3989773,13,15/09/2018 16:07:00,Strada Urbana,LUNGOMARE PAOLO TOSCANELLI,all'intersezione con,VIA DEGLI ALDOBRANDINI,VIA DEGLI ALDOBRANDINI,,,Scontro laterale fra veicoli in marcia,Incrocio,Una carreggiata a senso unico di marcia,Asciutto,Asfaltata,Verticale ed orizzontale,Sereno,Scarso,Buona,Ore Diurne,0,0,0,5,12.2749,41.7301,-1,1,Autovettura privata,In marcia / fermata / arresto,Passeggero,M,Illeso,0,,Non accertato,Inesploso,
3989773,13,15/09/2018 16:07:00,Strada Urbana,LUNGOMARE PAOLO TOSCANELLI,all'intersezione con,VIA DEGLI ALDOBRANDINI,VIA DEGLI ALDOBRANDINI,,,Scontro laterale fra veicoli in marcia,Incrocio,Una carreggiata a senso unico di marcia,Asciutto,Asfaltata,Verticale ed orizzontale,Sereno,Scarso,Buona,Ore Diurne,0,0,0,5,12.2749,41.7301,-1,1,Autovettura privata,In marcia / fermata / arresto,Passeggero,M,Illeso,0,,Non accertato,Inesploso,
3989773,13,15/09/2018 16:07:00,Strada Urbana,LUNGOMARE PAOLO TOSCANELLI,all'intersezione con,VIA DEGLI ALDOBRANDINI,VIA DEGLI ALDOBRANDINI,,,Scontro laterale fra veicoli in marcia,Incrocio,Una carreggiata a senso unico di marcia,Asciutto,Asfaltata,Verticale ed orizzontale,Sereno,Scarso,Buona,Ore Diurne,0,0,0,5,12.2749,41.7301,-1,2,Autovettura privata,In marcia / fermata / arresto,Conducente,M,Illeso,0,,Non accertato,Inesploso,
3989773,13,15/09/2018 16:07:00,Strada Urbana,LUNGOMARE PAOLO TOSCANELLI,all'intersezione con,VIA DEGLI ALDOBRANDINI,VIA DEGLI ALDOBRANDINI,,,Scontro laterale fra veicoli in marcia,Incrocio,Una carreggiata a senso unico di marcia,Asciutto,Asfaltata,Verticale ed orizzontale,Sereno,Scarso,Buona,Ore Diurne,0,0,0,5,12.2749,41.7301,-1,2,Autovettura privata,In marcia / fermata / arresto,Passeggero,F,Illeso,0,,Non accertato,Inesploso,
3989776,13,14/09/2018 08:20:00,Strada Urbana,VIA GIOVANNI MINOZZI,in corrispondenza,,del civico n.,78,,Investimento di pedone,Rettilineo,Una carreggiata a doppio senso,Asciutto,Asfaltata,Verticale ed orizzontale,Sereno,Scarso,Buona,Ore Diurne,1,0,0,3,12.3538,41.7699,-1,,,,Pedone,F,Rimandato,0,NON DECEDUTO,,,
3989776,13,14/09/2018 08:20:00,Strada Urbana,VIA GIOVANNI MINOZZI,in corrispondenza,,del civico n.,78,,Investimento di pedone,Rettilineo,Una carreggiata a doppio senso,Asciutto,Asfaltata,Verticale ed orizzontale,Sereno,Scarso,Buona,Ore Diurne,1,0,0,3,12.3538,41.7699,-1,1,Autovettura privata,In marcia / fermata / arresto,Conducente,M,Illeso,0,,Non accertato,Inesploso,
3989776,13,14/09/2018 08:20:00,Strada Urbana,VIA GIOVANNI MINOZZI,in corrispondenza,,del civico n.,78,,Investimento di pedone,Rettilineo,Una carreggiata a doppio senso,Asciutto,Asfaltata,Verticale ed orizzontale,Sereno,Scarso,Buona,Ore Diurne,1,0,0,3,12.3538,41.7699,-1,1,Autovettura privata,In marcia / fermata / arresto,Passeggero,F,Illeso,0,,Non accertato,Inesploso,
3989776,13,14/09/2018 08:20:00,Strada Urbana,VIA GIOVANNI MINOZZI,in corrispondenza,,del civico n.,78,,Investimento di pedone,Rettilineo,Una carreggiata a doppio senso,Asciutto,Asfaltata,Verticale ed orizzontale,Sereno,Scarso,Buona,Ore Diurne,1,0,0,3,12.3538,41.7699,-1,1,Autovettura privata,In marcia / fermata / arresto,Passeggero,F,Illeso,0,,Non accertato,Inesploso,
3989796,1,15/09/2018 16:45:00,Strada Urbana,LARGO DELLA SANITA' MILITARE,all'intersezione con,VIA CLAUDIA,VIA CLAUDIA,,,Scontro laterale fra veicoli in marcia,Intersezione stradale segnalata,Una carreggiata a senso unico di marcia,Asciutto,Asfaltata,Verticale ed orizzontale,Sereno,Scarso,Buona,Ore Diurne,2,0,0,1,12.4954,41.8862,-1,1,Motociclo con passeggero,In marcia / fermata / arresto,Conducente,M,Rimandato,0,NON DECEDUTO,Non accertato,,
3989796,1,15/09/2018 16:45:00,Strada Urbana,LARGO DELLA SANITA' MILITARE,all'intersezione con,VIA CLAUDIA,VIA CLAUDIA,,,Scontro laterale fra veicoli in marcia,Intersezione stradale segnalata,Una carreggiata a senso unico di marcia,Asciutto,Asfaltata,Verticale ed orizzontale,Sereno,Scarso,Buona,Ore Diurne,2,0,0,1,12.4954,41.8862,-1,1,Motociclo con passeggero,In marcia / fermata / arresto,Passeggero,M,Rimandato,0,NON DECEDUTO,Non accertato,,
3989796,1,15/09/2018 16:45:00,Strada Urbana,LARGO DELLA SANITA' MILITARE,all'intersezione con,VIA CLAUDIA,VIA CLAUDIA,,,Scontro laterale fra veicoli in marcia,Intersezione stradale segnalata,Una carreggiata a senso unico di marcia,Asciutto,Asfaltata,Verticale ed orizzontale,Sereno,Scarso,Buona,Ore Diurne,2,0,0,1,12.4954,41.8862,-1,2,Autovettura privata,In marcia / fermata / arresto,Conducente,M,Illeso,0,,Non accertato,Inesploso,
3990304,6,15/09/2018 20:30:00,Strada Urbana,VIALE DELLA SERENISSIMA,all'intersezione con,VIA CHERSO,VIA CHERSO,,,Scontro laterale fra veicoli in marcia,Incrocio,Due carreggiate,Asciutto,Asfaltata,Verticale ed orizzontale,Sereno,Normale,Buona,Sufficiente,1,0,0,1,12.5588,41.8958,-1,1,Autovettura privata,In marcia / fermata / arresto,Conducente,M,Rifiuta cure immediate,0,NON DECEDUTO,,,
3990304,6,15/09/2018 20:30:00,Strada Urbana,VIALE DELLA SERENISSIMA,all'intersezione con,VIA CHERSO,VIA CHERSO,,,Scontro laterale fra veicoli in marcia,Incrocio,Due carreggiate,Asciutto,Asfaltata,Verticale ed orizzontale,Sereno,Normale,Buona,Sufficiente,1,0,0,1,12.5588,41.8958,-1,2,Autovettura pubblica,In marcia / fermata / arresto,Conducente,M,Illeso,0,,Non accertato,Inesploso,