Protocollo,Gruppo,DataOraIncidente,Localizzazione1,STRADA1,Localizzazione2,STRADA2,Strada02,Chilometrica,DaSpecificare,NaturaIncidente,particolaritastrade,TipoStrada,FondoStradale,Pavimentazione,Segnaletica,CondizioneAtmosferica,Traffico,Visibilita,Illuminazione,NUM_FERITI,NUM_RISERVATA,NUM_MORTI,NUM_ILLESI,Longitudine,Latitudine,Confermato,Progressivo,TipoVeicolo,StatoVeicolo,TipoPersona,Sesso,Tipolesione,Deceduto,DecedutoDopo,CinturaCascoUtilizzato,Airbag,
3990450,10,14/09/2018 22:50:00,Strada Urbana,VIALE S. RITA DA CASCIA,all'intersezione semaforizzata con,VIA FRANCESCO MERLINI,VIA FRANCESCO MERLINI,,,Scontro frontale/laterale SX fra veicoli in marcia,Intersezione semaforizzata,Una carreggiata a doppio senso,Asciutto,Asfaltata,Verticale ed orizzontale,Sereno,Scarso,Buona,Sufficiente,2,1,0,0,12.6446,41.869,-1,1,Autocarro inferiore 35 q.,In marcia / fermata / arresto,Conducente,M,Rimandato,0,NON DECEDUTO,Non accertato,Inesploso,
3990450,10,14/09/2018 22:50:00,Strada Urbana,VIALE S. RITA DA CASCIA,all'intersezione semaforizzata con,VIA FRANCESCO MERLINI,VIA FRANCESCO MERLINI,,,Scontro frontale/laterale SX fra veicoli in marcia,Intersezione semaforizzata,Una carreggiata a doppio senso,Asciutto,Asfaltata,Verticale ed orizzontale,Sereno,Scarso,Buona,Sufficiente,2,1,0,0,12.6446,41.869,-1,2,Motociclo con passeggero,In marcia / fermata / arresto,Conducente,M,Prognosi riservata,0,NON DECEDUTO,Non utilizzato,,
3990450,10,14/09/2018 22:50:00,Strada Urbana,VIALE S. RITA DA CASCIA,all'intersezione semaforizzata con,VIA FRANCESCO MERLINI,VIA FRANCESCO MERLINI,,,Scontro frontale/laterale SX fra veicoli in marcia,Intersezione semaforizzata,Una carreggiata a doppio senso,Asciutto,Asfaltata,Verticale ed orizzontale,Sereno,Scarso,Buona,Sufficiente,2,1,0,0,12.6446,41.869,-1,2,Motociclo con passeggero,In marcia / fermata / arresto,Passeggero,F,Rimandato,0,NON DECEDUTO,Non accertato,,
3990501,13,15/09/2018 19:30:00,Strada Urbana,VIA ERMANNO WOLF FERRARI,da specificare,,,,prossimit� DISTRIBUTORE ESSO,Scontro frontale/laterale DX fra veicoli in marcia,Rettilineo,Una carreggiata a doppio senso,Asciutto,Asfaltata,Orizzontale,Sereno,Normale,Buona,Sufficiente,1,0,0,2,12.3779,41.7482,-1,1,Autovettura privata,In marcia / fermata / arresto,Conducente,M,Illeso,0,,Non accertato,Inesploso,
3990501,13,15/09/2018 19:30:00,Strada Urbana,VIA ERMANNO WOLF FERRARI,da specificare,,,,prossimit� DISTRIBUTORE ESSO,Scontro frontale/laterale DX fra veicoli in marcia,Rettilineo,Una carreggiata a doppio senso,Asciutto,Asfaltata,Orizzontale,Sereno,Normale,Buona,Sufficiente,1,0,0,2,12.3779,41.7482,-1,1,Autovettura privata,In marcia / fermata / arresto,Passeggero,F,Illeso,0,,Non accertato,Inesploso,
3990501,13,15/09/2018 19:30:00,Strada Urbana,VIA ERMANNO WOLF FERRARI,da specificare,,,,prossimit� DISTRIBUTORE ESSO,Scontro frontale/laterale DX fra veicoli in marcia,Rettilineo,Una carreggiata a doppio senso,Asciutto,Asfaltata,Orizzontale,Sereno,Normale,Buona,Sufficiente,1,0,0,2,12.3779,41.7482,-1,2,Motociclo con passeggero,In marcia / fermata / arresto,Conducente,M,Rifiuta cure immediate,0,NON DECEDUTO,Non accertato,,
3990504,13,15/09/2018 20:20:00,Strada Urbana,VIA ERMANNO WOLF FERRARI,da specificare,,,,PRESSI DISTRIBUTORE ESSO,Scontro frontale/laterale DX fra veicoli in marcia,Rettilineo,Una carreggiata a doppio senso,Asciutto,Asfaltata,Orizzontale,Sereno,Normale,Sufficiente,Sufficiente,0,0,0,2,12.3779,41.7482,-1,1,Autovettura privata,In marcia / fermata / arresto,Conducente,M,Illeso,0,,Non accertato,Inesploso,
3990504,13,15/09/2018 20:20:00,Strada Urbana,VIA ERMANNO WOLF FERRARI,da specificare,,,,PRESSI DISTRIBUTORE ESSO,Scontro frontale/laterale DX fra veicoli in marcia,Rettilineo,Una carreggiata a doppio senso,Asciutto,Asfaltata,Orizzontale,Sereno,Normale,Sufficiente,Sufficiente,0,0,0,2,12.3779,41.7482,-1,2,Motociclo con passeggero,In marcia / fermata / arresto,Conducente,M,Illeso,0,,Non accertato,,
3990505,13,15/09/2018 21:15:00,Strada Urbana,VIA ACHILLE FUNI,all'intersezione con,VIA CAGLI,VIA CAGLI,,,Scontro frontale fra veicoli in marcia,Incrocio,Una carreggiata a senso unico di marcia,Asciutto,Asfaltata,Verticale,Sereno,Normale,Sufficiente,Sufficiente,0,0,0,2,12.349,41.7741,-1,1,Autovettura privata,In marcia / fermata / arresto,Conducente,M,Illeso,0,,Non accertato,Inesploso,
3990505,13,15/09/2018 21:15:00,Strada Urbana,VIA ACHILLE FUNI,all'intersezione con,VIA CAGLI,VIA CAGLI,,,Scontro frontale fra veicoli in marcia,Incrocio,Una carreggiata a senso unico di marcia,Asciutto,Asfaltata,Verticale,Sereno,Normale,Sufficiente,Sufficiente,0,0,0,2,12.349,41.7741,-1,1,Autovettura privata,In marcia / fermata / arresto,Passeggero,M,Illeso,0,,Non accertato,Inesploso,
3990509,13,15/09/2018 23:50:00,Strada Urbana,VIA FRANCESCO CILEA,all'intersezione con,VIA ERNESTO BOEZI,VIA ERNESTO BOEZI,,,Scontro laterale fra veicoli in marcia,Incrocio,Una carreggiata a senso unico alternato,Asciutto,Asfaltata,Verticale ed orizzontale,Sereno,Normale,Sufficiente,Sufficiente,0,0,0,3,12.3752,41.7448,-1,1,Autovettura privata,In marcia / fermata / arresto,Conducente,M,Illeso,0,,Non accertato,Inesploso,
3990509,13,15/09/2018 23:50:00,Strada Urbana,VIA FRANCESCO CILEA,all'intersezione con,VIA ERNESTO BOEZI,VIA ERNESTO BOEZI,,,Scontro laterale fra veicoli in marcia,Incrocio,Una carreggiata a senso unico alternato,Asciutto,Asfaltata,Verticale ed orizzontale,Sereno,Normale,Sufficiente,Sufficiente,0,0,0,3,12.3752,41.7448,-1,1,Autovettura privata,In marcia / fermata / arresto,Passeggero,M,Illeso,0,,,,
3990509,13,15/09/2018 23:50:00,Strada Urbana,VIA FRANCESCO CILEA,all'intersezione con,VIA ERNESTO BOEZI,VIA ERNESTO BOEZI,,,Scontro laterale fra veicoli in marcia,Incrocio,Una carreggiata a senso unico alternato,Asciutto,Asfaltata,Verticale ed orizzontale,Sereno,Normale,Sufficiente,Sufficiente,0,0,0,3,12.3752,41.7448,-1,2,Velocipede,In marcia / fermata / arresto,Conducente,M,Illeso,0,,Esente,,
3990536,6,16/09/2018 11:50:00,Strada Urbana,VIALE DELLA SERENISSIMA,in prossimit�,,del civico n.,56,,Veicolo in marcia contro veicoli in sosta,Curva a visuale libera,Una carreggiata a senso unico di marcia,Asciutto,Asfaltata,Verticale ed orizzontale,Sereno,Scarso,Buona,Ore Diurne,0,0,0,2,12.5586,41.8982,-1,1,Autovettura privata,In marcia / fermata / arresto,Conducente,F,Illeso,0,,Non accertato,Inesploso,
3990536,6,16/09/2018 11:50:00,Strada Urbana,VIALE DELLA SERENISSIMA,in prossimit�,,del civico n.,56,,Veicolo in marcia contro veicoli in sosta,Curva a visuale libera,Una carreggiata a senso unico di marcia,Asciutto,Asfaltata,Verticale ed orizzontale,Sereno,Scarso,Buona,Ore Diurne,0,0,0,2,12.5586,41.8982,-1,1,Autovettura privata,In marcia / fermata / arresto,Passeggero Istruttore,M,Illeso,0,,Non accertato,Inesploso,
3990663,20,16/09/2018 04:20:00,Strada Urbana,VIA DI SETTEBAGNI,in prossimit�,,del civico n.,726,,Scontro frontale fra veicoli in marcia,Rettilineo,Una carreggiata a doppio senso,Asciutto,Asfaltata,Verticale ed orizzontale,Sereno,Normale,Insufficiente,Inesistente,1,0,0,1,12.5181,41.9885,-1,1,Autovettura privata,In marcia / fermata / arresto,Conducente,F,Rimandato,0,NON DECEDUTO,Non accertato,Inesploso,
3990663,20,16/09/2018 04:20:00,Strada Urbana,VIA DI SETTEBAGNI,in prossimit�,,del civico n.,726,,Scontro frontale fra veicoli in marcia,Rettilineo,Una carreggiata a doppio senso,Asciutto,Asfaltata,Verticale ed orizzontale,Sereno,Normale,Insufficiente,Inesistente,1,0,0,1,12.5181,41.9885,-1,2,Autovettura privata,In marcia / fermata / arresto,Conducente,M,Illeso,0,,Non accertato,Esploso,
3990664,7,15/09/2018 20:30:00,Strada Urbana,VIA GIACOMO BRESADOLA,in prossimit�,,del civico n.,54,,Investimento di pedone,Rettilineo,Una carreggiata a doppio senso,Asciutto,Asfaltata,Orizzontale,Sereno,Normale,Buona,Sufficiente,1,0,0,2,12.5613,41.8928,-1,,,,Pedone,M,Illeso,0,,,,
3990664,7,15/09/2018 20:30:00,Strada Urbana,VIA GIACOMO BRESADOLA,in prossimit�,,del civico n.,54,,Investimento di pedone,Rettilineo,Una carreggiata a doppio senso,Asciutto,Asfaltata,Orizzontale,Sereno,Normale,Buona,Sufficiente,1,0,0,2,12.5613,41.8928,-1,1,Motociclo a solo,In marcia / fermata / arresto,Conducente,M,Rimandato,0,NON DECEDUTO,Non accertato,,
3990664,7,15/09/2018 20:30:00,Strada Urbana,VIA GIACOMO BRESADOLA,in prossimit�,,del civico n.,54,,Investimento di pedone,Rettilineo,Una carreggiata a doppio senso,Asciutto,Asfaltata,Orizzontale,Sereno,Normale,Buona,Sufficiente,1,0,0,2,12.5613,41.8928,-1,2,Autovettura privata,In marcia / fermata / arresto,Conducente,M,Illeso,0,,Non accertato,Inesploso,
3990692,7,14/09/2018 12:30:00,Strada Urbana,VIALE PALMIRO TOGLIATTI,in corrispondenza,,del civico n.,576,,Scontro laterale fra veicoli in marcia,Rettilineo,Due carreggiate,Asciutto,Asfaltata,Verticale ed orizzontale,Sereno,Normale,Buona,Ore Diurne,0,0,0,3,12.5719,41.8764,-1,1,Autovettura privata,In marcia / fermata / arresto,Conducente,M,Illeso,0,,Non accertato,Inesploso,
3990692,7,14/09/2018 12:30:00,Strada Urbana,VIALE PALMIRO TOGLIATTI,in corrispondenza,,del civico n.,576,,Scontro laterale fra veicoli in marcia,Rettilineo,Due carreggiate,Asciutto,Asfaltata,Verticale ed orizzontale,Sereno,Normale,Buona,Ore Diurne,0,0,0,3,12.5719,41.8764,-1,2,Autovettura privata,In marcia / fermata / arresto,Conducente,F,Illeso,0,,Non accertato,Inesploso,
3990692,7,14/09/2018 12:30:00,Strada Urbana,VIALE PALMIRO TOGLIATTI,in corrispondenza,,del civico n.,576,,Scontro laterale fra veicoli in marcia,Rettilineo,Due carreggiate,Asciutto,Asfaltata,Verticale ed orizzontale,Sereno,Normale,Buona,Ore Diurne,0,0,0,3,12.5719,41.8764,-1,2,Autovettura privata,In marcia / fermata / arresto,Passeggero,F,Illeso,0,,Non accertato,Inesploso,
3990694,20,15/09/2018 10:30:00,Strada Urbana,VIA CASSIA,in corrispondenza,,del civico n.,818,,Tamponamento,Rettilineo,Una carreggiata a doppio senso,Asciutto,Asfaltata,Orizzontale,Sereno,Intenso,Buona,Ore Diurne,0,0,0,2,12.4397,41.9673,-1,1,Autovettura privata,In marcia / fermata / arresto,Conducente,M,Illeso,0,,Non accertato,Inesploso,
3990694,20,15/09/2018 10:30:00,Strada Urbana,VIA CASSIA,in corrispondenza,,del civico n.,818,,Tamponamento,Rettilineo,Una carreggiata a doppio senso,Asciutto,Asfaltata,Orizzontale,Sereno,Intenso,Buona,Ore Diurne,0,0,0,2,12.4397,41.9673,-1,2,Autovettura privata,In marcia / fermata / arresto,Conducente,M,Illeso,0,,Non accertato,Inesploso,
3990709,20,15/09/2018 08:35:00,Strada Urbana,VIA ANTONIO SERRA,in corrispondenza,,del civico n.,137,,Veicolo in marcia contro ostacolo accidentale,Rettilineo,Una carreggiata a senso unico di marcia,Asciutto,Asfaltata,Temporanea di cantiere,Sereno,Scarso,Buona,Ore Diurne,0,0,0,1,12.4736,41.942,-1,1,Autocarro superiore 35 q.,In marcia / fermata / arresto,Conducente,M,Illeso,0,,Non accertato,Inesploso,
3990728,7,14/09/2018 12:45:00,Strada Urbana,VIA ANGELO VISCOGLIOSI,in corrispondenza,,del civico n.,67,,Tamponamento,Rettilineo,Una carreggiata a doppio senso,Asciutto,Asfaltata,Orizzontale,Sereno,Normale,Buona,Ore Diurne,0,0,0,3,12.589,41.8833,-1,1,Autovettura privata,In marcia / fermata / arresto,Conducente,F,Illeso,0,,Non accertato,Inesploso,
3990728,7,14/09/2018 12:45:00,Strada Urbana,VIA ANGELO VISCOGLIOSI,in corrispondenza,,del civico n.,67,,Tamponamento,Rettilineo,Una carreggiata a doppio senso,Asciutto,Asfaltata,Orizzontale,Sereno,Normale,Buona,Ore Diurne,0,0,0,3,12.589,41.8833,-1,1,Autovettura privata,In marcia / fermata / arresto,Passeggero,F,Illeso,0,,Non accertato,Inesploso,
3990728,7,14/09/2018 12:45:00,Strada Urbana,VIA ANGELO VISCOGLIOSI,in corrispondenza,,del civico n.,67,,Tamponamento,Rettilineo,Una carreggiata a doppio senso,Asciutto,Asfaltata,Orizzontale,Sereno,Normale,Buona,Ore Diurne,0,0,0,3,12.589,41.8833,-1,2,Autocarro inferiore 35 q.,In marcia / fermata / arresto,Conducente,F,Illeso,0,,Non accertato,Inesploso,
3990729,10,15/09/2018 03:03:00,Strada Urbana,VIA CALPURNIO FIAMMA,all'intersezione con,VIALE S. GIOVANNI BOSCO,VIALE S. GIOVANNI BOSCO,,,Scontro frontale/laterale SX fra veicoli in marcia,Intersezione semaforizzata,Due carreggiate,Asciutto,Asfaltata,Verticale ed orizzontale,Sereno,Scarso,Sufficiente,Sufficiente,0,0,0,1,12.5607,41.8607,-1,1,Autovettura privata,In marcia / fermata / arresto,Conducente,M,Illeso,0,,Non accertato,Inesploso,
3990750,10,15/09/2018 16:25:00,Statale entro l'abitato,VIA APPIA NUOVA,in prossimit�,,del palo luce n.,312,,Tamponamento Multiplo,Rettilineo,Due carreggiate,Asciutto,Asfaltata,Verticale,Sereno,Intenso,Sufficiente,Ore Diurne,1,0,0,2,12.5495,41.8501,-1,1,Autovettura privata,In marcia / fermata / arresto,Conducente,F,Illeso,0,,Non accertato,Inesploso,
3990750,10,15/09/2018 16:25:00,Statale entro l'abitato,VIA APPIA NUOVA,in prossimit�,,del palo luce n.,312,,Tamponamento Multiplo,Rettilineo,Due carreggiate,Asciutto,Asfaltata,Verticale,Sereno,Intenso,Sufficiente,Ore Diurne,1,0,0,2,12.5495,41.8501,-1,2,Autovettura privata,In marcia / fermata / arresto,Conducente,F,Rimandato,0,NON DECEDUTO,Non accertato,Inesploso,
3990750,10,15/09/2018 16:25:00,Statale entro l'abitato,VIA APPIA NUOVA,in prossimit�,,del palo luce n.,312,,Tamponamento Multiplo,Rettilineo,Due carreggiate,Asciutto,Asfaltata,Verticale,Sereno,Intenso,Sufficiente,Ore Diurne,1,0,0,2,12.5495,41.8501,-1,3,Autovettura privata,In marcia / fermata / arresto,Conducente,F,Illeso,0,,Non accertato,Inesploso,
3990753,7,15/09/2018 15:00:00,Strada Urbana,VIALE PALMIRO TOGLIATTI,all'intersezione con,VIA ANTONIO SEBASTIANI,VIA ANTONIO SEBASTIANI,,,Scontro frontale/laterale DX fra veicoli in marcia,Incrocio,Due carreggiate,Asciutto,Asfaltata,Verticale ed orizzontale,Sereno,Normale,Buona,Sufficiente,1,0,0,2,12.5703,41.8751,-1,1,Autovettura privata,In marcia / fermata / arresto,Conducente,M,Illeso,0,,Non accertato,Inesploso,
3990753,7,15/09/2018 15:00:00,Strada Urbana,VIALE PALMIRO TOGLIATTI,all'intersezione con,VIA ANTONIO SEBASTIANI,VIA ANTONIO SEBASTIANI,,,Scontro frontale/laterale DX fra veicoli in marcia,Incrocio,Due carreggiate,Asciutto,Asfaltata,Verticale ed orizzontale,Sereno,Normale,Buona,Sufficiente,1,0,0,2,12.5703,41.8751,-1,1,Autovettura privata,In marcia / fermata / arresto,Passeggero,F,Rimandato,0,NON DECEDUTO,Non accertato,Inesploso,
3990753,7,15/09/2018 15:00:00,Strada Urbana,VIALE PALMIRO TOGLIATTI,all'intersezione con,VIA ANTONIO SEBASTIANI,VIA ANTONIO SEBASTIANI,,,Scontro frontale/laterale DX fra veicoli in marcia,Incrocio,Due carreggiate,Asciutto,Asfaltata,Verticale ed orizzontale,Sereno,Normale,Buona,Sufficiente,1,0,0,2,12.5703,41.8751,-1,2,Motociclo a solo,In marcia / fermata / arresto,Conducente,M,Illeso,0,,Non accertato,,
3990758,10,15/09/2018 17:55:00,Strada Urbana,VIA TUSCOLANA,in prossimit�,,del civico n.,615,,Scontro laterale fra veicoli in marcia,Rettilineo,Due carreggiate,Asciutto,Asfaltata,Orizzontale,Sereno,Normale,Buona,Ore Diurne,0,0,0,2,12.5502,41.8633,-1,1,Autovettura privata,In marcia / fermata / arresto,Conducente,F,Illeso,0,,Non accertato,Inesploso,
3990758,10,15/09/2018 17:55:00,Strada Urbana,VIA TUSCOLANA,in prossimit�,,del civico n.,615,,Scontro laterale fra veicoli in marcia,Rettilineo,Due carreggiate,Asciutto,Asfaltata,Orizzontale,Sereno,Normale,Buona,Ore Diurne,0,0,0,2,12.5502,41.8633,-1,2,Autovettura privata,In marcia / fermata / arresto,Conducente,M,Illeso,0,,Non accertato,Inesploso,
3990772,7,15/09/2018 10:35:00,Strada Urbana,VIA DELLE PETUNIE,in corrispondenza,,del civico n.,1,,Veicolo in marcia contro veicolo in sosta,Rettilineo,Una carreggiata a doppio senso,Asciutto,Asfaltata,Verticale ed orizzontale,Sereno,Normale,Sufficiente,Ore Diurne,1,0,0,1,12.5695,41.8859,0,1,Autovettura privata,Sosta,Passeggero,F,Illeso,0,,Non accertato,Inesploso,
3990772,7,15/09/2018 10:35:00,Strada Urbana,VIA DELLE PETUNIE,in corrispondenza,,del civico n.,1,,Veicolo in marcia contro veicolo in sosta,Rettilineo,Una carreggiata a doppio senso,Asciutto,Asfaltata,Verticale ed orizzontale,Sereno,Normale,Sufficiente,Ore Diurne,1,0,0,1,12.5695,41.8859,0,2,Motociclo a solo,In marcia / fermata / arresto,Conducente,M,Rifiuta cure immediate,0,NON DECEDUTO,Non accertato,,
3990805,15,15/09/2018 18:50:00,Strada Urbana,VIA DELLA MAGLIANA,all'intersezione con,VICOLO DI S. PASSERA,VICOLO DI S. PASSERA,,,Scontro frontale/laterale DX fra veicoli in marcia,Incrocio,Una carreggiata a doppio senso,Asciutto,Asfaltata,Orizzontale,Sereno,Intenso,Buona,Ore Diurne,1,0,0,1,12.4196,41.8317,-1,1,Autovettura privata,In marcia / fermata / arresto,Conducente,M,Illeso,0,,Utilizzato,,
3990805,15,15/09/2018 18:50:00,Strada Urbana,VIA DELLA MAGLIANA,all'intersezione con,VICOLO DI S. PASSERA,VICOLO DI S. PASSERA,,,Scontro frontale/laterale DX fra veicoli in marcia,Incrocio,Una carreggiata a doppio senso,Asciutto,Asfaltata,Orizzontale,Sereno,Intenso,Buona,Ore Diurne,1,0,0,1,12.4196,41.8317,-1,2,Motociclo a solo,In marcia / fermata / arresto,Conducente,M,Rimandato,0,NON DECEDUTO,Utilizzato,,
3990810,10,16/09/2018 16:50:00,Strada Urbana,VIA QUINTILIO VARO,all'intersezione con,VIA SESTIO CALVINO,VIA SESTIO CALVINO,,,Scontro frontale/laterale DX fra veicoli in marcia,Incrocio,Una carreggiata a senso unico di marcia,Asciutto,Asfaltata,Verticale ed orizzontale,Sereno,Normale,Buona,Ore Diurne,0,0,0,3,12.5651,41.8536,-1,1,Autovettura privata,In marcia / fermata / arresto,Conducente,M,Illeso,0,,Non accertato,Inesploso,
3990810,10,16/09/2018 16:50:00,Strada Urbana,VIA QUINTILIO VARO,all'intersezione con,VIA SESTIO CALVINO,VIA SESTIO CALVINO,,,Scontro frontale/laterale DX fra veicoli in marcia,Incrocio,Una carreggiata a senso unico di marcia,Asciutto,Asfaltata,Verticale ed orizzontale,Sereno,Normale,Buona,Ore Diurne,0,0,0,3,12.5651,41.8536,-1,2,Autovettura privata,In marcia / fermata / arresto,Conducente,M,Illeso,0,,Non accertato,Inesploso,
3990810,10,16/09/2018 16:50:00,Strada Urbana,VIA QUINTILIO VARO,all'intersezione con,VIA SESTIO CALVINO,VIA SESTIO CALVINO,,,Scontro frontale/laterale DX fra veicoli in marcia,Incrocio,Una carreggiata a senso unico di marcia,Asciutto,Asfaltata,Verticale ed orizzontale,Sereno,Normale,Buona,Ore Diurne,0,0,0,3,12.5651,41.8536,-1,2,Autovettura privata,In marcia / fermata / arresto,Passeggero,F,Illeso,0,,Non accertato,Inesploso,
3990823,7,14/09/2018 10:15:00,Strada Urbana,VIA DEI CASTANI,in corrispondenza,,del civico n.,112,,Veicolo in marcia contro veicolo in sosta,Rettilineo,Una carreggiata a doppio senso,Asciutto,Asfaltata,Verticale ed orizzontale,Sereno,Normale,Sufficiente,Ore Diurne,0,0,0,1,12.5669,41.8834,-1,3,Autobus di linea,In marcia / fermata / arresto,Conducente,M,Illeso,0,,Non accertato,Inesploso,
3990843,15,15/09/2018 19:50:00,Strada Urbana,VIA PORTUENSE,all'intersezione semaforizzata con,LARGO GAETANO LA LOGGIA,LARGO GAETANO LA LOGGIA,,,Scontro laterale fra veicoli in marcia,Incrocio,Due carreggiate,Asciutto,Asfaltata,Verticale ed orizzontale,Sereno,Scarso,Buona,Sufficiente,0,0,0,4,12.414,41.847,-1,1,Autovettura privata,In marcia / fermata / arresto,Conducente,M,Illeso,0,,Utilizzato,Inesploso,
3990843,15,15/09/2018 19:50:00,Strada Urbana,VIA PORTUENSE,all'intersezione semaforizzata con,LARGO GAETANO LA LOGGIA,LARGO GAETANO LA LOGGIA,,,Scontro laterale fra veicoli in marcia,Incrocio,Due carreggiate,Asciutto,Asfaltata,Verticale ed orizzontale,Sereno,Scarso,Buona,Sufficiente,0,0,0,4,12.414,41.847,-1,1,Autovettura privata,In marcia / fermata / arresto,Passeggero,F,Illeso,0,,Non accertato,Inesploso,
3990843,15,15/09/2018 19:50:00,Strada Urbana,VIA PORTUENSE,all'intersezione semaforizzata con,LARGO GAETANO LA LOGGIA,LARGO GAETANO LA LOGGIA,,,Scontro laterale fra veicoli in marcia,Incrocio,Due carreggiate,Asciutto,Asfaltata,Verticale ed orizzontale,Sereno,Scarso,Buona,Sufficiente,0,0,0,4,12.414,41.847,-1,2,Autovettura privata,In marcia / fermata / arresto,Conducente,M,Illeso,0,,Utilizzato,Inesploso,
3990843,15,15/09/2018 19:50:00,Strada Urbana,VIA PORTUENSE,all'intersezione semaforizzata con,LARGO GAETANO LA LOGGIA,LARGO GAETANO LA LOGGIA,,,Scontro laterale fra veicoli in marcia,Incrocio,Due carreggiate,Asciutto,Asfaltata,Verticale ed orizzontale,Sereno,Scarso,Buona,Sufficiente,0,0,0,4,12.414,41.847,-1,2,Autovettura privata,In marcia / fermata / arresto,Passeggero,F,Illeso,0,,Utilizzato,Inesploso,
3990850,15,16/09/2018 14:20:00,Strada Urbana,VIA DELLA MAGLIANA NUOVA,all'intersezione semaforizzata con,VIA GUIDO MIGLIOLI,VIA GUIDO MIGLIOLI,,,Tamponamento,Intersezione semaforizzata,Una carreggiata a doppio senso,Asciutto,Asfaltata,Verticale ed orizzontale,Sereno,Scarso,Buona,Ore Diurne,1,0,0,2,12.4567,41.8494,-1,1,Autovettura privata,In marcia / fermata / arresto,Conducente,M,Illeso,0,,Utilizzato,Inesploso,
3990850,15,16/09/2018 14:20:00,Strada Urbana,VIA DELLA MAGLIANA NUOVA,all'intersezione semaforizzata con,VIA GUIDO MIGLIOLI,VIA GUIDO MIGLIOLI,,,Tamponamento,Intersezione semaforizzata,Una carreggiata a doppio senso,Asciutto,Asfaltata,Verticale ed orizzontale,Sereno,Scarso,Buona,Ore Diurne,1,0,0,2,12.4567,41.8494,-1,2,Autovettura privata,In marcia / fermata / arresto,Conducente,M,Illeso,0,,Utilizzato,Inesploso,
3990850,15,16/09/2018 14:20:00,Strada Urbana,VIA DELLA MAGLIANA NUOVA,all'intersezione semaforizzata con,VIA GUIDO MIGLIOLI,VIA GUIDO MIGLIOLI,,,Tamponamento,Intersezione semaforizzata,Una carreggiata a doppio senso,Asciutto,Asfaltata,Verticale ed orizzontale,Sereno,Scarso,Buona,Ore Diurne,1,0,0,2,12.4567,41.8494,-1,2,Autovettura privata,In marcia / fermata / arresto,Passeggero,M,Rimandato,0,NON DECEDUTO,Utilizzato,Inesploso,
3990885,12,16/09/2018 17:10:00,Regionale,VIA PONTINA,in prossimit�,,della chilometrica,25.7,,Veicolo in marcia contro veicolo arresto,Pendenza,Due carreggiate,Asciutto,Asfaltata,Verticale ed orizzontale,Sereno,Intenso,Buona,Ore Diurne,0,0,0,4,12.7972,41.5094,-1,1,Autovettura privata,In marcia / fermata / arresto,Conducente,M,Illeso,0,,Non accertato,Inesploso,
3990885,12,16/09/2018 17:10:00,Regionale,VIA PONTINA,in prossimit�,,della chilometrica,25.7,,Veicolo in marcia contro veicolo arresto,Pendenza,Due carreggiate,Asciutto,Asfaltata,Verticale ed orizzontale,Sereno,Intenso,Buona,Ore Diurne,0,0,0,4,12.7972,41.5094,-1,1,Autovettura privata,In marcia / fermata / arresto,Passeggero,F,Illeso,0,,Non accertato,Inesploso,
3990885,12,16/09/2018 17:10:00,Regionale,VIA PONTINA,in prossimit�,,della chilometrica,25.7,,Veicolo in marcia contro veicolo arresto,Pendenza,Due carreggiate,Asciutto,Asfaltata,Verticale ed orizzontale,Sereno,Intenso,Buona,Ore Diurne,0,0,0,4,12.7972,41.5094,-1,2,Motociclo con passeggero,In marcia / fermata / arresto,Conducente,M,Illeso,0,,Non accertato,,
3990885,12,16/09/2018 17:10:00,Regionale,VIA PONTINA,in prossimit�,,della chilometrica,25.7,,Veicolo in marcia contro veicolo arresto,Pendenza,Due carreggiate,Asciutto,Asfaltata,Verticale ed orizzontale,Sereno,Intenso,Buona,Ore Diurne,0,0,0,4,12.7972,41.5094,-1,2,Motociclo con passeggero,In marcia / fermata / arresto,Passeggero,F,Illeso,0,,Non accertato,,
3991060,9,14/09/2018 10:50:00,Regionale,VIA ROCCA DI PAPA,all'intersezione con,VIA GENZANO,VIA GENZANO,,,Scontro frontale/laterale DX fra veicoli in marcia,Incrocio,Una carreggiata a doppio senso,Asciutto,Asfaltata,Verticale ed orizzontale,Sereno,Normale,Buona,Ore Diurne,0,0,0,3,12.535,41.8693,-1,1,Autovettura di polizia,In marcia / fermata / arresto,Conducente,M,Illeso,0,,Non accertato,Inesploso,
3991060,9,14/09/2018 10:50:00,Regionale,VIA ROCCA DI PAPA,all'intersezione con,VIA GENZANO,VIA GENZANO,,,Scontro frontale/laterale DX fra veicoli in marcia,Incrocio,Una carreggiata a doppio senso,Asciutto,Asfaltata,Verticale ed orizzontale,Sereno,Normale,Buona,Ore Diurne,0,0,0,3,12.535,41.8693,-1,1,Autovettura di polizia,In marcia / fermata / arresto,Passeggero,M,Illeso,0,,Non accertato,Inesploso,
3991060,9,14/09/2018 10:50:00,Regionale,VIA ROCCA DI PAPA,all'intersezione con,VIA GENZANO,VIA GENZANO,,,Scontro frontale/laterale DX fra veicoli in marcia,Incrocio,Una carreggiata a doppio senso,Asciutto,Asfaltata,Verticale ed orizzontale,Sereno,Normale,Buona,Ore Diurne,0,0,0,3,12.535,41.8693,-1,2,Autovettura privata,In marcia / fermata / arresto,Conducente,M,Illeso,0,,Non accertato,Inesploso,