Protocollo,Gruppo,DataOraIncidente,Localizzazione1,STRADA1,Localizzazione2,STRADA2,Strada02,Chilometrica,DaSpecificare,NaturaIncidente,particolaritastrade,TipoStrada,FondoStradale,Pavimentazione,Segnaletica,CondizioneAtmosferica,Traffico,Visibilita,Illuminazione,NUM_FERITI,NUM_RISERVATA,NUM_MORTI,NUM_ILLESI,Longitudine,Latitudine,Confermato,Progressivo,TipoVeicolo,StatoVeicolo,TipoPersona,Sesso,Tipolesione,Deceduto,DecedutoDopo,CinturaCascoUtilizzato,Airbag,
3991062,9,14/09/2018 15:00:00,Strada Urbana,LARGO MAGNAGRECIA,in prossimit�,,del civico n.,26,,Scontro frontale fra veicoli in marcia,Rettilineo,Una carreggiata a doppio senso,Asciutto,Asfaltata,Verticale ed orizzontale,Sereno,Normale,Buona,Ore Diurne,1,0,0,2,12.5089,41.8839,-1,1,Autovettura privata,In marcia / fermata / arresto,Conducente,M,Illeso,0,,Non accertato,Inesploso,
3991062,9,14/09/2018 15:00:00,Strada Urbana,LARGO MAGNAGRECIA,in prossimit�,,del civico n.,26,,Scontro frontale fra veicoli in marcia,Rettilineo,Una carreggiata a doppio senso,Asciutto,Asfaltata,Verticale ed orizzontale,Sereno,Normale,Buona,Ore Diurne,1,0,0,2,12.5089,41.8839,-1,1,Autovettura privata,In marcia / fermata / arresto,Passeggero,M,Illeso,0,,Non accertato,Inesploso,
3991062,9,14/09/2018 15:00:00,Strada Urbana,LARGO MAGNAGRECIA,in prossimit�,,del civico n.,26,,Scontro frontale fra veicoli in marcia,Rettilineo,Una carreggiata a doppio senso,Asciutto,Asfaltata,Verticale ed orizzontale,Sereno,Normale,Buona,Ore Diurne,1,0,0,2,12.5089,41.8839,-1,2,Ciclomotore,In marcia / fermata / arresto,Conducente,M,Rimandato,0,NON DECEDUTO,Non accertato,,
3991064,9,14/09/2018 17:30:00,Strada Urbana,LARGO PIETRO TACCHI VENTURI,da specificare,,,,fronte prossimit� civico 5,Scontro frontale fra veicoli in marcia,Rettilineo,Due carreggiate,Asciutto,Asfaltata,Verticale ed orizzontale,Sereno,Normale,Buona,Ore Diurne,0,0,0,4,12.5258,41.8673,-1,1,Autovettura privata,In marcia / fermata / arresto,Conducente,F,Illeso,0,,Non accertato,Inesploso,
3991064,9,14/09/2018 17:30:00,Strada Urbana,LARGO PIETRO TACCHI VENTURI,da specificare,,,,fronte prossimit� civico 5,Scontro frontale fra veicoli in marcia,Rettilineo,Due carreggiate,Asciutto,Asfaltata,Verticale ed orizzontale,Sereno,Normale,Buona,Ore Diurne,0,0,0,4,12.5258,41.8673,-1,1,Autovettura privata,In marcia / fermata / arresto,Passeggero,F,Illeso,0,,Non accertato,Inesploso,
3991064,9,14/09/2018 17:30:00,Strada Urbana,LARGO PIETRO TACCHI VENTURI,da specificare,,,,fronte prossimit� civico 5,Scontro frontale fra veicoli in marcia,Rettilineo,Due carreggiate,Asciutto,Asfaltata,Verticale ed orizzontale,Sereno,Normale,Buona,Ore Diurne,0,0,0,4,12.5258,41.8673,-1,1,Autovettura privata,In marcia / fermata / arresto,Passeggero,M,Illeso,0,,Non accertato,Inesploso,
3991064,9,14/09/2018 17:30:00,Strada Urbana,LARGO PIETRO TACCHI VENTURI,da specificare,,,,fronte prossimit� civico 5,Scontro frontale fra veicoli in marcia,Rettilineo,Due carreggiate,Asciutto,Asfaltata,Verticale ed orizzontale,Sereno,Normale,Buona,Ore Diurne,0,0,0,4,12.5258,41.8673,-1,2,Autovettura privata,In marcia / fermata / arresto,Conducente,F,Illeso,0,,Non accertato,Inesploso,
3991197,9,14/09/2018 18:05:00,Strada Urbana,VIA ROCCA DI PAPA,all'intersezione con,VIA GENZANO,VIA GENZANO,,,Scontro frontale/laterale DX fra veicoli in marcia,Incrocio,Una carreggiata a doppio senso,Asciutto,Asfaltata,Verticale ed orizzontale,Sereno,Normale,Buona,Ore Diurne,1,0,0,2,12.535,41.8693,-1,1,Autovettura privata,In marcia / fermata / arresto,Conducente,M,Illeso,0,,Non accertato,Inesploso,
3991197,9,14/09/2018 18:05:00,Strada Urbana,VIA ROCCA DI PAPA,all'intersezione con,VIA GENZANO,VIA GENZANO,,,Scontro frontale/laterale DX fra veicoli in marcia,Incrocio,Una carreggiata a doppio senso,Asciutto,Asfaltata,Verticale ed orizzontale,Sereno,Normale,Buona,Ore Diurne,1,0,0,2,12.535,41.8693,-1,1,Autovettura privata,In marcia / fermata / arresto,Passeggero,M,Illeso,0,,Non accertato,Inesploso,
3991197,9,14/09/2018 18:05:00,Strada Urbana,VIA ROCCA DI PAPA,all'intersezione con,VIA GENZANO,VIA GENZANO,,,Scontro frontale/laterale DX fra veicoli in marcia,Incrocio,Una carreggiata a doppio senso,Asciutto,Asfaltata,Verticale ed orizzontale,Sereno,Normale,Buona,Ore Diurne,1,0,0,2,12.535,41.8693,-1,2,Motociclo a solo,In marcia / fermata / arresto,Conducente,M,Rimandato,0,NON DECEDUTO,Non accertato,,
3991198,9,15/09/2018 08:00:00,Strada Urbana,VIA TUSCOLANA,in corrispondenza,,del civico n.,208,,Scontro laterale fra veicoli in marcia,Rettilineo,Una carreggiata a doppio senso,Asciutto,Asfaltata,Verticale ed orizzontale,Sereno,Normale,Buona,Ore Diurne,0,0,0,2,12.5218,41.8792,-1,1,Autovettura privata,In marcia / fermata / arresto,Conducente,M,Illeso,0,,Non accertato,Inesploso,
3991198,9,15/09/2018 08:00:00,Strada Urbana,VIA TUSCOLANA,in corrispondenza,,del civico n.,208,,Scontro laterale fra veicoli in marcia,Rettilineo,Una carreggiata a doppio senso,Asciutto,Asfaltata,Verticale ed orizzontale,Sereno,Normale,Buona,Ore Diurne,0,0,0,2,12.5218,41.8792,-1,2,Autovettura privata,In marcia / fermata / arresto,Conducente,F,Illeso,0,,Non accertato,Inesploso,
3991200,9,15/09/2018 12:20:00,Strada Urbana,PIAZZA DI S. MARIA AUSILIATRICE,in prossimit�,,del civico n.,55,,Scontro laterale fra veicoli in marcia,Rettilineo,Due carreggiate,Asciutto,Asfaltata,Verticale ed orizzontale,Sereno,Intenso,Buona,Ore Diurne,1,0,0,2,12.5282,41.873,-1,1,Autovettura privata,In marcia / fermata / arresto,Conducente,M,Illeso,0,,Non accertato,Inesploso,
3991200,9,15/09/2018 12:20:00,Strada Urbana,PIAZZA DI S. MARIA AUSILIATRICE,in prossimit�,,del civico n.,55,,Scontro laterale fra veicoli in marcia,Rettilineo,Due carreggiate,Asciutto,Asfaltata,Verticale ed orizzontale,Sereno,Intenso,Buona,Ore Diurne,1,0,0,2,12.5282,41.873,-1,2,Ciclomotore con passeggero,In marcia / fermata / arresto,Conducente,M,Illeso,0,,Non accertato,,
3991200,9,15/09/2018 12:20:00,Strada Urbana,PIAZZA DI S. MARIA AUSILIATRICE,in prossimit�,,del civico n.,55,,Scontro laterale fra veicoli in marcia,Rettilineo,Due carreggiate,Asciutto,Asfaltata,Verticale ed orizzontale,Sereno,Intenso,Buona,Ore Diurne,1,0,0,2,12.5282,41.873,-1,2,Ciclomotore con passeggero,In marcia / fermata / arresto,Passeggero,F,Rimandato,0,NON DECEDUTO,Non accertato,,
3991201,9,16/09/2018 04:20:00,Strada Urbana,PIAZZA DELL'ALBERONE,da specificare,,,,fronte PIAZZA FINOCCHIARO APRILE,Scontro frontale/laterale DX fra veicoli in marcia,Rettilineo,Pi� di due carreggiate,Asciutto,Asfaltata,Verticale ed orizzontale,Sereno,Scarso,Sufficiente,Sufficiente,1,0,0,1,12.5212,41.8763,-1,1,Autovettura privata,In marcia / fermata / arresto,Conducente,M,Illeso,0,,Non accertato,Inesploso,
3991201,9,16/09/2018 04:20:00,Strada Urbana,PIAZZA DELL'ALBERONE,da specificare,,,,fronte PIAZZA FINOCCHIARO APRILE,Scontro frontale/laterale DX fra veicoli in marcia,Rettilineo,Pi� di due carreggiate,Asciutto,Asfaltata,Verticale ed orizzontale,Sereno,Scarso,Sufficiente,Sufficiente,1,0,0,1,12.5212,41.8763,-1,2,Autovettura privata,In marcia / fermata / arresto,Conducente,M,Rimandato,0,NON DECEDUTO,Non accertato,Inesploso,
3991202,9,16/09/2018 11:20:00,Strada Urbana,VIA ETRURIA,in prossimit�,,del civico n.,42,,Investimento di pedone,Rettilineo,Una carreggiata a senso unico di marcia,Asciutto,Asfaltata,Verticale ed orizzontale,Sereno,Normale,Buona,Ore Diurne,0,1,0,2,12.5119,41.8794,-1,,,,Pedone,F,Prognosi riservata,0,NON DECEDUTO,,,
3991202,9,16/09/2018 11:20:00,Strada Urbana,VIA ETRURIA,in prossimit�,,del civico n.,42,,Investimento di pedone,Rettilineo,Una carreggiata a senso unico di marcia,Asciutto,Asfaltata,Verticale ed orizzontale,Sereno,Normale,Buona,Ore Diurne,0,1,0,2,12.5119,41.8794,-1,1,Autovettura privata,In marcia / fermata / arresto,Conducente,M,Illeso,0,,Non accertato,Inesploso,
3991202,9,16/09/2018 11:20:00,Strada Urbana,VIA ETRURIA,in prossimit�,,del civico n.,42,,Investimento di pedone,Rettilineo,Una carreggiata a senso unico di marcia,Asciutto,Asfaltata,Verticale ed orizzontale,Sereno,Normale,Buona,Ore Diurne,0,1,0,2,12.5119,41.8794,-1,1,Autovettura privata,In marcia / fermata / arresto,Passeggero,F,Illeso,0,,Non accertato,Inesploso,
3991210,9,15/09/2018 20:45:00,Strada Urbana,VIA GALLIA,all'intersezione semaforizzata con,VIA LICIA,VIA LICIA,,,Scontro frontale/laterale DX fra veicoli in marcia,Incrocio,Una carreggiata a doppio senso,Asciutto,Asfaltata,Verticale ed orizzontale,Nuvoloso,Normale,Sufficiente,Sufficiente,1,0,0,2,12.5029,41.8812,-1,1,Motociclo a solo,In marcia / fermata / arresto,Conducente,M,Rimandato,0,NON DECEDUTO,Utilizzato,,
3991210,9,15/09/2018 20:45:00,Strada Urbana,VIA GALLIA,all'intersezione semaforizzata con,VIA LICIA,VIA LICIA,,,Scontro frontale/laterale DX fra veicoli in marcia,Incrocio,Una carreggiata a doppio senso,Asciutto,Asfaltata,Verticale ed orizzontale,Nuvoloso,Normale,Sufficiente,Sufficiente,1,0,0,2,12.5029,41.8812,-1,2,Autovettura privata,In marcia / fermata / arresto,Conducente,M,Illeso,0,,Non accertato,Inesploso,
3991210,9,15/09/2018 20:45:00,Strada Urbana,VIA GALLIA,all'intersezione semaforizzata con,VIA LICIA,VIA LICIA,,,Scontro frontale/laterale DX fra veicoli in marcia,Incrocio,Una carreggiata a doppio senso,Asciutto,Asfaltata,Verticale ed orizzontale,Nuvoloso,Normale,Sufficiente,Sufficiente,1,0,0,2,12.5029,41.8812,-1,2,Autovettura privata,In marcia / fermata / arresto,Passeggero,F,Illeso,0,,Non accertato,Inesploso,
3991234,11,15/09/2018 22:30:00,Strada Urbana,VIALE LEONARDO DA VINCI,in prossimit�,,del palo luce n.,18,,Investimento di pedone,Rettilineo,Due carreggiate,Asciutto,Asfaltata,Verticale ed orizzontale,Sereno,Scarso,Buona,Sufficiente,1,0,0,3,12.4805,41.8558,-1,,,,Pedone,M,Rimandato,0,NON DECEDUTO,,,
3991234,11,15/09/2018 22:30:00,Strada Urbana,VIALE LEONARDO DA VINCI,in prossimit�,,del palo luce n.,18,,Investimento di pedone,Rettilineo,Due carreggiate,Asciutto,Asfaltata,Verticale ed orizzontale,Sereno,Scarso,Buona,Sufficiente,1,0,0,3,12.4805,41.8558,-1,1,Autovettura privata,In marcia / fermata / arresto,Conducente,M,Illeso,0,,Non accertato,,
3991234,11,15/09/2018 22:30:00,Strada Urbana,VIALE LEONARDO DA VINCI,in prossimit�,,del palo luce n.,18,,Investimento di pedone,Rettilineo,Due carreggiate,Asciutto,Asfaltata,Verticale ed orizzontale,Sereno,Scarso,Buona,Sufficiente,1,0,0,3,12.4805,41.8558,-1,1,Autovettura privata,In marcia / fermata / arresto,Passeggero,F,Illeso,0,,Non accertato,,
3991234,11,15/09/2018 22:30:00,Strada Urbana,VIALE LEONARDO DA VINCI,in prossimit�,,del palo luce n.,18,,Investimento di pedone,Rettilineo,Due carreggiate,Asciutto,Asfaltata,Verticale ed orizzontale,Sereno,Scarso,Buona,Sufficiente,1,0,0,3,12.4805,41.8558,-1,1,Autovettura privata,In marcia / fermata / arresto,Passeggero,M,Illeso,0,,Non accertato,,
3991255,5,16/09/2018 02:45:00,Strada Urbana,VIA NOMENTANA,all'intersezione con,VIA DEL CASALE DI S. BASILIO,VIA DEL CASALE DI S. BASILIO,,,Scontro frontale fra veicoli in marcia,Intersezione semaforizzata,Una carreggiata a doppio senso,Asciutto,Asfaltata,Verticale ed orizzontale,Sereno,Scarso,Sufficiente,Sufficiente,1,0,1,2,12.5659,41.9465,0,1,Autovettura privata,In marcia / fermata / arresto,Conducente,M,Illeso,0,,Non accertato,,
3991255,5,16/09/2018 02:45:00,Strada Urbana,VIA NOMENTANA,all'intersezione con,VIA DEL CASALE DI S. BASILIO,VIA DEL CASALE DI S. BASILIO,,,Scontro frontale fra veicoli in marcia,Intersezione semaforizzata,Una carreggiata a doppio senso,Asciutto,Asfaltata,Verticale ed orizzontale,Sereno,Scarso,Sufficiente,Sufficiente,1,0,1,2,12.5659,41.9465,0,1,Autovettura privata,In marcia / fermata / arresto,Passeggero,M,Illeso,0,,Non accertato,,
3991255,5,16/09/2018 02:45:00,Strada Urbana,VIA NOMENTANA,all'intersezione con,VIA DEL CASALE DI S. BASILIO,VIA DEL CASALE DI S. BASILIO,,,Scontro frontale fra veicoli in marcia,Intersezione semaforizzata,Una carreggiata a doppio senso,Asciutto,Asfaltata,Verticale ed orizzontale,Sereno,Scarso,Sufficiente,Sufficiente,1,0,1,2,12.5659,41.9465,0,2,Motociclo con passeggero,In marcia / fermata / arresto,Conducente,M,Rimandato,0,NON DECEDUTO,,,
3991255,5,16/09/2018 02:45:00,Strada Urbana,VIA NOMENTANA,all'intersezione con,VIA DEL CASALE DI S. BASILIO,VIA DEL CASALE DI S. BASILIO,,,Scontro frontale fra veicoli in marcia,Intersezione semaforizzata,Una carreggiata a doppio senso,Asciutto,Asfaltata,Verticale ed orizzontale,Sereno,Scarso,Sufficiente,Sufficiente,1,0,1,2,12.5659,41.9465,0,2,Motociclo con passeggero,In marcia / fermata / arresto,Passeggero,F,Deceduto durante prime cure,-1,,Non accertato,,
3991262,11,15/09/2018 17:00:00,Strada Urbana,PIAZZALE DEI CADUTI DELLA MONTAGNOLA,all'intersezione con,VIA FRANCESCO ACRI,VIA FRANCESCO ACRI,,,Investimento di pedone,Incrocio,Due carreggiate,Asciutto,Asfaltata,Verticale ed orizzontale,Sereno,Normale,Buona,Ore Diurne,1,0,0,1,12.4842,41.8448,-1,,,,Pedone,M,Rimandato,0,NON DECEDUTO,,,
3991262,11,15/09/2018 17:00:00,Strada Urbana,PIAZZALE DEI CADUTI DELLA MONTAGNOLA,all'intersezione con,VIA FRANCESCO ACRI,VIA FRANCESCO ACRI,,,Investimento di pedone,Incrocio,Due carreggiate,Asciutto,Asfaltata,Verticale ed orizzontale,Sereno,Normale,Buona,Ore Diurne,1,0,0,1,12.4842,41.8448,-1,1,Autovettura privata,In marcia / fermata / arresto,Conducente,M,Illeso,0,,Non accertato,,
3991265,19,15/09/2018 17:05:00,Strada Urbana,VIA DI CASAL DEL MARMO,all'intersezione con,VIA ANTONIO PANIZZI,VIA ANTONIO PANIZZI,,,Scontro laterale fra veicoli in marcia,Incrocio,Una carreggiata a doppio senso,Asciutto,Asfaltata,Verticale ed orizzontale,Sereno,Normale,Buona,Ore Diurne,1,0,0,3,12.4009,41.9569,-1,1,Autovettura privata,In marcia / fermata / arresto,Conducente,F,Rifiuta cure immediate,0,NON DECEDUTO,,,
3991265,19,15/09/2018 17:05:00,Strada Urbana,VIA DI CASAL DEL MARMO,all'intersezione con,VIA ANTONIO PANIZZI,VIA ANTONIO PANIZZI,,,Scontro laterale fra veicoli in marcia,Incrocio,Una carreggiata a doppio senso,Asciutto,Asfaltata,Verticale ed orizzontale,Sereno,Normale,Buona,Ore Diurne,1,0,0,3,12.4009,41.9569,-1,1,Autovettura privata,In marcia / fermata / arresto,Passeggero,M,Illeso,0,,,,
3991265,19,15/09/2018 17:05:00,Strada Urbana,VIA DI CASAL DEL MARMO,all'intersezione con,VIA ANTONIO PANIZZI,VIA ANTONIO PANIZZI,,,Scontro laterale fra veicoli in marcia,Incrocio,Una carreggiata a doppio senso,Asciutto,Asfaltata,Verticale ed orizzontale,Sereno,Normale,Buona,Ore Diurne,1,0,0,3,12.4009,41.9569,-1,1,Autovettura privata,In marcia / fermata / arresto,Passeggero,M,Illeso,0,,,,
3991265,19,15/09/2018 17:05:00,Strada Urbana,VIA DI CASAL DEL MARMO,all'intersezione con,VIA ANTONIO PANIZZI,VIA ANTONIO PANIZZI,,,Scontro laterale fra veicoli in marcia,Incrocio,Una carreggiata a doppio senso,Asciutto,Asfaltata,Verticale ed orizzontale,Sereno,Normale,Buona,Ore Diurne,1,0,0,3,12.4009,41.9569,-1,1,Autovettura privata,In marcia / fermata / arresto,Passeggero,M,Illeso,0,,Utilizzato,,
3991269,11,15/09/2018 07:50:00,Strada Urbana,VIA CRISTOFORO COLOMBO,all'intersezione semaforizzata con,VIA CESARE FEDERICI,VIA CESARE FEDERICI,,,Scontro frontale/laterale DX fra veicoli in marcia,Intersezione semaforizzata,Pi� di due carreggiate,Asciutto,Asfaltata,Verticale ed orizzontale,Sereno,Scarso,Buona,Ore Diurne,2,0,0,2,12.4977,41.8638,-1,1,Autovettura privata,In marcia / fermata / arresto,Conducente,M,Rifiuta cure immediate,0,NON DECEDUTO,,Esploso,
3991269,11,15/09/2018 07:50:00,Strada Urbana,VIA CRISTOFORO COLOMBO,all'intersezione semaforizzata con,VIA CESARE FEDERICI,VIA CESARE FEDERICI,,,Scontro frontale/laterale DX fra veicoli in marcia,Intersezione semaforizzata,Pi� di due carreggiate,Asciutto,Asfaltata,Verticale ed orizzontale,Sereno,Scarso,Buona,Ore Diurne,2,0,0,2,12.4977,41.8638,-1,1,Autovettura privata,In marcia / fermata / arresto,Passeggero,M,Illeso,0,,Utilizzato,,
3991269,11,15/09/2018 07:50:00,Strada Urbana,VIA CRISTOFORO COLOMBO,all'intersezione semaforizzata con,VIA CESARE FEDERICI,VIA CESARE FEDERICI,,,Scontro frontale/laterale DX fra veicoli in marcia,Intersezione semaforizzata,Pi� di due carreggiate,Asciutto,Asfaltata,Verticale ed orizzontale,Sereno,Scarso,Buona,Ore Diurne,2,0,0,2,12.4977,41.8638,-1,1,Autovettura privata,In marcia / fermata / arresto,Passeggero,M,Illeso,0,,Utilizzato,,
3991269,11,15/09/2018 07:50:00,Strada Urbana,VIA CRISTOFORO COLOMBO,all'intersezione semaforizzata con,VIA CESARE FEDERICI,VIA CESARE FEDERICI,,,Scontro frontale/laterale DX fra veicoli in marcia,Intersezione semaforizzata,Pi� di due carreggiate,Asciutto,Asfaltata,Verticale ed orizzontale,Sereno,Scarso,Buona,Ore Diurne,2,0,0,2,12.4977,41.8638,-1,2,Autovettura privata,In marcia / fermata / arresto,Conducente,M,Rimandato,0,NON DECEDUTO,,,
3991273,6,16/09/2018 15:00:00,Strada Urbana,VIA PRENESTINA,all'intersezione semaforizzata con,VIALE RONCHI,VIALE RONCHI,,,Scontro frontale/laterale SX fra veicoli in marcia,Intersezione semaforizzata,Pi� di due carreggiate,Asciutto,Asfaltata,Verticale ed orizzontale,Sereno,Scarso,Buona,Ore Diurne,0,0,0,3,12.5495,41.8937,-1,1,Autovettura privata,In marcia / fermata / arresto,Conducente,M,Illeso,0,,,,
3991273,6,16/09/2018 15:00:00,Strada Urbana,VIA PRENESTINA,all'intersezione semaforizzata con,VIALE RONCHI,VIALE RONCHI,,,Scontro frontale/laterale SX fra veicoli in marcia,Intersezione semaforizzata,Pi� di due carreggiate,Asciutto,Asfaltata,Verticale ed orizzontale,Sereno,Scarso,Buona,Ore Diurne,0,0,0,3,12.5495,41.8937,-1,1,Autovettura privata,In marcia / fermata / arresto,Passeggero,M,Illeso,0,,,,
3991273,6,16/09/2018 15:00:00,Strada Urbana,VIA PRENESTINA,all'intersezione semaforizzata con,VIALE RONCHI,VIALE RONCHI,,,Scontro frontale/laterale SX fra veicoli in marcia,Intersezione semaforizzata,Pi� di due carreggiate,Asciutto,Asfaltata,Verticale ed orizzontale,Sereno,Scarso,Buona,Ore Diurne,0,0,0,3,12.5495,41.8937,-1,2,Autovettura privata,In marcia / fermata / arresto,Conducente,M,Illeso,0,,,,
3991279,12,05/09/2018 11:30:00,Strada Urbana,VIA LAURENTINA,all'intersezione semaforizzata con,VIA DEI CORAZZIERI,VIA DEI CORAZZIERI,,,Tamponamento,Intersezione semaforizzata,Due carreggiate,Asciutto,Asfaltata,Verticale ed orizzontale,Sereno,Normale,Buona,Ore Diurne,0,0,0,2,12.4798,41.8225,-1,1,Autovettura privata,In marcia / fermata / arresto,Conducente,M,Illeso,0,,Utilizzato,Inesploso,
3991279,12,05/09/2018 11:30:00,Strada Urbana,VIA LAURENTINA,all'intersezione semaforizzata con,VIA DEI CORAZZIERI,VIA DEI CORAZZIERI,,,Tamponamento,Intersezione semaforizzata,Due carreggiate,Asciutto,Asfaltata,Verticale ed orizzontale,Sereno,Normale,Buona,Ore Diurne,0,0,0,2,12.4798,41.8225,-1,2,Autovettura privata,In marcia / fermata / arresto,Conducente,M,Illeso,0,,Utilizzato,Inesploso,
3991283,15,16/09/2018 11:25:00,,VIA DELLA PISANA,all'intersezione con,VIA SAMUGHEO,VIA SAMUGHEO,,,Tamponamento,,,,,,,,,,0,0,0,2,12.389,41.8577,0,1,Autovettura privata,In marcia / fermata / arresto,Conducente,M,Illeso,0,,,,
3991283,15,16/09/2018 11:25:00,,VIA DELLA PISANA,all'intersezione con,VIA SAMUGHEO,VIA SAMUGHEO,,,Tamponamento,,,,,,,,,,0,0,0,2,12.389,41.8577,0,2,Autovettura privata,In marcia / fermata / arresto,Conducente,M,Illeso,0,,,,
3991285,20,16/09/2018 20:25:00,Strada Urbana,LUNGOTEVERE MARESCIALLO DIAZ,all'intersezione semaforizzata con,VIALE DEL MINISTERO DEGLI AFFARI ESTERI,VIALE DEL MINISTERO DEGLI AFFARI ESTERI,,,Scontro frontale/laterale DX fra veicoli in marcia,Incrocio,Due carreggiate,Asciutto,Asfaltata,Verticale ed orizzontale,Sereno,Normale,Buona,Sufficiente,2,0,0,1,12.4618,41.934,-1,1,Autovettura privata,In marcia / fermata / arresto,Conducente,F,Illeso,0,,,,
3991285,20,16/09/2018 20:25:00,Strada Urbana,LUNGOTEVERE MARESCIALLO DIAZ,all'intersezione semaforizzata con,VIALE DEL MINISTERO DEGLI AFFARI ESTERI,VIALE DEL MINISTERO DEGLI AFFARI ESTERI,,,Scontro frontale/laterale DX fra veicoli in marcia,Incrocio,Due carreggiate,Asciutto,Asfaltata,Verticale ed orizzontale,Sereno,Normale,Buona,Sufficiente,2,0,0,1,12.4618,41.934,-1,2,Motociclo con passeggero,In marcia / fermata / arresto,Conducente,F,Rifiuta cure immediate,0,NON DECEDUTO,,,
3991285,20,16/09/2018 20:25:00,Strada Urbana,LUNGOTEVERE MARESCIALLO DIAZ,all'intersezione semaforizzata con,VIALE DEL MINISTERO DEGLI AFFARI ESTERI,VIALE DEL MINISTERO DEGLI AFFARI ESTERI,,,Scontro frontale/laterale DX fra veicoli in marcia,Incrocio,Due carreggiate,Asciutto,Asfaltata,Verticale ed orizzontale,Sereno,Normale,Buona,Sufficiente,2,0,0,1,12.4618,41.934,-1,2,Motociclo con passeggero,In marcia / fermata / arresto,Passeggero,M,Rifiuta cure immediate,0,NON DECEDUTO,,,
3991294,19,14/09/2018 07:45:00,Strada Urbana,VIA DELLA VALLE DEI FONTANILI,in prossimit�,,del civico n.,11,,Scontro frontale/laterale SX fra veicoli in marcia,Rettilineo,Una carreggiata a doppio senso,Asciutto,Asfaltata,Orizzontale,Sereno,Intenso,Buona,Ore Diurne,1,0,0,1,12.4108,41.9227,-1,1,Autovettura privata,In marcia / fermata / arresto,Conducente,M,Illeso,0,,,,
3991294,19,14/09/2018 07:45:00,Strada Urbana,VIA DELLA VALLE DEI FONTANILI,in prossimit�,,del civico n.,11,,Scontro frontale/laterale SX fra veicoli in marcia,Rettilineo,Una carreggiata a doppio senso,Asciutto,Asfaltata,Orizzontale,Sereno,Intenso,Buona,Ore Diurne,1,0,0,1,12.4108,41.9227,-1,2,Motociclo a solo,In marcia / fermata / arresto,Conducente,F,Rimandato,0,NON DECEDUTO,,,
3991300,13,16/09/2018 01:45:00,,VIALE CHARLES LENORMANT,in prossimit�,,del civico n.,242,,Veicolo in marcia contro ostacolo fisso,,,,,,,,,,0,0,0,1,,,0,1,Autovettura privata,In marcia / fermata / arresto,Conducente,F,Illeso,0,,Non accertato,Esploso,
3991305,11,16/09/2018 13:35:00,Strada Urbana,VIA ATTILIO AMBROSINI,all'intersezione semaforizzata con,VIA DI GROTTA PERFETTA,VIA DI GROTTA PERFETTA,,,Scontro frontale/laterale DX fra veicoli in marcia,Intersezione semaforizzata,Due carreggiate,Asciutto,Asfaltata,Verticale ed orizzontale,Sereno,Scarso,Buona,Ore Diurne,0,0,0,3,12.4877,41.8475,-1,1,Autovettura privata,In marcia / fermata / arresto,Conducente,M,Illeso,0,,,,
3991305,11,16/09/2018 13:35:00,Strada Urbana,VIA ATTILIO AMBROSINI,all'intersezione semaforizzata con,VIA DI GROTTA PERFETTA,VIA DI GROTTA PERFETTA,,,Scontro frontale/laterale DX fra veicoli in marcia,Intersezione semaforizzata,Due carreggiate,Asciutto,Asfaltata,Verticale ed orizzontale,Sereno,Scarso,Buona,Ore Diurne,0,0,0,3,12.4877,41.8475,-1,1,Autovettura privata,In marcia / fermata / arresto,Passeggero,F,Illeso,0,,,,
3991305,11,16/09/2018 13:35:00,Strada Urbana,VIA ATTILIO AMBROSINI,all'intersezione semaforizzata con,VIA DI GROTTA PERFETTA,VIA DI GROTTA PERFETTA,,,Scontro frontale/laterale DX fra veicoli in marcia,Intersezione semaforizzata,Due carreggiate,Asciutto,Asfaltata,Verticale ed orizzontale,Sereno,Scarso,Buona,Ore Diurne,0,0,0,3,12.4877,41.8475,-1,2,Autovettura privata,In marcia / fermata / arresto,Conducente,M,Illeso,0,,,,
3991306,11,16/09/2018 05:10:00,Strada Urbana,VIA DEL PORTO FLUVIALE,da specificare,,,,altezza ponte di ferro,Tamponamento,Rettilineo,Una carreggiata a doppio senso,Asciutto,Asfaltata,Verticale,Sereno,Scarso,Buona,Sufficiente,1,0,0,2,12.4728,41.8721,-1,1,Autovettura privata,In marcia / fermata / arresto,Conducente,M,Rimandato,0,NON DECEDUTO,Non accertato,,
3991306,11,16/09/2018 05:10:00,Strada Urbana,VIA DEL PORTO FLUVIALE,da specificare,,,,altezza ponte di ferro,Tamponamento,Rettilineo,Una carreggiata a doppio senso,Asciutto,Asfaltata,Verticale,Sereno,Scarso,Buona,Sufficiente,1,0,0,2,12.4728,41.8721,-1,2,Autovettura privata,In marcia / fermata / arresto,Conducente,M,Illeso,0,,Non accertato,,
3991306,11,16/09/2018 05:10:00,Strada Urbana,VIA DEL PORTO FLUVIALE,da specificare,,,,altezza ponte di ferro,Tamponamento,Rettilineo,Una carreggiata a doppio senso,Asciutto,Asfaltata,Verticale,Sereno,Scarso,Buona,Sufficiente,1,0,0,2,12.4728,41.8721,-1,2,Autovettura privata,In marcia / fermata / arresto,Passeggero,M,Illeso,0,,Non accertato,,