Protocollo,Gruppo,DataOraIncidente,Localizzazione1,STRADA1,Localizzazione2,STRADA2,Strada02,Chilometrica,DaSpecificare,NaturaIncidente,particolaritastrade,TipoStrada,FondoStradale,Pavimentazione,Segnaletica,CondizioneAtmosferica,Traffico,Visibilita,Illuminazione,NUM_FERITI,NUM_RISERVATA,NUM_MORTI,NUM_ILLESI,Longitudine,Latitudine,Confermato,Progressivo,TipoVeicolo,StatoVeicolo,TipoPersona,Sesso,Tipolesione,Deceduto,DecedutoDopo,CinturaCascoUtilizzato,Airbag,
3991329,19,16/09/2018 02:30:00,Strada Urbana,VIA CASSIA NUOVA,all'intersezione semaforizzata con,VIA ORIOLO ROMANO,VIA ORIOLO ROMANO,,,Tamponamento Multiplo,Incrocio,Una carreggiata a doppio senso,Asciutto,Asfaltata,Verticale ed orizzontale,Sereno,Scarso,Buona,Sufficiente,0,0,0,4,12.4569,41.9576,-1,1,Autovettura privata,In marcia / fermata / arresto,Conducente,M,Illeso,0,,Non accertato,Inesploso,
3991329,19,16/09/2018 02:30:00,Strada Urbana,VIA CASSIA NUOVA,all'intersezione semaforizzata con,VIA ORIOLO ROMANO,VIA ORIOLO ROMANO,,,Tamponamento Multiplo,Incrocio,Una carreggiata a doppio senso,Asciutto,Asfaltata,Verticale ed orizzontale,Sereno,Scarso,Buona,Sufficiente,0,0,0,4,12.4569,41.9576,-1,1,Autovettura privata,In marcia / fermata / arresto,Passeggero,M,Illeso,0,,,,
3991329,19,16/09/2018 02:30:00,Strada Urbana,VIA CASSIA NUOVA,all'intersezione semaforizzata con,VIA ORIOLO ROMANO,VIA ORIOLO ROMANO,,,Tamponamento Multiplo,Incrocio,Una carreggiata a doppio senso,Asciutto,Asfaltata,Verticale ed orizzontale,Sereno,Scarso,Buona,Sufficiente,0,0,0,4,12.4569,41.9576,-1,2,Autovettura privata,In marcia / fermata / arresto,Conducente,M,Illeso,0,,Non accertato,Inesploso,
3991329,19,16/09/2018 02:30:00,Strada Urbana,VIA CASSIA NUOVA,all'intersezione semaforizzata con,VIA ORIOLO ROMANO,VIA ORIOLO ROMANO,,,Tamponamento Multiplo,Incrocio,Una carreggiata a doppio senso,Asciutto,Asfaltata,Verticale ed orizzontale,Sereno,Scarso,Buona,Sufficiente,0,0,0,4,12.4569,41.9576,-1,3,Autovettura privata,In marcia / fermata / arresto,Conducente,M,Illeso,0,,Non accertato,Inesploso,
3991332,8,14/09/2018 16:40:00,Statale entro l'abitato,VIA CASILINA,all'intersezione con,VIA ANTONIO GALTAROSSA,VIA ANTONIO GALTAROSSA,,,Scontro frontale/laterale DX fra veicoli in marcia,Incrocio,Una carreggiata a doppio senso,Asciutto,Asfaltata,Verticale ed orizzontale,Nuvoloso,Normale,Buona,Ore Diurne,2,0,0,0,12.6193,41.8629,0,1,Autovettura privata,In marcia / fermata / arresto,Conducente,F,Rimandato,0,NON DECEDUTO,,,
3991332,8,14/09/2018 16:40:00,Statale entro l'abitato,VIA CASILINA,all'intersezione con,VIA ANTONIO GALTAROSSA,VIA ANTONIO GALTAROSSA,,,Scontro frontale/laterale DX fra veicoli in marcia,Incrocio,Una carreggiata a doppio senso,Asciutto,Asfaltata,Verticale ed orizzontale,Nuvoloso,Normale,Buona,Ore Diurne,2,0,0,0,12.6193,41.8629,0,2,Motociclo a solo,In marcia / fermata / arresto,Conducente,M,Rimandato,0,NON DECEDUTO,,,
3991336,11,16/09/2018 13:30:00,Strada Urbana,VIA ARDEATINA,all'intersezione con,VIA DI TORRICOLA,VIA DI TORRICOLA,,,Scontro frontale/laterale SX fra veicoli in marcia,Rotatoria,Una carreggiata a doppio senso,Asciutto,Asfaltata,Verticale ed orizzontale,Sereno,Scarso,Buona,Ore Diurne,0,0,0,3,12.5302,41.8092,-1,1,Autovettura privata,In marcia / fermata / arresto,Conducente,M,Illeso,0,,Non accertato,,
3991336,11,16/09/2018 13:30:00,Strada Urbana,VIA ARDEATINA,all'intersezione con,VIA DI TORRICOLA,VIA DI TORRICOLA,,,Scontro frontale/laterale SX fra veicoli in marcia,Rotatoria,Una carreggiata a doppio senso,Asciutto,Asfaltata,Verticale ed orizzontale,Sereno,Scarso,Buona,Ore Diurne,0,0,0,3,12.5302,41.8092,-1,1,Autovettura privata,In marcia / fermata / arresto,Passeggero,F,Illeso,0,,Non accertato,,
3991336,11,16/09/2018 13:30:00,Strada Urbana,VIA ARDEATINA,all'intersezione con,VIA DI TORRICOLA,VIA DI TORRICOLA,,,Scontro frontale/laterale SX fra veicoli in marcia,Rotatoria,Una carreggiata a doppio senso,Asciutto,Asfaltata,Verticale ed orizzontale,Sereno,Scarso,Buona,Ore Diurne,0,0,0,3,12.5302,41.8092,-1,2,Autovettura privata,In marcia / fermata / arresto,Conducente,M,Illeso,0,,,,
3991338,8,15/09/2018 07:55:00,Strada Urbana,VIA DELLA RISERVA NUOVA,in corrispondenza,,del civico n.,55,,Scontro laterale fra veicoli in marcia,Rettilineo,Una carreggiata a doppio senso,Asciutto,Asfaltata,Orizzontale,Sereno,Scarso,Buona,Ore Diurne,0,0,0,3,12.6795,41.8918,-1,1,Autovettura privata,In marcia / fermata / arresto,Conducente,M,Illeso,0,,Non accertato,Inesploso,
3991338,8,15/09/2018 07:55:00,Strada Urbana,VIA DELLA RISERVA NUOVA,in corrispondenza,,del civico n.,55,,Scontro laterale fra veicoli in marcia,Rettilineo,Una carreggiata a doppio senso,Asciutto,Asfaltata,Orizzontale,Sereno,Scarso,Buona,Ore Diurne,0,0,0,3,12.6795,41.8918,-1,2,Autovettura privata,In marcia / fermata / arresto,Conducente,F,Illeso,0,,Non accertato,Inesploso,
3991338,8,15/09/2018 07:55:00,Strada Urbana,VIA DELLA RISERVA NUOVA,in corrispondenza,,del civico n.,55,,Scontro laterale fra veicoli in marcia,Rettilineo,Una carreggiata a doppio senso,Asciutto,Asfaltata,Orizzontale,Sereno,Scarso,Buona,Ore Diurne,0,0,0,3,12.6795,41.8918,-1,2,Autovettura privata,In marcia / fermata / arresto,Passeggero,M,Illeso,0,,Non utilizzato,Inesploso,
3991341,8,15/09/2018 08:35:00,Statale entro l'abitato,VIA CASILINA,in corrispondenza,,del civico n.,1877,,Scontro laterale fra veicoli in marcia,Rettilineo,Una carreggiata a doppio senso,Asciutto,Asfaltata,Verticale ed orizzontale,Sereno,Normale,Buona,Ore Diurne,2,0,0,1,12.6898,41.8635,0,1,Motociclo a solo,In marcia / fermata / arresto,Conducente,M,Rifiuta cure immediate,0,NON DECEDUTO,Non accertato,,
3991341,8,15/09/2018 08:35:00,Statale entro l'abitato,VIA CASILINA,in corrispondenza,,del civico n.,1877,,Scontro laterale fra veicoli in marcia,Rettilineo,Una carreggiata a doppio senso,Asciutto,Asfaltata,Verticale ed orizzontale,Sereno,Normale,Buona,Ore Diurne,2,0,0,1,12.6898,41.8635,0,1,Motociclo a solo,In marcia / fermata / arresto,Passeggero,M,Rimandato,0,NON DECEDUTO,Non accertato,,
3991341,8,15/09/2018 08:35:00,Statale entro l'abitato,VIA CASILINA,in corrispondenza,,del civico n.,1877,,Scontro laterale fra veicoli in marcia,Rettilineo,Una carreggiata a doppio senso,Asciutto,Asfaltata,Verticale ed orizzontale,Sereno,Normale,Buona,Ore Diurne,2,0,0,1,12.6898,41.8635,0,2,Autovettura privata,In marcia / fermata / arresto,Conducente,M,Illeso,0,,Non accertato,Inesploso,
3991343,18,14/09/2018 22:15:00,Strada Urbana,VIA BALDO DEGLI UBALDI,in corrispondenza,,del civico n.,215,,Scontro laterale fra veicoli in marcia,Rettilineo,Pi� di due carreggiate,Asciutto,Asfaltata,Verticale ed orizzontale,Sereno,Scarso,Buona,Sufficiente,0,0,0,2,12.4366,41.9002,-1,1,Autovettura privata,In marcia / fermata / arresto,Conducente,F,Illeso,0,,,,
3991343,18,14/09/2018 22:15:00,Strada Urbana,VIA BALDO DEGLI UBALDI,in corrispondenza,,del civico n.,215,,Scontro laterale fra veicoli in marcia,Rettilineo,Pi� di due carreggiate,Asciutto,Asfaltata,Verticale ed orizzontale,Sereno,Scarso,Buona,Sufficiente,0,0,0,2,12.4366,41.9002,-1,2,Autobus di linea,In marcia / fermata / arresto,Conducente,M,Illeso,0,,,,
3991348,8,15/09/2018 09:15:00,Strada Urbana,VIA DI TORRENOVA,in corrispondenza,,del civico n.,195,,Scontro laterale fra veicoli in marcia,Rettilineo,Una carreggiata a doppio senso,Asciutto,Asfaltata,Verticale ed orizzontale,Sereno,Normale,Buona,Ore Diurne,1,0,0,1,12.6187,41.8767,-1,1,Motociclo a solo,In marcia / fermata / arresto,Conducente,M,Ricoverato,0,NON DECEDUTO,Non accertato,,
3991348,8,15/09/2018 09:15:00,Strada Urbana,VIA DI TORRENOVA,in corrispondenza,,del civico n.,195,,Scontro laterale fra veicoli in marcia,Rettilineo,Una carreggiata a doppio senso,Asciutto,Asfaltata,Verticale ed orizzontale,Sereno,Normale,Buona,Ore Diurne,1,0,0,1,12.6187,41.8767,-1,2,Autovettura privata,In marcia / fermata / arresto,Conducente,M,Illeso,0,,Non accertato,Inesploso,
3991353,8,15/09/2018 09:30:00,Strada Urbana,VIA DEL CASALE DI S. MARIA,in corrispondenza,,del civico n.,6,,Investimento di pedone,Rettilineo,Una carreggiata a doppio senso,Asciutto,Asfaltata,Verticale ed orizzontale,Sereno,Normale,Buona,Ore Diurne,1,0,0,1,12.7056,41.8652,-1,,,,Pedone,F,Ricoverato,0,NON DECEDUTO,,,
3991353,8,15/09/2018 09:30:00,Strada Urbana,VIA DEL CASALE DI S. MARIA,in corrispondenza,,del civico n.,6,,Investimento di pedone,Rettilineo,Una carreggiata a doppio senso,Asciutto,Asfaltata,Verticale ed orizzontale,Sereno,Normale,Buona,Ore Diurne,1,0,0,1,12.7056,41.8652,-1,1,Autovettura privata,In marcia / fermata / arresto,Conducente,M,Illeso,0,,Non accertato,Inesploso,
3991354,8,15/09/2018 12:00:00,Strada Urbana,VIA SERRADIFALCO,all'intersezione con,VIA CAMPOFIORITO,VIA CAMPOFIORITO,,,Scontro frontale/laterale SX fra veicoli in marcia,Incrocio,Una carreggiata a senso unico di marcia,Asciutto,Con buche,Verticale,Sereno,Scarso,Insufficiente,Ore Diurne,0,0,0,3,12.6912,41.8645,-1,1,Autovettura privata,In marcia / fermata / arresto,Conducente,M,Illeso,0,,Non accertato,Esploso,
3991354,8,15/09/2018 12:00:00,Strada Urbana,VIA SERRADIFALCO,all'intersezione con,VIA CAMPOFIORITO,VIA CAMPOFIORITO,,,Scontro frontale/laterale SX fra veicoli in marcia,Incrocio,Una carreggiata a senso unico di marcia,Asciutto,Con buche,Verticale,Sereno,Scarso,Insufficiente,Ore Diurne,0,0,0,3,12.6912,41.8645,-1,2,Autovettura privata,In marcia / fermata / arresto,Conducente,M,Illeso,0,,Non accertato,Inesploso,
3991354,8,15/09/2018 12:00:00,Strada Urbana,VIA SERRADIFALCO,all'intersezione con,VIA CAMPOFIORITO,VIA CAMPOFIORITO,,,Scontro frontale/laterale SX fra veicoli in marcia,Incrocio,Una carreggiata a senso unico di marcia,Asciutto,Con buche,Verticale,Sereno,Scarso,Insufficiente,Ore Diurne,0,0,0,3,12.6912,41.8645,-1,2,Autovettura privata,In marcia / fermata / arresto,Passeggero,F,Illeso,0,,,,
3991358,6,16/09/2018 22:10:00,Strada Urbana,VIA LEONARDO BUFALINI,all'intersezione con,VIA GIOVANNI MAGGI,VIA GIOVANNI MAGGI,,,Scontro frontale/laterale DX fra veicoli in marcia,Incrocio,Due carreggiate,Asciutto,Asfaltata,Verticale ed orizzontale,Sereno,Scarso,Buona,Sufficiente,2,0,0,2,12.5389,41.8823,-1,1,Autovettura privata,In marcia / fermata / arresto,Conducente,M,Rifiuta cure immediate,0,NON DECEDUTO,,,
3991358,6,16/09/2018 22:10:00,Strada Urbana,VIA LEONARDO BUFALINI,all'intersezione con,VIA GIOVANNI MAGGI,VIA GIOVANNI MAGGI,,,Scontro frontale/laterale DX fra veicoli in marcia,Incrocio,Due carreggiate,Asciutto,Asfaltata,Verticale ed orizzontale,Sereno,Scarso,Buona,Sufficiente,2,0,0,2,12.5389,41.8823,-1,1,Autovettura privata,In marcia / fermata / arresto,Passeggero,M,Rifiuta cure immediate,0,NON DECEDUTO,,,
3991358,6,16/09/2018 22:10:00,Strada Urbana,VIA LEONARDO BUFALINI,all'intersezione con,VIA GIOVANNI MAGGI,VIA GIOVANNI MAGGI,,,Scontro frontale/laterale DX fra veicoli in marcia,Incrocio,Due carreggiate,Asciutto,Asfaltata,Verticale ed orizzontale,Sereno,Scarso,Buona,Sufficiente,2,0,0,2,12.5389,41.8823,-1,2,Autovettura privata,In marcia / fermata / arresto,Conducente,M,Illeso,0,,,,
3991358,6,16/09/2018 22:10:00,Strada Urbana,VIA LEONARDO BUFALINI,all'intersezione con,VIA GIOVANNI MAGGI,VIA GIOVANNI MAGGI,,,Scontro frontale/laterale DX fra veicoli in marcia,Incrocio,Due carreggiate,Asciutto,Asfaltata,Verticale ed orizzontale,Sereno,Scarso,Buona,Sufficiente,2,0,0,2,12.5389,41.8823,-1,2,Autovettura privata,In marcia / fermata / arresto,Passeggero,F,Illeso,0,,,,
3991359,8,15/09/2018 12:30:00,Strada Urbana,VIA OLLOLAI,all'intersezione con,VIA PRENESTINA,VIA PRENESTINA,,,Tamponamento,Incrocio,Una carreggiata a doppio senso,Asciutto,Asfaltata,Verticale ed orizzontale,Sereno,Normale,Buona,Ore Diurne,1,0,0,2,12.6792,41.8905,-1,1,Autovettura privata,In marcia / fermata / arresto,Conducente,M,Rimandato,0,NON DECEDUTO,Non accertato,,
3991359,8,15/09/2018 12:30:00,Strada Urbana,VIA OLLOLAI,all'intersezione con,VIA PRENESTINA,VIA PRENESTINA,,,Tamponamento,Incrocio,Una carreggiata a doppio senso,Asciutto,Asfaltata,Verticale ed orizzontale,Sereno,Normale,Buona,Ore Diurne,1,0,0,2,12.6792,41.8905,-1,1,Autovettura privata,In marcia / fermata / arresto,Passeggero,F,Illeso,0,,Non accertato,Inesploso,
3991359,8,15/09/2018 12:30:00,Strada Urbana,VIA OLLOLAI,all'intersezione con,VIA PRENESTINA,VIA PRENESTINA,,,Tamponamento,Incrocio,Una carreggiata a doppio senso,Asciutto,Asfaltata,Verticale ed orizzontale,Sereno,Normale,Buona,Ore Diurne,1,0,0,2,12.6792,41.8905,-1,2,Autocarro inferiore 35 q.,In marcia / fermata / arresto,Conducente,M,Illeso,0,,Non accertato,,
3991361,8,15/09/2018 22:10:00,Strada Urbana,VIA DEL FOSSO DI S. MAURA,all'intersezione con,VIALE DI TORRE MAURA,VIALE DI TORRE MAURA,,,Scontro frontale/laterale SX fra veicoli in marcia,Intersezione semaforizzata,Due carreggiate,Asciutto,Asfaltata,Verticale,Sereno,Normale,Sufficiente,Sufficiente,2,0,0,1,12.5915,41.8588,-1,1,Autovettura privata,In marcia / fermata / arresto,Conducente,M,Rifiuta cure immediate,0,NON DECEDUTO,Non accertato,Esploso,
3991361,8,15/09/2018 22:10:00,Strada Urbana,VIA DEL FOSSO DI S. MAURA,all'intersezione con,VIALE DI TORRE MAURA,VIALE DI TORRE MAURA,,,Scontro frontale/laterale SX fra veicoli in marcia,Intersezione semaforizzata,Due carreggiate,Asciutto,Asfaltata,Verticale,Sereno,Normale,Sufficiente,Sufficiente,2,0,0,1,12.5915,41.8588,-1,2,Autovettura privata,In marcia / fermata / arresto,Conducente,F,Illeso,0,,,,
3991361,8,15/09/2018 22:10:00,Strada Urbana,VIA DEL FOSSO DI S. MAURA,all'intersezione con,VIALE DI TORRE MAURA,VIALE DI TORRE MAURA,,,Scontro frontale/laterale SX fra veicoli in marcia,Intersezione semaforizzata,Due carreggiate,Asciutto,Asfaltata,Verticale,Sereno,Normale,Sufficiente,Sufficiente,2,0,0,1,12.5915,41.8588,-1,2,Autovettura privata,In marcia / fermata / arresto,Passeggero,M,Rifiuta cure immediate,0,NON DECEDUTO,,,
3991362,18,15/09/2018 19:15:00,Strada Urbana,VIA GREGORIO VII,in corrispondenza,,del civico n.,40,,Scontro frontale fra veicoli in marcia,Rettilineo,Pi� di due carreggiate,Asciutto,Asfaltata,Verticale ed orizzontale,Sereno,Normale,Sufficiente,Sufficiente,1,0,0,2,12.4501,41.8974,-1,1,Autovettura privata,In marcia / fermata / arresto,Conducente,M,Illeso,0,,Non accertato,Inesploso,
3991362,18,15/09/2018 19:15:00,Strada Urbana,VIA GREGORIO VII,in corrispondenza,,del civico n.,40,,Scontro frontale fra veicoli in marcia,Rettilineo,Pi� di due carreggiate,Asciutto,Asfaltata,Verticale ed orizzontale,Sereno,Normale,Sufficiente,Sufficiente,1,0,0,2,12.4501,41.8974,-1,1,Autovettura privata,In marcia / fermata / arresto,Passeggero,F,Illeso,0,,Non accertato,Inesploso,
3991362,18,15/09/2018 19:15:00,Strada Urbana,VIA GREGORIO VII,in corrispondenza,,del civico n.,40,,Scontro frontale fra veicoli in marcia,Rettilineo,Pi� di due carreggiate,Asciutto,Asfaltata,Verticale ed orizzontale,Sereno,Normale,Sufficiente,Sufficiente,1,0,0,2,12.4501,41.8974,-1,2,Motociclo a solo,In marcia / fermata / arresto,Conducente,M,Rimandato,0,NON DECEDUTO,Non accertato,,
3991367,8,15/09/2018 22:45:00,,VIA CASILINA,all'intersezione con,VIA DI VERMICINO,VIA DI VERMICINO,,,Scontro laterale fra veicoli in marcia,,,,,,,,,,0,0,0,1,12.6543,41.8321,0,1,Autovettura privata,In marcia / fermata / arresto,Conducente,M,Illeso,0,,Non accertato,Inesploso,
3991370,8,16/09/2018 11:25:00,Strada Urbana,VIA AMICO ASPERTINI,in prossimit�,,del civico n.,80,,Tamponamento,Curva a visuale libera,Una carreggiata a doppio senso,Asciutto,Asfaltata,Orizzontale,Sereno,Normale,Buona,Ore Diurne,3,0,0,0,12.6261,41.8763,0,1,Autovettura privata,In marcia / fermata / arresto,Conducente,M,Rimandato,0,NON DECEDUTO,Non accertato,Inesploso,
3991370,8,16/09/2018 11:25:00,Strada Urbana,VIA AMICO ASPERTINI,in prossimit�,,del civico n.,80,,Tamponamento,Curva a visuale libera,Una carreggiata a doppio senso,Asciutto,Asfaltata,Orizzontale,Sereno,Normale,Buona,Ore Diurne,3,0,0,0,12.6261,41.8763,0,1,Autovettura privata,In marcia / fermata / arresto,Passeggero,F,Rimandato,0,NON DECEDUTO,Non accertato,Inesploso,
3991370,8,16/09/2018 11:25:00,Strada Urbana,VIA AMICO ASPERTINI,in prossimit�,,del civico n.,80,,Tamponamento,Curva a visuale libera,Una carreggiata a doppio senso,Asciutto,Asfaltata,Orizzontale,Sereno,Normale,Buona,Ore Diurne,3,0,0,0,12.6261,41.8763,0,2,Autovettura privata,In marcia / fermata / arresto,Conducente,M,Rimandato,0,NON DECEDUTO,Non accertato,Esploso,
3991373,8,16/09/2018 11:30:00,Strada Urbana,VIA CERDA,in prossimit�,,del civico n.,3,,Tamponamento,Rettilineo,Una carreggiata a senso unico di marcia,Asciutto,Strada pavimentata dissestata,Assente,Sereno,Scarso,Buona,Ore Diurne,0,0,0,3,12.6887,41.8604,-1,1,Autovettura privata,In marcia / fermata / arresto,Conducente,M,Illeso,0,,Non accertato,Inesploso,
3991373,8,16/09/2018 11:30:00,Strada Urbana,VIA CERDA,in prossimit�,,del civico n.,3,,Tamponamento,Rettilineo,Una carreggiata a senso unico di marcia,Asciutto,Strada pavimentata dissestata,Assente,Sereno,Scarso,Buona,Ore Diurne,0,0,0,3,12.6887,41.8604,-1,2,Autovettura privata,In marcia / fermata / arresto,Conducente,M,Illeso,0,,Non accertato,Inesploso,
3991373,8,16/09/2018 11:30:00,Strada Urbana,VIA CERDA,in prossimit�,,del civico n.,3,,Tamponamento,Rettilineo,Una carreggiata a senso unico di marcia,Asciutto,Strada pavimentata dissestata,Assente,Sereno,Scarso,Buona,Ore Diurne,0,0,0,3,12.6887,41.8604,-1,2,Autovettura privata,In marcia / fermata / arresto,Passeggero,F,Illeso,0,,Non accertato,Inesploso,
3991375,8,16/09/2018 12:00:00,Provinciale entro l'abitato,VIA POLENSE,in prossimit�,,della chilometrica,24.5,,Scontro frontale/laterale SX fra veicoli in marcia,Curva a visuale libera,Una carreggiata a doppio senso,Asciutto,Asfaltata,Verticale ed orizzontale,Sereno,Scarso,Buona,Ore Diurne,4,0,0,1,12.7079,41.902,0,1,Autovettura privata,In marcia / fermata / arresto,Conducente,M,Illeso,0,,Non accertato,Esploso,
3991375,8,16/09/2018 12:00:00,Provinciale entro l'abitato,VIA POLENSE,in prossimit�,,della chilometrica,24.5,,Scontro frontale/laterale SX fra veicoli in marcia,Curva a visuale libera,Una carreggiata a doppio senso,Asciutto,Asfaltata,Verticale ed orizzontale,Sereno,Scarso,Buona,Ore Diurne,4,0,0,1,12.7079,41.902,0,1,Autovettura privata,In marcia / fermata / arresto,Passeggero,F,Rimandato,0,NON DECEDUTO,Non accertato,Inesploso,
3991375,8,16/09/2018 12:00:00,Provinciale entro l'abitato,VIA POLENSE,in prossimit�,,della chilometrica,24.5,,Scontro frontale/laterale SX fra veicoli in marcia,Curva a visuale libera,Una carreggiata a doppio senso,Asciutto,Asfaltata,Verticale ed orizzontale,Sereno,Scarso,Buona,Ore Diurne,4,0,0,1,12.7079,41.902,0,1,Autovettura privata,In marcia / fermata / arresto,Passeggero,F,Rimandato,0,NON DECEDUTO,Non accertato,Inesploso,
3991375,8,16/09/2018 12:00:00,Provinciale entro l'abitato,VIA POLENSE,in prossimit�,,della chilometrica,24.5,,Scontro frontale/laterale SX fra veicoli in marcia,Curva a visuale libera,Una carreggiata a doppio senso,Asciutto,Asfaltata,Verticale ed orizzontale,Sereno,Scarso,Buona,Ore Diurne,4,0,0,1,12.7079,41.902,0,1,Autovettura privata,In marcia / fermata / arresto,Passeggero,F,Rimandato,0,NON DECEDUTO,Non accertato,Inesploso,
3991375,8,16/09/2018 12:00:00,Provinciale entro l'abitato,VIA POLENSE,in prossimit�,,della chilometrica,24.5,,Scontro frontale/laterale SX fra veicoli in marcia,Curva a visuale libera,Una carreggiata a doppio senso,Asciutto,Asfaltata,Verticale ed orizzontale,Sereno,Scarso,Buona,Ore Diurne,4,0,0,1,12.7079,41.902,0,2,Autovettura privata,In marcia / fermata / arresto,Conducente,M,Rifiuta cure immediate,0,NON DECEDUTO,Non accertato,Inesploso,
3991377,8,16/09/2018 22:55:00,Statale entro l'abitato,VIA CASILINA,da specificare,,,,intersezione semaforizzata capolinea ATAC,Scontro frontale/laterale DX fra veicoli in marcia,Rettilineo,Una carreggiata a doppio senso,Asciutto,Asfaltata,Verticale ed orizzontale,Sereno,Scarso,Sufficiente,Sufficiente,2,0,0,1,12.6194,41.8629,-1,1,Autovettura privata,In marcia / fermata / arresto,Conducente,M,Rimandato,0,NON DECEDUTO,Non accertato,Esploso,
3991377,8,16/09/2018 22:55:00,Statale entro l'abitato,VIA CASILINA,da specificare,,,,intersezione semaforizzata capolinea ATAC,Scontro frontale/laterale DX fra veicoli in marcia,Rettilineo,Una carreggiata a doppio senso,Asciutto,Asfaltata,Verticale ed orizzontale,Sereno,Scarso,Sufficiente,Sufficiente,2,0,0,1,12.6194,41.8629,-1,1,Autovettura privata,In marcia / fermata / arresto,Passeggero,M,Rimandato,0,NON DECEDUTO,Non accertato,Inesploso,
3991377,8,16/09/2018 22:55:00,Statale entro l'abitato,VIA CASILINA,da specificare,,,,intersezione semaforizzata capolinea ATAC,Scontro frontale/laterale DX fra veicoli in marcia,Rettilineo,Una carreggiata a doppio senso,Asciutto,Asfaltata,Verticale ed orizzontale,Sereno,Scarso,Sufficiente,Sufficiente,2,0,0,1,12.6194,41.8629,-1,2,Autobus urbano,In marcia / fermata / arresto,Conducente,M,Illeso,0,,Non accertato,Inesploso,
3991379,3,13/09/2018 09:15:00,Strada Urbana,PIAZZALE ALDO MORO,da specificare,,,,ROTATORIA P.LE A. MORO/ V.LE DELLE SCIENZE,Scontro laterale fra veicoli in marcia,Rotatoria,Una carreggiata a senso unico di marcia,Asciutto,Asfaltata,Verticale ed orizzontale,Nuvoloso,Normale,Sufficiente,Ore Diurne,0,0,0,4,12.5125,41.9011,-1,1,Autovettura privata,In marcia / fermata / arresto,Conducente,F,Illeso,0,,,,
3991379,3,13/09/2018 09:15:00,Strada Urbana,PIAZZALE ALDO MORO,da specificare,,,,ROTATORIA P.LE A. MORO/ V.LE DELLE SCIENZE,Scontro laterale fra veicoli in marcia,Rotatoria,Una carreggiata a senso unico di marcia,Asciutto,Asfaltata,Verticale ed orizzontale,Nuvoloso,Normale,Sufficiente,Ore Diurne,0,0,0,4,12.5125,41.9011,-1,1,Autovettura privata,In marcia / fermata / arresto,Passeggero,M,Illeso,0,,,,
3991379,3,13/09/2018 09:15:00,Strada Urbana,PIAZZALE ALDO MORO,da specificare,,,,ROTATORIA P.LE A. MORO/ V.LE DELLE SCIENZE,Scontro laterale fra veicoli in marcia,Rotatoria,Una carreggiata a senso unico di marcia,Asciutto,Asfaltata,Verticale ed orizzontale,Nuvoloso,Normale,Sufficiente,Ore Diurne,0,0,0,4,12.5125,41.9011,-1,2,Autovettura privata,In marcia / fermata / arresto,Conducente,M,Illeso,0,,,,
3991379,3,13/09/2018 09:15:00,Strada Urbana,PIAZZALE ALDO MORO,da specificare,,,,ROTATORIA P.LE A. MORO/ V.LE DELLE SCIENZE,Scontro laterale fra veicoli in marcia,Rotatoria,Una carreggiata a senso unico di marcia,Asciutto,Asfaltata,Verticale ed orizzontale,Nuvoloso,Normale,Sufficiente,Ore Diurne,0,0,0,4,12.5125,41.9011,-1,2,Autovettura privata,In marcia / fermata / arresto,Passeggero,F,Illeso,0,,,,
3991386,18,15/09/2018 20:35:00,Strada Urbana,PIAZZA PIO XI,da specificare,,,,IN PROX DEL FRONTE CIVICO 51,Scontro frontale/laterale SX fra veicoli in marcia,Rettilineo,Due carreggiate,Asciutto,Asfaltata,Verticale ed orizzontale,Nuvoloso,Normale,Buona,Sufficiente,0,0,0,1,12.4386,41.895,-1,1,Motociclo a solo,In marcia / fermata / arresto,Conducente,M,Illeso,0,,,,
3991394,18,15/09/2018 05:30:00,Strada Urbana,VIA DI BOCCEA,in prossimit�,,del civico n.,691,,Scontro laterale fra veicoli in marcia,Curva a visuale libera,Una carreggiata a doppio senso,Asciutto,Asfaltata,Assente,Sereno,Scarso,Buona,Sufficiente,0,0,0,2,12.372,41.9217,-1,1,Autovettura privata,In marcia / fermata / arresto,Conducente,M,Illeso,0,,Non accertato,Inesploso,
3991394,18,15/09/2018 05:30:00,Strada Urbana,VIA DI BOCCEA,in prossimit�,,del civico n.,691,,Scontro laterale fra veicoli in marcia,Curva a visuale libera,Una carreggiata a doppio senso,Asciutto,Asfaltata,Assente,Sereno,Scarso,Buona,Sufficiente,0,0,0,2,12.372,41.9217,-1,2,Autovettura privata,In marcia / fermata / arresto,Conducente,F,Illeso,0,,Non accertato,Inesploso,
3991398,9,16/09/2018 18:00:00,,VIA CESARE BARONIO,all'intersezione con,VIA LATINA,VIA LATINA,,,Tamponamento,,,,,,,,,,0,0,0,1,,,0,1,Autovettura privata,In marcia / fermata / arresto,Conducente,M,Illeso,0,,Non accertato,Inesploso,
3991415,10,17/09/2018 08:05:00,Strada Urbana,VIA TUSCOLANA,in corrispondenza,,del civico n.,853/d,,Tamponamento,Rettilineo,Due carreggiate,Asciutto,Asfaltata,Orizzontale,Sereno,Normale,Buona,Ore Diurne,1,0,0,1,12.5598,41.8583,-1,1,Autovettura privata,In marcia / fermata / arresto,Conducente,F,Rimandato,0,NON DECEDUTO,Non accertato,Inesploso,