Protocollo,Gruppo,DataOraIncidente,Localizzazione1,STRADA1,Localizzazione2,STRADA2,Strada02,Chilometrica,DaSpecificare,NaturaIncidente,particolaritastrade,TipoStrada,FondoStradale,Pavimentazione,Segnaletica,CondizioneAtmosferica,Traffico,Visibilita,Illuminazione,NUM_FERITI,NUM_RISERVATA,NUM_MORTI,NUM_ILLESI,Longitudine,Latitudine,Confermato,Progressivo,TipoVeicolo,StatoVeicolo,TipoPersona,Sesso,Tipolesione,Deceduto,DecedutoDopo,CinturaCascoUtilizzato,Airbag,
3991415,10,17/09/2018 08:05:00,Strada Urbana,VIA TUSCOLANA,in corrispondenza,,del civico n.,853/d,,Tamponamento,Rettilineo,Due carreggiate,Asciutto,Asfaltata,Orizzontale,Sereno,Normale,Buona,Ore Diurne,1,0,0,1,12.5598,41.8583,-1,2,Autocarro superiore 35 q.,In marcia / fermata / arresto,Conducente,M,Illeso,0,,Non accertato,Inesistente,
3991419,13,16/09/2018 17:30:00,Strada Urbana,VIA ALESSANDRO MONTAGNA,all'intersezione con,VIA DELLE TRIREMI,VIA DELLE TRIREMI,,,Scontro laterale fra veicoli in marcia,Incrocio,Una carreggiata a doppio senso,Asciutto,Asfaltata,Verticale,Sereno,Normale,Buona,Ore Diurne,0,0,0,5,12.2648,41.7348,-1,1,Autovettura privata,In marcia / fermata / arresto,Conducente,F,Illeso,0,,Non accertato,Inesploso,
3991419,13,16/09/2018 17:30:00,Strada Urbana,VIA ALESSANDRO MONTAGNA,all'intersezione con,VIA DELLE TRIREMI,VIA DELLE TRIREMI,,,Scontro laterale fra veicoli in marcia,Incrocio,Una carreggiata a doppio senso,Asciutto,Asfaltata,Verticale,Sereno,Normale,Buona,Ore Diurne,0,0,0,5,12.2648,41.7348,-1,1,Autovettura privata,In marcia / fermata / arresto,Passeggero,F,Illeso,0,,Non accertato,Inesploso,
3991419,13,16/09/2018 17:30:00,Strada Urbana,VIA ALESSANDRO MONTAGNA,all'intersezione con,VIA DELLE TRIREMI,VIA DELLE TRIREMI,,,Scontro laterale fra veicoli in marcia,Incrocio,Una carreggiata a doppio senso,Asciutto,Asfaltata,Verticale,Sereno,Normale,Buona,Ore Diurne,0,0,0,5,12.2648,41.7348,-1,2,Autovettura privata,In marcia / fermata / arresto,Conducente,M,Illeso,0,,Non accertato,Inesploso,
3991419,13,16/09/2018 17:30:00,Strada Urbana,VIA ALESSANDRO MONTAGNA,all'intersezione con,VIA DELLE TRIREMI,VIA DELLE TRIREMI,,,Scontro laterale fra veicoli in marcia,Incrocio,Una carreggiata a doppio senso,Asciutto,Asfaltata,Verticale,Sereno,Normale,Buona,Ore Diurne,0,0,0,5,12.2648,41.7348,-1,2,Autovettura privata,In marcia / fermata / arresto,Passeggero,F,Illeso,0,,,,
3991419,13,16/09/2018 17:30:00,Strada Urbana,VIA ALESSANDRO MONTAGNA,all'intersezione con,VIA DELLE TRIREMI,VIA DELLE TRIREMI,,,Scontro laterale fra veicoli in marcia,Incrocio,Una carreggiata a doppio senso,Asciutto,Asfaltata,Verticale,Sereno,Normale,Buona,Ore Diurne,0,0,0,5,12.2648,41.7348,-1,2,Autovettura privata,In marcia / fermata / arresto,Passeggero,F,Illeso,0,,,,
3991425,15,17/09/2018 08:45:00,Strada Urbana,PIAZZA ANTONIO MEUCCI,in corrispondenza,,del civico n.,15,,Tamponamento,Rotatoria,Una carreggiata a senso unico di marcia,Asciutto,Asfaltata,Verticale ed orizzontale,Sereno,Intenso,Buona,Ore Diurne,0,0,0,2,12.464,41.8612,-1,1,Autovettura privata,In marcia / fermata / arresto,Conducente,M,Illeso,0,,Non accertato,Inesploso,
3991425,15,17/09/2018 08:45:00,Strada Urbana,PIAZZA ANTONIO MEUCCI,in corrispondenza,,del civico n.,15,,Tamponamento,Rotatoria,Una carreggiata a senso unico di marcia,Asciutto,Asfaltata,Verticale ed orizzontale,Sereno,Intenso,Buona,Ore Diurne,0,0,0,2,12.464,41.8612,-1,2,Autovettura privata,In marcia / fermata / arresto,Conducente,M,Illeso,0,,Non accertato,Inesploso,
3991429,18,16/09/2018 08:00:00,Strada Urbana,VIA DI BOCCEA,in prossimit�,,del civico n.,496,,Scontro frontale/laterale SX fra veicoli in marcia,Rettilineo,Una carreggiata a senso unico di marcia,Asciutto,Asfaltata,Assente,Sereno,Normale,Buona,Sufficiente,0,0,0,2,12.3865,41.9146,-1,1,Autovettura privata,In marcia / fermata / arresto,Conducente,M,Illeso,0,,Non accertato,Esploso,
3991429,18,16/09/2018 08:00:00,Strada Urbana,VIA DI BOCCEA,in prossimit�,,del civico n.,496,,Scontro frontale/laterale SX fra veicoli in marcia,Rettilineo,Una carreggiata a senso unico di marcia,Asciutto,Asfaltata,Assente,Sereno,Normale,Buona,Sufficiente,0,0,0,2,12.3865,41.9146,-1,2,Autovettura privata,In marcia / fermata / arresto,Conducente,M,Illeso,0,,,,
3991430,19,17/09/2018 07:50:00,Strada Urbana,VIA DELLA STORTA,all'intersezione con,VIA CHERASCO,VIA CHERASCO,,,Scontro laterale fra veicoli in marcia,Intersezione stradale segnalata,Una carreggiata a doppio senso,Asciutto,Asfaltata,Verticale ed orizzontale,Sereno,Normale,Buona,Ore Diurne,0,0,0,2,12.3488,41.9405,-1,1,Autovettura privata,In marcia / fermata / arresto,Conducente,M,Illeso,0,,Non accertato,Inesploso,
3991430,19,17/09/2018 07:50:00,Strada Urbana,VIA DELLA STORTA,all'intersezione con,VIA CHERASCO,VIA CHERASCO,,,Scontro laterale fra veicoli in marcia,Intersezione stradale segnalata,Una carreggiata a doppio senso,Asciutto,Asfaltata,Verticale ed orizzontale,Sereno,Normale,Buona,Ore Diurne,0,0,0,2,12.3488,41.9405,-1,2,Autocarro inferiore 35 q.,In marcia / fermata / arresto,Conducente,M,Illeso,0,,Non accertato,Inesploso,
3991437,18,17/09/2018 04:30:00,Strada Urbana,VIA DI BOCCEA,da specificare,,,,fronte civico 490,Tamponamento,Curva a visuale libera,Due carreggiate,Asciutto,Asfaltata,Verticale ed orizzontale,Sereno,Scarso,Sufficiente,Sufficiente,1,0,0,2,12.3847,41.9149,0,1,Autovettura privata,In marcia / fermata / arresto,Conducente,F,Rimandato,0,NON DECEDUTO,Non accertato,Inesploso,
3991437,18,17/09/2018 04:30:00,Strada Urbana,VIA DI BOCCEA,da specificare,,,,fronte civico 490,Tamponamento,Curva a visuale libera,Due carreggiate,Asciutto,Asfaltata,Verticale ed orizzontale,Sereno,Scarso,Sufficiente,Sufficiente,1,0,0,2,12.3847,41.9149,0,2,Autovettura privata,In marcia / fermata / arresto,Conducente,M,Illeso,0,,Non accertato,Inesploso,
3991437,18,17/09/2018 04:30:00,Strada Urbana,VIA DI BOCCEA,da specificare,,,,fronte civico 490,Tamponamento,Curva a visuale libera,Due carreggiate,Asciutto,Asfaltata,Verticale ed orizzontale,Sereno,Scarso,Sufficiente,Sufficiente,1,0,0,2,12.3847,41.9149,0,2,Autovettura privata,In marcia / fermata / arresto,Passeggero,M,Illeso,0,,Non accertato,Inesploso,
3991441,18,16/09/2018 12:00:00,Strada Urbana,VIA DELLA PINETA SACCHETTI,in corrispondenza,,del civico n.,79,,Tamponamento Multiplo,Rettilineo,Una carreggiata a doppio senso,Asciutto,Asfaltata,Orizzontale,Sereno,Normale,Buona,Ore Diurne,0,0,0,9,12.4232,41.9134,-1,1,Autovettura privata,In marcia / fermata / arresto,Conducente,M,Illeso,0,,Non accertato,Inesploso,
3991441,18,16/09/2018 12:00:00,Strada Urbana,VIA DELLA PINETA SACCHETTI,in corrispondenza,,del civico n.,79,,Tamponamento Multiplo,Rettilineo,Una carreggiata a doppio senso,Asciutto,Asfaltata,Orizzontale,Sereno,Normale,Buona,Ore Diurne,0,0,0,9,12.4232,41.9134,-1,1,Autovettura privata,In marcia / fermata / arresto,Passeggero,F,Illeso,0,,Non accertato,Inesploso,
3991441,18,16/09/2018 12:00:00,Strada Urbana,VIA DELLA PINETA SACCHETTI,in corrispondenza,,del civico n.,79,,Tamponamento Multiplo,Rettilineo,Una carreggiata a doppio senso,Asciutto,Asfaltata,Orizzontale,Sereno,Normale,Buona,Ore Diurne,0,0,0,9,12.4232,41.9134,-1,1,Autovettura privata,In marcia / fermata / arresto,Passeggero,F,Illeso,0,,Non accertato,Inesistente,
3991441,18,16/09/2018 12:00:00,Strada Urbana,VIA DELLA PINETA SACCHETTI,in corrispondenza,,del civico n.,79,,Tamponamento Multiplo,Rettilineo,Una carreggiata a doppio senso,Asciutto,Asfaltata,Orizzontale,Sereno,Normale,Buona,Ore Diurne,0,0,0,9,12.4232,41.9134,-1,1,Autovettura privata,In marcia / fermata / arresto,Passeggero,F,Illeso,0,,Non accertato,Inesistente,
3991441,18,16/09/2018 12:00:00,Strada Urbana,VIA DELLA PINETA SACCHETTI,in corrispondenza,,del civico n.,79,,Tamponamento Multiplo,Rettilineo,Una carreggiata a doppio senso,Asciutto,Asfaltata,Orizzontale,Sereno,Normale,Buona,Ore Diurne,0,0,0,9,12.4232,41.9134,-1,2,Autovettura privata,In marcia / fermata / arresto,Conducente,M,Illeso,0,,Non accertato,Inesploso,
3991441,18,16/09/2018 12:00:00,Strada Urbana,VIA DELLA PINETA SACCHETTI,in corrispondenza,,del civico n.,79,,Tamponamento Multiplo,Rettilineo,Una carreggiata a doppio senso,Asciutto,Asfaltata,Orizzontale,Sereno,Normale,Buona,Ore Diurne,0,0,0,9,12.4232,41.9134,-1,2,Autovettura privata,In marcia / fermata / arresto,Passeggero,F,Illeso,0,,Non accertato,Inesploso,
3991441,18,16/09/2018 12:00:00,Strada Urbana,VIA DELLA PINETA SACCHETTI,in corrispondenza,,del civico n.,79,,Tamponamento Multiplo,Rettilineo,Una carreggiata a doppio senso,Asciutto,Asfaltata,Orizzontale,Sereno,Normale,Buona,Ore Diurne,0,0,0,9,12.4232,41.9134,-1,3,Autovettura privata,In marcia / fermata / arresto,Conducente,M,Illeso,0,,Non accertato,Inesploso,
3991441,18,16/09/2018 12:00:00,Strada Urbana,VIA DELLA PINETA SACCHETTI,in corrispondenza,,del civico n.,79,,Tamponamento Multiplo,Rettilineo,Una carreggiata a doppio senso,Asciutto,Asfaltata,Orizzontale,Sereno,Normale,Buona,Ore Diurne,0,0,0,9,12.4232,41.9134,-1,3,Autovettura privata,In marcia / fermata / arresto,Passeggero,F,Illeso,0,,Non accertato,Inesploso,
3991441,18,16/09/2018 12:00:00,Strada Urbana,VIA DELLA PINETA SACCHETTI,in corrispondenza,,del civico n.,79,,Tamponamento Multiplo,Rettilineo,Una carreggiata a doppio senso,Asciutto,Asfaltata,Orizzontale,Sereno,Normale,Buona,Ore Diurne,0,0,0,9,12.4232,41.9134,-1,3,Autovettura privata,In marcia / fermata / arresto,Passeggero,F,Illeso,0,,Non accertato,Inesploso,
3991443,10,14/09/2018 21:45:00,Strada Urbana,VIA CAIO CANULEIO,da specificare,,,,fronte civico 105,Veicolo in marcia contro veicolo in sosta,Rettilineo,Una carreggiata a senso unico di marcia,Asciutto,Asfaltata,Orizzontale,Sereno,Normale,Sufficiente,Sufficiente,0,0,0,1,12.5624,41.8518,-1,2,Autovettura privata,In marcia / fermata / arresto,Conducente,M,Illeso,0,,Non accertato,Inesploso,
3991445,12,14/09/2018 16:18:00,Strada Urbana,VIA JOYCE,in corrispondenza,,del civico n.,32,,Veicolo in marcia contro veicolo in sosta,Rettilineo,Una carreggiata a senso unico di marcia,Asciutto,Asfaltata,Verticale ed orizzontale,Sereno,Scarso,Buona,Ore Diurne,0,0,0,4,12.4813,41.8098,-1,1,Autovettura privata,In marcia / fermata / arresto,Conducente,M,Illeso,0,,Non accertato,Inesploso,
3991445,12,14/09/2018 16:18:00,Strada Urbana,VIA JOYCE,in corrispondenza,,del civico n.,32,,Veicolo in marcia contro veicolo in sosta,Rettilineo,Una carreggiata a senso unico di marcia,Asciutto,Asfaltata,Verticale ed orizzontale,Sereno,Scarso,Buona,Ore Diurne,0,0,0,4,12.4813,41.8098,-1,2,Autovettura privata,Sosta,Passeggero,M,Illeso,0,,Non accertato,Inesploso,
3991445,12,14/09/2018 16:18:00,Strada Urbana,VIA JOYCE,in corrispondenza,,del civico n.,32,,Veicolo in marcia contro veicolo in sosta,Rettilineo,Una carreggiata a senso unico di marcia,Asciutto,Asfaltata,Verticale ed orizzontale,Sereno,Scarso,Buona,Ore Diurne,0,0,0,4,12.4813,41.8098,-1,2,Autovettura privata,Sosta,Passeggero,F,Illeso,0,,Non accertato,Inesploso,
3991445,12,14/09/2018 16:18:00,Strada Urbana,VIA JOYCE,in corrispondenza,,del civico n.,32,,Veicolo in marcia contro veicolo in sosta,Rettilineo,Una carreggiata a senso unico di marcia,Asciutto,Asfaltata,Verticale ed orizzontale,Sereno,Scarso,Buona,Ore Diurne,0,0,0,4,12.4813,41.8098,-1,2,Autovettura privata,Sosta,Passeggero,M,Illeso,0,,Non accertato,Inesploso,
3991451,2,15/09/2018 22:10:00,Strada Urbana,CIRCONVALLAZIONE SALARIA,da specificare,,,,dir. S. Giovanni,Tamponamento,Rettilineo,Due carreggiate,Asciutto,Asfaltata,Verticale ed orizzontale,Sereno,Normale,Buona,Sufficiente,1,0,0,2,12.5266,41.9302,-1,1,Autovettura privata,In marcia / fermata / arresto,Conducente,F,Illeso,0,,,,
3991451,2,15/09/2018 22:10:00,Strada Urbana,CIRCONVALLAZIONE SALARIA,da specificare,,,,dir. S. Giovanni,Tamponamento,Rettilineo,Due carreggiate,Asciutto,Asfaltata,Verticale ed orizzontale,Sereno,Normale,Buona,Sufficiente,1,0,0,2,12.5266,41.9302,-1,2,Autovettura privata,In marcia / fermata / arresto,Conducente,M,Illeso,0,,,,
3991451,2,15/09/2018 22:10:00,Strada Urbana,CIRCONVALLAZIONE SALARIA,da specificare,,,,dir. S. Giovanni,Tamponamento,Rettilineo,Due carreggiate,Asciutto,Asfaltata,Verticale ed orizzontale,Sereno,Normale,Buona,Sufficiente,1,0,0,2,12.5266,41.9302,-1,2,Autovettura privata,In marcia / fermata / arresto,Passeggero,F,Rimandato,0,NON DECEDUTO,,,
3991470,12,14/09/2018 21:50:00,Strada Urbana,VIA LAURENTINA,in corrispondenza,,del civico n.,591,,Veicolo in marcia contro ostacolo fisso,Rettilineo,Una carreggiata a doppio senso,Asciutto,Asfaltata,Verticale ed orizzontale,Sereno,Intenso,Insufficiente,Insufficiente,1,1,0,0,12.4796,41.8229,-1,1,Ciclomotore con passeggero,In marcia / fermata / arresto,Conducente,M,Prognosi riservata,0,NON DECEDUTO,Non accertato,,
3991470,12,14/09/2018 21:50:00,Strada Urbana,VIA LAURENTINA,in corrispondenza,,del civico n.,591,,Veicolo in marcia contro ostacolo fisso,Rettilineo,Una carreggiata a doppio senso,Asciutto,Asfaltata,Verticale ed orizzontale,Sereno,Intenso,Insufficiente,Insufficiente,1,1,0,0,12.4796,41.8229,-1,1,Ciclomotore con passeggero,In marcia / fermata / arresto,Passeggero,F,Rimandato,0,NON DECEDUTO,Utilizzato,,
3991475,5,17/09/2018 07:35:00,Strada Urbana,VIA FABRIANO,all'intersezione con,VIA FIUMINATA,VIA FIUMINATA,,,Scontro frontale/laterale DX fra veicoli in marcia,Incrocio,Una carreggiata a doppio senso,Asciutto,Asfaltata,Verticale ed orizzontale,Sereno,Intenso,Buona,Ore Diurne,2,0,0,3,12.5844,41.9408,-1,1,Autovettura privata,In marcia / fermata / arresto,Conducente,M,Illeso,0,,Non accertato,Inesistente,
3991475,5,17/09/2018 07:35:00,Strada Urbana,VIA FABRIANO,all'intersezione con,VIA FIUMINATA,VIA FIUMINATA,,,Scontro frontale/laterale DX fra veicoli in marcia,Incrocio,Una carreggiata a doppio senso,Asciutto,Asfaltata,Verticale ed orizzontale,Sereno,Intenso,Buona,Ore Diurne,2,0,0,3,12.5844,41.9408,-1,1,Autovettura privata,In marcia / fermata / arresto,Passeggero,F,Illeso,0,,Utilizzato,Inesploso,
3991475,5,17/09/2018 07:35:00,Strada Urbana,VIA FABRIANO,all'intersezione con,VIA FIUMINATA,VIA FIUMINATA,,,Scontro frontale/laterale DX fra veicoli in marcia,Incrocio,Una carreggiata a doppio senso,Asciutto,Asfaltata,Verticale ed orizzontale,Sereno,Intenso,Buona,Ore Diurne,2,0,0,3,12.5844,41.9408,-1,2,Motociclo con passeggero,In marcia / fermata / arresto,Conducente,M,Rimandato,0,NON DECEDUTO,Utilizzato,,
3991475,5,17/09/2018 07:35:00,Strada Urbana,VIA FABRIANO,all'intersezione con,VIA FIUMINATA,VIA FIUMINATA,,,Scontro frontale/laterale DX fra veicoli in marcia,Incrocio,Una carreggiata a doppio senso,Asciutto,Asfaltata,Verticale ed orizzontale,Sereno,Intenso,Buona,Ore Diurne,2,0,0,3,12.5844,41.9408,-1,2,Motociclo con passeggero,In marcia / fermata / arresto,Passeggero,M,Rimandato,0,NON DECEDUTO,Utilizzato,,
3991475,5,17/09/2018 07:35:00,Strada Urbana,VIA FABRIANO,all'intersezione con,VIA FIUMINATA,VIA FIUMINATA,,,Scontro frontale/laterale DX fra veicoli in marcia,Incrocio,Una carreggiata a doppio senso,Asciutto,Asfaltata,Verticale ed orizzontale,Sereno,Intenso,Buona,Ore Diurne,2,0,0,3,12.5844,41.9408,-1,3,Autovettura privata,In marcia / fermata / arresto,Conducente,F,Illeso,0,,Utilizzato,Inesistente,
3991476,13,16/09/2018 20:00:00,Provinciale,VIA DEL MARE,in prossimit�,,della chilometrica,16.3,,Tamponamento,Rettilineo,Una carreggiata a doppio senso,Asciutto,Asfaltata,Verticale ed orizzontale,Sereno,Normale,Sufficiente,Sufficiente,1,0,0,2,12.4068,41.7956,-1,1,Autovettura privata,In marcia / fermata / arresto,Conducente,F,Rimandato,0,NON DECEDUTO,Non accertato,Inesploso,
3991476,13,16/09/2018 20:00:00,Provinciale,VIA DEL MARE,in prossimit�,,della chilometrica,16.3,,Tamponamento,Rettilineo,Una carreggiata a doppio senso,Asciutto,Asfaltata,Verticale ed orizzontale,Sereno,Normale,Sufficiente,Sufficiente,1,0,0,2,12.4068,41.7956,-1,1,Autovettura privata,In marcia / fermata / arresto,Passeggero,F,Illeso,0,,Non accertato,Inesploso,
3991476,13,16/09/2018 20:00:00,Provinciale,VIA DEL MARE,in prossimit�,,della chilometrica,16.3,,Tamponamento,Rettilineo,Una carreggiata a doppio senso,Asciutto,Asfaltata,Verticale ed orizzontale,Sereno,Normale,Sufficiente,Sufficiente,1,0,0,2,12.4068,41.7956,-1,2,Autovettura privata,In marcia / fermata / arresto,Conducente,M,Illeso,0,,Non accertato,Inesploso,
3991489,5,14/09/2018 20:00:00,Strada Urbana,VIA ETTORE FIERAMOSCA,da specificare,,,,FRONTE CIVICO 93,Investimento di pedone,Rettilineo,Una carreggiata a doppio senso,Asciutto,Asfaltata,Verticale ed orizzontale,Sereno,Normale,Buona,Sufficiente,1,0,0,1,12.5322,41.897,-1,,,,Pedone,F,Rimandato,0,NON DECEDUTO,,,
3991489,5,14/09/2018 20:00:00,Strada Urbana,VIA ETTORE FIERAMOSCA,da specificare,,,,FRONTE CIVICO 93,Investimento di pedone,Rettilineo,Una carreggiata a doppio senso,Asciutto,Asfaltata,Verticale ed orizzontale,Sereno,Normale,Buona,Sufficiente,1,0,0,1,12.5322,41.897,-1,1,Motociclo a solo,In marcia / fermata / arresto,Conducente,M,Illeso,0,,Non accertato,,
3991493,18,14/09/2018 20:10:00,Strada Urbana,VIA BALDO DEGLI UBALDI,in corrispondenza,,del civico n.,200,,Investimento di pedone,Pendenza,Una carreggiata a senso unico di marcia,Asciutto,Asfaltata,Verticale ed orizzontale,Sereno,Normale,Buona,Sufficiente,1,0,0,1,12.4367,41.8998,-1,,,,Pedone,F,Rimandato,0,NON DECEDUTO,,,
3991493,18,14/09/2018 20:10:00,Strada Urbana,VIA BALDO DEGLI UBALDI,in corrispondenza,,del civico n.,200,,Investimento di pedone,Pendenza,Una carreggiata a senso unico di marcia,Asciutto,Asfaltata,Verticale ed orizzontale,Sereno,Normale,Buona,Sufficiente,1,0,0,1,12.4367,41.8998,-1,1,Autovettura privata,In marcia / fermata / arresto,Conducente,M,Illeso,0,,Non accertato,Inesploso,
3991495,23,16/09/2018 12:50:00,Strada Urbana,CORSO DEL RINASCIMENTO,in prossimit�,,del civico n.,63,,Tamponamento,Rettilineo,Una carreggiata a doppio senso,Asciutto,Asfaltata,Verticale ed orizzontale,Sereno,Normale,Buona,Ore Diurne,0,0,0,3,12.4739,41.8993,-1,1,Autovettura privata,In marcia / fermata / arresto,Conducente,F,Illeso,0,,Non accertato,Inesploso,
3991495,23,16/09/2018 12:50:00,Strada Urbana,CORSO DEL RINASCIMENTO,in prossimit�,,del civico n.,63,,Tamponamento,Rettilineo,Una carreggiata a doppio senso,Asciutto,Asfaltata,Verticale ed orizzontale,Sereno,Normale,Buona,Ore Diurne,0,0,0,3,12.4739,41.8993,-1,2,Autovettura privata,In marcia / fermata / arresto,Conducente,F,Illeso,0,,Non accertato,Inesploso,
3991495,23,16/09/2018 12:50:00,Strada Urbana,CORSO DEL RINASCIMENTO,in prossimit�,,del civico n.,63,,Tamponamento,Rettilineo,Una carreggiata a doppio senso,Asciutto,Asfaltata,Verticale ed orizzontale,Sereno,Normale,Buona,Ore Diurne,0,0,0,3,12.4739,41.8993,-1,2,Autovettura privata,In marcia / fermata / arresto,Passeggero,M,Illeso,0,,Non accertato,Inesploso,
3991502,4,15/09/2018 20:30:00,Strada Urbana,VIALE CARMELO BENE,da specificare,,,,fronte entrata centro commerciale Porta di Roma,Tamponamento,Rettilineo,Due carreggiate,Asciutto,Asfaltata,Verticale ed orizzontale,Sereno,Normale,Sufficiente,Sufficiente,0,0,0,4,12.5337,41.9751,-1,1,Autovettura privata,In marcia / fermata / arresto,Conducente,M,Illeso,0,,Non accertato,Inesploso,
3991502,4,15/09/2018 20:30:00,Strada Urbana,VIALE CARMELO BENE,da specificare,,,,fronte entrata centro commerciale Porta di Roma,Tamponamento,Rettilineo,Due carreggiate,Asciutto,Asfaltata,Verticale ed orizzontale,Sereno,Normale,Sufficiente,Sufficiente,0,0,0,4,12.5337,41.9751,-1,1,Autovettura privata,In marcia / fermata / arresto,Passeggero,F,Illeso,0,,Non accertato,Inesploso,
3991502,4,15/09/2018 20:30:00,Strada Urbana,VIALE CARMELO BENE,da specificare,,,,fronte entrata centro commerciale Porta di Roma,Tamponamento,Rettilineo,Due carreggiate,Asciutto,Asfaltata,Verticale ed orizzontale,Sereno,Normale,Sufficiente,Sufficiente,0,0,0,4,12.5337,41.9751,-1,2,Autovettura privata,In marcia / fermata / arresto,Conducente,M,Illeso,0,,Non accertato,Inesploso,
3991502,4,15/09/2018 20:30:00,Strada Urbana,VIALE CARMELO BENE,da specificare,,,,fronte entrata centro commerciale Porta di Roma,Tamponamento,Rettilineo,Due carreggiate,Asciutto,Asfaltata,Verticale ed orizzontale,Sereno,Normale,Sufficiente,Sufficiente,0,0,0,4,12.5337,41.9751,-1,2,Autovettura privata,In marcia / fermata / arresto,Passeggero,F,Illeso,0,,Non accertato,Inesploso,
3991506,5,16/09/2018 11:30:00,Strada Urbana,VIA CASSINO,in prossimit�,,del civico n.,7,,Tamponamento,Rettilineo,Una carreggiata a doppio senso,Asciutto,Asfaltata,Assente,Sereno,Normale,Buona,Ore Diurne,0,0,0,2,12.5633,41.9212,-1,1,Autovettura privata,In marcia / fermata / arresto,Conducente,M,Illeso,0,,Non accertato,Inesploso,
3991506,5,16/09/2018 11:30:00,Strada Urbana,VIA CASSINO,in prossimit�,,del civico n.,7,,Tamponamento,Rettilineo,Una carreggiata a doppio senso,Asciutto,Asfaltata,Assente,Sereno,Normale,Buona,Ore Diurne,0,0,0,2,12.5633,41.9212,-1,2,Autovettura privata,In marcia / fermata / arresto,Conducente,M,Illeso,0,,Non accertato,Inesploso,
3991514,5,15/09/2018 06:45:00,Strada Urbana,VIA DI CASAL DEI PAZZI,all'intersezione con,VIA VITTORIO VALLETTA,VIA VITTORIO VALLETTA,,,Scontro frontale/laterale SX fra veicoli in marcia,Incrocio,Una carreggiata a doppio senso,Asciutto,Asfaltata,Verticale ed orizzontale,Sereno,Scarso,Buona,Ore Diurne,0,0,0,2,12.5692,41.9278,-1,1,Autovettura privata,In marcia / fermata / arresto,Conducente,M,Illeso,0,,Non accertato,Inesploso,
3991514,5,15/09/2018 06:45:00,Strada Urbana,VIA DI CASAL DEI PAZZI,all'intersezione con,VIA VITTORIO VALLETTA,VIA VITTORIO VALLETTA,,,Scontro frontale/laterale SX fra veicoli in marcia,Incrocio,Una carreggiata a doppio senso,Asciutto,Asfaltata,Verticale ed orizzontale,Sereno,Scarso,Buona,Ore Diurne,0,0,0,2,12.5692,41.9278,-1,2,Autovettura privata,In marcia / fermata / arresto,Conducente,M,Illeso,0,,Non accertato,Inesploso,
3991519,18,14/09/2018 18:55:00,Strada Urbana,CIRCONVALLAZIONE CORNELIA,all'intersezione semaforizzata con,PIAZZA DEI GIURECONSULTI,PIAZZA DEI GIURECONSULTI,,,Scontro laterale fra veicoli in marcia,Intersezione semaforizzata,Due carreggiate,Asciutto,Asfaltata,Verticale ed orizzontale,Sereno,Normale,Buona,Ore Diurne,0,0,0,2,12.4259,41.902,-1,1,Motociclo a solo,In marcia / fermata / arresto,Conducente,M,Illeso,0,,,,
3991519,18,14/09/2018 18:55:00,Strada Urbana,CIRCONVALLAZIONE CORNELIA,all'intersezione semaforizzata con,PIAZZA DEI GIURECONSULTI,PIAZZA DEI GIURECONSULTI,,,Scontro laterale fra veicoli in marcia,Intersezione semaforizzata,Due carreggiate,Asciutto,Asfaltata,Verticale ed orizzontale,Sereno,Normale,Buona,Ore Diurne,0,0,0,2,12.4259,41.902,-1,2,Autovettura pubblica,In marcia / fermata / arresto,Conducente,M,Illeso,0,,,,
3991520,5,16/09/2018 17:50:00,Strada Urbana,VIA TINO BUAZZELLI,all'intersezione con,VIA DEL CASALE DI S. BASILIO,VIA DEL CASALE DI S. BASILIO,,,Scontro frontale/laterale SX fra veicoli in marcia,Intersezione non regolata/non segnalata,Una carreggiata a doppio senso,Asciutto,Asfaltata,Verticale ed orizzontale,Sereno,Intenso,Buona,Ore Diurne,0,0,0,5,12.5689,41.9445,-1,1,Autovettura privata,In marcia / fermata / arresto,Conducente,M,Illeso,0,,Non accertato,Inesistente,
3991520,5,16/09/2018 17:50:00,Strada Urbana,VIA TINO BUAZZELLI,all'intersezione con,VIA DEL CASALE DI S. BASILIO,VIA DEL CASALE DI S. BASILIO,,,Scontro frontale/laterale SX fra veicoli in marcia,Intersezione non regolata/non segnalata,Una carreggiata a doppio senso,Asciutto,Asfaltata,Verticale ed orizzontale,Sereno,Intenso,Buona,Ore Diurne,0,0,0,5,12.5689,41.9445,-1,1,Autovettura privata,In marcia / fermata / arresto,Passeggero,F,Illeso,0,,Non accertato,Inesistente,
3991520,5,16/09/2018 17:50:00,Strada Urbana,VIA TINO BUAZZELLI,all'intersezione con,VIA DEL CASALE DI S. BASILIO,VIA DEL CASALE DI S. BASILIO,,,Scontro frontale/laterale SX fra veicoli in marcia,Intersezione non regolata/non segnalata,Una carreggiata a doppio senso,Asciutto,Asfaltata,Verticale ed orizzontale,Sereno,Intenso,Buona,Ore Diurne,0,0,0,5,12.5689,41.9445,-1,1,Autovettura privata,In marcia / fermata / arresto,Passeggero,M,Illeso,0,,Non accertato,Inesistente,