Protocollo,Gruppo,DataOraIncidente,Localizzazione1,STRADA1,Localizzazione2,STRADA2,Strada02,Chilometrica,DaSpecificare,NaturaIncidente,particolaritastrade,TipoStrada,FondoStradale,Pavimentazione,Segnaletica,CondizioneAtmosferica,Traffico,Visibilita,Illuminazione,NUM_FERITI,NUM_RISERVATA,NUM_MORTI,NUM_ILLESI,Longitudine,Latitudine,Confermato,Progressivo,TipoVeicolo,StatoVeicolo,TipoPersona,Sesso,Tipolesione,Deceduto,DecedutoDopo,CinturaCascoUtilizzato,Airbag,
3991520,5,16/09/2018 17:50:00,Strada Urbana,VIA TINO BUAZZELLI,all'intersezione con,VIA DEL CASALE DI S. BASILIO,VIA DEL CASALE DI S. BASILIO,,,Scontro frontale/laterale SX fra veicoli in marcia,Intersezione non regolata/non segnalata,Una carreggiata a doppio senso,Asciutto,Asfaltata,Verticale ed orizzontale,Sereno,Intenso,Buona,Ore Diurne,0,0,0,5,12.5689,41.9445,-1,1,Autovettura privata,In marcia / fermata / arresto,Passeggero,F,Illeso,0,,Non accertato,Inesistente,
3991520,5,16/09/2018 17:50:00,Strada Urbana,VIA TINO BUAZZELLI,all'intersezione con,VIA DEL CASALE DI S. BASILIO,VIA DEL CASALE DI S. BASILIO,,,Scontro frontale/laterale SX fra veicoli in marcia,Intersezione non regolata/non segnalata,Una carreggiata a doppio senso,Asciutto,Asfaltata,Verticale ed orizzontale,Sereno,Intenso,Buona,Ore Diurne,0,0,0,5,12.5689,41.9445,-1,2,Velocipede,In marcia / fermata / arresto,Conducente,M,Illeso,0,,Esente,,
3991545,3,15/09/2018 08:30:00,Strada Urbana,VIA TIBURTINA,in prossimit�,,del civico n.,120,,Veicolo in marcia contro veicolo in sosta,Rettilineo,Una carreggiata a doppio senso,Asciutto,Asfaltata,Verticale ed orizzontale,Sereno,Normale,Buona,Ore Diurne,0,0,0,1,12.5146,41.8984,-1,2,Autovettura privata,Allontanatosi,Conducente,F,Illeso,0,,Non accertato,Inesploso,
3991557,3,15/09/2018 10:50:00,Strada Urbana,PIAZZA SASSARI,in prossimit�,,del civico n.,5,,Scontro laterale fra veicoli in marcia,Rettilineo,Una carreggiata a senso unico di marcia,Asciutto,Asfaltata,Verticale ed orizzontale,Sereno,Normale,Buona,Ore Diurne,1,0,0,1,12.5125,41.9086,-1,1,Autovettura privata,In marcia / fermata / arresto,Conducente,M,Illeso,0,,Non accertato,Inesploso,
3991557,3,15/09/2018 10:50:00,Strada Urbana,PIAZZA SASSARI,in prossimit�,,del civico n.,5,,Scontro laterale fra veicoli in marcia,Rettilineo,Una carreggiata a senso unico di marcia,Asciutto,Asfaltata,Verticale ed orizzontale,Sereno,Normale,Buona,Ore Diurne,1,0,0,1,12.5125,41.9086,-1,2,Motociclo a solo,In marcia / fermata / arresto,Conducente,F,Rimandato,0,NON DECEDUTO,Non accertato,,
3991559,4,15/09/2018 21:15:00,Strada Urbana,VIA FEO BELCARI,in prossimit�,,del civico n.,299,,Veicolo in marcia contro veicoli in sosta,Rettilineo,Una carreggiata a doppio senso,Asciutto,Asfaltata,Assente,Sereno,Normale,Sufficiente,Sufficiente,0,0,0,2,12.5629,41.9752,-1,1,Autovettura privata,In marcia / fermata / arresto,Conducente,M,Illeso,0,,,,
3991559,4,15/09/2018 21:15:00,Strada Urbana,VIA FEO BELCARI,in prossimit�,,del civico n.,299,,Veicolo in marcia contro veicoli in sosta,Rettilineo,Una carreggiata a doppio senso,Asciutto,Asfaltata,Assente,Sereno,Normale,Sufficiente,Sufficiente,0,0,0,2,12.5629,41.9752,-1,1,Autovettura privata,In marcia / fermata / arresto,Passeggero,M,Illeso,0,,,,
3991571,12,15/09/2018 23:30:00,Strada Urbana,VIALE EUROPA,all'intersezione con,VIALE BEETHOVEN,VIALE BEETHOVEN,,,Scontro frontale fra veicoli in marcia,Incrocio,Una carreggiata a doppio senso,Asciutto,Asfaltata,Verticale ed orizzontale,Sereno,Normale,Buona,Sufficiente,2,0,0,5,12.4685,41.831,-1,1,Autovettura privata,In marcia / fermata / arresto,Conducente,M,Illeso,0,,,,
3991571,12,15/09/2018 23:30:00,Strada Urbana,VIALE EUROPA,all'intersezione con,VIALE BEETHOVEN,VIALE BEETHOVEN,,,Scontro frontale fra veicoli in marcia,Incrocio,Una carreggiata a doppio senso,Asciutto,Asfaltata,Verticale ed orizzontale,Sereno,Normale,Buona,Sufficiente,2,0,0,5,12.4685,41.831,-1,1,Autovettura privata,In marcia / fermata / arresto,Passeggero,M,Illeso,0,,,,
3991571,12,15/09/2018 23:30:00,Strada Urbana,VIALE EUROPA,all'intersezione con,VIALE BEETHOVEN,VIALE BEETHOVEN,,,Scontro frontale fra veicoli in marcia,Incrocio,Una carreggiata a doppio senso,Asciutto,Asfaltata,Verticale ed orizzontale,Sereno,Normale,Buona,Sufficiente,2,0,0,5,12.4685,41.831,-1,1,Autovettura privata,In marcia / fermata / arresto,Passeggero,M,Illeso,0,,,,
3991571,12,15/09/2018 23:30:00,Strada Urbana,VIALE EUROPA,all'intersezione con,VIALE BEETHOVEN,VIALE BEETHOVEN,,,Scontro frontale fra veicoli in marcia,Incrocio,Una carreggiata a doppio senso,Asciutto,Asfaltata,Verticale ed orizzontale,Sereno,Normale,Buona,Sufficiente,2,0,0,5,12.4685,41.831,-1,2,Autovettura privata,In marcia / fermata / arresto,Conducente,M,Rimandato,0,NON DECEDUTO,,,
3991571,12,15/09/2018 23:30:00,Strada Urbana,VIALE EUROPA,all'intersezione con,VIALE BEETHOVEN,VIALE BEETHOVEN,,,Scontro frontale fra veicoli in marcia,Incrocio,Una carreggiata a doppio senso,Asciutto,Asfaltata,Verticale ed orizzontale,Sereno,Normale,Buona,Sufficiente,2,0,0,5,12.4685,41.831,-1,2,Autovettura privata,In marcia / fermata / arresto,Passeggero,M,Rimandato,0,NON DECEDUTO,,,
3991571,12,15/09/2018 23:30:00,Strada Urbana,VIALE EUROPA,all'intersezione con,VIALE BEETHOVEN,VIALE BEETHOVEN,,,Scontro frontale fra veicoli in marcia,Incrocio,Una carreggiata a doppio senso,Asciutto,Asfaltata,Verticale ed orizzontale,Sereno,Normale,Buona,Sufficiente,2,0,0,5,12.4685,41.831,-1,2,Autovettura privata,In marcia / fermata / arresto,Passeggero,M,Illeso,0,,Utilizzato,Inesploso,
3991587,12,14/09/2018 23:30:00,Provinciale entro l'abitato,VIA ARDEATINA,da specificare,,,,in prossimit� di via Caruccio,Scontro laterale fra veicoli in marcia,Rettilineo,Una carreggiata a doppio senso,Asciutto,Asfaltata,Verticale ed orizzontale,Sereno,Normale,Buona,Sufficiente,1,0,0,2,12.5254,41.8131,-1,1,Autovettura privata,In marcia / fermata / arresto,Conducente,M,Rimandato,0,NON DECEDUTO,Non accertato,Inesploso,
3991587,12,14/09/2018 23:30:00,Provinciale entro l'abitato,VIA ARDEATINA,da specificare,,,,in prossimit� di via Caruccio,Scontro laterale fra veicoli in marcia,Rettilineo,Una carreggiata a doppio senso,Asciutto,Asfaltata,Verticale ed orizzontale,Sereno,Normale,Buona,Sufficiente,1,0,0,2,12.5254,41.8131,-1,2,Autovettura privata,In marcia / fermata / arresto,Conducente,M,Illeso,0,,Non accertato,Inesploso,
3991587,12,14/09/2018 23:30:00,Provinciale entro l'abitato,VIA ARDEATINA,da specificare,,,,in prossimit� di via Caruccio,Scontro laterale fra veicoli in marcia,Rettilineo,Una carreggiata a doppio senso,Asciutto,Asfaltata,Verticale ed orizzontale,Sereno,Normale,Buona,Sufficiente,1,0,0,2,12.5254,41.8131,-1,2,Autovettura privata,In marcia / fermata / arresto,Passeggero,M,Illeso,0,,Non accertato,Inesploso,
3991647,10,17/09/2018 10:30:00,Strada Urbana,VIA GIOACCHINO VOLPE,all'intersezione con,VIA ANTONINO PAGLIARO,VIA ANTONINO PAGLIARO,,,Scontro frontale/laterale DX fra veicoli in marcia,Intersezione stradale segnalata,Una carreggiata a doppio senso,Asciutto,Asfaltata,Verticale ed orizzontale,Sereno,Normale,Buona,Ore Diurne,1,0,0,1,12.6249,41.8388,-1,1,Autovettura privata,In marcia / fermata / arresto,Conducente,F,Illeso,0,,Non accertato,Inesploso,
3991647,10,17/09/2018 10:30:00,Strada Urbana,VIA GIOACCHINO VOLPE,all'intersezione con,VIA ANTONINO PAGLIARO,VIA ANTONINO PAGLIARO,,,Scontro frontale/laterale DX fra veicoli in marcia,Intersezione stradale segnalata,Una carreggiata a doppio senso,Asciutto,Asfaltata,Verticale ed orizzontale,Sereno,Normale,Buona,Ore Diurne,1,0,0,1,12.6249,41.8388,-1,2,Autovettura privata,In marcia / fermata / arresto,Conducente,F,Rimandato,0,NON DECEDUTO,Non accertato,Inesploso,
3991652,16,14/09/2018 08:40:00,Strada Urbana,VIA ANTON GIULIO BARRILI,all'intersezione con,VIA ALBERTO MARIO,VIA ALBERTO MARIO,,,Infortunio per sola frenata improvvisa,Incrocio,Una carreggiata a doppio senso,Asciutto,Asfaltata,Orizzontale,Sereno,Normale,Buona,Ore Diurne,1,0,0,1,12.4606,41.8801,-1,1,Autovettura privata,In marcia / fermata / arresto,Conducente,F,Illeso,0,,Non accertato,Inesploso,
3991652,16,14/09/2018 08:40:00,Strada Urbana,VIA ANTON GIULIO BARRILI,all'intersezione con,VIA ALBERTO MARIO,VIA ALBERTO MARIO,,,Infortunio per sola frenata improvvisa,Incrocio,Una carreggiata a doppio senso,Asciutto,Asfaltata,Orizzontale,Sereno,Normale,Buona,Ore Diurne,1,0,0,1,12.4606,41.8801,-1,2,Motociclo a solo,In marcia / fermata / arresto,Conducente,M,Rifiuta cure immediate,0,NON DECEDUTO,Non accertato,,
3991660,19,17/09/2018 10:35:00,Strada Urbana,VIA DELLA PINETA SACCHETTI,da specificare,,,,altezza fermata mezzi pubblici 80504,Tamponamento,Rettilineo,Una carreggiata a senso unico di marcia,Asciutto,Asfaltata,Verticale ed orizzontale,Sereno,Normale,Buona,Ore Diurne,1,0,0,1,12.4283,41.9365,-1,1,Autobus di linea,In marcia / fermata / arresto,Conducente,M,Illeso,0,,Non accertato,Inesistente,
3991660,19,17/09/2018 10:35:00,Strada Urbana,VIA DELLA PINETA SACCHETTI,da specificare,,,,altezza fermata mezzi pubblici 80504,Tamponamento,Rettilineo,Una carreggiata a senso unico di marcia,Asciutto,Asfaltata,Verticale ed orizzontale,Sereno,Normale,Buona,Ore Diurne,1,0,0,1,12.4283,41.9365,-1,2,Motociclo a solo,In marcia / fermata / arresto,Conducente,M,Rimandato,0,NON DECEDUTO,,,
3991664,20,17/09/2018 10:00:00,Strada Urbana,VIA DELLA FARNESINA,in corrispondenza,,del civico n.,272,,Veicolo in marcia contro veicolo in sosta,Rettilineo,Una carreggiata a doppio senso,Asciutto,Asfaltata,Assente,Sereno,Scarso,Buona,Ore Diurne,0,0,0,1,12.4583,41.944,-1,1,Autovettura privata,In marcia / fermata / arresto,Conducente,M,Illeso,0,,,,
3991726,4,16/09/2018 02:00:00,Strada Urbana,VIA CESARE FRACASSINI,all'intersezione con,VIA ANTONIO ALLEGRI DA CORREGGIO,VIA ANTONIO ALLEGRI DA CORREGGIO,,,Scontro frontale/laterale DX fra veicoli in marcia,Incrocio,Due carreggiate,Asciutto,Asfaltata,Verticale ed orizzontale,Sereno,Scarso,Buona,Sufficiente,0,0,0,5,12.4697,41.9233,0,1,Autovettura privata,In marcia / fermata / arresto,Conducente,M,Illeso,0,,Non accertato,,
3991726,4,16/09/2018 02:00:00,Strada Urbana,VIA CESARE FRACASSINI,all'intersezione con,VIA ANTONIO ALLEGRI DA CORREGGIO,VIA ANTONIO ALLEGRI DA CORREGGIO,,,Scontro frontale/laterale DX fra veicoli in marcia,Incrocio,Due carreggiate,Asciutto,Asfaltata,Verticale ed orizzontale,Sereno,Scarso,Buona,Sufficiente,0,0,0,5,12.4697,41.9233,0,1,Autovettura privata,In marcia / fermata / arresto,Passeggero,M,Illeso,0,,Non accertato,,
3991726,4,16/09/2018 02:00:00,Strada Urbana,VIA CESARE FRACASSINI,all'intersezione con,VIA ANTONIO ALLEGRI DA CORREGGIO,VIA ANTONIO ALLEGRI DA CORREGGIO,,,Scontro frontale/laterale DX fra veicoli in marcia,Incrocio,Due carreggiate,Asciutto,Asfaltata,Verticale ed orizzontale,Sereno,Scarso,Buona,Sufficiente,0,0,0,5,12.4697,41.9233,0,1,Autovettura privata,In marcia / fermata / arresto,Passeggero,F,Illeso,0,,Non accertato,,
3991726,4,16/09/2018 02:00:00,Strada Urbana,VIA CESARE FRACASSINI,all'intersezione con,VIA ANTONIO ALLEGRI DA CORREGGIO,VIA ANTONIO ALLEGRI DA CORREGGIO,,,Scontro frontale/laterale DX fra veicoli in marcia,Incrocio,Due carreggiate,Asciutto,Asfaltata,Verticale ed orizzontale,Sereno,Scarso,Buona,Sufficiente,0,0,0,5,12.4697,41.9233,0,1,Autovettura privata,In marcia / fermata / arresto,Passeggero,F,Illeso,0,,Non accertato,,
3991726,4,16/09/2018 02:00:00,Strada Urbana,VIA CESARE FRACASSINI,all'intersezione con,VIA ANTONIO ALLEGRI DA CORREGGIO,VIA ANTONIO ALLEGRI DA CORREGGIO,,,Scontro frontale/laterale DX fra veicoli in marcia,Incrocio,Due carreggiate,Asciutto,Asfaltata,Verticale ed orizzontale,Sereno,Scarso,Buona,Sufficiente,0,0,0,5,12.4697,41.9233,0,2,Autovettura privata,In marcia / fermata / arresto,Conducente,M,Illeso,0,,Non accertato,,
3991740,4,15/09/2018 16:40:00,Provinciale entro l'abitato,VIA NOMENTANA,in prossimit�,,del civico n.,1101,,Veicolo in marcia contro veicoli in arresto,Rettilineo,Una carreggiata a doppio senso,Asciutto,Sterrata,Assente,Sereno,Normale,Buona,Ore Diurne,0,0,0,2,,,0,1,Autovettura privata,In marcia / fermata / arresto,Conducente,F,Illeso,0,,Non accertato,,
3991740,4,15/09/2018 16:40:00,Provinciale entro l'abitato,VIA NOMENTANA,in prossimit�,,del civico n.,1101,,Veicolo in marcia contro veicoli in arresto,Rettilineo,Una carreggiata a doppio senso,Asciutto,Sterrata,Assente,Sereno,Normale,Buona,Ore Diurne,0,0,0,2,,,0,1,Autovettura privata,In marcia / fermata / arresto,Passeggero,M,Illeso,0,,,,
3991768,2,17/09/2018 02:15:00,Strada Urbana,VIA NOMENTANA,in prossimit�,,del civico n.,236,,Veicolo in marcia contro ostacolo fisso,Rettilineo,Pi� di due carreggiate,Asciutto,Asfaltata,Verticale ed orizzontale,Sereno,Scarso,Sufficiente,Sufficiente,0,0,0,1,12.5227,41.9255,-1,1,Autovettura privata,In marcia / fermata / arresto,Conducente,M,Illeso,0,,Non accertato,Inesploso,
3991802,4,16/09/2018 16:50:00,Strada Urbana,VIA DELLA BUFALOTTA,in prossimit�,,del civico n.,596,,Scontro laterale fra veicoli in marcia,Rettilineo,Una carreggiata a doppio senso,Asciutto,Asfaltata,Orizzontale,Foschia,Scarso,Buona,Ore Diurne,0,1,0,3,12.5491,41.963,-1,1,Autovettura privata,In marcia / fermata / arresto,Conducente,M,Illeso,0,,Non accertato,,
3991802,4,16/09/2018 16:50:00,Strada Urbana,VIA DELLA BUFALOTTA,in prossimit�,,del civico n.,596,,Scontro laterale fra veicoli in marcia,Rettilineo,Una carreggiata a doppio senso,Asciutto,Asfaltata,Orizzontale,Foschia,Scarso,Buona,Ore Diurne,0,1,0,3,12.5491,41.963,-1,1,Autovettura privata,In marcia / fermata / arresto,Passeggero,F,Illeso,0,,Non accertato,,
3991802,4,16/09/2018 16:50:00,Strada Urbana,VIA DELLA BUFALOTTA,in prossimit�,,del civico n.,596,,Scontro laterale fra veicoli in marcia,Rettilineo,Una carreggiata a doppio senso,Asciutto,Asfaltata,Orizzontale,Foschia,Scarso,Buona,Ore Diurne,0,1,0,3,12.5491,41.963,-1,1,Autovettura privata,In marcia / fermata / arresto,Passeggero,F,Illeso,0,,Non accertato,,
3991802,4,16/09/2018 16:50:00,Strada Urbana,VIA DELLA BUFALOTTA,in prossimit�,,del civico n.,596,,Scontro laterale fra veicoli in marcia,Rettilineo,Una carreggiata a doppio senso,Asciutto,Asfaltata,Orizzontale,Foschia,Scarso,Buona,Ore Diurne,0,1,0,3,12.5491,41.963,-1,2,Velocipede,In marcia / fermata / arresto,Conducente,M,Prognosi riservata,0,NON DECEDUTO,Esente,,
3991803,4,15/09/2018 19:00:00,Strada Urbana,VIALE JONIO,in corrispondenza,,del civico n.,368,,Scontro laterale fra veicoli in marcia,Rettilineo,Due carreggiate,Asciutto,Asfaltata,Assente,Sereno,Scarso,Buona,Ore Diurne,0,0,0,4,12.5281,41.9461,-1,1,Autovettura privata,In marcia / fermata / arresto,Conducente,M,Illeso,0,,Non accertato,Inesploso,
3991803,4,15/09/2018 19:00:00,Strada Urbana,VIALE JONIO,in corrispondenza,,del civico n.,368,,Scontro laterale fra veicoli in marcia,Rettilineo,Due carreggiate,Asciutto,Asfaltata,Assente,Sereno,Scarso,Buona,Ore Diurne,0,0,0,4,12.5281,41.9461,-1,1,Autovettura privata,In marcia / fermata / arresto,Passeggero,F,Illeso,0,,Non accertato,Inesploso,
3991803,4,15/09/2018 19:00:00,Strada Urbana,VIALE JONIO,in corrispondenza,,del civico n.,368,,Scontro laterale fra veicoli in marcia,Rettilineo,Due carreggiate,Asciutto,Asfaltata,Assente,Sereno,Scarso,Buona,Ore Diurne,0,0,0,4,12.5281,41.9461,-1,2,Autovettura privata,In marcia / fermata / arresto,Conducente,M,Illeso,0,,Non accertato,Inesploso,
3991803,4,15/09/2018 19:00:00,Strada Urbana,VIALE JONIO,in corrispondenza,,del civico n.,368,,Scontro laterale fra veicoli in marcia,Rettilineo,Due carreggiate,Asciutto,Asfaltata,Assente,Sereno,Scarso,Buona,Ore Diurne,0,0,0,4,12.5281,41.9461,-1,2,Autovettura privata,In marcia / fermata / arresto,Passeggero,F,Illeso,0,,,,
3991805,15,17/09/2018 12:00:00,Comunale extraurbana,VIA DELLA MURATELLA,da specificare,,,,prox intersezione con Via Portuense,Veicolo in marcia contro ostacolo accidentale,Rettilineo,Una carreggiata a doppio senso,Sdrucciolevole (pietrisco),Asfaltata,Orizzontale,Sereno,Normale,Buona,Ore Diurne,1,0,0,0,12.2585,41.8576,-1,1,Motociclo a solo,In marcia / fermata / arresto,Conducente,M,Ricoverato,0,NON DECEDUTO,Non accertato,,
3991806,16,14/09/2018 09:50:00,Strada Urbana,PIAZZALE EUGENIO MORELLI,in corrispondenza,,del civico n.,1,,Scontro laterale fra veicoli in marcia,Rettilineo,Una carreggiata a senso unico di marcia,Asciutto,Asfaltata,Verticale ed orizzontale,Sereno,Normale,Buona,Ore Diurne,0,0,0,2,12.4436,41.8612,-1,1,Autocarro inferiore 35 q.,In marcia / fermata / arresto,Conducente,M,Illeso,0,,Non accertato,,
3991806,16,14/09/2018 09:50:00,Strada Urbana,PIAZZALE EUGENIO MORELLI,in corrispondenza,,del civico n.,1,,Scontro laterale fra veicoli in marcia,Rettilineo,Una carreggiata a senso unico di marcia,Asciutto,Asfaltata,Verticale ed orizzontale,Sereno,Normale,Buona,Ore Diurne,0,0,0,2,12.4436,41.8612,-1,2,Autovettura privata,In marcia / fermata / arresto,Conducente,M,Illeso,0,,Non accertato,,
3991868,16,14/09/2018 14:45:00,Strada Urbana,VIA DANTE DE BLASI,in prossimit�,,del civico n.,79,,Scontro frontale/laterale DX fra veicoli in marcia,Rettilineo,Una carreggiata a senso unico di marcia,Asciutto,Asfaltata,Assente,Sereno,Scarso,Buona,Ore Diurne,0,0,0,2,12.4461,41.8593,-1,1,Autovettura privata,In marcia / fermata / arresto,Conducente,M,Illeso,0,,Non accertato,Inesploso,
3991868,16,14/09/2018 14:45:00,Strada Urbana,VIA DANTE DE BLASI,in prossimit�,,del civico n.,79,,Scontro frontale/laterale DX fra veicoli in marcia,Rettilineo,Una carreggiata a senso unico di marcia,Asciutto,Asfaltata,Assente,Sereno,Scarso,Buona,Ore Diurne,0,0,0,2,12.4461,41.8593,-1,2,Autovettura pubblica,In marcia / fermata / arresto,Conducente,M,Illeso,0,,Non accertato,Inesploso,
3991884,12,16/09/2018 02:50:00,Strada Urbana,VIALE DELL'OCEANO PACIFICO,all'intersezione semaforizzata con,VIALE DELLA TECNICA,VIALE DELLA TECNICA,,,Scontro frontale/laterale SX fra veicoli in marcia,Incrocio,Una carreggiata a doppio senso,Asciutto,Asfaltata,Verticale ed orizzontale,Sereno,Scarso,Sufficiente,Sufficiente,3,0,0,0,12.4568,41.8246,-1,1,Autovettura privata,In marcia / fermata / arresto,Conducente,M,Rimandato,0,NON DECEDUTO,,,
3991884,12,16/09/2018 02:50:00,Strada Urbana,VIALE DELL'OCEANO PACIFICO,all'intersezione semaforizzata con,VIALE DELLA TECNICA,VIALE DELLA TECNICA,,,Scontro frontale/laterale SX fra veicoli in marcia,Incrocio,Una carreggiata a doppio senso,Asciutto,Asfaltata,Verticale ed orizzontale,Sereno,Scarso,Sufficiente,Sufficiente,3,0,0,0,12.4568,41.8246,-1,1,Autovettura privata,In marcia / fermata / arresto,Passeggero,F,Rimandato,0,NON DECEDUTO,,,
3991884,12,16/09/2018 02:50:00,Strada Urbana,VIALE DELL'OCEANO PACIFICO,all'intersezione semaforizzata con,VIALE DELLA TECNICA,VIALE DELLA TECNICA,,,Scontro frontale/laterale SX fra veicoli in marcia,Incrocio,Una carreggiata a doppio senso,Asciutto,Asfaltata,Verticale ed orizzontale,Sereno,Scarso,Sufficiente,Sufficiente,3,0,0,0,12.4568,41.8246,-1,2,Quadriciclo leggero,In marcia / fermata / arresto,Conducente,F,Rimandato,0,NON DECEDUTO,,,
3991899,16,15/09/2018 13:10:00,Strada Urbana,CIRCONVALLAZIONE GIANICOLENSE,da specificare,,,,fronte civico  80,Veicolo in marcia contro veicoli in arresto,Rettilineo,Una carreggiata a senso unico di marcia,Asciutto,Asfaltata,Orizzontale,Sereno,Normale,Buona,Ore Diurne,1,0,0,2,12.4496,41.8725,-1,1,Autovettura privata,In marcia / fermata / arresto,Conducente,F,Illeso,0,,Non accertato,Inesploso,
3991899,16,15/09/2018 13:10:00,Strada Urbana,CIRCONVALLAZIONE GIANICOLENSE,da specificare,,,,fronte civico  80,Veicolo in marcia contro veicoli in arresto,Rettilineo,Una carreggiata a senso unico di marcia,Asciutto,Asfaltata,Orizzontale,Sereno,Normale,Buona,Ore Diurne,1,0,0,2,12.4496,41.8725,-1,2,Autovettura privata,In marcia / fermata / arresto,Conducente,M,Rifiuta cure immediate,0,NON DECEDUTO,Non accertato,Inesploso,
3991899,16,15/09/2018 13:10:00,Strada Urbana,CIRCONVALLAZIONE GIANICOLENSE,da specificare,,,,fronte civico  80,Veicolo in marcia contro veicoli in arresto,Rettilineo,Una carreggiata a senso unico di marcia,Asciutto,Asfaltata,Orizzontale,Sereno,Normale,Buona,Ore Diurne,1,0,0,2,12.4496,41.8725,-1,3,Autovettura privata,In marcia / fermata / arresto,Conducente,M,Illeso,0,,Non accertato,Inesploso,
3991916,17,17/09/2018 06:50:00,Strada Urbana,CIRCONVALLAZIONE TRIONFALE,all'intersezione semaforizzata con,VIA TRIONFALE,VIA TRIONFALE,,,Scontro frontale/laterale DX fra veicoli in marcia,Intersezione semaforizzata,Due carreggiate,Asciutto,Asfaltata,Verticale ed orizzontale,Sereno,Normale,Buona,Ore Diurne,0,0,0,4,12.4512,41.9138,0,1,Autovettura di polizia,In marcia / fermata / arresto,Conducente,M,Illeso,0,,,,
3991916,17,17/09/2018 06:50:00,Strada Urbana,CIRCONVALLAZIONE TRIONFALE,all'intersezione semaforizzata con,VIA TRIONFALE,VIA TRIONFALE,,,Scontro frontale/laterale DX fra veicoli in marcia,Intersezione semaforizzata,Due carreggiate,Asciutto,Asfaltata,Verticale ed orizzontale,Sereno,Normale,Buona,Ore Diurne,0,0,0,4,12.4512,41.9138,0,1,Autovettura di polizia,In marcia / fermata / arresto,Passeggero,M,Illeso,0,,,,
3991916,17,17/09/2018 06:50:00,Strada Urbana,CIRCONVALLAZIONE TRIONFALE,all'intersezione semaforizzata con,VIA TRIONFALE,VIA TRIONFALE,,,Scontro frontale/laterale DX fra veicoli in marcia,Intersezione semaforizzata,Due carreggiate,Asciutto,Asfaltata,Verticale ed orizzontale,Sereno,Normale,Buona,Ore Diurne,0,0,0,4,12.4512,41.9138,0,1,Autovettura di polizia,In marcia / fermata / arresto,Passeggero,M,Illeso,0,,,,
3991916,17,17/09/2018 06:50:00,Strada Urbana,CIRCONVALLAZIONE TRIONFALE,all'intersezione semaforizzata con,VIA TRIONFALE,VIA TRIONFALE,,,Scontro frontale/laterale DX fra veicoli in marcia,Intersezione semaforizzata,Due carreggiate,Asciutto,Asfaltata,Verticale ed orizzontale,Sereno,Normale,Buona,Ore Diurne,0,0,0,4,12.4512,41.9138,0,2,Motociclo a solo,In marcia / fermata / arresto,Conducente,M,Illeso,0,,,,
3991963,13,16/09/2018 07:55:00,Strada Urbana,PIAZZA QUARTO DEI MILLE,in corrispondenza,,del civico n.,13,,Veicolo in marcia contro veicoli in sosta,Rettilineo,Una carreggiata a senso unico di marcia,Asciutto,Asfaltata,Verticale,Sereno,Scarso,Buona,Ore Diurne,0,0,0,1,12.2748,41.7317,-1,1,Autovettura privata,In marcia / fermata / arresto,Conducente,M,Illeso,0,,Non accertato,,
3992040,10,17/09/2018 13:55:00,Strada Urbana,VIA DELLA STAZIONE DI CIAMPINO,all'intersezione con,VIA DEL CASALE SANTARELLI,VIA DEL CASALE SANTARELLI,,,Tamponamento Multiplo,Intersezione stradale segnalata,Una carreggiata a doppio senso,Asciutto,Asfaltata,Orizzontale,Sereno,Normale,Buona,Ore Diurne,1,0,0,2,12.6177,41.8146,-1,1,Autovettura privata,In marcia / fermata / arresto,Conducente,M,Illeso,0,,Non accertato,Inesploso,
3992040,10,17/09/2018 13:55:00,Strada Urbana,VIA DELLA STAZIONE DI CIAMPINO,all'intersezione con,VIA DEL CASALE SANTARELLI,VIA DEL CASALE SANTARELLI,,,Tamponamento Multiplo,Intersezione stradale segnalata,Una carreggiata a doppio senso,Asciutto,Asfaltata,Orizzontale,Sereno,Normale,Buona,Ore Diurne,1,0,0,2,12.6177,41.8146,-1,2,Autovettura privata,In marcia / fermata / arresto,Conducente,F,Illeso,0,,Non accertato,Inesploso,
3992040,10,17/09/2018 13:55:00,Strada Urbana,VIA DELLA STAZIONE DI CIAMPINO,all'intersezione con,VIA DEL CASALE SANTARELLI,VIA DEL CASALE SANTARELLI,,,Tamponamento Multiplo,Intersezione stradale segnalata,Una carreggiata a doppio senso,Asciutto,Asfaltata,Orizzontale,Sereno,Normale,Buona,Ore Diurne,1,0,0,2,12.6177,41.8146,-1,3,Motociclo a solo,In marcia / fermata / arresto,Conducente,M,Rimandato,0,NON DECEDUTO,Non accertato,,
3992083,1,16/09/2018 07:30:00,Strada Urbana,LUNGOTEVERE DEI TEBALDI,in corrispondenza,,del civico n.,22,,Veicolo in marcia contro ostacolo fisso,Rettilineo,Una carreggiata a senso unico di marcia,Asciutto,Asfaltata,Verticale ed orizzontale,Sereno,Scarso,Buona,Ore Diurne,1,0,0,0,,,0,1,Ciclomotore,In marcia / fermata / arresto,Conducente,M,Rimandato,0,NON DECEDUTO,Non accertato,,
3992093,16,16/09/2018 00:40:00,Strada Urbana,VIALE DI VILLA PAMPHILI,all'intersezione con,VIA FRANCESCO BOLOGNESI,VIA FRANCESCO BOLOGNESI,,,Scontro frontale/laterale DX fra veicoli in marcia,Intersezione semaforizzata,Una carreggiata a doppio senso,Asciutto,Asfaltata,Verticale ed orizzontale,Sereno,Scarso,Buona,Sufficiente,2,0,0,1,12.4566,41.8806,-1,1,Autovettura privata,In marcia / fermata / arresto,Conducente,M,Illeso,0,,Non accertato,,