Protocollo,Gruppo,DataOraIncidente,Localizzazione1,STRADA1,Localizzazione2,STRADA2,Strada02,Chilometrica,DaSpecificare,NaturaIncidente,particolaritastrade,TipoStrada,FondoStradale,Pavimentazione,Segnaletica,CondizioneAtmosferica,Traffico,Visibilita,Illuminazione,NUM_FERITI,NUM_RISERVATA,NUM_MORTI,NUM_ILLESI,Longitudine,Latitudine,Confermato,Progressivo,TipoVeicolo,StatoVeicolo,TipoPersona,Sesso,Tipolesione,Deceduto,DecedutoDopo,CinturaCascoUtilizzato,Airbag,
3992093,16,16/09/2018 00:40:00,Strada Urbana,VIALE DI VILLA PAMPHILI,all'intersezione con,VIA FRANCESCO BOLOGNESI,VIA FRANCESCO BOLOGNESI,,,Scontro frontale/laterale DX fra veicoli in marcia,Intersezione semaforizzata,Una carreggiata a doppio senso,Asciutto,Asfaltata,Verticale ed orizzontale,Sereno,Scarso,Buona,Sufficiente,2,0,0,1,12.4566,41.8806,-1,2,Ciclomotore con passeggero,In marcia / fermata / arresto,Conducente,M,Rimandato,0,NON DECEDUTO,Non accertato,,
3992093,16,16/09/2018 00:40:00,Strada Urbana,VIALE DI VILLA PAMPHILI,all'intersezione con,VIA FRANCESCO BOLOGNESI,VIA FRANCESCO BOLOGNESI,,,Scontro frontale/laterale DX fra veicoli in marcia,Intersezione semaforizzata,Una carreggiata a doppio senso,Asciutto,Asfaltata,Verticale ed orizzontale,Sereno,Scarso,Buona,Sufficiente,2,0,0,1,12.4566,41.8806,-1,2,Ciclomotore con passeggero,In marcia / fermata / arresto,Passeggero,M,Ricoverato,0,NON DECEDUTO,Non accertato,,
3992095,12,17/09/2018 14:00:00,Strada Urbana,VIA DI MEZZOCAMMINO,all'intersezione con,LARGO DELLE PLEIADI,LARGO DELLE PLEIADI,,,Scontro frontale/laterale DX fra veicoli in marcia,Incrocio,Una carreggiata a doppio senso,Asciutto,Asfaltata,Verticale ed orizzontale,Sereno,Normale,Buona,Ore Diurne,0,0,0,3,12.4306,41.7851,-1,1,Autovettura privata,In marcia / fermata / arresto,Conducente,F,Illeso,0,,Non accertato,Inesploso,
3992095,12,17/09/2018 14:00:00,Strada Urbana,VIA DI MEZZOCAMMINO,all'intersezione con,LARGO DELLE PLEIADI,LARGO DELLE PLEIADI,,,Scontro frontale/laterale DX fra veicoli in marcia,Incrocio,Una carreggiata a doppio senso,Asciutto,Asfaltata,Verticale ed orizzontale,Sereno,Normale,Buona,Ore Diurne,0,0,0,3,12.4306,41.7851,-1,1,Autovettura privata,In marcia / fermata / arresto,Passeggero,F,Illeso,0,,Non accertato,Inesploso,
3992095,12,17/09/2018 14:00:00,Strada Urbana,VIA DI MEZZOCAMMINO,all'intersezione con,LARGO DELLE PLEIADI,LARGO DELLE PLEIADI,,,Scontro frontale/laterale DX fra veicoli in marcia,Incrocio,Una carreggiata a doppio senso,Asciutto,Asfaltata,Verticale ed orizzontale,Sereno,Normale,Buona,Ore Diurne,0,0,0,3,12.4306,41.7851,-1,2,Autovettura privata,In marcia / fermata / arresto,Conducente,F,Illeso,0,,Non accertato,Inesploso,
3992106,16,16/09/2018 11:40:00,Strada Urbana,VIA DI DONNA OLIMPIA,in corrispondenza,,del civico n.,144,,Scontro laterale fra veicoli in marcia,Rettilineo,Una carreggiata a doppio senso,Asciutto,Asfaltata,Verticale ed orizzontale,Sereno,Scarso,Buona,Ore Diurne,1,0,0,1,12.4542,41.8757,-1,1,Motociclo a solo,In marcia / fermata / arresto,Conducente,M,Rimandato,0,NON DECEDUTO,Non accertato,,
3992106,16,16/09/2018 11:40:00,Strada Urbana,VIA DI DONNA OLIMPIA,in corrispondenza,,del civico n.,144,,Scontro laterale fra veicoli in marcia,Rettilineo,Una carreggiata a doppio senso,Asciutto,Asfaltata,Verticale ed orizzontale,Sereno,Scarso,Buona,Ore Diurne,1,0,0,1,12.4542,41.8757,-1,2,Autovettura privata,In marcia / fermata / arresto,Conducente,F,Illeso,0,,Non accertato,Inesploso,
3992114,1,14/09/2018 17:00:00,Strada Urbana,VIA GIOVANNI GIOLITTI,in prossimit�,,del civico n.,123,,Veicolo in marcia contro veicolo fermo,Rettilineo,Due carreggiate,Asciutto,Asfaltata,Verticale ed orizzontale,Sereno,Normale,Buona,Ore Diurne,0,0,0,3,12.5041,41.8983,-1,1,Autovettura privata,In marcia / fermata / arresto,Conducente,M,Illeso,0,,Non accertato,Inesploso,
3992114,1,14/09/2018 17:00:00,Strada Urbana,VIA GIOVANNI GIOLITTI,in prossimit�,,del civico n.,123,,Veicolo in marcia contro veicolo fermo,Rettilineo,Due carreggiate,Asciutto,Asfaltata,Verticale ed orizzontale,Sereno,Normale,Buona,Ore Diurne,0,0,0,3,12.5041,41.8983,-1,2,Autovettura di polizia,In marcia / fermata / arresto,Conducente,M,Illeso,0,,Non accertato,Inesploso,
3992114,1,14/09/2018 17:00:00,Strada Urbana,VIA GIOVANNI GIOLITTI,in prossimit�,,del civico n.,123,,Veicolo in marcia contro veicolo fermo,Rettilineo,Due carreggiate,Asciutto,Asfaltata,Verticale ed orizzontale,Sereno,Normale,Buona,Ore Diurne,0,0,0,3,12.5041,41.8983,-1,2,Autovettura di polizia,In marcia / fermata / arresto,Passeggero,F,Illeso,0,,,,
3992119,12,13/09/2018 07:20:00,Strada Urbana,VIA DI TRIGORIA,da specificare,,,,all'altezza civico 372,Veicolo in marcia contro ostacolo fisso,Rettilineo,Una carreggiata a doppio senso,Asciutto,Asfaltata,Verticale,Nuvoloso,Normale,Buona,Ore Diurne,1,0,0,0,12.4574,41.7233,-1,1,Motociclo a solo,In marcia / fermata / arresto,Conducente,M,Rimandato,0,NON DECEDUTO,Utilizzato,,
3992124,16,16/09/2018 16:50:00,Strada Urbana,VIA DELLA CONSOLATA,in corrispondenza,,del civico n.,45,,Veicolo in marcia contro veicoli in sosta,Rettilineo,Una carreggiata a doppio senso,Asciutto,Asfaltata,Verticale ed orizzontale,Sereno,Normale,Buona,Ore Diurne,0,0,0,3,12.4232,41.8767,-1,1,Autovettura privata,In marcia / fermata / arresto,Conducente,M,Illeso,0,,Non utilizzato,Inesploso,
3992124,16,16/09/2018 16:50:00,Strada Urbana,VIA DELLA CONSOLATA,in corrispondenza,,del civico n.,45,,Veicolo in marcia contro veicoli in sosta,Rettilineo,Una carreggiata a doppio senso,Asciutto,Asfaltata,Verticale ed orizzontale,Sereno,Normale,Buona,Ore Diurne,0,0,0,3,12.4232,41.8767,-1,1,Autovettura privata,In marcia / fermata / arresto,Passeggero,F,Illeso,0,,Non accertato,Inesploso,
3992124,16,16/09/2018 16:50:00,Strada Urbana,VIA DELLA CONSOLATA,in corrispondenza,,del civico n.,45,,Veicolo in marcia contro veicoli in sosta,Rettilineo,Una carreggiata a doppio senso,Asciutto,Asfaltata,Verticale ed orizzontale,Sereno,Normale,Buona,Ore Diurne,0,0,0,3,12.4232,41.8767,-1,1,Autovettura privata,In marcia / fermata / arresto,Passeggero,M,Illeso,0,,Non accertato,Inesploso,
3992136,5,17/09/2018 12:25:00,Strada Urbana,VIA CAMESENA,da specificare,,,,di fronte al civico 1,Scontro laterale fra veicoli in marcia,Rettilineo,Due carreggiate,Asciutto,Asfaltata,Orizzontale,Sereno,Normale,Buona,Ore Diurne,2,0,0,1,12.5348,41.9094,-1,1,Ciclomotore con passeggero,In marcia / fermata / arresto,Conducente,M,Rimandato,0,NON DECEDUTO,Non accertato,,
3992136,5,17/09/2018 12:25:00,Strada Urbana,VIA CAMESENA,da specificare,,,,di fronte al civico 1,Scontro laterale fra veicoli in marcia,Rettilineo,Due carreggiate,Asciutto,Asfaltata,Orizzontale,Sereno,Normale,Buona,Ore Diurne,2,0,0,1,12.5348,41.9094,-1,1,Ciclomotore con passeggero,In marcia / fermata / arresto,Passeggero,M,Rimandato,0,NON DECEDUTO,Non accertato,,
3992136,5,17/09/2018 12:25:00,Strada Urbana,VIA CAMESENA,da specificare,,,,di fronte al civico 1,Scontro laterale fra veicoli in marcia,Rettilineo,Due carreggiate,Asciutto,Asfaltata,Orizzontale,Sereno,Normale,Buona,Ore Diurne,2,0,0,1,12.5348,41.9094,-1,2,Quadriciclo leggero,In marcia / fermata / arresto,Conducente,M,Illeso,0,,Non accertato,,
3992138,12,13/09/2018 17:00:00,Strada Urbana,VIALE DELL'ESERCITO,all'intersezione con,LARGO DELLA CECCHIGNOLA,LARGO DELLA CECCHIGNOLA,,,Scontro laterale fra veicoli in marcia,Incrocio,Una carreggiata a senso unico di marcia,Asciutto,Asfaltata,Verticale ed orizzontale,Sereno,Normale,Buona,Ore Diurne,1,0,0,1,12.4934,41.8088,-1,1,Autovettura privata,In marcia / fermata / arresto,Conducente,M,Illeso,0,,Utilizzato,Inesploso,
3992138,12,13/09/2018 17:00:00,Strada Urbana,VIALE DELL'ESERCITO,all'intersezione con,LARGO DELLA CECCHIGNOLA,LARGO DELLA CECCHIGNOLA,,,Scontro laterale fra veicoli in marcia,Incrocio,Una carreggiata a senso unico di marcia,Asciutto,Asfaltata,Verticale ed orizzontale,Sereno,Normale,Buona,Ore Diurne,1,0,0,1,12.4934,41.8088,-1,2,Motociclo a solo,In marcia / fermata / arresto,Conducente,M,Rimandato,0,NON DECEDUTO,,,
3992167,1,15/09/2018 20:45:00,Strada Urbana,VIA DEL QUIRINALE,all'intersezione con,PIAZZA DEL QUIRINALE,PIAZZA DEL QUIRINALE,,,Scontro laterale fra veicoli in marcia,Incrocio,Una carreggiata a doppio senso,Asciutto,Asfaltata,Verticale ed orizzontale,Sereno,Normale,Sufficiente,Sufficiente,1,0,0,2,12.4889,41.9007,-1,1,Autovettura privata,In marcia / fermata / arresto,Conducente,M,Illeso,0,,Non accertato,Inesploso,
3992167,1,15/09/2018 20:45:00,Strada Urbana,VIA DEL QUIRINALE,all'intersezione con,PIAZZA DEL QUIRINALE,PIAZZA DEL QUIRINALE,,,Scontro laterale fra veicoli in marcia,Incrocio,Una carreggiata a doppio senso,Asciutto,Asfaltata,Verticale ed orizzontale,Sereno,Normale,Sufficiente,Sufficiente,1,0,0,2,12.4889,41.9007,-1,2,Motociclo con passeggero,In marcia / fermata / arresto,Conducente,M,Illeso,0,,Non accertato,,
3992167,1,15/09/2018 20:45:00,Strada Urbana,VIA DEL QUIRINALE,all'intersezione con,PIAZZA DEL QUIRINALE,PIAZZA DEL QUIRINALE,,,Scontro laterale fra veicoli in marcia,Incrocio,Una carreggiata a doppio senso,Asciutto,Asfaltata,Verticale ed orizzontale,Sereno,Normale,Sufficiente,Sufficiente,1,0,0,2,12.4889,41.9007,-1,2,Motociclo con passeggero,In marcia / fermata / arresto,Passeggero,F,Rimandato,0,NON DECEDUTO,Non accertato,,
3992187,12,13/09/2018 11:20:00,Strada Urbana,VIA ROMOLO GIGLIOZZI,da specificare,,,,prossimita' V.le Caduti per la Resistenza,Veicolo in marcia contro ostacolo fisso,Rettilineo,Due carreggiate,Bagnato (pioggia),Asfaltata,Verticale ed orizzontale,Pioggia in atto,Scarso,Buona,Ore Diurne,0,0,0,1,12.4363,41.7768,-1,1,Autovettura privata,In marcia / fermata / arresto,Conducente,F,Illeso,0,,,Inesploso,
3992196,1,15/09/2018 18:30:00,Strada Urbana,PIAZZALE NUMA POMPILIO,all'intersezione semaforizzata con,VIALE DELLE TERME DI CARACALLA,VIALE DELLE TERME DI CARACALLA,,,Scontro frontale/laterale SX fra veicoli in marcia,Intersezione semaforizzata,Una carreggiata a doppio senso,Asciutto,Asfaltata,Verticale ed orizzontale,Sereno,Normale,Buona,Ore Diurne,0,0,0,3,,,0,1,Motociclo a solo,In marcia / fermata / arresto,Conducente,M,Illeso,0,,Non accertato,,
3992196,1,15/09/2018 18:30:00,Strada Urbana,PIAZZALE NUMA POMPILIO,all'intersezione semaforizzata con,VIALE DELLE TERME DI CARACALLA,VIALE DELLE TERME DI CARACALLA,,,Scontro frontale/laterale SX fra veicoli in marcia,Intersezione semaforizzata,Una carreggiata a doppio senso,Asciutto,Asfaltata,Verticale ed orizzontale,Sereno,Normale,Buona,Ore Diurne,0,0,0,3,,,0,2,Autovettura privata,In marcia / fermata / arresto,Conducente,M,Illeso,0,,Non accertato,Inesploso,
3992196,1,15/09/2018 18:30:00,Strada Urbana,PIAZZALE NUMA POMPILIO,all'intersezione semaforizzata con,VIALE DELLE TERME DI CARACALLA,VIALE DELLE TERME DI CARACALLA,,,Scontro frontale/laterale SX fra veicoli in marcia,Intersezione semaforizzata,Una carreggiata a doppio senso,Asciutto,Asfaltata,Verticale ed orizzontale,Sereno,Normale,Buona,Ore Diurne,0,0,0,3,,,0,2,Autovettura privata,In marcia / fermata / arresto,Passeggero,M,Illeso,0,,Non accertato,Inesploso,
3992212,12,13/09/2018 15:30:00,Strada Urbana,VIALE CESARE PAVESE,da specificare,,,,CIVICO 96,Investimento di pedone,Rettilineo,Due carreggiate,Asciutto,Asfaltata,Verticale ed orizzontale,Sereno,Normale,Sufficiente,Ore Diurne,1,0,0,1,12.4773,41.817,-1,,,,Pedone,M,Rimandato,0,NON DECEDUTO,,,
3992212,12,13/09/2018 15:30:00,Strada Urbana,VIALE CESARE PAVESE,da specificare,,,,CIVICO 96,Investimento di pedone,Rettilineo,Due carreggiate,Asciutto,Asfaltata,Verticale ed orizzontale,Sereno,Normale,Sufficiente,Ore Diurne,1,0,0,1,12.4773,41.817,-1,1,Autovettura privata,In marcia / fermata / arresto,Conducente,M,Illeso,0,,,Inesploso,
3992224,12,14/09/2018 13:05:00,Strada Urbana,VIA DELLA CECCHIGNOLA,da specificare,,,,prossimit� VIA KOBLER,Tamponamento Multiplo,Rettilineo,Una carreggiata a doppio senso,Asciutto,Asfaltata,Verticale ed orizzontale,Sereno,Normale,Buona,Ore Diurne,0,0,0,2,12.5124,41.8117,-1,1,Autovettura privata,In marcia / fermata / arresto,Conducente,F,Illeso,0,,Utilizzato,Inesploso,
3992224,12,14/09/2018 13:05:00,Strada Urbana,VIA DELLA CECCHIGNOLA,da specificare,,,,prossimit� VIA KOBLER,Tamponamento Multiplo,Rettilineo,Una carreggiata a doppio senso,Asciutto,Asfaltata,Verticale ed orizzontale,Sereno,Normale,Buona,Ore Diurne,0,0,0,2,12.5124,41.8117,-1,2,Autovettura privata,In marcia / fermata / arresto,Conducente,M,Illeso,0,,Utilizzato,Inesploso,
3992241,1,15/09/2018 22:05:00,Strada Urbana,PIAZZALE NUMA POMPILIO,all'intersezione semaforizzata con,VIALE DELLE TERME DI CARACALLA,VIALE DELLE TERME DI CARACALLA,,,Tamponamento,Intersezione semaforizzata,Una carreggiata a doppio senso,Asciutto,Asfaltata,Verticale ed orizzontale,Sereno,Normale,Buona,Sufficiente,0,0,0,5,,,0,1,Autovettura privata,In marcia / fermata / arresto,Conducente,M,Illeso,0,,Non accertato,Inesploso,
3992241,1,15/09/2018 22:05:00,Strada Urbana,PIAZZALE NUMA POMPILIO,all'intersezione semaforizzata con,VIALE DELLE TERME DI CARACALLA,VIALE DELLE TERME DI CARACALLA,,,Tamponamento,Intersezione semaforizzata,Una carreggiata a doppio senso,Asciutto,Asfaltata,Verticale ed orizzontale,Sereno,Normale,Buona,Sufficiente,0,0,0,5,,,0,2,Autovettura privata,In marcia / fermata / arresto,Conducente,M,Illeso,0,,Non accertato,Inesploso,
3992241,1,15/09/2018 22:05:00,Strada Urbana,PIAZZALE NUMA POMPILIO,all'intersezione semaforizzata con,VIALE DELLE TERME DI CARACALLA,VIALE DELLE TERME DI CARACALLA,,,Tamponamento,Intersezione semaforizzata,Una carreggiata a doppio senso,Asciutto,Asfaltata,Verticale ed orizzontale,Sereno,Normale,Buona,Sufficiente,0,0,0,5,,,0,2,Autovettura privata,In marcia / fermata / arresto,Passeggero,F,Illeso,0,,,,
3992241,1,15/09/2018 22:05:00,Strada Urbana,PIAZZALE NUMA POMPILIO,all'intersezione semaforizzata con,VIALE DELLE TERME DI CARACALLA,VIALE DELLE TERME DI CARACALLA,,,Tamponamento,Intersezione semaforizzata,Una carreggiata a doppio senso,Asciutto,Asfaltata,Verticale ed orizzontale,Sereno,Normale,Buona,Sufficiente,0,0,0,5,,,0,2,Autovettura privata,In marcia / fermata / arresto,Passeggero,M,Illeso,0,,,,
3992241,1,15/09/2018 22:05:00,Strada Urbana,PIAZZALE NUMA POMPILIO,all'intersezione semaforizzata con,VIALE DELLE TERME DI CARACALLA,VIALE DELLE TERME DI CARACALLA,,,Tamponamento,Intersezione semaforizzata,Una carreggiata a doppio senso,Asciutto,Asfaltata,Verticale ed orizzontale,Sereno,Normale,Buona,Sufficiente,0,0,0,5,,,0,2,Autovettura privata,In marcia / fermata / arresto,Passeggero,F,Illeso,0,,,,
3992258,12,14/09/2018 18:25:00,Strada Urbana,VIALE DEL PATTINAGGIO,da specificare,,,,altezza Sheraton Hotel,Scontro laterale fra veicoli in marcia,Rettilineo,Una carreggiata a senso unico di marcia,Asciutto,Asfaltata,Verticale ed orizzontale,Sereno,Intenso,Buona,Ore Diurne,0,0,0,2,12.472,41.8417,-1,1,Autovettura privata,In marcia / fermata / arresto,Conducente,F,Illeso,0,,Utilizzato,Inesploso,
3992258,12,14/09/2018 18:25:00,Strada Urbana,VIALE DEL PATTINAGGIO,da specificare,,,,altezza Sheraton Hotel,Scontro laterale fra veicoli in marcia,Rettilineo,Una carreggiata a senso unico di marcia,Asciutto,Asfaltata,Verticale ed orizzontale,Sereno,Intenso,Buona,Ore Diurne,0,0,0,2,12.472,41.8417,-1,2,Autovettura privata,In marcia / fermata / arresto,Conducente,M,Illeso,0,,,,
3992339,1,17/09/2018 10:05:00,Strada Urbana,PIAZZA D'ARACOELI,in prossimit�,,del civico n.,4,,Veicolo in marcia contro ostacolo accidentale,Rettilineo,Una carreggiata a senso unico di marcia,Asciutto,In cubetti di porfido,Verticale ed orizzontale,Sereno,Normale,Buona,Ore Diurne,1,0,0,0,,,0,1,Motociclo a solo,In marcia / fermata / arresto,Conducente,F,Rifiuta cure immediate,0,NON DECEDUTO,Non accertato,,
3992355,12,17/09/2018 16:30:00,Strada Urbana,VIALE UMBERTO TUPINI,all'intersezione con,VIALE AMERICA,VIALE AMERICA,,,Scontro frontale/laterale SX fra veicoli in marcia,Incrocio,Due carreggiate,Asciutto,Asfaltata,Verticale ed orizzontale,Sereno,Normale,Buona,Ore Diurne,0,0,0,2,12.4613,41.8317,-1,1,Autovettura privata,In marcia / fermata / arresto,Conducente,M,Illeso,0,,Non accertato,Inesploso,
3992355,12,17/09/2018 16:30:00,Strada Urbana,VIALE UMBERTO TUPINI,all'intersezione con,VIALE AMERICA,VIALE AMERICA,,,Scontro frontale/laterale SX fra veicoli in marcia,Incrocio,Due carreggiate,Asciutto,Asfaltata,Verticale ed orizzontale,Sereno,Normale,Buona,Ore Diurne,0,0,0,2,12.4613,41.8317,-1,2,Autovettura privata,In marcia / fermata / arresto,Conducente,F,Illeso,0,,Non accertato,Inesploso,
3992357,19,17/09/2018 13:35:00,Strada Urbana,VIA ALESSANDRO VII,all'intersezione con,VIA CLEMENTE XII,VIA CLEMENTE XII,,,Scontro frontale/laterale DX fra veicoli in marcia,Intersezione stradale segnalata,Una carreggiata a senso unico di marcia,Asciutto,Asfaltata,Verticale ed orizzontale,Sereno,Normale,Buona,Ore Diurne,0,0,0,2,12.4223,41.9214,-1,1,Autovettura privata,In marcia / fermata / arresto,Conducente,F,Illeso,0,,Non accertato,Inesploso,
3992357,19,17/09/2018 13:35:00,Strada Urbana,VIA ALESSANDRO VII,all'intersezione con,VIA CLEMENTE XII,VIA CLEMENTE XII,,,Scontro frontale/laterale DX fra veicoli in marcia,Intersezione stradale segnalata,Una carreggiata a senso unico di marcia,Asciutto,Asfaltata,Verticale ed orizzontale,Sereno,Normale,Buona,Ore Diurne,0,0,0,2,12.4223,41.9214,-1,2,Autovettura privata,In marcia / fermata / arresto,Conducente,F,Illeso,0,,Non accertato,Inesploso,
3992359,1,17/09/2018 10:05:00,Strada Urbana,PIAZZA D'ARACOELI,in prossimit�,,del civico n.,4,,Veicolo in marcia contro ostacolo accidentale,Rettilineo,Una carreggiata a senso unico di marcia,Viscido da liquidi oleosi,In cubetti di porfido,Verticale ed orizzontale,Sereno,Normale,Buona,Ore Diurne,2,0,0,0,,,0,1,Motociclo con passeggero,In marcia / fermata / arresto,Conducente,M,Rimandato,0,NON DECEDUTO,Non accertato,,
3992359,1,17/09/2018 10:05:00,Strada Urbana,PIAZZA D'ARACOELI,in prossimit�,,del civico n.,4,,Veicolo in marcia contro ostacolo accidentale,Rettilineo,Una carreggiata a senso unico di marcia,Viscido da liquidi oleosi,In cubetti di porfido,Verticale ed orizzontale,Sereno,Normale,Buona,Ore Diurne,2,0,0,0,,,0,1,Motociclo con passeggero,In marcia / fermata / arresto,Passeggero,F,Rimandato,0,NON DECEDUTO,Non accertato,,
3992360,3,15/09/2018 19:10:00,Strada Urbana,PIAZZALE DI PORTA PIA,all'intersezione semaforizzata con,VIALE DEL POLICLINICO,VIALE DEL POLICLINICO,,,Scontro laterale fra veicoli in marcia,Intersezione semaforizzata,Una carreggiata a doppio senso,Asciutto,Asfaltata,Verticale ed orizzontale,Sereno,Normale,Buona,Ore Diurne,0,0,0,3,12.5016,41.9093,-1,1,Autovettura privata,In marcia / fermata / arresto,Conducente,M,Illeso,0,,,,
3992360,3,15/09/2018 19:10:00,Strada Urbana,PIAZZALE DI PORTA PIA,all'intersezione semaforizzata con,VIALE DEL POLICLINICO,VIALE DEL POLICLINICO,,,Scontro laterale fra veicoli in marcia,Intersezione semaforizzata,Una carreggiata a doppio senso,Asciutto,Asfaltata,Verticale ed orizzontale,Sereno,Normale,Buona,Ore Diurne,0,0,0,3,12.5016,41.9093,-1,1,Autovettura privata,In marcia / fermata / arresto,Passeggero,F,Illeso,0,,,,
3992360,3,15/09/2018 19:10:00,Strada Urbana,PIAZZALE DI PORTA PIA,all'intersezione semaforizzata con,VIALE DEL POLICLINICO,VIALE DEL POLICLINICO,,,Scontro laterale fra veicoli in marcia,Intersezione semaforizzata,Una carreggiata a doppio senso,Asciutto,Asfaltata,Verticale ed orizzontale,Sereno,Normale,Buona,Ore Diurne,0,0,0,3,12.5016,41.9093,-1,2,Motociclo a solo,In marcia / fermata / arresto,Conducente,M,Illeso,0,,,,
3992373,3,15/09/2018 17:35:00,Strada Urbana,VIA MICHELE DI LANDO,all'intersezione con,VIA GIAN LUCA SQUARCIALUPO,VIA GIAN LUCA SQUARCIALUPO,,,Scontro frontale/laterale SX fra veicoli in marcia,Incrocio,Una carreggiata a senso unico di marcia,Asciutto,Asfaltata,Verticale ed orizzontale,Sereno,Scarso,Buona,Ore Diurne,1,0,0,1,12.5266,41.9142,0,1,Autocarro inferiore 35 q.,In marcia / fermata / arresto,Conducente,M,Illeso,0,,,,
3992373,3,15/09/2018 17:35:00,Strada Urbana,VIA MICHELE DI LANDO,all'intersezione con,VIA GIAN LUCA SQUARCIALUPO,VIA GIAN LUCA SQUARCIALUPO,,,Scontro frontale/laterale SX fra veicoli in marcia,Incrocio,Una carreggiata a senso unico di marcia,Asciutto,Asfaltata,Verticale ed orizzontale,Sereno,Scarso,Buona,Ore Diurne,1,0,0,1,12.5266,41.9142,0,2,Motociclo a solo,In marcia / fermata / arresto,Conducente,M,Rimandato,0,NON DECEDUTO,,,
3992381,1,16/09/2018 13:55:00,Strada Urbana,VIA BONCOMPAGNI,all'intersezione semaforizzata con,VIA PIEMONTE,VIA PIEMONTE,,,Scontro laterale fra veicoli in marcia,Intersezione semaforizzata,Una carreggiata a doppio senso,Asciutto,Asfaltata,Verticale ed orizzontale,Sereno,Scarso,Buona,Ore Diurne,0,0,0,2,12.4935,41.9084,0,1,Autovettura pubblica,In marcia / fermata / arresto,Conducente,M,Illeso,0,,Non accertato,Inesploso,
3992381,1,16/09/2018 13:55:00,Strada Urbana,VIA BONCOMPAGNI,all'intersezione semaforizzata con,VIA PIEMONTE,VIA PIEMONTE,,,Scontro laterale fra veicoli in marcia,Intersezione semaforizzata,Una carreggiata a doppio senso,Asciutto,Asfaltata,Verticale ed orizzontale,Sereno,Scarso,Buona,Ore Diurne,0,0,0,2,12.4935,41.9084,0,2,Autobus turistico,In marcia / fermata / arresto,Conducente,M,Illeso,0,,,,
3992397,1,16/09/2018 09:35:00,Strada Urbana,PIAZZA NICOSIA,all'intersezione con,VICOLO DELLA CAMPANA,VICOLO DELLA CAMPANA,,,Veicolo in marcia contro ostacolo accidentale,Intersezione stradale segnalata,Una carreggiata a senso unico di marcia,Asciutto,In cubetti di porfido,Verticale ed orizzontale,Sereno,Normale,Buona,Ore Diurne,1,0,0,0,,,0,1,Motociclo a solo,In marcia / fermata / arresto,Conducente,M,Rimandato,0,NON DECEDUTO,,,
3992428,12,15/09/2018 16:05:00,Regionale entro l'abitato,VIA OSTIENSE,da specificare,,,,altezza  civico n� 985,Scontro frontale/laterale SX fra veicoli in marcia,Rettilineo,Una carreggiata a doppio senso,Asciutto,Asfaltata,Verticale ed orizzontale,Sereno,Normale,Buona,Ore Diurne,1,0,0,1,12.4229,41.8109,-1,1,Autovettura privata,In marcia / fermata / arresto,Conducente,F,Illeso,0,,,Esploso,
3992428,12,15/09/2018 16:05:00,Regionale entro l'abitato,VIA OSTIENSE,da specificare,,,,altezza  civico n� 985,Scontro frontale/laterale SX fra veicoli in marcia,Rettilineo,Una carreggiata a doppio senso,Asciutto,Asfaltata,Verticale ed orizzontale,Sereno,Normale,Buona,Ore Diurne,1,0,0,1,12.4229,41.8109,-1,2,Autovettura privata,In marcia / fermata / arresto,Conducente,M,Rimandato,0,NON DECEDUTO,,,
3992430,1,16/09/2018 22:00:00,Strada Urbana,PIAZZA D'ARACOELI,in prossimit�,,del civico n.,1,,Tamponamento,Curva a visuale libera,Una carreggiata a senso unico di marcia,Asciutto,In cubetti di porfido,Verticale ed orizzontale,Sereno,Normale,Buona,Sufficiente,1,0,0,2,12.4811,41.8945,-1,1,Autovettura privata,In marcia / fermata / arresto,Conducente,F,Illeso,0,,Non accertato,Inesploso,
3992430,1,16/09/2018 22:00:00,Strada Urbana,PIAZZA D'ARACOELI,in prossimit�,,del civico n.,1,,Tamponamento,Curva a visuale libera,Una carreggiata a senso unico di marcia,Asciutto,In cubetti di porfido,Verticale ed orizzontale,Sereno,Normale,Buona,Sufficiente,1,0,0,2,12.4811,41.8945,-1,1,Autovettura privata,In marcia / fermata / arresto,Passeggero,M,Illeso,0,,,,
3992430,1,16/09/2018 22:00:00,Strada Urbana,PIAZZA D'ARACOELI,in prossimit�,,del civico n.,1,,Tamponamento,Curva a visuale libera,Una carreggiata a senso unico di marcia,Asciutto,In cubetti di porfido,Verticale ed orizzontale,Sereno,Normale,Buona,Sufficiente,1,0,0,2,12.4811,41.8945,-1,2,Motociclo a solo,In marcia / fermata / arresto,Conducente,M,Rifiuta cure immediate,0,NON DECEDUTO,Non accertato,,
3992445,12,17/09/2018 12:40:00,Strada Urbana,VIA CRISTOFORO COLOMBO,da specificare,,,,altezza palo ACEA 361,Veicolo in marcia contro ostacolo fisso,Rettilineo,Pi� di due carreggiate,Asciutto,Asfaltata,Verticale ed orizzontale,Sereno,Normale,Buona,Ore Diurne,1,0,0,0,12.4639,41.8209,0,1,Autovettura privata,In marcia / fermata / arresto,Conducente,M,Ricoverato,0,NON DECEDUTO,,,