Protocollo,Gruppo,DataOraIncidente,Localizzazione1,STRADA1,Localizzazione2,STRADA2,Strada02,Chilometrica,DaSpecificare,NaturaIncidente,particolaritastrade,TipoStrada,FondoStradale,Pavimentazione,Segnaletica,CondizioneAtmosferica,Traffico,Visibilita,Illuminazione,NUM_FERITI,NUM_RISERVATA,NUM_MORTI,NUM_ILLESI,Longitudine,Latitudine,Confermato,Progressivo,TipoVeicolo,StatoVeicolo,TipoPersona,Sesso,Tipolesione,Deceduto,DecedutoDopo,CinturaCascoUtilizzato,Airbag,
3992468,10,17/09/2018 17:40:00,Strada Urbana,VIA TUSCOLANA,in corrispondenza,,del palo luce n.,970,,Tamponamento Multiplo,Rettilineo,Una carreggiata a senso unico di marcia,Asciutto,Asfaltata,Verticale ed orizzontale,Sereno,Normale,Buona,Ore Diurne,1,0,0,7,12.572,41.8509,-1,1,Autovettura privata,In marcia / fermata / arresto,Conducente,M,Illeso,0,,Non accertato,Esploso,
3992468,10,17/09/2018 17:40:00,Strada Urbana,VIA TUSCOLANA,in corrispondenza,,del palo luce n.,970,,Tamponamento Multiplo,Rettilineo,Una carreggiata a senso unico di marcia,Asciutto,Asfaltata,Verticale ed orizzontale,Sereno,Normale,Buona,Ore Diurne,1,0,0,7,12.572,41.8509,-1,2,Autovettura privata,In marcia / fermata / arresto,Conducente,M,Illeso,0,,Non accertato,Inesploso,
3992468,10,17/09/2018 17:40:00,Strada Urbana,VIA TUSCOLANA,in corrispondenza,,del palo luce n.,970,,Tamponamento Multiplo,Rettilineo,Una carreggiata a senso unico di marcia,Asciutto,Asfaltata,Verticale ed orizzontale,Sereno,Normale,Buona,Ore Diurne,1,0,0,7,12.572,41.8509,-1,3,Autovettura privata,In marcia / fermata / arresto,Conducente,F,Rimandato,0,NON DECEDUTO,Non accertato,Inesploso,
3992468,10,17/09/2018 17:40:00,Strada Urbana,VIA TUSCOLANA,in corrispondenza,,del palo luce n.,970,,Tamponamento Multiplo,Rettilineo,Una carreggiata a senso unico di marcia,Asciutto,Asfaltata,Verticale ed orizzontale,Sereno,Normale,Buona,Ore Diurne,1,0,0,7,12.572,41.8509,-1,3,Autovettura privata,In marcia / fermata / arresto,Passeggero,M,Illeso,0,,Non accertato,Inesploso,
3992468,10,17/09/2018 17:40:00,Strada Urbana,VIA TUSCOLANA,in corrispondenza,,del palo luce n.,970,,Tamponamento Multiplo,Rettilineo,Una carreggiata a senso unico di marcia,Asciutto,Asfaltata,Verticale ed orizzontale,Sereno,Normale,Buona,Ore Diurne,1,0,0,7,12.572,41.8509,-1,4,Autovettura privata,In marcia / fermata / arresto,Conducente,F,Illeso,0,,Non accertato,Inesploso,
3992468,10,17/09/2018 17:40:00,Strada Urbana,VIA TUSCOLANA,in corrispondenza,,del palo luce n.,970,,Tamponamento Multiplo,Rettilineo,Una carreggiata a senso unico di marcia,Asciutto,Asfaltata,Verticale ed orizzontale,Sereno,Normale,Buona,Ore Diurne,1,0,0,7,12.572,41.8509,-1,4,Autovettura privata,In marcia / fermata / arresto,Passeggero,F,Illeso,0,,Non accertato,Inesploso,
3992468,10,17/09/2018 17:40:00,Strada Urbana,VIA TUSCOLANA,in corrispondenza,,del palo luce n.,970,,Tamponamento Multiplo,Rettilineo,Una carreggiata a senso unico di marcia,Asciutto,Asfaltata,Verticale ed orizzontale,Sereno,Normale,Buona,Ore Diurne,1,0,0,7,12.572,41.8509,-1,4,Autovettura privata,In marcia / fermata / arresto,Passeggero,M,Illeso,0,,Non accertato,Inesploso,
3992468,10,17/09/2018 17:40:00,Strada Urbana,VIA TUSCOLANA,in corrispondenza,,del palo luce n.,970,,Tamponamento Multiplo,Rettilineo,Una carreggiata a senso unico di marcia,Asciutto,Asfaltata,Verticale ed orizzontale,Sereno,Normale,Buona,Ore Diurne,1,0,0,7,12.572,41.8509,-1,4,Autovettura privata,In marcia / fermata / arresto,Passeggero,F,Illeso,0,,Non accertato,Inesploso,
3992479,16,16/09/2018 17:25:00,Strada Urbana,PIAZZA DI S. PANCRAZIO,in prossimit�,,del civico n.,F.C.11,,Tamponamento,Rettilineo,Una carreggiata a senso unico di marcia,Asciutto,Asfaltata,Verticale ed orizzontale,Sereno,Normale,Buona,Ore Diurne,0,0,0,3,12.4557,41.8849,-1,1,Autocarro inferiore 35 q.,In marcia / fermata / arresto,Conducente,M,Illeso,0,,,,
3992479,16,16/09/2018 17:25:00,Strada Urbana,PIAZZA DI S. PANCRAZIO,in prossimit�,,del civico n.,F.C.11,,Tamponamento,Rettilineo,Una carreggiata a senso unico di marcia,Asciutto,Asfaltata,Verticale ed orizzontale,Sereno,Normale,Buona,Ore Diurne,0,0,0,3,12.4557,41.8849,-1,2,Autovettura privata,In marcia / fermata / arresto,Conducente,F,Illeso,0,,,,
3992479,16,16/09/2018 17:25:00,Strada Urbana,PIAZZA DI S. PANCRAZIO,in prossimit�,,del civico n.,F.C.11,,Tamponamento,Rettilineo,Una carreggiata a senso unico di marcia,Asciutto,Asfaltata,Verticale ed orizzontale,Sereno,Normale,Buona,Ore Diurne,0,0,0,3,12.4557,41.8849,-1,2,Autovettura privata,In marcia / fermata / arresto,Passeggero,F,Illeso,0,,,,
3992499,12,17/09/2018 00:50:00,Strada Urbana,VIA GIOVANNI KOBLER,da specificare,,,,in prossimit� palo luce n�15,Veicolo in marcia contro ostacolo fisso,Rettilineo,Due carreggiate,Asciutto,Asfaltata,Verticale ed orizzontale,Sereno,Scarso,Sufficiente,Sufficiente,0,0,0,1,12.5063,41.8132,-1,1,Autovettura privata,In marcia / fermata / arresto,Conducente,F,Illeso,0,,,,
3992503,16,16/09/2018 19:00:00,Strada Urbana,VIA ROMANO GUERRA,all'intersezione con,VIA ILDEBRANDO DELLA GIOVANNA,VIA ILDEBRANDO DELLA GIOVANNA,,,Scontro frontale fra veicoli in marcia,Intersezione non regolata/non segnalata,Una carreggiata a doppio senso,Asciutto,Asfaltata,Orizzontale,Sereno,Normale,Buona,Ore Diurne,1,0,0,3,12.3497,41.8813,-1,1,Autovettura privata,In marcia / fermata / arresto,Conducente,F,Illeso,0,,Non accertato,,
3992503,16,16/09/2018 19:00:00,Strada Urbana,VIA ROMANO GUERRA,all'intersezione con,VIA ILDEBRANDO DELLA GIOVANNA,VIA ILDEBRANDO DELLA GIOVANNA,,,Scontro frontale fra veicoli in marcia,Intersezione non regolata/non segnalata,Una carreggiata a doppio senso,Asciutto,Asfaltata,Orizzontale,Sereno,Normale,Buona,Ore Diurne,1,0,0,3,12.3497,41.8813,-1,1,Autovettura privata,In marcia / fermata / arresto,Passeggero,F,Illeso,0,,Non accertato,,
3992503,16,16/09/2018 19:00:00,Strada Urbana,VIA ROMANO GUERRA,all'intersezione con,VIA ILDEBRANDO DELLA GIOVANNA,VIA ILDEBRANDO DELLA GIOVANNA,,,Scontro frontale fra veicoli in marcia,Intersezione non regolata/non segnalata,Una carreggiata a doppio senso,Asciutto,Asfaltata,Orizzontale,Sereno,Normale,Buona,Ore Diurne,1,0,0,3,12.3497,41.8813,-1,1,Autovettura privata,In marcia / fermata / arresto,Passeggero,F,Illeso,0,,Non accertato,,
3992503,16,16/09/2018 19:00:00,Strada Urbana,VIA ROMANO GUERRA,all'intersezione con,VIA ILDEBRANDO DELLA GIOVANNA,VIA ILDEBRANDO DELLA GIOVANNA,,,Scontro frontale fra veicoli in marcia,Intersezione non regolata/non segnalata,Una carreggiata a doppio senso,Asciutto,Asfaltata,Orizzontale,Sereno,Normale,Buona,Ore Diurne,1,0,0,3,12.3497,41.8813,-1,2,Motociclo a solo,In marcia / fermata / arresto,Conducente,M,Ricoverato,0,NON DECEDUTO,Non accertato,,
3992544,1,16/09/2018 05:30:00,Strada Urbana,VIALE DELL'UNIVERSITA',all'intersezione semaforizzata con,VIALE DELLE SCIENZE,VIALE DELLE SCIENZE,,,Scontro frontale/laterale SX fra veicoli in marcia,Intersezione semaforizzata,Una carreggiata a doppio senso,Asciutto,Asfaltata,Verticale ed orizzontale,Sereno,Scarso,Buona,Sufficiente,1,0,0,1,12.5109,41.904,-1,1,Autovettura privata,In marcia / fermata / arresto,Conducente,M,Illeso,0,,Non accertato,Inesploso,
3992544,1,16/09/2018 05:30:00,Strada Urbana,VIALE DELL'UNIVERSITA',all'intersezione semaforizzata con,VIALE DELLE SCIENZE,VIALE DELLE SCIENZE,,,Scontro frontale/laterale SX fra veicoli in marcia,Intersezione semaforizzata,Una carreggiata a doppio senso,Asciutto,Asfaltata,Verticale ed orizzontale,Sereno,Scarso,Buona,Sufficiente,1,0,0,1,12.5109,41.904,-1,2,Autovettura privata,In marcia / fermata / arresto,Conducente,F,Rifiuta cure immediate,0,NON DECEDUTO,Non accertato,Inesploso,
3992553,12,17/09/2018 05:00:00,Strada Urbana,VIALE DELL'OCEANO INDIANO,in corrispondenza,,del palo luce n.,24,,Veicolo in marcia contro ostacolo fisso,Rettilineo,Due carreggiate,Asciutto,Asfaltata,Verticale ed orizzontale,Sereno,Scarso,Buona,Sufficiente,0,0,0,1,12.4487,41.8246,-1,1,Autovettura privata,In marcia / fermata / arresto,Conducente,M,Illeso,0,,Non accertato,,
3992571,12,17/09/2018 03:00:00,Strada Urbana,VIA DELLE TRE FONTANE,all'intersezione con,VIALE DEL PATTINAGGIO,VIALE DEL PATTINAGGIO,,,Scontro laterale fra veicoli in marcia,Incrocio,Due carreggiate,Asciutto,Asfaltata,Verticale ed orizzontale,Sereno,Scarso,Sufficiente,Sufficiente,0,0,0,3,12.4734,41.8394,-1,1,Autovettura privata,In marcia / fermata / arresto,Conducente,M,Illeso,0,,,,
3992571,12,17/09/2018 03:00:00,Strada Urbana,VIA DELLE TRE FONTANE,all'intersezione con,VIALE DEL PATTINAGGIO,VIALE DEL PATTINAGGIO,,,Scontro laterale fra veicoli in marcia,Incrocio,Due carreggiate,Asciutto,Asfaltata,Verticale ed orizzontale,Sereno,Scarso,Sufficiente,Sufficiente,0,0,0,3,12.4734,41.8394,-1,1,Autovettura privata,In marcia / fermata / arresto,Passeggero,M,Illeso,0,,,,
3992571,12,17/09/2018 03:00:00,Strada Urbana,VIA DELLE TRE FONTANE,all'intersezione con,VIALE DEL PATTINAGGIO,VIALE DEL PATTINAGGIO,,,Scontro laterale fra veicoli in marcia,Incrocio,Due carreggiate,Asciutto,Asfaltata,Verticale ed orizzontale,Sereno,Scarso,Sufficiente,Sufficiente,0,0,0,3,12.4734,41.8394,-1,2,Autovettura privata,In marcia / fermata / arresto,Conducente,M,Illeso,0,,,,
3992573,1,17/09/2018 15:05:00,Strada Urbana,PIAZZA DEI CINQUECENTO,da specificare,,,,altezza VIA MANIN,Investimento di pedone,Rettilineo,Pi� di due carreggiate,Asciutto,Asfaltata,Verticale ed orizzontale,Sereno,Intenso,Buona,Ore Diurne,1,0,0,2,12.4997,41.9019,-1,,,,Pedone,M,Rimandato,0,NON DECEDUTO,,,
3992573,1,17/09/2018 15:05:00,Strada Urbana,PIAZZA DEI CINQUECENTO,da specificare,,,,altezza VIA MANIN,Investimento di pedone,Rettilineo,Pi� di due carreggiate,Asciutto,Asfaltata,Verticale ed orizzontale,Sereno,Intenso,Buona,Ore Diurne,1,0,0,2,12.4997,41.9019,-1,1,Autovettura privata,In marcia / fermata / arresto,Conducente,M,Illeso,0,,Non accertato,Inesploso,
3992573,1,17/09/2018 15:05:00,Strada Urbana,PIAZZA DEI CINQUECENTO,da specificare,,,,altezza VIA MANIN,Investimento di pedone,Rettilineo,Pi� di due carreggiate,Asciutto,Asfaltata,Verticale ed orizzontale,Sereno,Intenso,Buona,Ore Diurne,1,0,0,2,12.4997,41.9019,-1,1,Autovettura privata,In marcia / fermata / arresto,Passeggero,F,Illeso,0,,Non accertato,Inesploso,
3992663,18,17/09/2018 17:00:00,Statale,VIA AURELIA,da specificare,,,,altezza Via della Monachina,Scontro frontale/laterale DX fra veicoli in marcia,Rettilineo,Due carreggiate,Asciutto,Asfaltata,Verticale ed orizzontale,Sereno,Intenso,Buona,Ore Diurne,2,2,0,2,12.362,41.8853,0,,,,Pedone,F,Rimandato,0,NON DECEDUTO,,,
3992663,18,17/09/2018 17:00:00,Statale,VIA AURELIA,da specificare,,,,altezza Via della Monachina,Scontro frontale/laterale DX fra veicoli in marcia,Rettilineo,Due carreggiate,Asciutto,Asfaltata,Verticale ed orizzontale,Sereno,Intenso,Buona,Ore Diurne,2,2,0,2,12.362,41.8853,0,,,,Pedone,F,Rimandato,0,NON DECEDUTO,,,
3992663,18,17/09/2018 17:00:00,Statale,VIA AURELIA,da specificare,,,,altezza Via della Monachina,Scontro frontale/laterale DX fra veicoli in marcia,Rettilineo,Due carreggiate,Asciutto,Asfaltata,Verticale ed orizzontale,Sereno,Intenso,Buona,Ore Diurne,2,2,0,2,12.362,41.8853,0,,,,Pedone,F,Prognosi riservata,0,NON DECEDUTO,,,
3992663,18,17/09/2018 17:00:00,Statale,VIA AURELIA,da specificare,,,,altezza Via della Monachina,Scontro frontale/laterale DX fra veicoli in marcia,Rettilineo,Due carreggiate,Asciutto,Asfaltata,Verticale ed orizzontale,Sereno,Intenso,Buona,Ore Diurne,2,2,0,2,12.362,41.8853,0,,,,Pedone,M,Prognosi riservata,0,NON DECEDUTO,,,
3992663,18,17/09/2018 17:00:00,Statale,VIA AURELIA,da specificare,,,,altezza Via della Monachina,Scontro frontale/laterale DX fra veicoli in marcia,Rettilineo,Due carreggiate,Asciutto,Asfaltata,Verticale ed orizzontale,Sereno,Intenso,Buona,Ore Diurne,2,2,0,2,12.362,41.8853,0,1,Autovettura privata,In marcia / fermata / arresto,Conducente,M,Illeso,0,,Non accertato,Inesploso,
3992663,18,17/09/2018 17:00:00,Statale,VIA AURELIA,da specificare,,,,altezza Via della Monachina,Scontro frontale/laterale DX fra veicoli in marcia,Rettilineo,Due carreggiate,Asciutto,Asfaltata,Verticale ed orizzontale,Sereno,Intenso,Buona,Ore Diurne,2,2,0,2,12.362,41.8853,0,2,Autovettura privata,In marcia / fermata / arresto,Conducente,M,Illeso,0,,Non accertato,Inesploso,
3992918,9,17/09/2018 08:45:00,Strada Urbana,VIA ACIREALE,all'intersezione con,VIALE CASTRENSE,VIALE CASTRENSE,,,Scontro frontale/laterale DX fra veicoli in marcia,Intersezione stradale segnalata,Una carreggiata a doppio senso,Asciutto,Asfaltata,Verticale ed orizzontale,Sereno,Intenso,Buona,Ore Diurne,0,0,0,2,12.5186,41.8883,-1,1,Autovettura privata,In marcia / fermata / arresto,Conducente,F,Illeso,0,,Non accertato,Inesploso,
3992918,9,17/09/2018 08:45:00,Strada Urbana,VIA ACIREALE,all'intersezione con,VIALE CASTRENSE,VIALE CASTRENSE,,,Scontro frontale/laterale DX fra veicoli in marcia,Intersezione stradale segnalata,Una carreggiata a doppio senso,Asciutto,Asfaltata,Verticale ed orizzontale,Sereno,Intenso,Buona,Ore Diurne,0,0,0,2,12.5186,41.8883,-1,2,Autovettura privata,In marcia / fermata / arresto,Conducente,M,Illeso,0,,Non accertato,Inesploso,
3992923,8,17/09/2018 07:10:00,Provinciale entro l'abitato,VIA CASILINA,in prossimit�,,del civico n.,1846,,Scontro laterale fra veicoli in marcia,Rettilineo,Una carreggiata a doppio senso,Asciutto,Asfaltata,Verticale ed orizzontale,Sereno,Normale,Buona,Ore Diurne,1,0,0,1,12.6859,41.8623,-1,1,Autovettura privata,In marcia / fermata / arresto,Conducente,M,Illeso,0,,,,
3992923,8,17/09/2018 07:10:00,Provinciale entro l'abitato,VIA CASILINA,in prossimit�,,del civico n.,1846,,Scontro laterale fra veicoli in marcia,Rettilineo,Una carreggiata a doppio senso,Asciutto,Asfaltata,Verticale ed orizzontale,Sereno,Normale,Buona,Ore Diurne,1,0,0,1,12.6859,41.8623,-1,2,Motociclo a solo,In marcia / fermata / arresto,Conducente,M,Ricoverato,0,NON DECEDUTO,,,
3992924,9,17/09/2018 12:40:00,Strada Urbana,VIA FRASCATI,da specificare,,,,prossimit� VIA DEMETRIADE,Scontro laterale fra veicoli in marcia,Rettilineo,Una carreggiata a senso unico di marcia,Asciutto,Asfaltata,Verticale ed orizzontale,Sereno,Intenso,Buona,Ore Diurne,0,0,0,2,12.5419,41.8655,-1,1,Autovettura privata,In marcia / fermata / arresto,Conducente,M,Illeso,0,,Non accertato,Inesploso,
3992924,9,17/09/2018 12:40:00,Strada Urbana,VIA FRASCATI,da specificare,,,,prossimit� VIA DEMETRIADE,Scontro laterale fra veicoli in marcia,Rettilineo,Una carreggiata a senso unico di marcia,Asciutto,Asfaltata,Verticale ed orizzontale,Sereno,Intenso,Buona,Ore Diurne,0,0,0,2,12.5419,41.8655,-1,2,Autovettura privata,In marcia / fermata / arresto,Conducente,M,Illeso,0,,Non accertato,Inesploso,
3992927,8,17/09/2018 13:30:00,Altra strada,VIA MONTPELLIER,da specificare,,,,parcheggio interno facolt� Medicina,Scontro laterale fra veicoli in marcia,Pianeggiante,Una carreggiata a senso unico di marcia,Asciutto,Asfaltata,Verticale,Nuvoloso,Scarso,Sufficiente,Ore Diurne,0,0,0,2,12.6325,41.8559,-1,1,Autovettura privata,In marcia / fermata / arresto,Conducente,M,Illeso,0,,,,
3992927,8,17/09/2018 13:30:00,Altra strada,VIA MONTPELLIER,da specificare,,,,parcheggio interno facolt� Medicina,Scontro laterale fra veicoli in marcia,Pianeggiante,Una carreggiata a senso unico di marcia,Asciutto,Asfaltata,Verticale,Nuvoloso,Scarso,Sufficiente,Ore Diurne,0,0,0,2,12.6325,41.8559,-1,2,Autovettura privata,In marcia / fermata / arresto,Conducente,M,Illeso,0,,Non accertato,,
3992938,8,17/09/2018 20:25:00,,VIA MARTINO ROTA,all'intersezione con,VIA BERNARDO MINOZZI,VIA BERNARDO MINOZZI,,,Scontro frontale/laterale DX fra veicoli in marcia,,,,,,,,,,1,0,0,0,,,0,1,Autovettura privata,In marcia / fermata / arresto,Conducente,M,Ricoverato,0,NON DECEDUTO,,,
3992942,11,17/09/2018 11:05:00,Strada Urbana,VIA PALOS,all'intersezione con,VIA RODRIGO DE TRIANA ,VIA RODRIGO DE TRIANA ,,,Scontro frontale/laterale SX fra veicoli in marcia,Intersezione non regolata/non segnalata,Una carreggiata a senso unico di marcia,Asciutto,Asfaltata,Verticale ed orizzontale,Sereno,Normale,Buona,Ore Diurne,2,0,0,1,12.4945,41.8703,0,1,Autovettura privata,In marcia / fermata / arresto,Conducente,F,Illeso,0,,Non accertato,,
3992942,11,17/09/2018 11:05:00,Strada Urbana,VIA PALOS,all'intersezione con,VIA RODRIGO DE TRIANA ,VIA RODRIGO DE TRIANA ,,,Scontro frontale/laterale SX fra veicoli in marcia,Intersezione non regolata/non segnalata,Una carreggiata a senso unico di marcia,Asciutto,Asfaltata,Verticale ed orizzontale,Sereno,Normale,Buona,Ore Diurne,2,0,0,1,12.4945,41.8703,0,2,Autovettura privata,In marcia / fermata / arresto,Conducente,M,Ricoverato,0,NON DECEDUTO,Non accertato,,
3992942,11,17/09/2018 11:05:00,Strada Urbana,VIA PALOS,all'intersezione con,VIA RODRIGO DE TRIANA ,VIA RODRIGO DE TRIANA ,,,Scontro frontale/laterale SX fra veicoli in marcia,Intersezione non regolata/non segnalata,Una carreggiata a senso unico di marcia,Asciutto,Asfaltata,Verticale ed orizzontale,Sereno,Normale,Buona,Ore Diurne,2,0,0,1,12.4945,41.8703,0,2,Autovettura privata,In marcia / fermata / arresto,Passeggero,F,Ricoverato,0,NON DECEDUTO,Non accertato,,
3992943,8,17/09/2018 16:30:00,Strada Urbana,VIA RODOLFO FUMAGALLI,all'intersezione con,VIA VITTORIO ROSSI,VIA VITTORIO ROSSI,,,Scontro frontale/laterale SX fra veicoli in marcia,Incrocio,Una carreggiata a senso unico di marcia,Asciutto,Asfaltata,Verticale,Nuvoloso,Normale,Buona,Ore Diurne,0,0,0,2,12.619,41.8677,-1,1,Autovettura privata,In marcia / fermata / arresto,Conducente,M,Illeso,0,,Non accertato,,
3992943,8,17/09/2018 16:30:00,Strada Urbana,VIA RODOLFO FUMAGALLI,all'intersezione con,VIA VITTORIO ROSSI,VIA VITTORIO ROSSI,,,Scontro frontale/laterale SX fra veicoli in marcia,Incrocio,Una carreggiata a senso unico di marcia,Asciutto,Asfaltata,Verticale,Nuvoloso,Normale,Buona,Ore Diurne,0,0,0,2,12.619,41.8677,-1,2,Autovettura privata,In marcia / fermata / arresto,Conducente,M,Illeso,0,,Non accertato,,
3992948,10,17/09/2018 08:30:00,Strada Urbana,VIA DEL CASALE AGOSTINELLI,all'intersezione con,VIA CIRO' MARINA,VIA CIRO' MARINA,,,Scontro frontale fra veicoli in marcia,Incrocio,Una carreggiata a doppio senso,Asciutto,Asfaltata,Verticale,Nuvoloso,Normale,Buona,Ore Diurne,1,0,0,1,12.5979,41.817,-1,1,Autovettura privata,In marcia / fermata / arresto,Conducente,M,Illeso,0,,Non accertato,Esploso,
3992948,10,17/09/2018 08:30:00,Strada Urbana,VIA DEL CASALE AGOSTINELLI,all'intersezione con,VIA CIRO' MARINA,VIA CIRO' MARINA,,,Scontro frontale fra veicoli in marcia,Incrocio,Una carreggiata a doppio senso,Asciutto,Asfaltata,Verticale,Nuvoloso,Normale,Buona,Ore Diurne,1,0,0,1,12.5979,41.817,-1,2,Quadriciclo,In marcia / fermata / arresto,Conducente,M,Rimandato,0,NON DECEDUTO,Non accertato,Esploso,
3992949,11,17/09/2018 09:00:00,Strada Urbana,VIA ARDEATINA,da specificare,,,,pross.palo luce 319,Scontro frontale fra veicoli in marcia,Rettilineo,Una carreggiata a senso unico di marcia,Asciutto,Asfaltata,Verticale ed orizzontale,Sereno,Normale,Buona,Ore Diurne,0,0,0,3,12.5181,41.824,-1,1,Autovettura privata,In marcia / fermata / arresto,Conducente,M,Illeso,0,,Non accertato,,
3992949,11,17/09/2018 09:00:00,Strada Urbana,VIA ARDEATINA,da specificare,,,,pross.palo luce 319,Scontro frontale fra veicoli in marcia,Rettilineo,Una carreggiata a senso unico di marcia,Asciutto,Asfaltata,Verticale ed orizzontale,Sereno,Normale,Buona,Ore Diurne,0,0,0,3,12.5181,41.824,-1,1,Autovettura privata,In marcia / fermata / arresto,Passeggero,F,Illeso,0,,Non accertato,,
3992949,11,17/09/2018 09:00:00,Strada Urbana,VIA ARDEATINA,da specificare,,,,pross.palo luce 319,Scontro frontale fra veicoli in marcia,Rettilineo,Una carreggiata a senso unico di marcia,Asciutto,Asfaltata,Verticale ed orizzontale,Sereno,Normale,Buona,Ore Diurne,0,0,0,3,12.5181,41.824,-1,2,Motociclo a solo,In marcia / fermata / arresto,Conducente,M,Illeso,0,,,,
3992950,9,17/09/2018 13:05:00,Strada Urbana,VIA TOMMASO FORTIFIOCCA,all'intersezione con,VIA CARLO DENINA,VIA CARLO DENINA,,,Scontro frontale/laterale SX fra veicoli in marcia,Incrocio,Una carreggiata a doppio senso,Asciutto,Asfaltata,Verticale ed orizzontale,Sereno,Normale,Buona,Ore Diurne,0,0,0,2,12.5234,41.8701,-1,1,Autovettura privata,In marcia / fermata / arresto,Conducente,M,Illeso,0,,Non accertato,Inesploso,
3992950,9,17/09/2018 13:05:00,Strada Urbana,VIA TOMMASO FORTIFIOCCA,all'intersezione con,VIA CARLO DENINA,VIA CARLO DENINA,,,Scontro frontale/laterale SX fra veicoli in marcia,Incrocio,Una carreggiata a doppio senso,Asciutto,Asfaltata,Verticale ed orizzontale,Sereno,Normale,Buona,Ore Diurne,0,0,0,2,12.5234,41.8701,-1,2,Autovettura privata,In marcia / fermata / arresto,Conducente,M,Illeso,0,,Non accertato,Inesploso,
3992951,11,17/09/2018 13:30:00,Strada Urbana,VIA DI VIGNA MURATA,all'intersezione con,VIA DEL COLLE DI MEZZO,VIA DEL COLLE DI MEZZO,,,Scontro frontale/laterale SX fra veicoli in marcia,Intersezione stradale segnalata,Due carreggiate,Asciutto,Asfaltata,Verticale,Sereno,Scarso,Buona,Ore Diurne,0,0,0,2,12.4904,41.8263,-1,1,Autovettura privata,In marcia / fermata / arresto,Conducente,F,Illeso,0,,Non accertato,,
3992951,11,17/09/2018 13:30:00,Strada Urbana,VIA DI VIGNA MURATA,all'intersezione con,VIA DEL COLLE DI MEZZO,VIA DEL COLLE DI MEZZO,,,Scontro frontale/laterale SX fra veicoli in marcia,Intersezione stradale segnalata,Due carreggiate,Asciutto,Asfaltata,Verticale,Sereno,Scarso,Buona,Ore Diurne,0,0,0,2,12.4904,41.8263,-1,2,Autovettura privata,In marcia / fermata / arresto,Conducente,F,Illeso,0,,Non accertato,,
3992953,8,17/09/2018 13:05:00,Strada Urbana,VIA DELL'ACQUA VERGINE,in prossimit�,,del civico n.,265,,Scontro frontale/laterale DX fra veicoli in marcia,Rettilineo,Una carreggiata a doppio senso,Asciutto,Asfaltata,Verticale ed orizzontale,Sereno,Normale,Buona,Ore Diurne,1,0,0,2,12.6247,41.8932,-1,1,Motociclo a solo,In marcia / fermata / arresto,Conducente,M,Rimandato,0,NON DECEDUTO,Non accertato,,
3992953,8,17/09/2018 13:05:00,Strada Urbana,VIA DELL'ACQUA VERGINE,in prossimit�,,del civico n.,265,,Scontro frontale/laterale DX fra veicoli in marcia,Rettilineo,Una carreggiata a doppio senso,Asciutto,Asfaltata,Verticale ed orizzontale,Sereno,Normale,Buona,Ore Diurne,1,0,0,2,12.6247,41.8932,-1,2,Autovettura privata,In marcia / fermata / arresto,Conducente,M,Illeso,0,,Non accertato,Inesploso,
3992953,8,17/09/2018 13:05:00,Strada Urbana,VIA DELL'ACQUA VERGINE,in prossimit�,,del civico n.,265,,Scontro frontale/laterale DX fra veicoli in marcia,Rettilineo,Una carreggiata a doppio senso,Asciutto,Asfaltata,Verticale ed orizzontale,Sereno,Normale,Buona,Ore Diurne,1,0,0,2,12.6247,41.8932,-1,2,Autovettura privata,In marcia / fermata / arresto,Passeggero,M,Illeso,0,,Non accertato,Inesploso,
3992955,10,17/09/2018 14:45:00,Strada Urbana,VIA APPIA NUOVA,all'intersezione semaforizzata con,VIA APPIA PIGNATELLI,VIA APPIA PIGNATELLI,,,Veicolo in marcia contro ostacolo accidentale,Intersezione semaforizzata,Due carreggiate,Viscido da liquidi oleosi,Asfaltata,Verticale ed orizzontale,Sereno,Scarso,Buona,Ore Diurne,1,0,0,1,12.5514,41.8361,-1,1,Motociclo a solo,In marcia / fermata / arresto,Conducente,M,Rifiuta cure immediate,0,NON DECEDUTO,Non accertato,,
3992955,10,17/09/2018 14:45:00,Strada Urbana,VIA APPIA NUOVA,all'intersezione semaforizzata con,VIA APPIA PIGNATELLI,VIA APPIA PIGNATELLI,,,Veicolo in marcia contro ostacolo accidentale,Intersezione semaforizzata,Due carreggiate,Viscido da liquidi oleosi,Asfaltata,Verticale ed orizzontale,Sereno,Scarso,Buona,Ore Diurne,1,0,0,1,12.5514,41.8361,-1,2,Autobus di linea,In marcia / fermata / arresto,Conducente,M,Illeso,0,,Non accertato,Inesploso,
3992959,8,17/09/2018 16:40:00,Strada Urbana,VIA DI TOR BELLA MONACA,da specificare,,,,in prossimit� di via D. CAMBELLOTTI,Tamponamento,Rettilineo,Una carreggiata a senso unico di marcia,Asciutto,Asfaltata,Orizzontale,Sereno,Intenso,Buona,Ore Diurne,0,0,0,4,12.6334,41.8704,-1,1,Autovettura privata,In marcia / fermata / arresto,Conducente,M,Illeso,0,,Non accertato,Inesistente,