Protocollo,Gruppo,DataOraIncidente,Localizzazione1,STRADA1,Localizzazione2,STRADA2,Strada02,Chilometrica,DaSpecificare,NaturaIncidente,particolaritastrade,TipoStrada,FondoStradale,Pavimentazione,Segnaletica,CondizioneAtmosferica,Traffico,Visibilita,Illuminazione,NUM_FERITI,NUM_RISERVATA,NUM_MORTI,NUM_ILLESI,Longitudine,Latitudine,Confermato,Progressivo,TipoVeicolo,StatoVeicolo,TipoPersona,Sesso,Tipolesione,Deceduto,DecedutoDopo,CinturaCascoUtilizzato,Airbag,
3992959,8,17/09/2018 16:40:00,Strada Urbana,VIA DI TOR BELLA MONACA,da specificare,,,,in prossimit� di via D. CAMBELLOTTI,Tamponamento,Rettilineo,Una carreggiata a senso unico di marcia,Asciutto,Asfaltata,Orizzontale,Sereno,Intenso,Buona,Ore Diurne,0,0,0,4,12.6334,41.8704,-1,1,Autovettura privata,In marcia / fermata / arresto,Passeggero,F,Illeso,0,,Non accertato,Inesploso,
3992959,8,17/09/2018 16:40:00,Strada Urbana,VIA DI TOR BELLA MONACA,da specificare,,,,in prossimit� di via D. CAMBELLOTTI,Tamponamento,Rettilineo,Una carreggiata a senso unico di marcia,Asciutto,Asfaltata,Orizzontale,Sereno,Intenso,Buona,Ore Diurne,0,0,0,4,12.6334,41.8704,-1,2,Autovettura privata,In marcia / fermata / arresto,Conducente,M,Illeso,0,,Non accertato,Inesistente,
3992959,8,17/09/2018 16:40:00,Strada Urbana,VIA DI TOR BELLA MONACA,da specificare,,,,in prossimit� di via D. CAMBELLOTTI,Tamponamento,Rettilineo,Una carreggiata a senso unico di marcia,Asciutto,Asfaltata,Orizzontale,Sereno,Intenso,Buona,Ore Diurne,0,0,0,4,12.6334,41.8704,-1,2,Autovettura privata,In marcia / fermata / arresto,Passeggero,F,Illeso,0,,Non accertato,Inesploso,
3992972,15,17/09/2018 17:45:00,Strada Urbana,PIAZZA ANTONIO MEUCCI,da specificare,,,,fronte civico 18,Scontro laterale fra veicoli in marcia,Curva senza visuale libera,Una carreggiata a senso unico di marcia,Asciutto,Asfaltata,Assente,Sereno,Intenso,Buona,Ore Diurne,0,0,0,3,12.4631,41.8618,-1,1,Autovettura privata,In marcia / fermata / arresto,Conducente,F,Illeso,0,,Non accertato,Inesploso,
3992972,15,17/09/2018 17:45:00,Strada Urbana,PIAZZA ANTONIO MEUCCI,da specificare,,,,fronte civico 18,Scontro laterale fra veicoli in marcia,Curva senza visuale libera,Una carreggiata a senso unico di marcia,Asciutto,Asfaltata,Assente,Sereno,Intenso,Buona,Ore Diurne,0,0,0,3,12.4631,41.8618,-1,2,Autovettura privata,In marcia / fermata / arresto,Conducente,F,Illeso,0,,Non accertato,Inesploso,
3992972,15,17/09/2018 17:45:00,Strada Urbana,PIAZZA ANTONIO MEUCCI,da specificare,,,,fronte civico 18,Scontro laterale fra veicoli in marcia,Curva senza visuale libera,Una carreggiata a senso unico di marcia,Asciutto,Asfaltata,Assente,Sereno,Intenso,Buona,Ore Diurne,0,0,0,3,12.4631,41.8618,-1,2,Autovettura privata,In marcia / fermata / arresto,Passeggero,F,Illeso,0,,Non accertato,Inesploso,
3992973,9,17/09/2018 17:30:00,Strada Urbana,PIAZZA DEI RE DI ROMA,in prossimit�,,del civico n.,8,,Scontro laterale fra veicoli in marcia,Rotatoria,Una carreggiata a senso unico di marcia,Asciutto,Asfaltata,Verticale ed orizzontale,Nuvoloso,Intenso,Buona,Ore Diurne,1,0,0,1,,,0,1,Autovettura privata,In marcia / fermata / arresto,Conducente,M,Illeso,0,,Non accertato,Inesploso,
3992973,9,17/09/2018 17:30:00,Strada Urbana,PIAZZA DEI RE DI ROMA,in prossimit�,,del civico n.,8,,Scontro laterale fra veicoli in marcia,Rotatoria,Una carreggiata a senso unico di marcia,Asciutto,Asfaltata,Verticale ed orizzontale,Nuvoloso,Intenso,Buona,Ore Diurne,1,0,0,1,,,0,2,Autovettura privata,In marcia / fermata / arresto,Conducente,F,Rimandato,0,NON DECEDUTO,Non accertato,Inesploso,
3992983,10,17/09/2018 21:00:00,Strada Urbana,VIA TUSCOLANA,all'intersezione con,VIA SESTIO CALVINO,VIA SESTIO CALVINO,,,Scontro frontale/laterale DX fra veicoli in marcia,Incrocio,Due carreggiate,Bagnato (pioggia),Asfaltata,Verticale ed orizzontale,Pioggia in atto,Normale,Buona,Sufficiente,0,0,0,2,12.5662,41.8546,-1,1,Autovettura privata,In marcia / fermata / arresto,Conducente,M,Illeso,0,,Non accertato,Esploso,
3992983,10,17/09/2018 21:00:00,Strada Urbana,VIA TUSCOLANA,all'intersezione con,VIA SESTIO CALVINO,VIA SESTIO CALVINO,,,Scontro frontale/laterale DX fra veicoli in marcia,Incrocio,Due carreggiate,Bagnato (pioggia),Asfaltata,Verticale ed orizzontale,Pioggia in atto,Normale,Buona,Sufficiente,0,0,0,2,12.5662,41.8546,-1,2,Autovettura privata,In marcia / fermata / arresto,Conducente,M,Illeso,0,,Non accertato,Inesploso,
3992985,10,17/09/2018 18:00:00,Strada Urbana,VIA CALDOPIANO,in corrispondenza,,del civico n.,12,,Scontro frontale fra veicoli in marcia,Curva a visuale libera,Una carreggiata a doppio senso,Asciutto,Asfaltata,Assente,Nuvoloso,Scarso,Sufficiente,Ore Diurne,0,0,0,2,12.6379,41.8074,-1,1,Autovettura privata,In marcia / fermata / arresto,Conducente,M,Illeso,0,,Non accertato,Inesploso,
3992985,10,17/09/2018 18:00:00,Strada Urbana,VIA CALDOPIANO,in corrispondenza,,del civico n.,12,,Scontro frontale fra veicoli in marcia,Curva a visuale libera,Una carreggiata a doppio senso,Asciutto,Asfaltata,Assente,Nuvoloso,Scarso,Sufficiente,Ore Diurne,0,0,0,2,12.6379,41.8074,-1,2,Autovettura privata,In marcia / fermata / arresto,Conducente,M,Illeso,0,,Non accertato,Inesploso,
3992991,9,17/09/2018 20:45:00,Strada Urbana,VIA TEODORO MOMMSEN,all'intersezione con,LARGO PIETRO TACCHI VENTURI,LARGO PIETRO TACCHI VENTURI,,,Scontro frontale/laterale SX fra veicoli in marcia,Intersezione stradale segnalata,Una carreggiata a doppio senso,Bagnato (pioggia),Asfaltata,Verticale ed orizzontale,Pioggia in atto,Scarso,Buona,Sufficiente,0,0,0,2,12.5273,41.8674,-1,1,Autovettura privata,In marcia / fermata / arresto,Conducente,M,Illeso,0,,Non accertato,Inesploso,
3992991,9,17/09/2018 20:45:00,Strada Urbana,VIA TEODORO MOMMSEN,all'intersezione con,LARGO PIETRO TACCHI VENTURI,LARGO PIETRO TACCHI VENTURI,,,Scontro frontale/laterale SX fra veicoli in marcia,Intersezione stradale segnalata,Una carreggiata a doppio senso,Bagnato (pioggia),Asfaltata,Verticale ed orizzontale,Pioggia in atto,Scarso,Buona,Sufficiente,0,0,0,2,12.5273,41.8674,-1,2,Autovettura privata,In marcia / fermata / arresto,Conducente,M,Illeso,0,,Non accertato,Inesploso,
3992992,9,17/09/2018 14:40:00,,VIA MAGNAGRECIA,da specificare,,,,ALTEZZA VIA ARDEA,Tamponamento,,,,,,,,,,0,0,0,2,,,0,1,Autovettura privata,In marcia / fermata / arresto,Conducente,M,Illeso,0,,Non accertato,Inesploso,
3992992,9,17/09/2018 14:40:00,,VIA MAGNAGRECIA,da specificare,,,,ALTEZZA VIA ARDEA,Tamponamento,,,,,,,,,,0,0,0,2,,,0,2,Autovettura privata,In marcia / fermata / arresto,Conducente,M,Illeso,0,,Non accertato,Inesploso,
3992996,11,17/09/2018 09:00:00,Strada Urbana,VIA CARLO CITERNI,in corrispondenza,,del civico n.,43,,Veicolo in marcia contro veicolo arresto,Rettilineo,Una carreggiata a senso unico di marcia,Asciutto,Asfaltata,Verticale ed orizzontale,Sereno,Normale,Buona,Ore Diurne,0,0,0,2,12.493,41.8683,-1,1,Autovettura privata,In marcia / fermata / arresto,Conducente,F,Illeso,0,,Non accertato,,
3992996,11,17/09/2018 09:00:00,Strada Urbana,VIA CARLO CITERNI,in corrispondenza,,del civico n.,43,,Veicolo in marcia contro veicolo arresto,Rettilineo,Una carreggiata a senso unico di marcia,Asciutto,Asfaltata,Verticale ed orizzontale,Sereno,Normale,Buona,Ore Diurne,0,0,0,2,12.493,41.8683,-1,2,Autovettura privata,In marcia / fermata / arresto,Conducente,M,Illeso,0,,Non accertato,,
3992997,11,17/09/2018 17:30:00,Strada Urbana,VIA CRISTOFORO COLOMBO,all'intersezione semaforizzata con,VIA DEI GEORGOFILI,VIA DEI GEORGOFILI,,,Scontro laterale fra veicoli in marcia,Intersezione semaforizzata,Pi� di due carreggiate,Asciutto,Asfaltata,Verticale ed orizzontale,Sereno,Normale,Buona,Ore Diurne,0,0,0,4,12.4908,41.8544,-1,1,Autovettura privata,In marcia / fermata / arresto,Conducente,M,Illeso,0,,Non accertato,Inesploso,
3992997,11,17/09/2018 17:30:00,Strada Urbana,VIA CRISTOFORO COLOMBO,all'intersezione semaforizzata con,VIA DEI GEORGOFILI,VIA DEI GEORGOFILI,,,Scontro laterale fra veicoli in marcia,Intersezione semaforizzata,Pi� di due carreggiate,Asciutto,Asfaltata,Verticale ed orizzontale,Sereno,Normale,Buona,Ore Diurne,0,0,0,4,12.4908,41.8544,-1,1,Autovettura privata,In marcia / fermata / arresto,Passeggero,M,Illeso,0,,Non accertato,Inesploso,
3992997,11,17/09/2018 17:30:00,Strada Urbana,VIA CRISTOFORO COLOMBO,all'intersezione semaforizzata con,VIA DEI GEORGOFILI,VIA DEI GEORGOFILI,,,Scontro laterale fra veicoli in marcia,Intersezione semaforizzata,Pi� di due carreggiate,Asciutto,Asfaltata,Verticale ed orizzontale,Sereno,Normale,Buona,Ore Diurne,0,0,0,4,12.4908,41.8544,-1,1,Autovettura privata,In marcia / fermata / arresto,Passeggero,M,Illeso,0,,Non accertato,Inesploso,
3992997,11,17/09/2018 17:30:00,Strada Urbana,VIA CRISTOFORO COLOMBO,all'intersezione semaforizzata con,VIA DEI GEORGOFILI,VIA DEI GEORGOFILI,,,Scontro laterale fra veicoli in marcia,Intersezione semaforizzata,Pi� di due carreggiate,Asciutto,Asfaltata,Verticale ed orizzontale,Sereno,Normale,Buona,Ore Diurne,0,0,0,4,12.4908,41.8544,-1,2,Autovettura privata,In marcia / fermata / arresto,Conducente,M,Illeso,0,,Non accertato,,
3992998,13,17/09/2018 10:30:00,Strada Urbana,VIALE DEL SOMMERGIBILE,all'intersezione con,VIA DOMENICO BAFFIGO,VIA DOMENICO BAFFIGO,,,Scontro frontale/laterale SX fra veicoli in marcia,Incrocio,Due carreggiate,Asciutto,Asfaltata,Verticale,Sereno,Normale,Buona,Ore Diurne,2,0,0,1,12.2615,41.7362,-1,1,Autovettura privata,In marcia / fermata / arresto,Conducente,M,Rimandato,0,NON DECEDUTO,Non accertato,Esploso,
3992998,13,17/09/2018 10:30:00,Strada Urbana,VIALE DEL SOMMERGIBILE,all'intersezione con,VIA DOMENICO BAFFIGO,VIA DOMENICO BAFFIGO,,,Scontro frontale/laterale SX fra veicoli in marcia,Incrocio,Due carreggiate,Asciutto,Asfaltata,Verticale,Sereno,Normale,Buona,Ore Diurne,2,0,0,1,12.2615,41.7362,-1,1,Autovettura privata,In marcia / fermata / arresto,Passeggero,F,Rimandato,0,NON DECEDUTO,Non accertato,Esploso,
3992998,13,17/09/2018 10:30:00,Strada Urbana,VIALE DEL SOMMERGIBILE,all'intersezione con,VIA DOMENICO BAFFIGO,VIA DOMENICO BAFFIGO,,,Scontro frontale/laterale SX fra veicoli in marcia,Incrocio,Due carreggiate,Asciutto,Asfaltata,Verticale,Sereno,Normale,Buona,Ore Diurne,2,0,0,1,12.2615,41.7362,-1,2,Autovettura privata,In marcia / fermata / arresto,Conducente,M,Illeso,0,,Non accertato,Inesploso,
3993004,5,17/09/2018 17:10:00,Strada Urbana,VIA CESARE RICOTTI,in prossimit�,,del civico n.,34,,Scontro laterale fra veicoli in marcia,Rettilineo,Una carreggiata a doppio senso,Asciutto,Lastricata,Assente,Sereno,Normale,Buona,Ore Diurne,0,0,0,3,12.5354,41.8991,-1,1,Autovettura privata,In marcia / fermata / arresto,Conducente,F,Illeso,0,,Non accertato,Inesploso,
3993004,5,17/09/2018 17:10:00,Strada Urbana,VIA CESARE RICOTTI,in prossimit�,,del civico n.,34,,Scontro laterale fra veicoli in marcia,Rettilineo,Una carreggiata a doppio senso,Asciutto,Lastricata,Assente,Sereno,Normale,Buona,Ore Diurne,0,0,0,3,12.5354,41.8991,-1,2,Macchina operatrice,In marcia / fermata / arresto,Conducente,M,Illeso,0,,Non accertato,Inesploso,
3993004,5,17/09/2018 17:10:00,Strada Urbana,VIA CESARE RICOTTI,in prossimit�,,del civico n.,34,,Scontro laterale fra veicoli in marcia,Rettilineo,Una carreggiata a doppio senso,Asciutto,Lastricata,Assente,Sereno,Normale,Buona,Ore Diurne,0,0,0,3,12.5354,41.8991,-1,2,Macchina operatrice,In marcia / fermata / arresto,Passeggero,M,Illeso,0,,Non accertato,Inesploso,
3993009,10,17/09/2018 22:50:00,Strada Urbana,VIA LIDIA,in corrispondenza,,del civico n.,3,,Veicolo in marcia contro veicoli in sosta,Rettilineo,Una carreggiata a senso unico di marcia,Asciutto,Asfaltata,Orizzontale,Sereno,Scarso,Sufficiente,Sufficiente,0,0,0,1,12.5106,41.8737,-1,1,Autovettura privata,In marcia / fermata / arresto,Conducente,M,Illeso,0,,Non accertato,Inesploso,
3993013,3,17/09/2018 13:45:00,Strada Urbana,VIA NOMENTANA,in prossimit�,,del civico n.,66,,Tamponamento,Rettilineo,Pi� di due carreggiate,Asciutto,Asfaltata,Verticale ed orizzontale,Sereno,Normale,Buona,Ore Diurne,0,0,0,2,12.5101,41.9151,-1,1,Autovettura privata,In marcia / fermata / arresto,Conducente,M,Illeso,0,,Non accertato,,
3993013,3,17/09/2018 13:45:00,Strada Urbana,VIA NOMENTANA,in prossimit�,,del civico n.,66,,Tamponamento,Rettilineo,Pi� di due carreggiate,Asciutto,Asfaltata,Verticale ed orizzontale,Sereno,Normale,Buona,Ore Diurne,0,0,0,2,12.5101,41.9151,-1,2,Autovettura privata,In marcia / fermata / arresto,Conducente,F,Illeso,0,,Non accertato,,
3993018,4,17/09/2018 07:10:00,Strada Urbana,VIA GENERALE ROBERTO BENCIVENGA,in corrispondenza,,del civico n.,10,,Scontro laterale fra veicoli in marcia,Rettilineo,Una carreggiata a senso unico di marcia,Asciutto,Asfaltata,Assente,Sereno,Normale,Buona,Ore Diurne,2,0,0,0,12.529,41.9323,-1,1,Autovettura privata,In marcia / fermata / arresto,Conducente,F,Rimandato,0,NON DECEDUTO,,,
3993018,4,17/09/2018 07:10:00,Strada Urbana,VIA GENERALE ROBERTO BENCIVENGA,in corrispondenza,,del civico n.,10,,Scontro laterale fra veicoli in marcia,Rettilineo,Una carreggiata a senso unico di marcia,Asciutto,Asfaltata,Assente,Sereno,Normale,Buona,Ore Diurne,2,0,0,0,12.529,41.9323,-1,2,Autovettura privata,In marcia / fermata / arresto,Conducente,M,Rimandato,0,NON DECEDUTO,,,
3993020,9,17/09/2018 23:30:00,Strada Urbana,VIA PINEROLO,all'intersezione con,VIA TUSCOLANA,VIA TUSCOLANA,,,Scontro frontale/laterale SX fra veicoli in marcia,Incrocio,Una carreggiata a doppio senso,Bagnato (pioggia),Asfaltata,Verticale ed orizzontale,Nebbia,Normale,Buona,Sufficiente,2,0,0,2,12.516,41.8826,0,1,Autovettura privata,In marcia / fermata / arresto,Conducente,M,Illeso,0,,Non accertato,Esploso,
3993020,9,17/09/2018 23:30:00,Strada Urbana,VIA PINEROLO,all'intersezione con,VIA TUSCOLANA,VIA TUSCOLANA,,,Scontro frontale/laterale SX fra veicoli in marcia,Incrocio,Una carreggiata a doppio senso,Bagnato (pioggia),Asfaltata,Verticale ed orizzontale,Nebbia,Normale,Buona,Sufficiente,2,0,0,2,12.516,41.8826,0,1,Autovettura privata,In marcia / fermata / arresto,Passeggero,F,Rimandato,0,NON DECEDUTO,Non accertato,Esploso,
3993020,9,17/09/2018 23:30:00,Strada Urbana,VIA PINEROLO,all'intersezione con,VIA TUSCOLANA,VIA TUSCOLANA,,,Scontro frontale/laterale SX fra veicoli in marcia,Incrocio,Una carreggiata a doppio senso,Bagnato (pioggia),Asfaltata,Verticale ed orizzontale,Nebbia,Normale,Buona,Sufficiente,2,0,0,2,12.516,41.8826,0,2,Autovettura privata,In marcia / fermata / arresto,Conducente,M,Illeso,0,,Non accertato,Esploso,
3993020,9,17/09/2018 23:30:00,Strada Urbana,VIA PINEROLO,all'intersezione con,VIA TUSCOLANA,VIA TUSCOLANA,,,Scontro frontale/laterale SX fra veicoli in marcia,Incrocio,Una carreggiata a doppio senso,Bagnato (pioggia),Asfaltata,Verticale ed orizzontale,Nebbia,Normale,Buona,Sufficiente,2,0,0,2,12.516,41.8826,0,2,Autovettura privata,In marcia / fermata / arresto,Passeggero,F,Rimandato,0,NON DECEDUTO,Non accertato,Esploso,
3993021,3,17/09/2018 13:10:00,Strada Urbana,VIA SALENTO,all'intersezione con,VIA PISA,VIA PISA,,,Scontro frontale fra veicoli in marcia,Incrocio,Una carreggiata a senso unico di marcia,Asciutto,Asfaltata,Verticale ed orizzontale,Sereno,Scarso,Buona,Ore Diurne,0,0,0,4,12.5239,41.9171,-1,1,Autovettura privata,In marcia / fermata / arresto,Conducente,F,Illeso,0,,Non accertato,,
3993021,3,17/09/2018 13:10:00,Strada Urbana,VIA SALENTO,all'intersezione con,VIA PISA,VIA PISA,,,Scontro frontale fra veicoli in marcia,Incrocio,Una carreggiata a senso unico di marcia,Asciutto,Asfaltata,Verticale ed orizzontale,Sereno,Scarso,Buona,Ore Diurne,0,0,0,4,12.5239,41.9171,-1,1,Autovettura privata,In marcia / fermata / arresto,Passeggero,M,Illeso,0,,Non accertato,,
3993021,3,17/09/2018 13:10:00,Strada Urbana,VIA SALENTO,all'intersezione con,VIA PISA,VIA PISA,,,Scontro frontale fra veicoli in marcia,Incrocio,Una carreggiata a senso unico di marcia,Asciutto,Asfaltata,Verticale ed orizzontale,Sereno,Scarso,Buona,Ore Diurne,0,0,0,4,12.5239,41.9171,-1,2,Autovettura privata,In marcia / fermata / arresto,Conducente,M,Illeso,0,,Non accertato,,
3993021,3,17/09/2018 13:10:00,Strada Urbana,VIA SALENTO,all'intersezione con,VIA PISA,VIA PISA,,,Scontro frontale fra veicoli in marcia,Incrocio,Una carreggiata a senso unico di marcia,Asciutto,Asfaltata,Verticale ed orizzontale,Sereno,Scarso,Buona,Ore Diurne,0,0,0,4,12.5239,41.9171,-1,2,Autovettura privata,In marcia / fermata / arresto,Passeggero,F,Illeso,0,,Non accertato,,
3993026,19,17/09/2018 12:40:00,Strada Urbana,VIA TRIONFALE,in prossimit�,,del civico n.,9612,,Investimento di pedone,Rettilineo,Una carreggiata a doppio senso,Asciutto,Asfaltata,Verticale ed orizzontale,Sereno,Normale,Buona,Ore Diurne,1,0,0,1,12.4169,41.9464,-1,,,,Pedone,F,Rimandato,0,NON DECEDUTO,,,
3993026,19,17/09/2018 12:40:00,Strada Urbana,VIA TRIONFALE,in prossimit�,,del civico n.,9612,,Investimento di pedone,Rettilineo,Una carreggiata a doppio senso,Asciutto,Asfaltata,Verticale ed orizzontale,Sereno,Normale,Buona,Ore Diurne,1,0,0,1,12.4169,41.9464,-1,1,Motociclo a solo,In marcia / fermata / arresto,Conducente,M,Illeso,0,,Non utilizzato,,
3993030,10,17/09/2018 18:30:00,Strada Urbana,VIA APPIA NUOVA,da specificare,,,,all'altezza di Via Parghelia,Tamponamento,Rettilineo,Pi� di due carreggiate,Asciutto,Asfaltata,Verticale ed orizzontale,Sereno,Intenso,Buona,Ore Diurne,0,0,0,4,12.5522,41.8351,-1,1,Autovettura privata,In marcia / fermata / arresto,Conducente,M,Illeso,0,,Non accertato,Inesploso,
3993030,10,17/09/2018 18:30:00,Strada Urbana,VIA APPIA NUOVA,da specificare,,,,all'altezza di Via Parghelia,Tamponamento,Rettilineo,Pi� di due carreggiate,Asciutto,Asfaltata,Verticale ed orizzontale,Sereno,Intenso,Buona,Ore Diurne,0,0,0,4,12.5522,41.8351,-1,1,Autovettura privata,In marcia / fermata / arresto,Passeggero,F,Illeso,0,,Non accertato,Inesploso,
3993030,10,17/09/2018 18:30:00,Strada Urbana,VIA APPIA NUOVA,da specificare,,,,all'altezza di Via Parghelia,Tamponamento,Rettilineo,Pi� di due carreggiate,Asciutto,Asfaltata,Verticale ed orizzontale,Sereno,Intenso,Buona,Ore Diurne,0,0,0,4,12.5522,41.8351,-1,1,Autovettura privata,In marcia / fermata / arresto,Passeggero,F,Illeso,0,,Non accertato,Inesploso,
3993030,10,17/09/2018 18:30:00,Strada Urbana,VIA APPIA NUOVA,da specificare,,,,all'altezza di Via Parghelia,Tamponamento,Rettilineo,Pi� di due carreggiate,Asciutto,Asfaltata,Verticale ed orizzontale,Sereno,Intenso,Buona,Ore Diurne,0,0,0,4,12.5522,41.8351,-1,2,Autovettura privata,In marcia / fermata / arresto,Conducente,M,Illeso,0,,Non accertato,Inesploso,
3993039,9,17/09/2018 15:10:00,Strada Urbana,VIA ALBA,da specificare,,,,altezza VIA MORTARA,Veicolo in marcia contro veicoli in sosta,Rettilineo,Una carreggiata a senso unico di marcia,Asciutto,Asfaltata,Verticale,Sereno,Normale,Buona,Ore Diurne,0,0,0,1,12.5176,41.8797,0,1,Autovettura privata,In marcia / fermata / arresto,Conducente,M,Illeso,0,,Non accertato,Inesploso,
3993044,12,18/09/2018 07:00:00,Provinciale,VIA LAURENTINA,in prossimit�,,della chilometrica,21,,Scontro laterale fra veicoli in marcia,Curva senza visuale libera,Una carreggiata a doppio senso,Bagnato (umidit� in atto),Asfaltata,Verticale ed orizzontale,Sereno,Normale,Buona,Ore Diurne,0,0,0,2,12.5123,41.724,-1,1,Autocarro inferiore 35 q.,In marcia / fermata / arresto,Conducente,M,Illeso,0,,Utilizzato,Esploso,
3993044,12,18/09/2018 07:00:00,Provinciale,VIA LAURENTINA,in prossimit�,,della chilometrica,21,,Scontro laterale fra veicoli in marcia,Curva senza visuale libera,Una carreggiata a doppio senso,Bagnato (umidit� in atto),Asfaltata,Verticale ed orizzontale,Sereno,Normale,Buona,Ore Diurne,0,0,0,2,12.5123,41.724,-1,2,Autocarro superiore 35 q.,In marcia / fermata / arresto,Conducente,M,Illeso,0,,Non accertato,Inesploso,
3993048,5,17/09/2018 13:50:00,Strada Urbana,PIAZZALE GIOVANNI SPADOLINI,in prossimit�,,del civico n.,19/20,,Veicolo in marcia contro veicoli in sosta,Rettilineo,Una carreggiata a senso unico di marcia,Asciutto,Asfaltata,Orizzontale,Sereno,Scarso,Buona,Ore Diurne,0,0,0,1,12.5331,41.9125,-1,1,Autovettura privata,In marcia / fermata / arresto,Conducente,M,Illeso,0,,Non accertato,Inesploso,
3993053,20,17/09/2018 14:35:00,Strada Urbana,VIA COURMAYEUR,in corrispondenza,,del civico n.,5,,Veicolo in marcia contro veicolo arresto,Rettilineo,Una carreggiata a senso unico di marcia,Asciutto,Asfaltata,Assente,Sereno,Normale,Buona,Ore Diurne,0,0,0,3,12.4406,41.947,-1,1,Motociclo a solo,In marcia / fermata / arresto,Conducente,M,Illeso,0,,Utilizzato,,
3993053,20,17/09/2018 14:35:00,Strada Urbana,VIA COURMAYEUR,in corrispondenza,,del civico n.,5,,Veicolo in marcia contro veicolo arresto,Rettilineo,Una carreggiata a senso unico di marcia,Asciutto,Asfaltata,Assente,Sereno,Normale,Buona,Ore Diurne,0,0,0,3,12.4406,41.947,-1,2,Autovettura privata,In marcia / fermata / arresto,Conducente,M,Illeso,0,,Non accertato,Inesploso,
3993053,20,17/09/2018 14:35:00,Strada Urbana,VIA COURMAYEUR,in corrispondenza,,del civico n.,5,,Veicolo in marcia contro veicolo arresto,Rettilineo,Una carreggiata a senso unico di marcia,Asciutto,Asfaltata,Assente,Sereno,Normale,Buona,Ore Diurne,0,0,0,3,12.4406,41.947,-1,2,Autovettura privata,In marcia / fermata / arresto,Passeggero,F,Illeso,0,,Non accertato,Inesploso,
3993059,20,17/09/2018 14:30:00,Strada Urbana,LUNGOTEVERE MARESCIALLO CADORNA,da specificare,,,,ALTEZZA PONTE DUCA D'AOSTA,Tamponamento,Rettilineo,Due carreggiate,Asciutto,Asfaltata,Orizzontale,Sereno,Normale,Buona,Ore Diurne,2,0,0,3,12.4582,41.9279,-1,1,Autovettura privata,In marcia / fermata / arresto,Conducente,M,Rimandato,0,NON DECEDUTO,Non accertato,,
3993059,20,17/09/2018 14:30:00,Strada Urbana,LUNGOTEVERE MARESCIALLO CADORNA,da specificare,,,,ALTEZZA PONTE DUCA D'AOSTA,Tamponamento,Rettilineo,Due carreggiate,Asciutto,Asfaltata,Orizzontale,Sereno,Normale,Buona,Ore Diurne,2,0,0,3,12.4582,41.9279,-1,1,Autovettura privata,In marcia / fermata / arresto,Passeggero,F,Rimandato,0,NON DECEDUTO,Non accertato,Inesploso,
3993059,20,17/09/2018 14:30:00,Strada Urbana,LUNGOTEVERE MARESCIALLO CADORNA,da specificare,,,,ALTEZZA PONTE DUCA D'AOSTA,Tamponamento,Rettilineo,Due carreggiate,Asciutto,Asfaltata,Orizzontale,Sereno,Normale,Buona,Ore Diurne,2,0,0,3,12.4582,41.9279,-1,2,Autovettura privata,In marcia / fermata / arresto,Conducente,F,Illeso,0,,Non accertato,,
3993059,20,17/09/2018 14:30:00,Strada Urbana,LUNGOTEVERE MARESCIALLO CADORNA,da specificare,,,,ALTEZZA PONTE DUCA D'AOSTA,Tamponamento,Rettilineo,Due carreggiate,Asciutto,Asfaltata,Orizzontale,Sereno,Normale,Buona,Ore Diurne,2,0,0,3,12.4582,41.9279,-1,2,Autovettura privata,In marcia / fermata / arresto,Passeggero,M,Illeso,0,,Non accertato,,
3993059,20,17/09/2018 14:30:00,Strada Urbana,LUNGOTEVERE MARESCIALLO CADORNA,da specificare,,,,ALTEZZA PONTE DUCA D'AOSTA,Tamponamento,Rettilineo,Due carreggiate,Asciutto,Asfaltata,Orizzontale,Sereno,Normale,Buona,Ore Diurne,2,0,0,3,12.4582,41.9279,-1,2,Autovettura privata,In marcia / fermata / arresto,Passeggero,M,Illeso,0,,Non accertato,,
3993064,4,18/09/2018 03:30:00,Provinciale entro l'abitato,VIA NOMENTANA,in prossimit�,,del civico n.,765,,Veicolo in marcia contro ostacolo fisso,Rettilineo,Una carreggiata a doppio senso,Bagnato (umidit� in atto),Asfaltata,Verticale ed orizzontale,Sereno,Scarso,Buona,Sufficiente,1,0,0,2,12.5439,41.9377,-1,1,Autovettura privata,In marcia / fermata / arresto,Conducente,M,Illeso,0,,Non accertato,,
3993064,4,18/09/2018 03:30:00,Provinciale entro l'abitato,VIA NOMENTANA,in prossimit�,,del civico n.,765,,Veicolo in marcia contro ostacolo fisso,Rettilineo,Una carreggiata a doppio senso,Bagnato (umidit� in atto),Asfaltata,Verticale ed orizzontale,Sereno,Scarso,Buona,Sufficiente,1,0,0,2,12.5439,41.9377,-1,1,Autovettura privata,In marcia / fermata / arresto,Passeggero,M,Rimandato,0,NON DECEDUTO,Non accertato,,
3993064,4,18/09/2018 03:30:00,Provinciale entro l'abitato,VIA NOMENTANA,in prossimit�,,del civico n.,765,,Veicolo in marcia contro ostacolo fisso,Rettilineo,Una carreggiata a doppio senso,Bagnato (umidit� in atto),Asfaltata,Verticale ed orizzontale,Sereno,Scarso,Buona,Sufficiente,1,0,0,2,12.5439,41.9377,-1,1,Autovettura privata,In marcia / fermata / arresto,Passeggero,M,Illeso,0,,Non accertato,,