Protocollo,Gruppo,DataOraIncidente,Localizzazione1,STRADA1,Localizzazione2,STRADA2,Strada02,Chilometrica,DaSpecificare,NaturaIncidente,particolaritastrade,TipoStrada,FondoStradale,Pavimentazione,Segnaletica,CondizioneAtmosferica,Traffico,Visibilita,Illuminazione,NUM_FERITI,NUM_RISERVATA,NUM_MORTI,NUM_ILLESI,Longitudine,Latitudine,Confermato,Progressivo,TipoVeicolo,StatoVeicolo,TipoPersona,Sesso,Tipolesione,Deceduto,DecedutoDopo,CinturaCascoUtilizzato,Airbag,
3993075,17,17/09/2018 17:45:00,Strada Urbana,PIAZZA ADRIANA,in prossimit�,,del civico n.,10,,Scontro laterale fra veicoli in marcia,Rettilineo,Una carreggiata a senso unico di marcia,Asciutto,Asfaltata,Verticale ed orizzontale,Sereno,Intenso,Buona,Ore Diurne,0,0,0,2,12.467,41.905,-1,1,Autovettura privata,In marcia / fermata / arresto,Conducente,F,Illeso,0,,,,
3993075,17,17/09/2018 17:45:00,Strada Urbana,PIAZZA ADRIANA,in prossimit�,,del civico n.,10,,Scontro laterale fra veicoli in marcia,Rettilineo,Una carreggiata a senso unico di marcia,Asciutto,Asfaltata,Verticale ed orizzontale,Sereno,Intenso,Buona,Ore Diurne,0,0,0,2,12.467,41.905,-1,2,Ciclomotore,In marcia / fermata / arresto,Conducente,M,Illeso,0,,,,
3993077,9,17/09/2018 15:30:00,Strada Urbana,VIA GALLIA,all'intersezione semaforizzata con,VIA LICIA,VIA LICIA,,,Scontro laterale fra veicoli in marcia,Intersezione semaforizzata,Una carreggiata a doppio senso,Asciutto,Asfaltata,Verticale ed orizzontale,Sereno,Normale,Buona,Ore Diurne,0,0,0,2,12.5035,41.8811,-1,1,Autovettura privata,In marcia / fermata / arresto,Conducente,M,Illeso,0,,Utilizzato,Inesploso,
3993077,9,17/09/2018 15:30:00,Strada Urbana,VIA GALLIA,all'intersezione semaforizzata con,VIA LICIA,VIA LICIA,,,Scontro laterale fra veicoli in marcia,Intersezione semaforizzata,Una carreggiata a doppio senso,Asciutto,Asfaltata,Verticale ed orizzontale,Sereno,Normale,Buona,Ore Diurne,0,0,0,2,12.5035,41.8811,-1,2,Autovettura privata,In marcia / fermata / arresto,Conducente,M,Illeso,0,,Non accertato,Inesploso,
3993079,3,17/09/2018 11:20:00,Strada Urbana,VIA RODOLFO LANCIANI,in prossimit�,,del civico n.,7,,Scontro frontale/laterale SX fra veicoli in marcia,Rettilineo,Una carreggiata a senso unico di marcia,Asciutto,Asfaltata,Verticale ed orizzontale,Sereno,Normale,Buona,Ore Diurne,1,0,0,3,12.522,41.9211,-1,1,Motociclo con passeggero,In marcia / fermata / arresto,Conducente,M,Rimandato,0,NON DECEDUTO,Non accertato,,
3993079,3,17/09/2018 11:20:00,Strada Urbana,VIA RODOLFO LANCIANI,in prossimit�,,del civico n.,7,,Scontro frontale/laterale SX fra veicoli in marcia,Rettilineo,Una carreggiata a senso unico di marcia,Asciutto,Asfaltata,Verticale ed orizzontale,Sereno,Normale,Buona,Ore Diurne,1,0,0,3,12.522,41.9211,-1,1,Motociclo con passeggero,In marcia / fermata / arresto,Passeggero,F,Illeso,0,,Non accertato,,
3993079,3,17/09/2018 11:20:00,Strada Urbana,VIA RODOLFO LANCIANI,in prossimit�,,del civico n.,7,,Scontro frontale/laterale SX fra veicoli in marcia,Rettilineo,Una carreggiata a senso unico di marcia,Asciutto,Asfaltata,Verticale ed orizzontale,Sereno,Normale,Buona,Ore Diurne,1,0,0,3,12.522,41.9211,-1,2,Autovettura privata,In marcia / fermata / arresto,Conducente,F,Illeso,0,,Non accertato,Inesploso,
3993079,3,17/09/2018 11:20:00,Strada Urbana,VIA RODOLFO LANCIANI,in prossimit�,,del civico n.,7,,Scontro frontale/laterale SX fra veicoli in marcia,Rettilineo,Una carreggiata a senso unico di marcia,Asciutto,Asfaltata,Verticale ed orizzontale,Sereno,Normale,Buona,Ore Diurne,1,0,0,3,12.522,41.9211,-1,2,Autovettura privata,In marcia / fermata / arresto,Passeggero,F,Illeso,0,,Non accertato,Inesploso,
3993081,13,17/09/2018 10:40:00,Provinciale,VIA LITORANEA,in prossimit�,,della chilometrica,9.3,,Scontro frontale/laterale DX fra veicoli in marcia,Rettilineo,Una carreggiata a senso unico di marcia,Asciutto,Asfaltata,Verticale ed orizzontale,Sereno,Normale,Buona,Ore Diurne,1,0,0,2,12.3735,41.6876,-1,1,Autovettura privata,In marcia / fermata / arresto,Conducente,M,Illeso,0,,Non accertato,Inesploso,
3993081,13,17/09/2018 10:40:00,Provinciale,VIA LITORANEA,in prossimit�,,della chilometrica,9.3,,Scontro frontale/laterale DX fra veicoli in marcia,Rettilineo,Una carreggiata a senso unico di marcia,Asciutto,Asfaltata,Verticale ed orizzontale,Sereno,Normale,Buona,Ore Diurne,1,0,0,2,12.3735,41.6876,-1,1,Autovettura privata,In marcia / fermata / arresto,Passeggero,M,Illeso,0,,Non accertato,Inesploso,
3993081,13,17/09/2018 10:40:00,Provinciale,VIA LITORANEA,in prossimit�,,della chilometrica,9.3,,Scontro frontale/laterale DX fra veicoli in marcia,Rettilineo,Una carreggiata a senso unico di marcia,Asciutto,Asfaltata,Verticale ed orizzontale,Sereno,Normale,Buona,Ore Diurne,1,0,0,2,12.3735,41.6876,-1,2,Motociclo a solo,In marcia / fermata / arresto,Conducente,M,Rimandato,0,NON DECEDUTO,Utilizzato,,
3993083,7,18/09/2018 00:10:00,Strada Urbana,VIA DEI CASTANI,all'intersezione con,VIA DELLE ACACIE,VIA DELLE ACACIE,,,Scontro frontale/laterale DX fra veicoli in marcia,Incrocio,Una carreggiata a doppio senso,Asciutto,Asfaltata,Verticale ed orizzontale,Sereno,Scarso,Sufficiente,Sufficiente,2,0,0,2,12.5668,41.8837,-1,1,Autovettura privata,In marcia / fermata / arresto,Conducente,M,Rimandato,0,NON DECEDUTO,Non accertato,Inesploso,
3993083,7,18/09/2018 00:10:00,Strada Urbana,VIA DEI CASTANI,all'intersezione con,VIA DELLE ACACIE,VIA DELLE ACACIE,,,Scontro frontale/laterale DX fra veicoli in marcia,Incrocio,Una carreggiata a doppio senso,Asciutto,Asfaltata,Verticale ed orizzontale,Sereno,Scarso,Sufficiente,Sufficiente,2,0,0,2,12.5668,41.8837,-1,1,Autovettura privata,In marcia / fermata / arresto,Passeggero,F,Rimandato,0,NON DECEDUTO,Non accertato,Inesploso,
3993083,7,18/09/2018 00:10:00,Strada Urbana,VIA DEI CASTANI,all'intersezione con,VIA DELLE ACACIE,VIA DELLE ACACIE,,,Scontro frontale/laterale DX fra veicoli in marcia,Incrocio,Una carreggiata a doppio senso,Asciutto,Asfaltata,Verticale ed orizzontale,Sereno,Scarso,Sufficiente,Sufficiente,2,0,0,2,12.5668,41.8837,-1,2,Autovettura privata,In marcia / fermata / arresto,Conducente,M,Illeso,0,,Non accertato,,
3993083,7,18/09/2018 00:10:00,Strada Urbana,VIA DEI CASTANI,all'intersezione con,VIA DELLE ACACIE,VIA DELLE ACACIE,,,Scontro frontale/laterale DX fra veicoli in marcia,Incrocio,Una carreggiata a doppio senso,Asciutto,Asfaltata,Verticale ed orizzontale,Sereno,Scarso,Sufficiente,Sufficiente,2,0,0,2,12.5668,41.8837,-1,2,Autovettura privata,In marcia / fermata / arresto,Passeggero,F,Illeso,0,,Non accertato,Inesploso,
3993092,1,15/09/2018 10:30:00,Strada Urbana,VIALE ENRICO DE NICOLA,in prossimit�,,del palo luce n.,25,,Investimento di pedone,Curva a visuale libera,Due carreggiate,Asciutto,Asfaltata,Verticale ed orizzontale,Sereno,Scarso,Buona,Ore Diurne,1,0,0,1,,,0,,,,Pedone,F,Rimandato,0,NON DECEDUTO,,,
3993092,1,15/09/2018 10:30:00,Strada Urbana,VIALE ENRICO DE NICOLA,in prossimit�,,del palo luce n.,25,,Investimento di pedone,Curva a visuale libera,Due carreggiate,Asciutto,Asfaltata,Verticale ed orizzontale,Sereno,Scarso,Buona,Ore Diurne,1,0,0,1,,,0,1,Autovettura pubblica,In marcia / fermata / arresto,Conducente,M,Illeso,0,,Non accertato,,
3993095,20,17/09/2018 17:35:00,Strada Urbana,VIALE CORTINA D'AMPEZZO,da specificare,,,,prossimit� VIA VAL DI SOLE,Investimento di pedone,Rettilineo,Una carreggiata a doppio senso,Asciutto,Asfaltata,Verticale ed orizzontale,Sereno,Normale,Buona,Ore Diurne,1,0,0,1,12.4437,41.9478,-1,,,,Pedone,M,Rimandato,0,NON DECEDUTO,,,
3993095,20,17/09/2018 17:35:00,Strada Urbana,VIALE CORTINA D'AMPEZZO,da specificare,,,,prossimit� VIA VAL DI SOLE,Investimento di pedone,Rettilineo,Una carreggiata a doppio senso,Asciutto,Asfaltata,Verticale ed orizzontale,Sereno,Normale,Buona,Ore Diurne,1,0,0,1,12.4437,41.9478,-1,1,Autovettura privata,In marcia / fermata / arresto,Conducente,M,Illeso,0,,Non accertato,Inesploso,
3993101,7,17/09/2018 15:10:00,Strada Urbana,VIALE GIORGIO DE CHIRICO,all'intersezione con,VIA COLLATINA,VIA COLLATINA,,,Scontro frontale/laterale SX fra veicoli in marcia,Incrocio,Una carreggiata a doppio senso,Asciutto,Asfaltata,Verticale ed orizzontale,Sereno,Normale,Buona,Ore Diurne,1,0,0,1,12.5849,41.9034,-1,1,Autovettura privata,In marcia / fermata / arresto,Conducente,M,Illeso,0,,Non accertato,Inesploso,
3993101,7,17/09/2018 15:10:00,Strada Urbana,VIALE GIORGIO DE CHIRICO,all'intersezione con,VIA COLLATINA,VIA COLLATINA,,,Scontro frontale/laterale SX fra veicoli in marcia,Incrocio,Una carreggiata a doppio senso,Asciutto,Asfaltata,Verticale ed orizzontale,Sereno,Normale,Buona,Ore Diurne,1,0,0,1,12.5849,41.9034,-1,2,Motociclo a solo,In marcia / fermata / arresto,Conducente,M,Rimandato,0,NON DECEDUTO,Non accertato,,
3993102,6,17/09/2018 19:50:00,Strada Urbana,VIA AUGUSTO DULCERI,all'intersezione con,VIA LEONARDO BUFALINI,VIA LEONARDO BUFALINI,,,Scontro frontale/laterale DX fra veicoli in marcia,Incrocio,Una carreggiata a doppio senso,Bagnato (pioggia),Asfaltata,Assente,Nuvoloso,Normale,Buona,Sufficiente,2,0,0,1,12.539,41.884,-1,1,Autovettura privata,In marcia / fermata / arresto,Conducente,M,Rimandato,0,NON DECEDUTO,,,
3993102,6,17/09/2018 19:50:00,Strada Urbana,VIA AUGUSTO DULCERI,all'intersezione con,VIA LEONARDO BUFALINI,VIA LEONARDO BUFALINI,,,Scontro frontale/laterale DX fra veicoli in marcia,Incrocio,Una carreggiata a doppio senso,Bagnato (pioggia),Asfaltata,Assente,Nuvoloso,Normale,Buona,Sufficiente,2,0,0,1,12.539,41.884,-1,1,Autovettura privata,In marcia / fermata / arresto,Passeggero,F,Rimandato,0,NON DECEDUTO,,,
3993102,6,17/09/2018 19:50:00,Strada Urbana,VIA AUGUSTO DULCERI,all'intersezione con,VIA LEONARDO BUFALINI,VIA LEONARDO BUFALINI,,,Scontro frontale/laterale DX fra veicoli in marcia,Incrocio,Una carreggiata a doppio senso,Bagnato (pioggia),Asfaltata,Assente,Nuvoloso,Normale,Buona,Sufficiente,2,0,0,1,12.539,41.884,-1,2,Autocarro inferiore 35 q.,In marcia / fermata / arresto,Conducente,M,Illeso,0,,,,
3993114,4,17/09/2018 07:00:00,Strada Urbana,VIA DEI PRATI FISCALI,in prossimit�,,del civico n.,306,,Scontro frontale/laterale SX fra veicoli in marcia,Rettilineo,Due carreggiate,Asciutto,Asfaltata,Verticale,Sereno,Intenso,Buona,Ore Diurne,2,0,0,0,12.5158,41.9463,-1,1,Motociclo a solo,In marcia / fermata / arresto,Conducente,M,Rifiuta cure immediate,0,NON DECEDUTO,Non accertato,,
3993114,4,17/09/2018 07:00:00,Strada Urbana,VIA DEI PRATI FISCALI,in prossimit�,,del civico n.,306,,Scontro frontale/laterale SX fra veicoli in marcia,Rettilineo,Due carreggiate,Asciutto,Asfaltata,Verticale,Sereno,Intenso,Buona,Ore Diurne,2,0,0,0,12.5158,41.9463,-1,2,Velocipede,In marcia / fermata / arresto,Conducente,M,Rimandato,0,NON DECEDUTO,Esente,,
3993148,15,18/09/2018 08:05:00,Strada Urbana,VIA VINCENZO STATELLA,all'intersezione con,LARGO LIVIO ZAMBECCARI,LARGO LIVIO ZAMBECCARI,,,Scontro laterale fra veicoli in marcia,Incrocio,Una carreggiata a doppio senso,Asciutto,Asfaltata,Verticale ed orizzontale,Nuvoloso,Intenso,Buona,Ore Diurne,0,0,0,2,12.4517,41.8526,-1,1,Autobus di linea,In marcia / fermata / arresto,Conducente,M,Illeso,0,,Non accertato,Inesistente,
3993148,15,18/09/2018 08:05:00,Strada Urbana,VIA VINCENZO STATELLA,all'intersezione con,LARGO LIVIO ZAMBECCARI,LARGO LIVIO ZAMBECCARI,,,Scontro laterale fra veicoli in marcia,Incrocio,Una carreggiata a doppio senso,Asciutto,Asfaltata,Verticale ed orizzontale,Nuvoloso,Intenso,Buona,Ore Diurne,0,0,0,2,12.4517,41.8526,-1,2,Autovettura privata,In marcia / fermata / arresto,Conducente,M,Illeso,0,,Non accertato,Inesploso,
3993150,9,17/09/2018 16:30:00,Strada Urbana,VIA SERMONETA,da specificare,,,,FRONTE CIVICO 34,Tamponamento,Rettilineo,Una carreggiata a doppio senso,Asciutto,Asfaltata,Verticale ed orizzontale,Sereno,Normale,Buona,Ore Diurne,2,0,0,1,12.5314,41.8675,-1,1,Autovettura privata,In marcia / fermata / arresto,Conducente,M,Illeso,0,,Non accertato,Inesploso,
3993150,9,17/09/2018 16:30:00,Strada Urbana,VIA SERMONETA,da specificare,,,,FRONTE CIVICO 34,Tamponamento,Rettilineo,Una carreggiata a doppio senso,Asciutto,Asfaltata,Verticale ed orizzontale,Sereno,Normale,Buona,Ore Diurne,2,0,0,1,12.5314,41.8675,-1,2,Motociclo a solo,In marcia / fermata / arresto,Conducente,M,Rimandato,0,NON DECEDUTO,Non accertato,,
3993150,9,17/09/2018 16:30:00,Strada Urbana,VIA SERMONETA,da specificare,,,,FRONTE CIVICO 34,Tamponamento,Rettilineo,Una carreggiata a doppio senso,Asciutto,Asfaltata,Verticale ed orizzontale,Sereno,Normale,Buona,Ore Diurne,2,0,0,1,12.5314,41.8675,-1,2,Motociclo a solo,In marcia / fermata / arresto,Passeggero,M,Rimandato,0,NON DECEDUTO,Utilizzato,,
3993157,20,17/09/2018 19:15:00,Strada Urbana,PIAZZALE DI PONTE MILVIO,all'intersezione semaforizzata con,VIALE DI TOR DI QUINTO,VIALE DI TOR DI QUINTO,,,Scontro laterale fra veicoli in marcia,Intersezione semaforizzata,Due carreggiate,Asciutto,Asfaltata,Verticale ed orizzontale,Sereno,Intenso,Buona,Ore Diurne,0,0,0,3,12.4664,41.9373,-1,1,Autovettura privata,In marcia / fermata / arresto,Conducente,F,Illeso,0,,Non accertato,Inesploso,
3993157,20,17/09/2018 19:15:00,Strada Urbana,PIAZZALE DI PONTE MILVIO,all'intersezione semaforizzata con,VIALE DI TOR DI QUINTO,VIALE DI TOR DI QUINTO,,,Scontro laterale fra veicoli in marcia,Intersezione semaforizzata,Due carreggiate,Asciutto,Asfaltata,Verticale ed orizzontale,Sereno,Intenso,Buona,Ore Diurne,0,0,0,3,12.4664,41.9373,-1,2,Autovettura privata,In marcia / fermata / arresto,Conducente,M,Illeso,0,,Utilizzato,Inesploso,
3993157,20,17/09/2018 19:15:00,Strada Urbana,PIAZZALE DI PONTE MILVIO,all'intersezione semaforizzata con,VIALE DI TOR DI QUINTO,VIALE DI TOR DI QUINTO,,,Scontro laterale fra veicoli in marcia,Intersezione semaforizzata,Due carreggiate,Asciutto,Asfaltata,Verticale ed orizzontale,Sereno,Intenso,Buona,Ore Diurne,0,0,0,3,12.4664,41.9373,-1,2,Autovettura privata,In marcia / fermata / arresto,Passeggero,F,Illeso,0,,Utilizzato,Inesploso,
3993182,17,17/09/2018 15:15:00,Strada Urbana,VIA DEL CASALE STROZZI,in prossimit�,,del civico n.,6,,Veicolo in marcia contro veicolo in sosta,Rettilineo,Una carreggiata a senso unico di marcia,Asciutto,Asfaltata,Verticale ed orizzontale,Sereno,Scarso,Buona,Ore Diurne,0,0,0,1,12.4533,41.917,-1,1,Autovettura privata,In marcia / fermata / arresto,Conducente,F,Illeso,0,,,,
3993184,6,18/09/2018 08:15:00,Strada Urbana,VIA DI PORTA FURBA,in corrispondenza,,del civico n.,54,,Scontro frontale/laterale DX fra veicoli in marcia,Rettilineo,Una carreggiata a doppio senso,Asciutto,Asfaltata,Assente,Sereno,Intenso,Buona,Ore Diurne,0,0,0,5,12.5412,41.874,-1,1,Autovettura privata,In marcia / fermata / arresto,Conducente,F,Illeso,0,,Non accertato,Inesploso,
3993184,6,18/09/2018 08:15:00,Strada Urbana,VIA DI PORTA FURBA,in corrispondenza,,del civico n.,54,,Scontro frontale/laterale DX fra veicoli in marcia,Rettilineo,Una carreggiata a doppio senso,Asciutto,Asfaltata,Assente,Sereno,Intenso,Buona,Ore Diurne,0,0,0,5,12.5412,41.874,-1,1,Autovettura privata,In marcia / fermata / arresto,Passeggero,M,Illeso,0,,Non accertato,Inesploso,
3993184,6,18/09/2018 08:15:00,Strada Urbana,VIA DI PORTA FURBA,in corrispondenza,,del civico n.,54,,Scontro frontale/laterale DX fra veicoli in marcia,Rettilineo,Una carreggiata a doppio senso,Asciutto,Asfaltata,Assente,Sereno,Intenso,Buona,Ore Diurne,0,0,0,5,12.5412,41.874,-1,1,Autovettura privata,In marcia / fermata / arresto,Passeggero,F,Illeso,0,,Non accertato,Inesploso,
3993184,6,18/09/2018 08:15:00,Strada Urbana,VIA DI PORTA FURBA,in corrispondenza,,del civico n.,54,,Scontro frontale/laterale DX fra veicoli in marcia,Rettilineo,Una carreggiata a doppio senso,Asciutto,Asfaltata,Assente,Sereno,Intenso,Buona,Ore Diurne,0,0,0,5,12.5412,41.874,-1,1,Autovettura privata,In marcia / fermata / arresto,Passeggero,F,Illeso,0,,Non accertato,Inesploso,
3993184,6,18/09/2018 08:15:00,Strada Urbana,VIA DI PORTA FURBA,in corrispondenza,,del civico n.,54,,Scontro frontale/laterale DX fra veicoli in marcia,Rettilineo,Una carreggiata a doppio senso,Asciutto,Asfaltata,Assente,Sereno,Intenso,Buona,Ore Diurne,0,0,0,5,12.5412,41.874,-1,2,Motociclo a solo,In marcia / fermata / arresto,Conducente,M,Illeso,0,,Non accertato,,
3993196,13,17/09/2018 17:20:00,Strada Urbana,VIALE DELLE REPUBBLICHE MARINARE,da specificare,,,,prox ORSO DUCA DI GENOVA,Scontro laterale fra veicoli in marcia,Rettilineo,Una carreggiata a senso unico di marcia,Asciutto,Asfaltata,Orizzontale,Sereno,Normale,Buona,Ore Diurne,1,0,0,3,12.2682,41.735,-1,1,Autovettura privata,In marcia / fermata / arresto,Conducente,M,Illeso,0,,Non accertato,Inesploso,
3993196,13,17/09/2018 17:20:00,Strada Urbana,VIALE DELLE REPUBBLICHE MARINARE,da specificare,,,,prox ORSO DUCA DI GENOVA,Scontro laterale fra veicoli in marcia,Rettilineo,Una carreggiata a senso unico di marcia,Asciutto,Asfaltata,Orizzontale,Sereno,Normale,Buona,Ore Diurne,1,0,0,3,12.2682,41.735,-1,1,Autovettura privata,In marcia / fermata / arresto,Passeggero,F,Illeso,0,,Non accertato,Inesploso,
3993196,13,17/09/2018 17:20:00,Strada Urbana,VIALE DELLE REPUBBLICHE MARINARE,da specificare,,,,prox ORSO DUCA DI GENOVA,Scontro laterale fra veicoli in marcia,Rettilineo,Una carreggiata a senso unico di marcia,Asciutto,Asfaltata,Orizzontale,Sereno,Normale,Buona,Ore Diurne,1,0,0,3,12.2682,41.735,-1,1,Autovettura privata,In marcia / fermata / arresto,Passeggero,F,Illeso,0,,Non accertato,Inesploso,
3993196,13,17/09/2018 17:20:00,Strada Urbana,VIALE DELLE REPUBBLICHE MARINARE,da specificare,,,,prox ORSO DUCA DI GENOVA,Scontro laterale fra veicoli in marcia,Rettilineo,Una carreggiata a senso unico di marcia,Asciutto,Asfaltata,Orizzontale,Sereno,Normale,Buona,Ore Diurne,1,0,0,3,12.2682,41.735,-1,2,Velocipede,In marcia / fermata / arresto,Conducente,M,Rimandato,0,NON DECEDUTO,Esente,,
3993200,9,17/09/2018 19:20:00,Strada Urbana,VIA SERMONETA,all'intersezione con,VIA MONDRAGONE,VIA MONDRAGONE,,,Scontro laterale fra veicoli in marcia,Incrocio,Una carreggiata a doppio senso,Asciutto,Asfaltata,Verticale ed orizzontale,Sereno,Intenso,Buona,Ore Diurne,0,0,0,1,12.5318,41.8667,0,2,Autovettura privata,In marcia / fermata / arresto,Conducente,M,Illeso,0,,Non accertato,Inesploso,
3993230,17,17/09/2018 18:10:00,Strada Urbana,VIA CRESCENZIO,in prossimit�,,del civico n.,60,,Veicolo in marcia contro ostacolo accidentale,Rettilineo,Una carreggiata a doppio senso,Asciutto,In cubetti di porfido,Verticale ed orizzontale,Sereno,Normale,Buona,Ore Diurne,1,0,0,0,12.4628,41.9059,-1,1,Motociclo a solo,In marcia / fermata / arresto,Conducente,F,Rimandato,0,NON DECEDUTO,,,
3993234,4,17/09/2018 08:00:00,Statale,VIA SALARIA,in prossimit�,,del civico n.,1075,,Veicolo in marcia contro ostacolo fisso,Rettilineo,Una carreggiata a senso unico di marcia,Asciutto,Asfaltata,Verticale ed orizzontale,Sereno,Intenso,Buona,Ore Diurne,1,0,0,0,12.5052,41.9769,-1,1,Motociclo a solo,In marcia / fermata / arresto,Conducente,M,Rimandato,0,NON DECEDUTO,Non accertato,,
3993240,10,18/09/2018 08:20:00,Strada Urbana,PIAZZA FABIO SABATINI,all'intersezione con,VIALE ANTONIO CIAMARRA,VIALE ANTONIO CIAMARRA,,,Tamponamento,Rotatoria,Una carreggiata a senso unico di marcia,Asciutto,Asfaltata,Verticale ed orizzontale,Sereno,Intenso,Buona,Ore Diurne,1,0,0,2,12.5914,41.8471,-1,1,Autovettura privata,In marcia / fermata / arresto,Conducente,F,Rimandato,0,NON DECEDUTO,Non accertato,Inesploso,
3993240,10,18/09/2018 08:20:00,Strada Urbana,PIAZZA FABIO SABATINI,all'intersezione con,VIALE ANTONIO CIAMARRA,VIALE ANTONIO CIAMARRA,,,Tamponamento,Rotatoria,Una carreggiata a senso unico di marcia,Asciutto,Asfaltata,Verticale ed orizzontale,Sereno,Intenso,Buona,Ore Diurne,1,0,0,2,12.5914,41.8471,-1,1,Autovettura privata,In marcia / fermata / arresto,Passeggero,F,Illeso,0,,Non accertato,Inesploso,
3993240,10,18/09/2018 08:20:00,Strada Urbana,PIAZZA FABIO SABATINI,all'intersezione con,VIALE ANTONIO CIAMARRA,VIALE ANTONIO CIAMARRA,,,Tamponamento,Rotatoria,Una carreggiata a senso unico di marcia,Asciutto,Asfaltata,Verticale ed orizzontale,Sereno,Intenso,Buona,Ore Diurne,1,0,0,2,12.5914,41.8471,-1,2,Autovettura privata,In marcia / fermata / arresto,Conducente,M,Illeso,0,,Non accertato,Inesploso,
3993258,7,17/09/2018 08:15:00,Strada Urbana,VIA FILLIDE,in prossimit�,,del civico n.,3,,Veicolo in marcia contro ostacolo fisso,Rettilineo,Una carreggiata a doppio senso,Asciutto,Asfaltata,Verticale,Sereno,Scarso,Buona,Ore Diurne,0,0,0,1,12.6129,41.9142,-1,1,Autovettura privata,In marcia / fermata / arresto,Conducente,M,Illeso,0,,,,
3993264,6,18/09/2018 08:30:00,Strada Urbana,VIA DEL PIGNETO,all'intersezione con,VIA ALFONSO ANTONINI,VIA ALFONSO ANTONINI,,,Scontro frontale/laterale DX fra veicoli in marcia,Intersezione stradale segnalata,Una carreggiata a senso unico di marcia,Asciutto,Asfaltata,Verticale ed orizzontale,Sereno,Normale,Buona,Ore Diurne,0,0,0,3,12.5423,41.8866,-1,1,Autovettura privata,In marcia / fermata / arresto,Conducente,M,Illeso,0,,Non accertato,Inesploso,
3993264,6,18/09/2018 08:30:00,Strada Urbana,VIA DEL PIGNETO,all'intersezione con,VIA ALFONSO ANTONINI,VIA ALFONSO ANTONINI,,,Scontro frontale/laterale DX fra veicoli in marcia,Intersezione stradale segnalata,Una carreggiata a senso unico di marcia,Asciutto,Asfaltata,Verticale ed orizzontale,Sereno,Normale,Buona,Ore Diurne,0,0,0,3,12.5423,41.8866,-1,1,Autovettura privata,In marcia / fermata / arresto,Passeggero,M,Illeso,0,,Non accertato,Inesploso,
3993264,6,18/09/2018 08:30:00,Strada Urbana,VIA DEL PIGNETO,all'intersezione con,VIA ALFONSO ANTONINI,VIA ALFONSO ANTONINI,,,Scontro frontale/laterale DX fra veicoli in marcia,Intersezione stradale segnalata,Una carreggiata a senso unico di marcia,Asciutto,Asfaltata,Verticale ed orizzontale,Sereno,Normale,Buona,Ore Diurne,0,0,0,3,12.5423,41.8866,-1,2,Autocarro inferiore 35 q.,In marcia / fermata / arresto,Conducente,M,Illeso,0,,Non accertato,Inesploso,
3993266,1,13/09/2018 09:40:00,Strada Urbana,VIA CERNAIA,all'intersezione con,VIA PASTRENGO,VIA PASTRENGO,,,Scontro laterale fra veicoli in marcia,Intersezione stradale segnalata,Una carreggiata a senso unico di marcia,Asciutto,Asfaltata,Verticale ed orizzontale,Sereno,Normale,Buona,Ore Diurne,0,0,0,2,12.4986,41.9054,-1,1,Autovettura privata,In marcia / fermata / arresto,Conducente,F,Illeso,0,,,,
3993266,1,13/09/2018 09:40:00,Strada Urbana,VIA CERNAIA,all'intersezione con,VIA PASTRENGO,VIA PASTRENGO,,,Scontro laterale fra veicoli in marcia,Intersezione stradale segnalata,Una carreggiata a senso unico di marcia,Asciutto,Asfaltata,Verticale ed orizzontale,Sereno,Normale,Buona,Ore Diurne,0,0,0,2,12.4986,41.9054,-1,2,Motociclo a solo,In marcia / fermata / arresto,Conducente,M,Illeso,0,,,,
3993268,4,17/09/2018 12:00:00,Strada Urbana,VIA FRANCO SACCHETTI,in prossimit�,,del civico n.,27,,Scontro frontale/laterale DX fra veicoli in marcia,Rettilineo,Una carreggiata a doppio senso,Asciutto,Asfaltata,Verticale ed orizzontale,Sereno,Normale,Buona,Ore Diurne,0,0,0,2,12.5462,41.9494,-1,1,Autovettura privata,In marcia / fermata / arresto,Conducente,M,Illeso,0,,Non accertato,,
3993268,4,17/09/2018 12:00:00,Strada Urbana,VIA FRANCO SACCHETTI,in prossimit�,,del civico n.,27,,Scontro frontale/laterale DX fra veicoli in marcia,Rettilineo,Una carreggiata a doppio senso,Asciutto,Asfaltata,Verticale ed orizzontale,Sereno,Normale,Buona,Ore Diurne,0,0,0,2,12.5462,41.9494,-1,2,Autovettura privata,In marcia / fermata / arresto,Conducente,F,Illeso,0,,Non accertato,,
3993269,13,11/09/2018 13:40:00,,VIA CRISTOFORO COLOMBO,da specificare,,,,dir. Roma prox semaforo via di Casal Palocco,Tamponamento,,,,,,,,,,0,0,0,2,,,0,1,Autovettura privata,In marcia / fermata / arresto,Conducente,M,Illeso,0,,,,
3993269,13,11/09/2018 13:40:00,,VIA CRISTOFORO COLOMBO,da specificare,,,,dir. Roma prox semaforo via di Casal Palocco,Tamponamento,,,,,,,,,,0,0,0,2,,,0,2,Autovettura privata,In marcia / fermata / arresto,Conducente,M,Illeso,0,,,,