Protocollo,Gruppo,DataOraIncidente,Localizzazione1,STRADA1,Localizzazione2,STRADA2,Strada02,Chilometrica,DaSpecificare,NaturaIncidente,particolaritastrade,TipoStrada,FondoStradale,Pavimentazione,Segnaletica,CondizioneAtmosferica,Traffico,Visibilita,Illuminazione,NUM_FERITI,NUM_RISERVATA,NUM_MORTI,NUM_ILLESI,Longitudine,Latitudine,Confermato,Progressivo,TipoVeicolo,StatoVeicolo,TipoPersona,Sesso,Tipolesione,Deceduto,DecedutoDopo,CinturaCascoUtilizzato,Airbag,
3993270,17,17/09/2018 19:00:00,Strada Urbana,VIA CRESCENZIO,in prossimit�,,del civico n.,99B,,Veicolo in marcia contro ostacolo accidentale,Rettilineo,Una carreggiata a senso unico di marcia,Viscido da liquidi oleosi,In cubetti di porfido,Verticale ed orizzontale,Sereno,Normale,Buona,Sufficiente,0,0,0,2,12.4601,41.906,-1,1,Motociclo a solo,In marcia / fermata / arresto,Conducente,M,Illeso,0,,,,
3993270,17,17/09/2018 19:00:00,Strada Urbana,VIA CRESCENZIO,in prossimit�,,del civico n.,99B,,Veicolo in marcia contro ostacolo accidentale,Rettilineo,Una carreggiata a senso unico di marcia,Viscido da liquidi oleosi,In cubetti di porfido,Verticale ed orizzontale,Sereno,Normale,Buona,Sufficiente,0,0,0,2,12.4601,41.906,-1,1,Motociclo a solo,In marcia / fermata / arresto,Passeggero,F,Illeso,0,,,,
3993316,7,17/09/2018 15:30:00,,VIA COLLATINA,all'intersezione semaforizzata con,VIA LUIGI APPIANI,VIA LUIGI APPIANI,,,Veicolo in marcia contro veicolo in sosta,,,,,,,,,,0,0,0,1,,,0,1,Autocarro inferiore 35 q.,In marcia / fermata / arresto,Conducente,M,Illeso,0,,Non accertato,Inesistente,
3993336,13,17/09/2018 13:25:00,Strada Urbana,PIAZZA GIULIANO DELLA ROVERE,in corrispondenza,,del civico n.,12,,Investimento di pedone,Rettilineo,Una carreggiata a senso unico di marcia,Asciutto,Asfaltata,Assente,Sereno,Normale,Buona,Ore Diurne,1,0,0,1,12.2811,41.7293,-1,,,,Pedone,F,Rimandato,0,NON DECEDUTO,,,
3993336,13,17/09/2018 13:25:00,Strada Urbana,PIAZZA GIULIANO DELLA ROVERE,in corrispondenza,,del civico n.,12,,Investimento di pedone,Rettilineo,Una carreggiata a senso unico di marcia,Asciutto,Asfaltata,Assente,Sereno,Normale,Buona,Ore Diurne,1,0,0,1,12.2811,41.7293,-1,1,Autocarro inferiore 35 q.,In marcia / fermata / arresto,Conducente,M,Illeso,0,,Non accertato,,
3993378,10,18/09/2018 09:35:00,Strada Urbana,VIA DEL CASALE AGOSTINELLI,in corrispondenza,,del civico n.,137,,Investimento di pedone,Rettilineo,Una carreggiata a doppio senso,Asciutto,Asfaltata,Verticale ed orizzontale,Sereno,Scarso,Buona,Ore Diurne,1,0,0,1,12.6015,41.8149,-1,,,,Pedone,F,Rimandato,0,NON DECEDUTO,,,
3993378,10,18/09/2018 09:35:00,Strada Urbana,VIA DEL CASALE AGOSTINELLI,in corrispondenza,,del civico n.,137,,Investimento di pedone,Rettilineo,Una carreggiata a doppio senso,Asciutto,Asfaltata,Verticale ed orizzontale,Sereno,Scarso,Buona,Ore Diurne,1,0,0,1,12.6015,41.8149,-1,1,Motociclo a solo,In marcia / fermata / arresto,Conducente,M,Illeso,0,,Non accertato,,
3993410,4,17/09/2018 18:30:00,Strada Urbana,PIAZZA LUIGI PORRO LAMBERTENGHI,all'intersezione con,VIA ANGIOLO CABRINI,VIA ANGIOLO CABRINI,,,Investimento di pedone,Intersezione stradale segnalata,Una carreggiata a doppio senso,Asciutto,Asfaltata,Verticale ed orizzontale,Sereno,Scarso,Sufficiente,Ore Diurne,1,0,0,1,12.5274,41.9565,-1,,,,Pedone,F,Ricoverato,0,NON DECEDUTO,,,
3993410,4,17/09/2018 18:30:00,Strada Urbana,PIAZZA LUIGI PORRO LAMBERTENGHI,all'intersezione con,VIA ANGIOLO CABRINI,VIA ANGIOLO CABRINI,,,Investimento di pedone,Intersezione stradale segnalata,Una carreggiata a doppio senso,Asciutto,Asfaltata,Verticale ed orizzontale,Sereno,Scarso,Sufficiente,Ore Diurne,1,0,0,1,12.5274,41.9565,-1,1,Autovettura privata,In marcia / fermata / arresto,Conducente,M,Illeso,0,,Non accertato,Inesploso,
3993412,13,17/09/2018 13:40:00,Strada Urbana,VIA DEI LUCILII,in corrispondenza,,del civico n.,12,,Veicolo in marcia contro veicolo in sosta,Rettilineo,Una carreggiata a senso unico di marcia,Asciutto,Asfaltata,Verticale ed orizzontale,Sereno,Scarso,Buona,Ore Diurne,0,0,0,1,12.2818,41.7298,-1,1,Autocarro inferiore 35 q.,In marcia / fermata / arresto,Conducente,M,Illeso,0,,Non accertato,,
3993442,17,17/09/2018 17:50:00,Strada Urbana,LUNGOTEVERE DELLE ARMI,in corrispondenza,,del civico n.,27,,Scontro laterale fra veicoli in marcia,Rettilineo,Una carreggiata a senso unico di marcia,Asciutto,Acciotolata,Assente,Nuvoloso,Intenso,Sufficiente,Ore Diurne,1,0,0,1,12.4694,41.9177,-1,1,Autovettura pubblica,In marcia / fermata / arresto,Conducente,M,Illeso,0,,,,
3993442,17,17/09/2018 17:50:00,Strada Urbana,LUNGOTEVERE DELLE ARMI,in corrispondenza,,del civico n.,27,,Scontro laterale fra veicoli in marcia,Rettilineo,Una carreggiata a senso unico di marcia,Asciutto,Acciotolata,Assente,Nuvoloso,Intenso,Sufficiente,Ore Diurne,1,0,0,1,12.4694,41.9177,-1,2,Motociclo a solo,In marcia / fermata / arresto,Conducente,M,Rifiuta cure immediate,0,NON DECEDUTO,,,
3993451,2,17/09/2018 13:05:00,Strada Urbana,PIAZZA GIMMA,da specificare,,,,alt. SALITA POGGIO SAN LORENZO,Scontro laterale fra veicoli in marcia,Rotatoria,Due carreggiate,Asciutto,Asfaltata,Verticale ed orizzontale,Sereno,Normale,Buona,Ore Diurne,0,0,0,2,12.5179,41.9308,-1,1,Motociclo a solo,In marcia / fermata / arresto,Conducente,M,Illeso,0,,,,
3993451,2,17/09/2018 13:05:00,Strada Urbana,PIAZZA GIMMA,da specificare,,,,alt. SALITA POGGIO SAN LORENZO,Scontro laterale fra veicoli in marcia,Rotatoria,Due carreggiate,Asciutto,Asfaltata,Verticale ed orizzontale,Sereno,Normale,Buona,Ore Diurne,0,0,0,2,12.5179,41.9308,-1,2,Autovettura privata,In marcia / fermata / arresto,Conducente,F,Illeso,0,,,,
3993454,2,17/09/2018 18:30:00,Strada Urbana,VIA SALARIA,in prossimit�,,del civico n.,434,,Veicolo in marcia contro ostacolo accidentale,Rettilineo,Una carreggiata a doppio senso,Asciutto,Asfaltata,Orizzontale,Sereno,Intenso,Buona,Ore Diurne,1,0,0,0,12.5093,41.931,-1,1,Motociclo a solo,In marcia / fermata / arresto,Conducente,M,Rifiuta cure immediate,0,NON DECEDUTO,Non accertato,,
3993459,2,17/09/2018 18:31:00,Strada Urbana,VIA SALARIA,in prossimit�,,del civico n.,434,,Veicolo in marcia contro ostacolo accidentale,Rettilineo,Una carreggiata a doppio senso,Viscido da liquidi oleosi,Asfaltata,Orizzontale,Sereno,Normale,Buona,Ore Diurne,0,0,0,2,12.5093,41.931,-1,1,Motociclo a solo,In marcia / fermata / arresto,Conducente,F,Illeso,0,,Non accertato,,
3993459,2,17/09/2018 18:31:00,Strada Urbana,VIA SALARIA,in prossimit�,,del civico n.,434,,Veicolo in marcia contro ostacolo accidentale,Rettilineo,Una carreggiata a doppio senso,Viscido da liquidi oleosi,Asfaltata,Orizzontale,Sereno,Normale,Buona,Ore Diurne,0,0,0,2,12.5093,41.931,-1,1,Motociclo a solo,In marcia / fermata / arresto,Passeggero,F,Illeso,0,,Non accertato,,
3993461,16,17/09/2018 11:40:00,Strada Urbana,VIA LEONE XIII,in prossimit�,,del palo luce n.,19,,Scontro frontale/laterale SX fra veicoli in marcia,Rettilineo,Due carreggiate,Asciutto,Asfaltata,Verticale ed orizzontale,Sereno,Normale,Buona,Ore Diurne,3,0,0,1,12.4404,41.8869,-1,1,Autobus urbano,In marcia / fermata / arresto,Conducente,M,Illeso,0,,Non accertato,Inesploso,
3993461,16,17/09/2018 11:40:00,Strada Urbana,VIA LEONE XIII,in prossimit�,,del palo luce n.,19,,Scontro frontale/laterale SX fra veicoli in marcia,Rettilineo,Due carreggiate,Asciutto,Asfaltata,Verticale ed orizzontale,Sereno,Normale,Buona,Ore Diurne,3,0,0,1,12.4404,41.8869,-1,1,Autobus urbano,In marcia / fermata / arresto,Passeggero,F,Rimandato,0,NON DECEDUTO,Non accertato,Inesploso,
3993461,16,17/09/2018 11:40:00,Strada Urbana,VIA LEONE XIII,in prossimit�,,del palo luce n.,19,,Scontro frontale/laterale SX fra veicoli in marcia,Rettilineo,Due carreggiate,Asciutto,Asfaltata,Verticale ed orizzontale,Sereno,Normale,Buona,Ore Diurne,3,0,0,1,12.4404,41.8869,-1,2,Autovettura privata,In marcia / fermata / arresto,Conducente,F,Rimandato,0,NON DECEDUTO,Non accertato,Inesploso,
3993479,17,17/09/2018 11:30:00,Strada Urbana,PIAZZALE DEGLI EROI,da specificare,,,,fronte civ 24,Scontro frontale fra veicoli in marcia,Rettilineo,Una carreggiata a doppio senso,Asciutto,Asfaltata,Verticale ed orizzontale,Sereno,Normale,Buona,Ore Diurne,1,0,0,0,12.4485,41.9091,0,1,Motociclo a solo,In marcia / fermata / arresto,Conducente,M,Rimandato,0,NON DECEDUTO,,,
3993498,3,17/09/2018 18:15:00,Strada Urbana,CIRCONVALLAZIONE TIBURTINA,da specificare,,,,prossimit� largo Mazzoni,Veicolo in marcia contro ostacolo fisso,Rettilineo,Due carreggiate,Asciutto,Asfaltata,Verticale ed orizzontale,Nuvoloso,Normale,Buona,Ore Diurne,0,0,0,2,12.5293,41.9103,0,1,Autovettura privata,In marcia / fermata / arresto,Conducente,M,Illeso,0,,,,
3993498,3,17/09/2018 18:15:00,Strada Urbana,CIRCONVALLAZIONE TIBURTINA,da specificare,,,,prossimit� largo Mazzoni,Veicolo in marcia contro ostacolo fisso,Rettilineo,Due carreggiate,Asciutto,Asfaltata,Verticale ed orizzontale,Nuvoloso,Normale,Buona,Ore Diurne,0,0,0,2,12.5293,41.9103,0,1,Autovettura privata,In marcia / fermata / arresto,Passeggero,F,Illeso,0,,,,
3993519,5,03/09/2018 13:30:00,Strada Urbana,VIA TIBURTINA,in prossimit�,,del civico n.,367,,Investimento di pedone,Rettilineo,Due carreggiate,Asciutto,Asfaltata,Verticale ed orizzontale,Nuvoloso,Normale,Buona,Ore Diurne,1,0,0,1,12.5357,41.9084,-1,,,,Pedone,F,Rimandato,0,NON DECEDUTO,,,
3993519,5,03/09/2018 13:30:00,Strada Urbana,VIA TIBURTINA,in prossimit�,,del civico n.,367,,Investimento di pedone,Rettilineo,Due carreggiate,Asciutto,Asfaltata,Verticale ed orizzontale,Nuvoloso,Normale,Buona,Ore Diurne,1,0,0,1,12.5357,41.9084,-1,1,Motociclo a solo,In marcia / fermata / arresto,Conducente,M,Illeso,0,,Non accertato,,
3993559,16,17/09/2018 09:15:00,Strada Urbana,VIA GIUSEPPE MONTESANO,da specificare,,,,FRONTE CIVICO 1/A,Scontro laterale fra veicoli in marcia,Rettilineo,Una carreggiata a senso unico di marcia,Asciutto,Asfaltata,Verticale ed orizzontale,Sereno,Normale,Buona,Ore Diurne,0,0,0,5,12.3604,41.8835,-1,1,Autovettura privata,In marcia / fermata / arresto,Conducente,M,Illeso,0,,Non accertato,Inesploso,
3993559,16,17/09/2018 09:15:00,Strada Urbana,VIA GIUSEPPE MONTESANO,da specificare,,,,FRONTE CIVICO 1/A,Scontro laterale fra veicoli in marcia,Rettilineo,Una carreggiata a senso unico di marcia,Asciutto,Asfaltata,Verticale ed orizzontale,Sereno,Normale,Buona,Ore Diurne,0,0,0,5,12.3604,41.8835,-1,1,Autovettura privata,In marcia / fermata / arresto,Passeggero,F,Illeso,0,,Non accertato,Inesploso,
3993559,16,17/09/2018 09:15:00,Strada Urbana,VIA GIUSEPPE MONTESANO,da specificare,,,,FRONTE CIVICO 1/A,Scontro laterale fra veicoli in marcia,Rettilineo,Una carreggiata a senso unico di marcia,Asciutto,Asfaltata,Verticale ed orizzontale,Sereno,Normale,Buona,Ore Diurne,0,0,0,5,12.3604,41.8835,-1,1,Autovettura privata,In marcia / fermata / arresto,Passeggero,F,Illeso,0,,Non accertato,Inesploso,
3993559,16,17/09/2018 09:15:00,Strada Urbana,VIA GIUSEPPE MONTESANO,da specificare,,,,FRONTE CIVICO 1/A,Scontro laterale fra veicoli in marcia,Rettilineo,Una carreggiata a senso unico di marcia,Asciutto,Asfaltata,Verticale ed orizzontale,Sereno,Normale,Buona,Ore Diurne,0,0,0,5,12.3604,41.8835,-1,2,Autovettura privata,In marcia / fermata / arresto,Conducente,F,Illeso,0,,Non accertato,Inesploso,
3993559,16,17/09/2018 09:15:00,Strada Urbana,VIA GIUSEPPE MONTESANO,da specificare,,,,FRONTE CIVICO 1/A,Scontro laterale fra veicoli in marcia,Rettilineo,Una carreggiata a senso unico di marcia,Asciutto,Asfaltata,Verticale ed orizzontale,Sereno,Normale,Buona,Ore Diurne,0,0,0,5,12.3604,41.8835,-1,2,Autovettura privata,In marcia / fermata / arresto,Passeggero,F,Illeso,0,,Non accertato,Inesploso,
3993585,16,17/09/2018 15:15:00,Strada Urbana,VIA CAMILLO DE LELLIS,all'intersezione con,VIA PIETRO D'ASSISI,VIA PIETRO D'ASSISI,,,Scontro frontale/laterale DX fra veicoli in marcia,Intersezione non regolata/non segnalata,Due carreggiate,Asciutto,Asfaltata,Verticale ed orizzontale,Sereno,Normale,Buona,Ore Diurne,0,0,0,2,12.4506,41.8692,-1,1,Autovettura privata,In marcia / fermata / arresto,Conducente,F,Illeso,0,,Non accertato,Inesploso,
3993585,16,17/09/2018 15:15:00,Strada Urbana,VIA CAMILLO DE LELLIS,all'intersezione con,VIA PIETRO D'ASSISI,VIA PIETRO D'ASSISI,,,Scontro frontale/laterale DX fra veicoli in marcia,Intersezione non regolata/non segnalata,Due carreggiate,Asciutto,Asfaltata,Verticale ed orizzontale,Sereno,Normale,Buona,Ore Diurne,0,0,0,2,12.4506,41.8692,-1,2,Autovettura privata,In marcia / fermata / arresto,Conducente,M,Illeso,0,,Non accertato,Inesploso,
3993632,16,17/09/2018 16:15:00,Strada Urbana,VIALE DELLE MURA GIANICOLENSI,da specificare,,,,IN PROSSIMITA' DEL PALO LUCE 16,Investimento di pedone,Rettilineo,Una carreggiata a doppio senso,Asciutto,Asfaltata,Verticale ed orizzontale,Sereno,Normale,Buona,Ore Diurne,1,0,0,1,12.4619,41.8856,-1,,,,Pedone,F,Rimandato,0,NON DECEDUTO,,,
3993632,16,17/09/2018 16:15:00,Strada Urbana,VIALE DELLE MURA GIANICOLENSI,da specificare,,,,IN PROSSIMITA' DEL PALO LUCE 16,Investimento di pedone,Rettilineo,Una carreggiata a doppio senso,Asciutto,Asfaltata,Verticale ed orizzontale,Sereno,Normale,Buona,Ore Diurne,1,0,0,1,12.4619,41.8856,-1,1,Autovettura privata,In marcia / fermata / arresto,Conducente,M,Illeso,0,,Non accertato,Inesploso,
3993685,5,18/09/2018 11:30:00,Statale entro l'abitato,VIA TIBURTINA,da specificare,,,,fronte civico 1093,Scontro frontale/laterale SX fra veicoli in marcia,Rettilineo,Pi� di due carreggiate,Asciutto,Asfaltata,Verticale ed orizzontale,Sereno,Normale,Buona,Ore Diurne,2,0,0,1,12.587,41.9326,-1,1,Autovettura privata,In marcia / fermata / arresto,Conducente,F,Rimandato,0,NON DECEDUTO,Non accertato,Inesploso,
3993685,5,18/09/2018 11:30:00,Statale entro l'abitato,VIA TIBURTINA,da specificare,,,,fronte civico 1093,Scontro frontale/laterale SX fra veicoli in marcia,Rettilineo,Pi� di due carreggiate,Asciutto,Asfaltata,Verticale ed orizzontale,Sereno,Normale,Buona,Ore Diurne,2,0,0,1,12.587,41.9326,-1,1,Autovettura privata,In marcia / fermata / arresto,Passeggero,M,Illeso,0,,Non accertato,Inesploso,
3993685,5,18/09/2018 11:30:00,Statale entro l'abitato,VIA TIBURTINA,da specificare,,,,fronte civico 1093,Scontro frontale/laterale SX fra veicoli in marcia,Rettilineo,Pi� di due carreggiate,Asciutto,Asfaltata,Verticale ed orizzontale,Sereno,Normale,Buona,Ore Diurne,2,0,0,1,12.587,41.9326,-1,2,Autovettura privata,In marcia / fermata / arresto,Conducente,M,Rimandato,0,NON DECEDUTO,Non accertato,Inesploso,
3993824,19,18/09/2018 12:50:00,Strada Urbana,VIA BERNARDO DA BIBBIENA,in prossimit�,,del palo luce n.,sp8ce2011,,Tamponamento Multiplo,Rettilineo,Una carreggiata a senso unico di marcia,Bagnato (pioggia),Asfaltata,Assente,Pioggia in atto,Normale,Buona,Ore Diurne,0,0,0,4,12.4114,41.9165,-1,1,Autovettura privata,In marcia / fermata / arresto,Conducente,F,Illeso,0,,Non accertato,Inesploso,
3993824,19,18/09/2018 12:50:00,Strada Urbana,VIA BERNARDO DA BIBBIENA,in prossimit�,,del palo luce n.,sp8ce2011,,Tamponamento Multiplo,Rettilineo,Una carreggiata a senso unico di marcia,Bagnato (pioggia),Asfaltata,Assente,Pioggia in atto,Normale,Buona,Ore Diurne,0,0,0,4,12.4114,41.9165,-1,1,Autovettura privata,In marcia / fermata / arresto,Passeggero,F,Illeso,0,,Non accertato,Inesploso,
3993824,19,18/09/2018 12:50:00,Strada Urbana,VIA BERNARDO DA BIBBIENA,in prossimit�,,del palo luce n.,sp8ce2011,,Tamponamento Multiplo,Rettilineo,Una carreggiata a senso unico di marcia,Bagnato (pioggia),Asfaltata,Assente,Pioggia in atto,Normale,Buona,Ore Diurne,0,0,0,4,12.4114,41.9165,-1,1,Autovettura privata,In marcia / fermata / arresto,Passeggero,F,Illeso,0,,Non accertato,Inesploso,
3993824,19,18/09/2018 12:50:00,Strada Urbana,VIA BERNARDO DA BIBBIENA,in prossimit�,,del palo luce n.,sp8ce2011,,Tamponamento Multiplo,Rettilineo,Una carreggiata a senso unico di marcia,Bagnato (pioggia),Asfaltata,Assente,Pioggia in atto,Normale,Buona,Ore Diurne,0,0,0,4,12.4114,41.9165,-1,2,Autovettura privata,In marcia / fermata / arresto,Conducente,F,Illeso,0,,Non accertato,Inesploso,
3993894,18,17/09/2018 12:40:00,Strada Urbana,VIA VINOVO,in prossimit�,,del civico n.,20,,Veicolo in marcia contro veicolo in sosta,Rettilineo,Una carreggiata a senso unico di marcia,Asciutto,Asfaltata,Verticale,Sereno,Scarso,Buona,Ore Diurne,0,0,0,1,12.3893,41.9151,-1,1,Autocarro inferiore 35 q.,In marcia / fermata / arresto,Conducente,M,Illeso,0,,,,
3993900,18,17/09/2018 20:45:00,Strada Urbana,VIA DELLA MAGLIANELLA,in prossimit�,,del civico n.,254,,Scontro laterale fra veicoli in marcia,Rettilineo,Una carreggiata a doppio senso,Bagnato (pioggia),Asfaltata,Verticale,Pioggia in atto,Normale,Sufficiente,Sufficiente,0,0,0,2,12.3824,41.9079,-1,1,Autovettura privata,In marcia / fermata / arresto,Conducente,F,Illeso,0,,,,
3993900,18,17/09/2018 20:45:00,Strada Urbana,VIA DELLA MAGLIANELLA,in prossimit�,,del civico n.,254,,Scontro laterale fra veicoli in marcia,Rettilineo,Una carreggiata a doppio senso,Bagnato (pioggia),Asfaltata,Verticale,Pioggia in atto,Normale,Sufficiente,Sufficiente,0,0,0,2,12.3824,41.9079,-1,2,Autovettura privata,In marcia / fermata / arresto,Conducente,M,Illeso,0,,,,
3993955,18,18/09/2018 07:20:00,Strada Urbana,VIA GAETANO MAZZONI,all'intersezione con,VIA DI MONTESPACCATO,VIA DI MONTESPACCATO,,,Scontro frontale/laterale DX fra veicoli in marcia,Intersezione stradale segnalata,Una carreggiata a senso unico di marcia,Asciutto,Asfaltata,Verticale,Sereno,Normale,Buona,Ore Diurne,1,0,0,1,12.3936,41.9072,-1,1,Autovettura privata,In marcia / fermata / arresto,Conducente,M,Illeso,0,,,,
3993955,18,18/09/2018 07:20:00,Strada Urbana,VIA GAETANO MAZZONI,all'intersezione con,VIA DI MONTESPACCATO,VIA DI MONTESPACCATO,,,Scontro frontale/laterale DX fra veicoli in marcia,Intersezione stradale segnalata,Una carreggiata a senso unico di marcia,Asciutto,Asfaltata,Verticale,Sereno,Normale,Buona,Ore Diurne,1,0,0,1,12.3936,41.9072,-1,2,Autovettura privata,In marcia / fermata / arresto,Conducente,M,Rifiuta cure immediate,0,NON DECEDUTO,,,
3994058,19,18/09/2018 15:45:00,Strada Urbana,VIA DI CASAL DEL MARMO,in corrispondenza,,del civico n.,140,,Tamponamento,Rettilineo,Una carreggiata a doppio senso,Asciutto,Asfaltata,Verticale,Sereno,Normale,Buona,Ore Diurne,1,0,0,1,12.4051,41.9592,-1,1,Autovettura privata,In marcia / fermata / arresto,Conducente,F,Illeso,0,,Non accertato,Inesploso,
3994058,19,18/09/2018 15:45:00,Strada Urbana,VIA DI CASAL DEL MARMO,in corrispondenza,,del civico n.,140,,Tamponamento,Rettilineo,Una carreggiata a doppio senso,Asciutto,Asfaltata,Verticale,Sereno,Normale,Buona,Ore Diurne,1,0,0,1,12.4051,41.9592,-1,2,Motociclo a solo,In marcia / fermata / arresto,Conducente,F,Rimandato,0,NON DECEDUTO,Non accertato,,
3994138,18,18/09/2018 09:05:00,Strada Urbana,VIA ALESSANDRO III,all'intersezione con,VIA DELLA STAZIONE DI S. PIETRO,VIA DELLA STAZIONE DI S. PIETRO,,,Investimento di pedone,Intersezione stradale segnalata,Una carreggiata a senso unico di marcia,Asciutto,Asfaltata,Verticale ed orizzontale,Sereno,Normale,Buona,Ore Diurne,1,0,0,1,12.4555,41.8995,-1,,,,Pedone,M,Rimandato,0,NON DECEDUTO,,,
3994138,18,18/09/2018 09:05:00,Strada Urbana,VIA ALESSANDRO III,all'intersezione con,VIA DELLA STAZIONE DI S. PIETRO,VIA DELLA STAZIONE DI S. PIETRO,,,Investimento di pedone,Intersezione stradale segnalata,Una carreggiata a senso unico di marcia,Asciutto,Asfaltata,Verticale ed orizzontale,Sereno,Normale,Buona,Ore Diurne,1,0,0,1,12.4555,41.8995,-1,1,Autovettura privata,In marcia / fermata / arresto,Conducente,M,Illeso,0,,Non accertato,Inesploso,
3994159,20,18/09/2018 16:20:00,Strada Urbana,VIA VALDAGNO,all'intersezione con,VIA MONTEROSI,VIA MONTEROSI,,,Scontro frontale/laterale SX fra veicoli in marcia,Incrocio,Una carreggiata a senso unico di marcia,Asciutto,Asfaltata,Verticale ed orizzontale,Sereno,Scarso,Buona,Ore Diurne,0,0,0,4,12.4716,41.9487,-1,1,Autovettura privata,In marcia / fermata / arresto,Conducente,M,Illeso,0,,Non accertato,Inesploso,
3994159,20,18/09/2018 16:20:00,Strada Urbana,VIA VALDAGNO,all'intersezione con,VIA MONTEROSI,VIA MONTEROSI,,,Scontro frontale/laterale SX fra veicoli in marcia,Incrocio,Una carreggiata a senso unico di marcia,Asciutto,Asfaltata,Verticale ed orizzontale,Sereno,Scarso,Buona,Ore Diurne,0,0,0,4,12.4716,41.9487,-1,1,Autovettura privata,In marcia / fermata / arresto,Passeggero,M,Illeso,0,,Non accertato,Inesploso,
3994159,20,18/09/2018 16:20:00,Strada Urbana,VIA VALDAGNO,all'intersezione con,VIA MONTEROSI,VIA MONTEROSI,,,Scontro frontale/laterale SX fra veicoli in marcia,Incrocio,Una carreggiata a senso unico di marcia,Asciutto,Asfaltata,Verticale ed orizzontale,Sereno,Scarso,Buona,Ore Diurne,0,0,0,4,12.4716,41.9487,-1,2,Autovettura privata,In marcia / fermata / arresto,Conducente,M,Illeso,0,,Non accertato,Inesploso,
3994159,20,18/09/2018 16:20:00,Strada Urbana,VIA VALDAGNO,all'intersezione con,VIA MONTEROSI,VIA MONTEROSI,,,Scontro frontale/laterale SX fra veicoli in marcia,Incrocio,Una carreggiata a senso unico di marcia,Asciutto,Asfaltata,Verticale ed orizzontale,Sereno,Scarso,Buona,Ore Diurne,0,0,0,4,12.4716,41.9487,-1,2,Autovettura privata,In marcia / fermata / arresto,Passeggero,F,Illeso,0,,Non accertato,Inesploso,
3994168,9,18/09/2018 16:00:00,Strada Urbana,VIA PIEGARO,da specificare,,,,fronte 158,Veicolo in marcia contro veicoli in sosta,Rettilineo,Una carreggiata a doppio senso,Asciutto,Asfaltata,Verticale,Sereno,Scarso,Buona,Ore Diurne,0,0,0,1,12.5334,41.8784,-1,1,Autovettura privata,In marcia / fermata / arresto,Conducente,M,Illeso,0,,Non accertato,Inesploso,
3994189,9,18/09/2018 16:50:00,Strada Urbana,VIA LATINA,da specificare,,,,fronte civico 192,Veicolo in marcia contro veicolo fermo,Rettilineo,Una carreggiata a senso unico di marcia,Asciutto,Asfaltata,Assente,Sereno,Normale,Buona,Ore Diurne,0,0,0,1,12.5176,41.8718,-1,2,Autovettura privata,In marcia / fermata / arresto,Conducente,M,Illeso,0,,,,
3994194,9,18/09/2018 14:30:00,Strada Urbana,VIA APPIA NUOVA,in corrispondenza,,del civico n.,541/I,,Scontro laterale fra veicoli in marcia,Rettilineo,Due carreggiate,Asciutto,Asfaltata,Verticale,Sereno,Normale,Buona,Ore Diurne,1,0,0,1,12.5277,41.8713,-1,1,Autovettura privata,In marcia / fermata / arresto,Conducente,M,Illeso,0,,Non accertato,Inesploso,
3994194,9,18/09/2018 14:30:00,Strada Urbana,VIA APPIA NUOVA,in corrispondenza,,del civico n.,541/I,,Scontro laterale fra veicoli in marcia,Rettilineo,Due carreggiate,Asciutto,Asfaltata,Verticale,Sereno,Normale,Buona,Ore Diurne,1,0,0,1,12.5277,41.8713,-1,2,Motociclo con passeggero,In marcia / fermata / arresto,Conducente,M,Rimandato,0,NON DECEDUTO,Non accertato,,
3994255,17,18/09/2018 15:20:00,Strada Urbana,VIALE GIULIO CESARE,in corrispondenza,,del civico n.,54/P,,Scontro laterale fra veicoli in marcia,Rettilineo,Pi� di due carreggiate,Asciutto,Asfaltata,Verticale ed orizzontale,Sereno,Normale,Buona,Ore Diurne,0,0,0,3,12.4653,41.9114,0,1,Autovettura privata,In marcia / fermata / arresto,Conducente,M,Illeso,0,,,,
3994255,17,18/09/2018 15:20:00,Strada Urbana,VIALE GIULIO CESARE,in corrispondenza,,del civico n.,54/P,,Scontro laterale fra veicoli in marcia,Rettilineo,Pi� di due carreggiate,Asciutto,Asfaltata,Verticale ed orizzontale,Sereno,Normale,Buona,Ore Diurne,0,0,0,3,12.4653,41.9114,0,1,Autovettura privata,In marcia / fermata / arresto,Passeggero,F,Illeso,0,,,,
3994255,17,18/09/2018 15:20:00,Strada Urbana,VIALE GIULIO CESARE,in corrispondenza,,del civico n.,54/P,,Scontro laterale fra veicoli in marcia,Rettilineo,Pi� di due carreggiate,Asciutto,Asfaltata,Verticale ed orizzontale,Sereno,Normale,Buona,Ore Diurne,0,0,0,3,12.4653,41.9114,0,2,Motociclo a solo,In marcia / fermata / arresto,Conducente,M,Illeso,0,,,,
3994269,10,18/09/2018 18:25:00,Strada Urbana,VIA TUSCOLANA,in prossimit�,,del civico n.,1788,,Scontro laterale fra veicoli in marcia,Rettilineo,Pi� di due carreggiate,Asciutto,Asfaltata,Verticale ed orizzontale,Sereno,Intenso,Sufficiente,Ore Diurne,0,0,0,2,12.5838,41.8428,-1,1,Autovettura privata,In marcia / fermata / arresto,Conducente,M,Illeso,0,,Non accertato,Inesploso,
3994269,10,18/09/2018 18:25:00,Strada Urbana,VIA TUSCOLANA,in prossimit�,,del civico n.,1788,,Scontro laterale fra veicoli in marcia,Rettilineo,Pi� di due carreggiate,Asciutto,Asfaltata,Verticale ed orizzontale,Sereno,Intenso,Sufficiente,Ore Diurne,0,0,0,2,12.5838,41.8428,-1,2,Autobus turistico,In marcia / fermata / arresto,Conducente,M,Illeso,0,,Non accertato,Inesploso,