Protocollo,Gruppo,DataOraIncidente,Localizzazione1,STRADA1,Localizzazione2,STRADA2,Strada02,Chilometrica,DaSpecificare,NaturaIncidente,particolaritastrade,TipoStrada,FondoStradale,Pavimentazione,Segnaletica,CondizioneAtmosferica,Traffico,Visibilita,Illuminazione,NUM_FERITI,NUM_RISERVATA,NUM_MORTI,NUM_ILLESI,Longitudine,Latitudine,Confermato,Progressivo,TipoVeicolo,StatoVeicolo,TipoPersona,Sesso,Tipolesione,Deceduto,DecedutoDopo,CinturaCascoUtilizzato,Airbag,
3994287,18,18/09/2018 11:00:00,Strada Urbana,VIA FRANCESCO SATOLLI,all'intersezione con,VIA FILIPPO BERNARDINI,VIA FILIPPO BERNARDINI,,,Veicolo in marcia contro veicolo in sosta,Intersezione stradale segnalata,Una carreggiata a doppio senso,Asciutto,Asfaltata,Verticale ed orizzontale,Sereno,Normale,Buona,Ore Diurne,0,0,0,1,12.4395,41.8943,-1,1,Autocarro inferiore 35 q.,In marcia / fermata / arresto,Conducente,M,Illeso,0,,Non accertato,Inesploso,
3994304,19,18/09/2018 08:40:00,Strada Urbana,VIA TRIONFALE,in prossimit�,,del civico n.,10938,,Scontro laterale fra veicoli in marcia,Rettilineo,Una carreggiata a doppio senso,Asciutto,Asfaltata,Verticale ed orizzontale,Nuvoloso,Intenso,Buona,Ore Diurne,0,0,0,2,12.4126,41.9576,-1,1,Autovettura privata,In marcia / fermata / arresto,Conducente,M,Illeso,0,,,,
3994304,19,18/09/2018 08:40:00,Strada Urbana,VIA TRIONFALE,in prossimit�,,del civico n.,10938,,Scontro laterale fra veicoli in marcia,Rettilineo,Una carreggiata a doppio senso,Asciutto,Asfaltata,Verticale ed orizzontale,Nuvoloso,Intenso,Buona,Ore Diurne,0,0,0,2,12.4126,41.9576,-1,2,Autovettura privata,In marcia / fermata / arresto,Conducente,F,Illeso,0,,,,
3994321,20,18/09/2018 18:20:00,Strada Urbana,VIA FILIPPO TORRIERO,in corrispondenza,,del civico n.,36,,Scontro laterale fra veicoli in marcia,Rettilineo,Una carreggiata a senso unico di marcia,Asciutto,Asfaltata,Verticale,Sereno,Scarso,Buona,Ore Diurne,0,0,0,2,12.371,42.0123,-1,1,Autovettura privata,In marcia / fermata / arresto,Conducente,M,Illeso,0,,Non accertato,Inesploso,
3994321,20,18/09/2018 18:20:00,Strada Urbana,VIA FILIPPO TORRIERO,in corrispondenza,,del civico n.,36,,Scontro laterale fra veicoli in marcia,Rettilineo,Una carreggiata a senso unico di marcia,Asciutto,Asfaltata,Verticale,Sereno,Scarso,Buona,Ore Diurne,0,0,0,2,12.371,42.0123,-1,2,Autovettura privata,In marcia / fermata / arresto,Conducente,M,Illeso,0,,Non accertato,Inesploso,
3994682,9,18/09/2018 16:45:00,Strada Urbana,VIA LATINA,in corrispondenza,,del civico n.,120,,Veicolo in marcia contro veicoli in sosta,Rettilineo,Una carreggiata a senso unico di marcia,Asciutto,Asfaltata,Verticale ed orizzontale,Sereno,Intenso,Buona,Ore Diurne,0,0,0,1,12.513,41.8734,-1,1,Autovettura privata,In marcia / fermata / arresto,Conducente,M,Illeso,0,,Non accertato,Inesploso,
3994702,13,18/09/2018 10:25:00,Strada Urbana,VIALE DEI PROMONTORI,in corrispondenza,,del civico n.,127,,Veicolo in marcia contro veicolo in sosta,Rettilineo,Due carreggiate,Asciutto,Asfaltata,Assente,Sereno,Normale,Buona,Ore Diurne,0,0,0,1,12.2932,41.7373,-1,1,Autocarro inferiore 35 q.,In marcia / fermata / arresto,Conducente,M,Illeso,0,,,,
3994710,7,19/09/2018 00:10:00,,VIA DI TOR CERVARA,in corrispondenza,,del civico n.,236,,Veicolo in marcia contro ostacolo accidentale,,,,,,,,,,1,0,0,0,,,0,1,Autovettura privata,In marcia / fermata / arresto,Conducente,F,Rimandato,0,NON DECEDUTO,Non accertato,Inesploso,
3994724,11,18/09/2018 08:30:00,Strada Urbana,VIALE GUGLIELMO MARCONI,da specificare,,,,altezza Largo Bortolotti,Tamponamento,Rettilineo,Due carreggiate,Asciutto,Asfaltata,Verticale ed orizzontale,Sereno,Intenso,Buona,Ore Diurne,1,0,0,1,12.4722,41.8547,-1,1,Autovettura privata,In marcia / fermata / arresto,Conducente,M,Illeso,0,,,,
3994724,11,18/09/2018 08:30:00,Strada Urbana,VIALE GUGLIELMO MARCONI,da specificare,,,,altezza Largo Bortolotti,Tamponamento,Rettilineo,Due carreggiate,Asciutto,Asfaltata,Verticale ed orizzontale,Sereno,Intenso,Buona,Ore Diurne,1,0,0,1,12.4722,41.8547,-1,2,Autovettura privata,In marcia / fermata / arresto,Conducente,F,Rimandato,0,NON DECEDUTO,,,
3994735,11,18/09/2018 16:45:00,Strada Urbana,VIA DELL'AEROSCALO,da specificare,,,,20 mt dopo l'appia antica,Scontro laterale fra veicoli in marcia,Rettilineo,Una carreggiata a doppio senso,Asciutto,Asfaltata,Verticale ed orizzontale,Sereno,Normale,Buona,Ore Diurne,0,0,0,2,12.5859,41.7957,-1,1,Autovettura privata,In marcia / fermata / arresto,Conducente,M,Illeso,0,,,,
3994735,11,18/09/2018 16:45:00,Strada Urbana,VIA DELL'AEROSCALO,da specificare,,,,20 mt dopo l'appia antica,Scontro laterale fra veicoli in marcia,Rettilineo,Una carreggiata a doppio senso,Asciutto,Asfaltata,Verticale ed orizzontale,Sereno,Normale,Buona,Ore Diurne,0,0,0,2,12.5859,41.7957,-1,2,Autovettura privata,In marcia / fermata / arresto,Conducente,M,Illeso,0,,,,
3994745,19,18/09/2018 20:00:00,Strada Urbana,VIA MATTIA BATTISTINI,in corrispondenza,,del civico n.,201,,Scontro laterale fra veicoli in marcia,Rettilineo,Una carreggiata a doppio senso,Asciutto,Asfaltata,Assente,Sereno,Scarso,Buona,Sufficiente,1,0,0,1,12.4182,41.9134,-1,1,Motociclo a solo,In marcia / fermata / arresto,Conducente,F,Rimandato,0,NON DECEDUTO,Non accertato,,
3994745,19,18/09/2018 20:00:00,Strada Urbana,VIA MATTIA BATTISTINI,in corrispondenza,,del civico n.,201,,Scontro laterale fra veicoli in marcia,Rettilineo,Una carreggiata a doppio senso,Asciutto,Asfaltata,Assente,Sereno,Scarso,Buona,Sufficiente,1,0,0,1,12.4182,41.9134,-1,2,Autovettura privata,In marcia / fermata / arresto,Conducente,M,Illeso,0,,Non accertato,Inesploso,
3994749,19,18/09/2018 11:25:00,Strada Urbana,VIA TRIONFALE,all'intersezione con,VIA DI CASAL DEL MARMO,VIA DI CASAL DEL MARMO,,,Scontro frontale/laterale SX fra veicoli in marcia,Incrocio,Una carreggiata a doppio senso,Asciutto,Asfaltata,Verticale ed orizzontale,Nuvoloso,Normale,Buona,Ore Diurne,1,0,0,1,12.4229,41.9409,-1,1,Motociclo a solo,In marcia / fermata / arresto,Conducente,M,Rimandato,0,NON DECEDUTO,,,
3994749,19,18/09/2018 11:25:00,Strada Urbana,VIA TRIONFALE,all'intersezione con,VIA DI CASAL DEL MARMO,VIA DI CASAL DEL MARMO,,,Scontro frontale/laterale SX fra veicoli in marcia,Incrocio,Una carreggiata a doppio senso,Asciutto,Asfaltata,Verticale ed orizzontale,Nuvoloso,Normale,Buona,Ore Diurne,1,0,0,1,12.4229,41.9409,-1,2,Autovettura privata,In marcia / fermata / arresto,Conducente,M,Illeso,0,,Non accertato,Inesploso,
3994750,13,18/09/2018 15:30:00,Strada Urbana,VIALE ENRICO ORTOLANI,all'intersezione con,VIA NAPOLEONE PARISANI,VIA NAPOLEONE PARISANI,,,Scontro laterale fra veicoli in marcia,Rotatoria,Una carreggiata a doppio senso,Asciutto,Asfaltata,Verticale ed orizzontale,Sereno,Scarso,Buona,Ore Diurne,0,0,0,2,12.3339,41.7718,-1,1,Autovettura privata,In marcia / fermata / arresto,Conducente,M,Illeso,0,,,,
3994750,13,18/09/2018 15:30:00,Strada Urbana,VIALE ENRICO ORTOLANI,all'intersezione con,VIA NAPOLEONE PARISANI,VIA NAPOLEONE PARISANI,,,Scontro laterale fra veicoli in marcia,Rotatoria,Una carreggiata a doppio senso,Asciutto,Asfaltata,Verticale ed orizzontale,Sereno,Scarso,Buona,Ore Diurne,0,0,0,2,12.3339,41.7718,-1,2,Autovettura privata,In marcia / fermata / arresto,Conducente,M,Illeso,0,,,,
3994757,7,18/09/2018 18:25:00,Strada Urbana,VIALE PALMIRO TOGLIATTI,da specificare,,,,palo luce 347,Scontro laterale fra veicoli in marcia,Rettilineo,Due carreggiate,Asciutto,Asfaltata,Verticale ed orizzontale,Sereno,Intenso,Buona,Ore Diurne,2,0,0,2,12.5733,41.8872,-1,1,Motociclo a solo,In marcia / fermata / arresto,Conducente,M,Rimandato,0,NON DECEDUTO,Non accertato,,
3994757,7,18/09/2018 18:25:00,Strada Urbana,VIALE PALMIRO TOGLIATTI,da specificare,,,,palo luce 347,Scontro laterale fra veicoli in marcia,Rettilineo,Due carreggiate,Asciutto,Asfaltata,Verticale ed orizzontale,Sereno,Intenso,Buona,Ore Diurne,2,0,0,2,12.5733,41.8872,-1,2,Motociclo a solo,In marcia / fermata / arresto,Conducente,M,Rimandato,0,NON DECEDUTO,Non accertato,,
3994757,7,18/09/2018 18:25:00,Strada Urbana,VIALE PALMIRO TOGLIATTI,da specificare,,,,palo luce 347,Scontro laterale fra veicoli in marcia,Rettilineo,Due carreggiate,Asciutto,Asfaltata,Verticale ed orizzontale,Sereno,Intenso,Buona,Ore Diurne,2,0,0,2,12.5733,41.8872,-1,3,Autovettura privata,In marcia / fermata / arresto,Conducente,F,Illeso,0,,Non accertato,Inesploso,
3994757,7,18/09/2018 18:25:00,Strada Urbana,VIALE PALMIRO TOGLIATTI,da specificare,,,,palo luce 347,Scontro laterale fra veicoli in marcia,Rettilineo,Due carreggiate,Asciutto,Asfaltata,Verticale ed orizzontale,Sereno,Intenso,Buona,Ore Diurne,2,0,0,2,12.5733,41.8872,-1,3,Autovettura privata,In marcia / fermata / arresto,Passeggero,M,Illeso,0,,Non accertato,Inesploso,
3994759,20,18/09/2018 09:10:00,Strada Urbana,VIA GERMANA STEFANINI,in corrispondenza,,del palo luce n.,10,,Scontro laterale fra veicoli in marcia,Curva senza visuale libera,Una carreggiata a doppio senso,Asciutto,Asfaltata,Verticale ed orizzontale,Nuvoloso,Normale,Buona,Ore Diurne,1,0,0,2,12.4486,41.9707,-1,1,Autovettura privata,In marcia / fermata / arresto,Conducente,M,Illeso,0,,Non accertato,Inesploso,
3994759,20,18/09/2018 09:10:00,Strada Urbana,VIA GERMANA STEFANINI,in corrispondenza,,del palo luce n.,10,,Scontro laterale fra veicoli in marcia,Curva senza visuale libera,Una carreggiata a doppio senso,Asciutto,Asfaltata,Verticale ed orizzontale,Nuvoloso,Normale,Buona,Ore Diurne,1,0,0,2,12.4486,41.9707,-1,1,Autovettura privata,In marcia / fermata / arresto,Passeggero,M,Illeso,0,,Non accertato,Inesploso,
3994759,20,18/09/2018 09:10:00,Strada Urbana,VIA GERMANA STEFANINI,in corrispondenza,,del palo luce n.,10,,Scontro laterale fra veicoli in marcia,Curva senza visuale libera,Una carreggiata a doppio senso,Asciutto,Asfaltata,Verticale ed orizzontale,Nuvoloso,Normale,Buona,Ore Diurne,1,0,0,2,12.4486,41.9707,-1,2,Motociclo a solo,In marcia / fermata / arresto,Conducente,M,Rimandato,0,NON DECEDUTO,Non accertato,,
3994764,19,19/09/2018 00:30:00,Strada Urbana,VIA DELLA PINETA SACCHETTI,da specificare,,,,pross. via del Forte Braschi,Tamponamento Multiplo,Rettilineo,Una carreggiata a senso unico di marcia,Bagnato (pioggia),Asfaltata,Verticale ed orizzontale,Pioggia in atto,Scarso,Buona,Sufficiente,1,0,0,1,12.4239,41.9225,0,1,Autovettura privata,In marcia / fermata / arresto,Conducente,M,Illeso,0,,,,
3994764,19,19/09/2018 00:30:00,Strada Urbana,VIA DELLA PINETA SACCHETTI,da specificare,,,,pross. via del Forte Braschi,Tamponamento Multiplo,Rettilineo,Una carreggiata a senso unico di marcia,Bagnato (pioggia),Asfaltata,Verticale ed orizzontale,Pioggia in atto,Scarso,Buona,Sufficiente,1,0,0,1,12.4239,41.9225,0,1,Autovettura privata,In marcia / fermata / arresto,Passeggero,M,Rimandato,0,NON DECEDUTO,,,
3994772,20,18/09/2018 19:20:00,Strada Urbana,LUNGOTEVERE MARESCIALLO CADORNA,in corrispondenza,,del civico n.,25,,Investimento di pedone,Rettilineo,Una carreggiata a doppio senso,Asciutto,Asfaltata,Verticale ed orizzontale,Sereno,Intenso,Sufficiente,Ore Diurne,3,0,0,0,12.4582,41.9279,-1,,,,Pedone,F,Rimandato,0,NON DECEDUTO,,,
3994772,20,18/09/2018 19:20:00,Strada Urbana,LUNGOTEVERE MARESCIALLO CADORNA,in corrispondenza,,del civico n.,25,,Investimento di pedone,Rettilineo,Una carreggiata a doppio senso,Asciutto,Asfaltata,Verticale ed orizzontale,Sereno,Intenso,Sufficiente,Ore Diurne,3,0,0,0,12.4582,41.9279,-1,,,,Pedone,F,Rimandato,0,NON DECEDUTO,,,
3994772,20,18/09/2018 19:20:00,Strada Urbana,LUNGOTEVERE MARESCIALLO CADORNA,in corrispondenza,,del civico n.,25,,Investimento di pedone,Rettilineo,Una carreggiata a doppio senso,Asciutto,Asfaltata,Verticale ed orizzontale,Sereno,Intenso,Sufficiente,Ore Diurne,3,0,0,0,12.4582,41.9279,-1,1,Motociclo a solo,In marcia / fermata / arresto,Conducente,M,Rimandato,0,NON DECEDUTO,Non accertato,,
3994790,10,18/09/2018 03:35:00,Strada Urbana,VIA BERNARDINO ALIMENA,all'intersezione con,VIA ORAZIO RAIMONDO,VIA ORAZIO RAIMONDO,,,Scontro frontale/laterale SX fra veicoli in marcia,Incrocio,Una carreggiata a doppio senso,Asciutto,Asfaltata,Verticale ed orizzontale,Sereno,Scarso,Sufficiente,Sufficiente,2,0,0,1,12.5977,41.8485,-1,1,Autovettura privata,In marcia / fermata / arresto,Conducente,F,Rimandato,0,NON DECEDUTO,Non accertato,Inesploso,
3994790,10,18/09/2018 03:35:00,Strada Urbana,VIA BERNARDINO ALIMENA,all'intersezione con,VIA ORAZIO RAIMONDO,VIA ORAZIO RAIMONDO,,,Scontro frontale/laterale SX fra veicoli in marcia,Incrocio,Una carreggiata a doppio senso,Asciutto,Asfaltata,Verticale ed orizzontale,Sereno,Scarso,Sufficiente,Sufficiente,2,0,0,1,12.5977,41.8485,-1,1,Autovettura privata,In marcia / fermata / arresto,Passeggero,F,Rimandato,0,NON DECEDUTO,Non accertato,Inesploso,
3994790,10,18/09/2018 03:35:00,Strada Urbana,VIA BERNARDINO ALIMENA,all'intersezione con,VIA ORAZIO RAIMONDO,VIA ORAZIO RAIMONDO,,,Scontro frontale/laterale SX fra veicoli in marcia,Incrocio,Una carreggiata a doppio senso,Asciutto,Asfaltata,Verticale ed orizzontale,Sereno,Scarso,Sufficiente,Sufficiente,2,0,0,1,12.5977,41.8485,-1,2,Autovettura privata,In marcia / fermata / arresto,Conducente,F,Illeso,0,,Non accertato,Esploso,
3994791,19,18/09/2018 21:50:00,Strada Urbana,VIA CASSIA,in prossimit�,,del civico n.,1569,,Veicolo in marcia contro ostacolo fisso,Rettilineo,Una carreggiata a doppio senso,Asciutto,Asfaltata,Orizzontale,Sereno,Normale,Insufficiente,Inesistente,1,0,0,0,12.3861,41.9996,-1,1,Autovettura privata,In marcia / fermata / arresto,Conducente,M,Rimandato,0,NON DECEDUTO,Non accertato,Esploso,
3994794,19,18/09/2018 09:45:00,Strada Urbana,VIA UGO DE CAROLIS,in corrispondenza,,del civico n.,100,,Veicolo in marcia contro veicoli in sosta,Rettilineo,Una carreggiata a doppio senso,Asciutto,Asfaltata,Verticale ed orizzontale,Sereno,Normale,Buona,Ore Diurne,0,0,0,1,12.4394,41.9174,-1,1,Autocarro inferiore 35 q.,Sosta,Passeggero,M,Illeso,0,,Non accertato,Inesploso,
3994803,4,18/09/2018 07:45:00,Provinciale entro l'abitato,VIA NOMENTANA,in corrispondenza,,del civico n.,889,,Scontro frontale/laterale SX fra veicoli in marcia,Rettilineo,Una carreggiata a doppio senso,Asciutto,Asfaltata,Orizzontale,Sereno,Intenso,Buona,Ore Diurne,1,0,0,1,12.555,41.9424,-1,1,Autovettura privata,In marcia / fermata / arresto,Conducente,M,Illeso,0,,,,
3994803,4,18/09/2018 07:45:00,Provinciale entro l'abitato,VIA NOMENTANA,in corrispondenza,,del civico n.,889,,Scontro frontale/laterale SX fra veicoli in marcia,Rettilineo,Una carreggiata a doppio senso,Asciutto,Asfaltata,Orizzontale,Sereno,Intenso,Buona,Ore Diurne,1,0,0,1,12.555,41.9424,-1,2,Motociclo a solo,In marcia / fermata / arresto,Conducente,M,Rimandato,0,NON DECEDUTO,Non accertato,,
3994804,7,18/09/2018 21:45:00,Strada Urbana,VIA TOR DE' SCHIAVI,all'intersezione semaforizzata con,VIA FEDERICO DELPINO,VIA FEDERICO DELPINO,,,Scontro laterale fra veicoli in marcia,Intersezione semaforizzata,Due carreggiate,Asciutto,Asfaltata,Verticale ed orizzontale,Sereno,Scarso,Buona,Sufficiente,0,0,0,3,12.5606,41.8907,-1,1,Autovettura privata,In marcia / fermata / arresto,Conducente,F,Illeso,0,,Non accertato,Inesploso,
3994804,7,18/09/2018 21:45:00,Strada Urbana,VIA TOR DE' SCHIAVI,all'intersezione semaforizzata con,VIA FEDERICO DELPINO,VIA FEDERICO DELPINO,,,Scontro laterale fra veicoli in marcia,Intersezione semaforizzata,Due carreggiate,Asciutto,Asfaltata,Verticale ed orizzontale,Sereno,Scarso,Buona,Sufficiente,0,0,0,3,12.5606,41.8907,-1,1,Autovettura privata,In marcia / fermata / arresto,Passeggero,F,Illeso,0,,Non accertato,Inesploso,
3994804,7,18/09/2018 21:45:00,Strada Urbana,VIA TOR DE' SCHIAVI,all'intersezione semaforizzata con,VIA FEDERICO DELPINO,VIA FEDERICO DELPINO,,,Scontro laterale fra veicoli in marcia,Intersezione semaforizzata,Due carreggiate,Asciutto,Asfaltata,Verticale ed orizzontale,Sereno,Scarso,Buona,Sufficiente,0,0,0,3,12.5606,41.8907,-1,2,Autovettura privata,In marcia / fermata / arresto,Conducente,M,Illeso,0,,Non accertato,Inesploso,
3994808,20,19/09/2018 00:01:00,Strada Urbana,VIA DEI LUCANI,in corrispondenza,,del civico n.,f.c. 45,,Veicolo in marcia contro ostacolo fisso,Rettilineo,Una carreggiata a senso unico di marcia,Bagnato (pioggia),Asfaltata,Verticale ed orizzontale,Pioggia in atto,Scarso,Buona,Sufficiente,0,0,0,2,12.5153,41.8947,-1,1,Autovettura privata,In marcia / fermata / arresto,Conducente,M,Illeso,0,,,,
3994808,20,19/09/2018 00:01:00,Strada Urbana,VIA DEI LUCANI,in corrispondenza,,del civico n.,f.c. 45,,Veicolo in marcia contro ostacolo fisso,Rettilineo,Una carreggiata a senso unico di marcia,Bagnato (pioggia),Asfaltata,Verticale ed orizzontale,Pioggia in atto,Scarso,Buona,Sufficiente,0,0,0,2,12.5153,41.8947,-1,2,Autovettura privata,In marcia / fermata / arresto,Conducente,M,Illeso,0,,,,
3994811,5,18/09/2018 13:30:00,Strada Urbana,VIALE PALMIRO TOGLIATTI,da specificare,,,,cavalcavia per inversione di marcia,Veicolo in marcia contro ostacolo fisso,Curva senza visuale libera,Una carreggiata a senso unico di marcia,Asciutto,Asfaltata,Verticale ed orizzontale,Nuvoloso,Normale,Buona,Ore Diurne,0,0,0,2,12.5733,41.9051,0,1,Autovettura privata,In marcia / fermata / arresto,Conducente,F,Illeso,0,,Non accertato,Esploso,
3994811,5,18/09/2018 13:30:00,Strada Urbana,VIALE PALMIRO TOGLIATTI,da specificare,,,,cavalcavia per inversione di marcia,Veicolo in marcia contro ostacolo fisso,Curva senza visuale libera,Una carreggiata a senso unico di marcia,Asciutto,Asfaltata,Verticale ed orizzontale,Nuvoloso,Normale,Buona,Ore Diurne,0,0,0,2,12.5733,41.9051,0,1,Autovettura privata,In marcia / fermata / arresto,Passeggero,F,Illeso,0,,Non accertato,Esploso,
3994816,5,18/09/2018 16:30:00,,VIA CAMESENA,da specificare,,,,altezza via Tiburtina,Tamponamento,,,,,,,,,,1,0,0,0,12.5348,41.9092,0,1,Autovettura privata,In marcia / fermata / arresto,Conducente,M,Rimandato,0,NON DECEDUTO,,,
3994822,20,18/09/2018 19:00:00,Strada Urbana,VIA MASTRO GABRIELLO,in prossimit�,,del civico n.,17/c,,Veicolo in marcia contro veicoli in arresto,Rettilineo,Una carreggiata a senso unico di marcia,Asciutto,Asfaltata,Verticale,Sereno,Normale,Buona,Ore Diurne,0,0,0,3,12.4856,41.9935,-1,1,Autovettura privata,In marcia / fermata / arresto,Conducente,M,Illeso,0,,,,
3994822,20,18/09/2018 19:00:00,Strada Urbana,VIA MASTRO GABRIELLO,in prossimit�,,del civico n.,17/c,,Veicolo in marcia contro veicoli in arresto,Rettilineo,Una carreggiata a senso unico di marcia,Asciutto,Asfaltata,Verticale,Sereno,Normale,Buona,Ore Diurne,0,0,0,3,12.4856,41.9935,-1,2,Autovettura privata,In marcia / fermata / arresto,Conducente,M,Illeso,0,,,,
3994822,20,18/09/2018 19:00:00,Strada Urbana,VIA MASTRO GABRIELLO,in prossimit�,,del civico n.,17/c,,Veicolo in marcia contro veicoli in arresto,Rettilineo,Una carreggiata a senso unico di marcia,Asciutto,Asfaltata,Verticale,Sereno,Normale,Buona,Ore Diurne,0,0,0,3,12.4856,41.9935,-1,2,Autovettura privata,In marcia / fermata / arresto,Passeggero,F,Illeso,0,,,Inesploso,
3994827,4,18/09/2018 10:10:00,Statale entro l'abitato,VIA SALARIA,in prossimit�,,della chilometrica,7.44,,Tamponamento,Rettilineo,Due carreggiate,Asciutto,Asfaltata,Orizzontale,Sereno,Normale,Buona,Ore Diurne,0,0,0,3,12.5102,41.9659,-1,1,Autovettura privata,In marcia / fermata / arresto,Conducente,F,Illeso,0,,,,
3994827,4,18/09/2018 10:10:00,Statale entro l'abitato,VIA SALARIA,in prossimit�,,della chilometrica,7.44,,Tamponamento,Rettilineo,Due carreggiate,Asciutto,Asfaltata,Orizzontale,Sereno,Normale,Buona,Ore Diurne,0,0,0,3,12.5102,41.9659,-1,2,Autovettura privata,In marcia / fermata / arresto,Conducente,F,Illeso,0,,,,
3994827,4,18/09/2018 10:10:00,Statale entro l'abitato,VIA SALARIA,in prossimit�,,della chilometrica,7.44,,Tamponamento,Rettilineo,Due carreggiate,Asciutto,Asfaltata,Orizzontale,Sereno,Normale,Buona,Ore Diurne,0,0,0,3,12.5102,41.9659,-1,2,Autovettura privata,In marcia / fermata / arresto,Passeggero,M,Illeso,0,,,,
3994828,5,18/09/2018 18:00:00,Strada Urbana,VIALE PALMIRO TOGLIATTI,in corrispondenza,,del civico n.,1491/A,,Scontro laterale fra veicoli in marcia,Rettilineo,Due carreggiate,Asciutto,Asfaltata,Verticale ed orizzontale,Sereno,Normale,Sufficiente,Ore Diurne,0,0,0,2,12.5709,41.9128,-1,1,Autovettura privata,In marcia / fermata / arresto,Conducente,M,Illeso,0,,Non accertato,Inesploso,
3994828,5,18/09/2018 18:00:00,Strada Urbana,VIALE PALMIRO TOGLIATTI,in corrispondenza,,del civico n.,1491/A,,Scontro laterale fra veicoli in marcia,Rettilineo,Due carreggiate,Asciutto,Asfaltata,Verticale ed orizzontale,Sereno,Normale,Sufficiente,Ore Diurne,0,0,0,2,12.5709,41.9128,-1,2,Motrice,In marcia / fermata / arresto,Conducente,M,Illeso,0,,Non accertato,Inesploso,
3994829,10,18/09/2018 09:20:00,Strada Urbana,VIA TUSCOLANA,in corrispondenza,,del civico n.,1183,,Tamponamento,Rettilineo,Una carreggiata a senso unico di marcia,Asciutto,Asfaltata,Verticale ed orizzontale,Sereno,Normale,Buona,Ore Diurne,1,0,0,2,12.5952,41.8387,-1,1,Autovettura privata,In marcia / fermata / arresto,Conducente,M,Rifiuta cure immediate,0,NON DECEDUTO,Non accertato,Inesploso,
3994829,10,18/09/2018 09:20:00,Strada Urbana,VIA TUSCOLANA,in corrispondenza,,del civico n.,1183,,Tamponamento,Rettilineo,Una carreggiata a senso unico di marcia,Asciutto,Asfaltata,Verticale ed orizzontale,Sereno,Normale,Buona,Ore Diurne,1,0,0,2,12.5952,41.8387,-1,2,Autovettura privata,In marcia / fermata / arresto,Conducente,F,Illeso,0,,Non accertato,Inesploso,
3994829,10,18/09/2018 09:20:00,Strada Urbana,VIA TUSCOLANA,in corrispondenza,,del civico n.,1183,,Tamponamento,Rettilineo,Una carreggiata a senso unico di marcia,Asciutto,Asfaltata,Verticale ed orizzontale,Sereno,Normale,Buona,Ore Diurne,1,0,0,2,12.5952,41.8387,-1,2,Autovettura privata,In marcia / fermata / arresto,Passeggero,M,Illeso,0,,Non accertato,Inesploso,
3994842,20,18/09/2018 09:40:00,Regionale entro l'abitato,VIA CASSIA,in prossimit�,,del civico n.,583,,Tamponamento,Rettilineo,Una carreggiata a doppio senso,Asciutto,Asfaltata,Orizzontale,Nuvoloso,Intenso,Buona,Ore Diurne,1,0,0,6,12.4502,41.9614,-1,1,Autovettura privata,In marcia / fermata / arresto,Conducente,M,Illeso,0,,,,
3994842,20,18/09/2018 09:40:00,Regionale entro l'abitato,VIA CASSIA,in prossimit�,,del civico n.,583,,Tamponamento,Rettilineo,Una carreggiata a doppio senso,Asciutto,Asfaltata,Orizzontale,Nuvoloso,Intenso,Buona,Ore Diurne,1,0,0,6,12.4502,41.9614,-1,2,Autovettura privata,In marcia / fermata / arresto,Conducente,M,Illeso,0,,Non accertato,,
3994842,20,18/09/2018 09:40:00,Regionale entro l'abitato,VIA CASSIA,in prossimit�,,del civico n.,583,,Tamponamento,Rettilineo,Una carreggiata a doppio senso,Asciutto,Asfaltata,Orizzontale,Nuvoloso,Intenso,Buona,Ore Diurne,1,0,0,6,12.4502,41.9614,-1,2,Autovettura privata,In marcia / fermata / arresto,Passeggero,M,Illeso,0,,Non accertato,,
3994842,20,18/09/2018 09:40:00,Regionale entro l'abitato,VIA CASSIA,in prossimit�,,del civico n.,583,,Tamponamento,Rettilineo,Una carreggiata a doppio senso,Asciutto,Asfaltata,Orizzontale,Nuvoloso,Intenso,Buona,Ore Diurne,1,0,0,6,12.4502,41.9614,-1,2,Autovettura privata,In marcia / fermata / arresto,Passeggero,F,Illeso,0,,Non accertato,,
3994842,20,18/09/2018 09:40:00,Regionale entro l'abitato,VIA CASSIA,in prossimit�,,del civico n.,583,,Tamponamento,Rettilineo,Una carreggiata a doppio senso,Asciutto,Asfaltata,Orizzontale,Nuvoloso,Intenso,Buona,Ore Diurne,1,0,0,6,12.4502,41.9614,-1,2,Autovettura privata,In marcia / fermata / arresto,Passeggero,F,Illeso,0,,Non accertato,,
3994842,20,18/09/2018 09:40:00,Regionale entro l'abitato,VIA CASSIA,in prossimit�,,del civico n.,583,,Tamponamento,Rettilineo,Una carreggiata a doppio senso,Asciutto,Asfaltata,Orizzontale,Nuvoloso,Intenso,Buona,Ore Diurne,1,0,0,6,12.4502,41.9614,-1,2,Autovettura privata,In marcia / fermata / arresto,Passeggero,F,Illeso,0,,Non accertato,,