Protocollo,Gruppo,DataOraIncidente,Localizzazione1,STRADA1,Localizzazione2,STRADA2,Strada02,Chilometrica,DaSpecificare,NaturaIncidente,particolaritastrade,TipoStrada,FondoStradale,Pavimentazione,Segnaletica,CondizioneAtmosferica,Traffico,Visibilita,Illuminazione,NUM_FERITI,NUM_RISERVATA,NUM_MORTI,NUM_ILLESI,Longitudine,Latitudine,Confermato,Progressivo,TipoVeicolo,StatoVeicolo,TipoPersona,Sesso,Tipolesione,Deceduto,DecedutoDopo,CinturaCascoUtilizzato,Airbag,
3994842,20,18/09/2018 09:40:00,Regionale entro l'abitato,VIA CASSIA,in prossimit�,,del civico n.,583,,Tamponamento,Rettilineo,Una carreggiata a doppio senso,Asciutto,Asfaltata,Orizzontale,Nuvoloso,Intenso,Buona,Ore Diurne,1,0,0,6,12.4502,41.9614,-1,2,Autovettura privata,In marcia / fermata / arresto,Passeggero,F,Rimandato,0,NON DECEDUTO,Non accertato,,
3994857,4,18/09/2018 08:10:00,Strada Urbana,VIA DEI PRATI FISCALI,all'intersezione con,VIA VAL DI SANGRO,VIA VAL DI SANGRO,,,Scontro frontale/laterale SX fra veicoli in marcia,Incrocio,Due carreggiate,Asciutto,Asfaltata,Verticale ed orizzontale,Sereno,Normale,Buona,Ore Diurne,1,0,0,1,12.5165,41.9461,-1,1,Autovettura privata,In marcia / fermata / arresto,Conducente,M,Illeso,0,,,,
3994857,4,18/09/2018 08:10:00,Strada Urbana,VIA DEI PRATI FISCALI,all'intersezione con,VIA VAL DI SANGRO,VIA VAL DI SANGRO,,,Scontro frontale/laterale SX fra veicoli in marcia,Incrocio,Due carreggiate,Asciutto,Asfaltata,Verticale ed orizzontale,Sereno,Normale,Buona,Ore Diurne,1,0,0,1,12.5165,41.9461,-1,2,Velocipede,In marcia / fermata / arresto,Conducente,M,Rimandato,0,NON DECEDUTO,Esente,,
3994867,4,18/09/2018 09:00:00,Strada Urbana,VIA MONTE MALOIA,in corrispondenza,,del civico n.,20,,Scontro laterale fra veicoli in marcia,Rettilineo,Una carreggiata a doppio senso,Asciutto,Asfaltata,Verticale,Sereno,Scarso,Buona,Ore Diurne,0,0,0,3,12.5376,41.9345,-1,1,Autovettura privata,In marcia / fermata / arresto,Conducente,F,Illeso,0,,,,
3994867,4,18/09/2018 09:00:00,Strada Urbana,VIA MONTE MALOIA,in corrispondenza,,del civico n.,20,,Scontro laterale fra veicoli in marcia,Rettilineo,Una carreggiata a doppio senso,Asciutto,Asfaltata,Verticale,Sereno,Scarso,Buona,Ore Diurne,0,0,0,3,12.5376,41.9345,-1,2,Autovettura privata,In marcia / fermata / arresto,Conducente,M,Illeso,0,,,,
3994867,4,18/09/2018 09:00:00,Strada Urbana,VIA MONTE MALOIA,in corrispondenza,,del civico n.,20,,Scontro laterale fra veicoli in marcia,Rettilineo,Una carreggiata a doppio senso,Asciutto,Asfaltata,Verticale,Sereno,Scarso,Buona,Ore Diurne,0,0,0,3,12.5376,41.9345,-1,2,Autovettura privata,In marcia / fermata / arresto,Passeggero,M,Illeso,0,,,,
3994881,13,18/09/2018 19:30:00,Provinciale entro l'abitato,VIA DEL MARE,in corrispondenza,,della chilometrica,24.5,,Veicolo in marcia contro veicolo in sosta,Curva a visuale libera,Una carreggiata a senso unico di marcia,Asciutto,Asfaltata,Verticale ed orizzontale,Sereno,Normale,Insufficiente,Inesistente,0,0,0,1,12.4632,41.8403,-1,2,Autovettura privata,In marcia / fermata / arresto,Conducente,M,Illeso,0,,,,
3994902,10,18/09/2018 20:15:00,Strada Urbana,VIA TUSCOLANA,da specificare,,,,Palo ACEA n� 760,Tamponamento Multiplo,Rettilineo,Due carreggiate,Asciutto,Asfaltata,Verticale ed orizzontale,Sereno,Intenso,Sufficiente,Sufficiente,1,0,0,3,12.5768,41.8475,-1,1,Autovettura privata,In marcia / fermata / arresto,Conducente,F,Illeso,0,,Non accertato,Inesploso,
3994902,10,18/09/2018 20:15:00,Strada Urbana,VIA TUSCOLANA,da specificare,,,,Palo ACEA n� 760,Tamponamento Multiplo,Rettilineo,Due carreggiate,Asciutto,Asfaltata,Verticale ed orizzontale,Sereno,Intenso,Sufficiente,Sufficiente,1,0,0,3,12.5768,41.8475,-1,2,Autovettura privata,In marcia / fermata / arresto,Conducente,M,Rimandato,0,NON DECEDUTO,Non accertato,Inesploso,
3994902,10,18/09/2018 20:15:00,Strada Urbana,VIA TUSCOLANA,da specificare,,,,Palo ACEA n� 760,Tamponamento Multiplo,Rettilineo,Due carreggiate,Asciutto,Asfaltata,Verticale ed orizzontale,Sereno,Intenso,Sufficiente,Sufficiente,1,0,0,3,12.5768,41.8475,-1,3,Autovettura privata,In marcia / fermata / arresto,Conducente,M,Illeso,0,,Non accertato,Inesploso,
3994902,10,18/09/2018 20:15:00,Strada Urbana,VIA TUSCOLANA,da specificare,,,,Palo ACEA n� 760,Tamponamento Multiplo,Rettilineo,Due carreggiate,Asciutto,Asfaltata,Verticale ed orizzontale,Sereno,Intenso,Sufficiente,Sufficiente,1,0,0,3,12.5768,41.8475,-1,3,Autovettura privata,In marcia / fermata / arresto,Passeggero,F,Illeso,0,,Non accertato,Inesploso,
3994906,8,18/09/2018 06:40:00,Strada Urbana,VIALE S. RITA DA CASCIA,in prossimit�,,del civico n.,30,,Scontro laterale fra veicoli in marcia,Rettilineo,Una carreggiata a doppio senso,Asciutto,Asfaltata,Verticale ed orizzontale,Sereno,Intenso,Buona,Ore Diurne,1,0,0,1,12.6447,41.8688,0,1,Autovettura privata,In marcia / fermata / arresto,Conducente,M,Rifiuta cure immediate,0,NON DECEDUTO,,Inesploso,
3994906,8,18/09/2018 06:40:00,Strada Urbana,VIALE S. RITA DA CASCIA,in prossimit�,,del civico n.,30,,Scontro laterale fra veicoli in marcia,Rettilineo,Una carreggiata a doppio senso,Asciutto,Asfaltata,Verticale ed orizzontale,Sereno,Intenso,Buona,Ore Diurne,1,0,0,1,12.6447,41.8688,0,2,Autocarro inferiore 35 q.,In marcia / fermata / arresto,Conducente,M,Illeso,0,,Non accertato,Inesploso,
3994913,8,18/09/2018 13:22:00,Strada Urbana,VIA DI SALONE,da specificare,,,,direzione Collatina / Ponte Aniene,Veicolo in marcia contro ostacolo fisso,Rettilineo,Una carreggiata a doppio senso,Asciutto,Asfaltata,Verticale ed orizzontale,Nebbia,Normale,Buona,Ore Diurne,0,0,0,1,12.6351,41.9213,-1,1,Autovettura privata,In marcia / fermata / arresto,Conducente,M,Illeso,0,,Non accertato,,
3994919,13,18/09/2018 16:00:00,,VIA DELLE AZZORRE,in corrispondenza,,del civico n.,270,,Scontro laterale fra veicoli in marcia,,,,,,,,,,0,0,0,1,,,0,1,Autovettura privata,In marcia / fermata / arresto,Conducente,M,Illeso,0,,,,
3994935,8,18/09/2018 08:25:00,Strada Urbana,VIA BOMPENSIERE,all'intersezione con,VIA GIARRE,VIA GIARRE,,,Veicolo in marcia contro veicolo in sosta,Intersezione stradale segnalata,Una carreggiata a senso unico di marcia,Asciutto,Asfaltata,Verticale ed orizzontale,Sereno,Normale,Buona,Ore Diurne,0,0,0,1,12.673,41.8556,0,1,Autovettura privata,In marcia / fermata / arresto,Conducente,M,Illeso,0,,Non accertato,,
3994966,2,18/09/2018 07:45:00,Strada Urbana,VIA BARNABA ORIANI,in prossimit�,,del civico n.,67,,Tamponamento,Rettilineo,Una carreggiata a doppio senso,Asciutto,Asfaltata,Verticale ed orizzontale,Sereno,Scarso,Buona,Ore Diurne,1,0,0,1,12.485,41.9275,-1,1,Motociclo a solo,In marcia / fermata / arresto,Conducente,M,Rimandato,0,NON DECEDUTO,,,
3994966,2,18/09/2018 07:45:00,Strada Urbana,VIA BARNABA ORIANI,in prossimit�,,del civico n.,67,,Tamponamento,Rettilineo,Una carreggiata a doppio senso,Asciutto,Asfaltata,Verticale ed orizzontale,Sereno,Scarso,Buona,Ore Diurne,1,0,0,1,12.485,41.9275,-1,2,Autovettura privata,In marcia / fermata / arresto,Conducente,M,Illeso,0,,,,
3994973,2,18/09/2018 16:15:00,Strada Urbana,VIA HOMS,in prossimit�,,del civico n.,26,,Veicolo in marcia contro veicoli in sosta,Rettilineo,Una carreggiata a senso unico di marcia,Asciutto,Asfaltata,Verticale ed orizzontale,Sereno,Scarso,Buona,Ore Diurne,0,0,0,1,12.5224,41.9293,-1,2,Autocarro inferiore 35 q.,In marcia / fermata / arresto,Conducente,M,Illeso,0,,,,
3994975,8,18/09/2018 14:30:00,Altra strada,VIALE OXFORD,da specificare,,,,civ. 81 parcheggio antistante ospedale PTV,Scontro frontale/laterale SX fra veicoli in marcia,Rettilineo,Una carreggiata a doppio senso,Asciutto,Acciotolata,Assente,Sereno,Scarso,Buona,Ore Diurne,2,0,0,0,12.6299,41.8588,-1,1,Autovettura privata,In marcia / fermata / arresto,Conducente,F,Rimandato,0,NON DECEDUTO,Non accertato,Esploso,
3994975,8,18/09/2018 14:30:00,Altra strada,VIALE OXFORD,da specificare,,,,civ. 81 parcheggio antistante ospedale PTV,Scontro frontale/laterale SX fra veicoli in marcia,Rettilineo,Una carreggiata a doppio senso,Asciutto,Acciotolata,Assente,Sereno,Scarso,Buona,Ore Diurne,2,0,0,0,12.6299,41.8588,-1,2,Autovettura privata,In marcia / fermata / arresto,Conducente,F,Rimandato,0,NON DECEDUTO,Non accertato,Inesploso,
3994977,4,18/09/2018 12:00:00,Strada Urbana,VIA VAL DI SANGRO,in prossimit�,,del civico n.,130,,Veicolo in marcia contro veicoli in sosta,Rettilineo,Una carreggiata a doppio senso,Asciutto,Asfaltata,Assente,Sereno,Normale,Buona,Ore Diurne,1,0,0,0,12.5229,41.9454,-1,1,Autovettura privata,In marcia / fermata / arresto,Conducente,F,Rimandato,0,NON DECEDUTO,,,
3994980,2,18/09/2018 16:29:00,Strada Urbana,PONTE FLAMINIO,all'intersezione con,VIA SASSI DI S. GIULIANO,VIA SASSI DI S. GIULIANO,,,Scontro laterale fra veicoli in marcia,Intersezione stradale segnalata,Due carreggiate,Asciutto,Asfaltata,Verticale ed orizzontale,Sereno,Intenso,Buona,Ore Diurne,1,0,0,1,12.4717,41.9367,0,1,Autovettura privata,In marcia / fermata / arresto,Conducente,M,Illeso,0,,Non accertato,,
3994980,2,18/09/2018 16:29:00,Strada Urbana,PONTE FLAMINIO,all'intersezione con,VIA SASSI DI S. GIULIANO,VIA SASSI DI S. GIULIANO,,,Scontro laterale fra veicoli in marcia,Intersezione stradale segnalata,Due carreggiate,Asciutto,Asfaltata,Verticale ed orizzontale,Sereno,Intenso,Buona,Ore Diurne,1,0,0,1,12.4717,41.9367,0,2,Motociclo a solo,In marcia / fermata / arresto,Conducente,M,Rimandato,0,NON DECEDUTO,,,
3994989,8,18/09/2018 15:15:00,Strada Urbana,VIA SERRA PEDACE,all'intersezione con,VIA DOMANICO,VIA DOMANICO,,,Scontro laterale fra veicoli in marcia,Intersezione non regolata/non segnalata,Una carreggiata a senso unico di marcia,Bagnato (pioggia),Asfaltata,Assente,Sereno,Intenso,Insufficiente,Ore Diurne,0,0,0,2,12.6875,41.8683,-1,1,Autovettura privata,In marcia / fermata / arresto,Conducente,M,Illeso,0,,Non accertato,Inesploso,
3994989,8,18/09/2018 15:15:00,Strada Urbana,VIA SERRA PEDACE,all'intersezione con,VIA DOMANICO,VIA DOMANICO,,,Scontro laterale fra veicoli in marcia,Intersezione non regolata/non segnalata,Una carreggiata a senso unico di marcia,Bagnato (pioggia),Asfaltata,Assente,Sereno,Intenso,Insufficiente,Ore Diurne,0,0,0,2,12.6875,41.8683,-1,2,Autovettura privata,In marcia / fermata / arresto,Conducente,M,Illeso,0,,Non accertato,Inesploso,
3995010,3,18/09/2018 09:30:00,Strada Urbana,VIA NOMENTANA,da specificare,,,,fronte civico 303 c,Scontro frontale/laterale SX fra veicoli in marcia,Rettilineo,Pi� di due carreggiate,Asciutto,Asfaltata,Verticale ed orizzontale,Sereno,Intenso,Buona,Ore Diurne,2,0,0,0,12.513,41.9175,-1,1,Motociclo con passeggero,In marcia / fermata / arresto,Conducente,M,Rimandato,0,NON DECEDUTO,,,
3995010,3,18/09/2018 09:30:00,Strada Urbana,VIA NOMENTANA,da specificare,,,,fronte civico 303 c,Scontro frontale/laterale SX fra veicoli in marcia,Rettilineo,Pi� di due carreggiate,Asciutto,Asfaltata,Verticale ed orizzontale,Sereno,Intenso,Buona,Ore Diurne,2,0,0,0,12.513,41.9175,-1,2,Motociclo con passeggero,In marcia / fermata / arresto,Conducente,M,Rimandato,0,NON DECEDUTO,,,
3995011,18,19/09/2018 00:15:00,Strada Urbana,VIA AURELIA,in prossimit�,,della chilometrica,10,,Veicolo in marcia contro ostacolo fisso,Rettilineo,Due carreggiate,Bagnato (pioggia),Asfaltata,Verticale ed orizzontale,Pioggia in atto,Scarso,Sufficiente,Sufficiente,0,0,0,1,12.4015,41.8862,-1,1,Autovettura privata,In marcia / fermata / arresto,Conducente,F,Illeso,0,,,,
3995024,8,19/09/2018 00:30:00,Strada Urbana,VIALE DELLA SORBONA,da specificare,,,,rotatoria in prossimit� di via Columbia,Veicolo in marcia contro ostacolo fisso,Rotatoria,Una carreggiata a senso unico di marcia,Bagnato (pioggia),Asfaltata,Verticale ed orizzontale,Pioggia in atto,Scarso,Sufficiente,Sufficiente,1,0,0,0,12.6171,41.8556,-1,1,Autobus di linea,In marcia / fermata / arresto,Conducente,M,Rifiuta cure immediate,0,NON DECEDUTO,,,
3995030,15,19/09/2018 03:30:00,Strada Urbana,PIAZZA DELLA RADIO,all'intersezione con,VIALE GUGLIELMO MARCONI,VIALE GUGLIELMO MARCONI,,,Veicolo in marcia contro ostacolo fisso,Intersezione semaforizzata,Due carreggiate,Asciutto,Asfaltata,Verticale ed orizzontale,Nebbia,Scarso,Buona,Sufficiente,0,0,0,1,12.4669,41.87,-1,1,Autovettura privata,In marcia / fermata / arresto,Conducente,M,Illeso,0,,Non accertato,,
3995075,23,18/09/2018 10:30:00,Strada Urbana,LUNGOTEVERE MARZIO,in prossimit�,,del palo luce n.,12,,Infortunio per caduta del veicolo,Rettilineo,Una carreggiata a senso unico di marcia,Asciutto,Asfaltata,Verticale ed orizzontale,Sereno,Intenso,Buona,Ore Diurne,1,0,0,0,12.4737,41.9033,-1,1,Motociclo a solo,In marcia / fermata / arresto,Conducente,F,Rimandato,0,NON DECEDUTO,Utilizzato,,
3995076,5,19/09/2018 08:20:00,,VIA VALSOLDA,all'intersezione con,VIA VAL PASSIRIA,VIA VAL PASSIRIA,,,Veicolo in marcia contro veicolo in sosta,,,,,,,,,,0,0,0,2,12.5317,41.9354,0,1,Autovettura di polizia,In marcia / fermata / arresto,Conducente,F,Illeso,0,,,,
3995076,5,19/09/2018 08:20:00,,VIA VALSOLDA,all'intersezione con,VIA VAL PASSIRIA,VIA VAL PASSIRIA,,,Veicolo in marcia contro veicolo in sosta,,,,,,,,,,0,0,0,2,12.5317,41.9354,0,2,Autovettura privata,In marcia / fermata / arresto,Conducente,M,Illeso,0,,,,
3995091,23,18/09/2018 18:30:00,Strada Urbana,VIA CRISTOFORO COLOMBO,in prossimit�,,del civico n.,2251,,Scontro laterale fra veicoli in marcia,Rettilineo,Pi� di due carreggiate,Asciutto,Asfaltata,Verticale ed orizzontale,Sereno,Normale,Buona,Ore Diurne,0,0,0,4,12.3595,41.7466,-1,1,Autovettura privata,In marcia / fermata / arresto,Conducente,M,Illeso,0,,Non accertato,Inesploso,
3995091,23,18/09/2018 18:30:00,Strada Urbana,VIA CRISTOFORO COLOMBO,in prossimit�,,del civico n.,2251,,Scontro laterale fra veicoli in marcia,Rettilineo,Pi� di due carreggiate,Asciutto,Asfaltata,Verticale ed orizzontale,Sereno,Normale,Buona,Ore Diurne,0,0,0,4,12.3595,41.7466,-1,1,Autovettura privata,In marcia / fermata / arresto,Passeggero,M,Illeso,0,,Non accertato,Inesploso,
3995091,23,18/09/2018 18:30:00,Strada Urbana,VIA CRISTOFORO COLOMBO,in prossimit�,,del civico n.,2251,,Scontro laterale fra veicoli in marcia,Rettilineo,Pi� di due carreggiate,Asciutto,Asfaltata,Verticale ed orizzontale,Sereno,Normale,Buona,Ore Diurne,0,0,0,4,12.3595,41.7466,-1,2,Autovettura privata,In marcia / fermata / arresto,Conducente,F,Illeso,0,,Non accertato,Inesploso,
3995091,23,18/09/2018 18:30:00,Strada Urbana,VIA CRISTOFORO COLOMBO,in prossimit�,,del civico n.,2251,,Scontro laterale fra veicoli in marcia,Rettilineo,Pi� di due carreggiate,Asciutto,Asfaltata,Verticale ed orizzontale,Sereno,Normale,Buona,Ore Diurne,0,0,0,4,12.3595,41.7466,-1,2,Autovettura privata,In marcia / fermata / arresto,Passeggero,M,Illeso,0,,Non accertato,Inesploso,
3995097,4,19/09/2018 02:00:00,Strada Urbana,CORSO D'ITALIA,da specificare,,,,prossimit� via Pinciana,Veicolo in marcia contro ostacolo fisso,Curva a visuale libera,Due carreggiate,Bagnato (pioggia),Asfaltata,Orizzontale,Pioggia in atto,Scarso,Insufficiente,Insufficiente,0,0,0,1,12.4971,41.9109,-1,1,Autovettura privata,In marcia / fermata / arresto,Conducente,M,Illeso,0,,,,
3995121,17,19/09/2018 09:00:00,Strada Urbana,VIA CANDIA,in prossimit�,,del civico n.,16,,Ribaltamento senza urto contro ostacolo fisso,Rettilineo,Una carreggiata a senso unico di marcia,Viscido da liquidi oleosi,Asfaltata,Verticale ed orizzontale,Nuvoloso,Normale,Buona,Ore Diurne,0,0,0,1,12.4544,41.9086,-1,1,Motociclo a solo,In marcia / fermata / arresto,Conducente,M,Illeso,0,,,,
3995132,20,19/09/2018 09:50:00,Regionale entro l'abitato,VIA CASSIA,in corrispondenza,,del civico n.,721,,Investimento di pedone,Rettilineo,Una carreggiata a doppio senso,Asciutto,Asfaltata,Verticale ed orizzontale,Nuvoloso,Intenso,Buona,Ore Diurne,1,0,0,1,12.4441,41.9648,0,,,,Pedone,F,Ricoverato,0,NON DECEDUTO,,,
3995132,20,19/09/2018 09:50:00,Regionale entro l'abitato,VIA CASSIA,in corrispondenza,,del civico n.,721,,Investimento di pedone,Rettilineo,Una carreggiata a doppio senso,Asciutto,Asfaltata,Verticale ed orizzontale,Nuvoloso,Intenso,Buona,Ore Diurne,1,0,0,1,12.4441,41.9648,0,1,Motociclo a solo,In marcia / fermata / arresto,Conducente,M,Illeso,0,,Non accertato,,
3995176,26,14/09/2018 14:45:00,Strada Urbana,VIA DELLE TRE PILE,da specificare,,,,altezza civ. 2 di via del Teatro di Marcello ,Veicolo in marcia contro veicolo in sosta,Rettilineo,Una carreggiata a senso unico di marcia,Asciutto,Acciotolata,Verticale ed orizzontale,Sereno,Scarso,Buona,Ore Diurne,0,0,0,1,12.4822,41.8933,0,1,Autocarro inferiore 35 q.,Allontanatosi,Conducente,M,Illeso,0,,,,
3995181,3,10/09/2018,Strada Urbana,CIRCONVALLAZIONE TIBURTINA,da specificare,,,,100 metri dopo uscita Casilina,Infortunio per sola frenata improvvisa,Curva a visuale libera,Una carreggiata a senso unico di marcia,Asciutto,Asfaltata,Orizzontale,Sereno,Normale,Buona,Ore Diurne,1,0,0,0,12.528,41.8994,-1,1,Motociclo a solo,In marcia / fermata / arresto,Conducente,M,Rimandato,0,NON DECEDUTO,,,
3995207,18,19/09/2018 10:30:00,Strada Urbana,VIA ENNIO BONIFAZI,in corrispondenza,,del civico n.,48,,Tamponamento,Rettilineo,Una carreggiata a doppio senso,Asciutto,Asfaltata,Verticale ed orizzontale,Nuvoloso,Normale,Buona,Ore Diurne,1,0,0,1,12.4169,41.9051,-1,1,Autovettura privata,In marcia / fermata / arresto,Conducente,F,Rifiuta cure immediate,0,NON DECEDUTO,Non accertato,Inesploso,
3995207,18,19/09/2018 10:30:00,Strada Urbana,VIA ENNIO BONIFAZI,in corrispondenza,,del civico n.,48,,Tamponamento,Rettilineo,Una carreggiata a doppio senso,Asciutto,Asfaltata,Verticale ed orizzontale,Nuvoloso,Normale,Buona,Ore Diurne,1,0,0,1,12.4169,41.9051,-1,2,Autovettura privata,In marcia / fermata / arresto,Conducente,M,Illeso,0,,Non accertato,Inesploso,
3995228,3,18/09/2018 09:10:00,Strada Urbana,VIA LIVORNO,in prossimit�,,del civico n.,39 B,,Investimento di pedone,Rettilineo,Una carreggiata a doppio senso,Asciutto,Asfaltata,Verticale ed orizzontale,Sereno,Normale,Buona,Ore Diurne,1,1,0,0,12.5237,41.9155,-1,,,,Pedone,F,Prognosi riservata,0,NON DECEDUTO,,,
3995228,3,18/09/2018 09:10:00,Strada Urbana,VIA LIVORNO,in prossimit�,,del civico n.,39 B,,Investimento di pedone,Rettilineo,Una carreggiata a doppio senso,Asciutto,Asfaltata,Verticale ed orizzontale,Sereno,Normale,Buona,Ore Diurne,1,1,0,0,12.5237,41.9155,-1,1,Autocarro inferiore 35 q.,In marcia / fermata / arresto,Conducente,M,Rifiuta cure immediate,0,NON DECEDUTO,Non accertato,,
3995330,1,18/09/2018 08:35:00,Strada Urbana,VIA DEL CORSO,in corrispondenza,,del civico n.,277,,Investimento di pedone,Rettilineo,Una carreggiata a doppio senso,Asciutto,Asfaltata,Orizzontale,Sereno,Normale,Buona,Ore Diurne,2,0,0,0,12.482,41.8971,-1,,,,Pedone,M,Rimandato,0,NON DECEDUTO,,,
3995330,1,18/09/2018 08:35:00,Strada Urbana,VIA DEL CORSO,in corrispondenza,,del civico n.,277,,Investimento di pedone,Rettilineo,Una carreggiata a doppio senso,Asciutto,Asfaltata,Orizzontale,Sereno,Normale,Buona,Ore Diurne,2,0,0,0,12.482,41.8971,-1,1,Motociclo a solo,In marcia / fermata / arresto,Conducente,M,Rimandato,0,NON DECEDUTO,Utilizzato,,
3995337,19,19/09/2018 11:45:00,Strada Urbana,VIA DI CASAL DEL MARMO,in corrispondenza,,del civico n.,189,,Tamponamento,Rettilineo,Una carreggiata a doppio senso,Bagnato (pioggia),Asfaltata,Assente,Pioggia in atto,Normale,Buona,Ore Diurne,1,0,0,1,12.4053,41.9581,-1,1,Autovettura privata,In marcia / fermata / arresto,Conducente,M,Illeso,0,,Non accertato,Inesploso,
3995337,19,19/09/2018 11:45:00,Strada Urbana,VIA DI CASAL DEL MARMO,in corrispondenza,,del civico n.,189,,Tamponamento,Rettilineo,Una carreggiata a doppio senso,Bagnato (pioggia),Asfaltata,Assente,Pioggia in atto,Normale,Buona,Ore Diurne,1,0,0,1,12.4053,41.9581,-1,2,Motociclo a solo,In marcia / fermata / arresto,Conducente,M,Rimandato,0,NON DECEDUTO,Non accertato,,
3995382,1,18/09/2018 23:45:00,Strada Urbana,PIAZZA VITTORIO EMANUELE II,in corrispondenza,,del civico n.,103-107,,Scontro laterale fra veicoli in marcia,Rettilineo,Una carreggiata a doppio senso,Bagnato (pioggia),Asfaltata,Verticale ed orizzontale,Pioggia in atto,Scarso,Sufficiente,Sufficiente,1,0,0,2,,,0,1,Motociclo a solo,In marcia / fermata / arresto,Conducente,M,Rimandato,0,NON DECEDUTO,Non accertato,,
3995382,1,18/09/2018 23:45:00,Strada Urbana,PIAZZA VITTORIO EMANUELE II,in corrispondenza,,del civico n.,103-107,,Scontro laterale fra veicoli in marcia,Rettilineo,Una carreggiata a doppio senso,Bagnato (pioggia),Asfaltata,Verticale ed orizzontale,Pioggia in atto,Scarso,Sufficiente,Sufficiente,1,0,0,2,,,0,2,Autovettura privata,In marcia / fermata / arresto,Conducente,F,Illeso,0,,Non accertato,,
3995382,1,18/09/2018 23:45:00,Strada Urbana,PIAZZA VITTORIO EMANUELE II,in corrispondenza,,del civico n.,103-107,,Scontro laterale fra veicoli in marcia,Rettilineo,Una carreggiata a doppio senso,Bagnato (pioggia),Asfaltata,Verticale ed orizzontale,Pioggia in atto,Scarso,Sufficiente,Sufficiente,1,0,0,2,,,0,2,Autovettura privata,In marcia / fermata / arresto,Passeggero,F,Illeso,0,,Non accertato,,
3995388,18,19/09/2018 12:10:00,Strada Urbana,VIA GREGORIO VII,in prossimit�,,del civico n.,601,,Ribaltamento senza urto contro ostacolo fisso,Rettilineo,Pi� di due carreggiate,Bagnato (pioggia),Asfaltata,Verticale ed orizzontale,Pioggia in atto,Normale,Buona,Ore Diurne,0,0,0,1,12.4311,41.8944,-1,1,Motociclo a solo,In marcia / fermata / arresto,Conducente,M,Illeso,0,,Non accertato,,
3995414,10,19/09/2018 12:00:00,Strada Urbana,VIA MONASTERACE,in corrispondenza,,del civico n.,10,,Investimento di pedone,Rettilineo,Una carreggiata a doppio senso,Asciutto,Strada pavimentata dissestata,Verticale,Sereno,Normale,Sufficiente,Ore Diurne,0,0,1,1,12.6162,41.8123,-1,,,,Pedone,F,Ricoverato,0,DECEDUTO ENTRO 1 MESE,,,
3995414,10,19/09/2018 12:00:00,Strada Urbana,VIA MONASTERACE,in corrispondenza,,del civico n.,10,,Investimento di pedone,Rettilineo,Una carreggiata a doppio senso,Asciutto,Strada pavimentata dissestata,Verticale,Sereno,Normale,Sufficiente,Ore Diurne,0,0,1,1,12.6162,41.8123,-1,1,Autocarro superiore 35 q.,In marcia / fermata / arresto,Conducente,M,Illeso,0,,Non accertato,Inesploso,
3995429,13,19/09/2018 09:00:00,Strada Urbana,VIA MAR DEI CORALLI,in prossimit�,,del civico n.,2,,Veicolo in marcia contro ostacolo fisso,Rettilineo,Una carreggiata a doppio senso,Asciutto,Sterrata,Assente,Nuvoloso,Scarso,Buona,Ore Diurne,0,0,0,1,12.3021,41.7293,-1,1,Autovettura privata,In marcia / fermata / arresto,Conducente,F,Illeso,0,,Non accertato,Inesploso,
3995476,13,19/09/2018 11:15:00,Strada Urbana,VIA DELLE MOLUCCHE,all'intersezione con,VIA ISOLE SALOMONE,VIA ISOLE SALOMONE,,,Scontro frontale/laterale DX fra veicoli in marcia,Incrocio,Una carreggiata a doppio senso,Bagnato (pioggia),Asfaltata,Verticale ed orizzontale,Nuvoloso,Normale,Buona,Ore Diurne,2,0,0,0,12.2785,41.7403,-1,1,Autovettura privata,In marcia / fermata / arresto,Conducente,F,Rimandato,0,NON DECEDUTO,Non accertato,Esploso,
3995476,13,19/09/2018 11:15:00,Strada Urbana,VIA DELLE MOLUCCHE,all'intersezione con,VIA ISOLE SALOMONE,VIA ISOLE SALOMONE,,,Scontro frontale/laterale DX fra veicoli in marcia,Incrocio,Una carreggiata a doppio senso,Bagnato (pioggia),Asfaltata,Verticale ed orizzontale,Nuvoloso,Normale,Buona,Ore Diurne,2,0,0,0,12.2785,41.7403,-1,2,Autovettura privata,In marcia / fermata / arresto,Conducente,F,Rimandato,0,NON DECEDUTO,Non accertato,Esploso,
3995546,19,19/09/2018 13:30:00,Strada Urbana,VIA ACHILLE MAURI,da specificare,,,,prossimita' Via M. Vegio,Veicolo in marcia contro veicolo in sosta,Rettilineo,Una carreggiata a senso unico di marcia,Asciutto,Asfaltata,Verticale,Nuvoloso,Scarso,Buona,Ore Diurne,0,0,0,1,12.426,41.9458,-1,1,Autovettura privata,In marcia / fermata / arresto,Conducente,M,Illeso,0,,,,
3995566,1,19/09/2018 08:40:00,Strada Urbana,VIALE CARLO FELICE,in corrispondenza,,del civico n.,99,,Veicolo in marcia contro veicoli in sosta,Rettilineo,Pi� di due carreggiate,Asciutto,Asfaltata,Verticale ed orizzontale,Nuvoloso,Normale,Buona,Ore Diurne,1,0,0,0,12.5131,41.8881,-1,1,Autovettura privata,In marcia / fermata / arresto,Conducente,M,Rimandato,0,NON DECEDUTO,Non accertato,Inesploso,