Protocollo,Gruppo,DataOraIncidente,Localizzazione1,STRADA1,Localizzazione2,STRADA2,Strada02,Chilometrica,DaSpecificare,NaturaIncidente,particolaritastrade,TipoStrada,FondoStradale,Pavimentazione,Segnaletica,CondizioneAtmosferica,Traffico,Visibilita,Illuminazione,NUM_FERITI,NUM_RISERVATA,NUM_MORTI,NUM_ILLESI,Longitudine,Latitudine,Confermato,Progressivo,TipoVeicolo,StatoVeicolo,TipoPersona,Sesso,Tipolesione,Deceduto,DecedutoDopo,CinturaCascoUtilizzato,Airbag,
3995631,12,18/09/2018 18:10:00,Strada Urbana,VIALE DELL'UMANESIMO,da specificare,,,,prossimit� PIAZZA VITA FINZI,Scontro laterale fra veicoli in marcia,Rettilineo,Una carreggiata a doppio senso,Asciutto,Asfaltata,Verticale ed orizzontale,Sereno,Normale,Buona,Ore Diurne,0,0,0,4,12.4785,41.8208,-1,1,Autovettura privata,In marcia / fermata / arresto,Conducente,F,Illeso,0,,Utilizzato,Inesploso,
3995631,12,18/09/2018 18:10:00,Strada Urbana,VIALE DELL'UMANESIMO,da specificare,,,,prossimit� PIAZZA VITA FINZI,Scontro laterale fra veicoli in marcia,Rettilineo,Una carreggiata a doppio senso,Asciutto,Asfaltata,Verticale ed orizzontale,Sereno,Normale,Buona,Ore Diurne,0,0,0,4,12.4785,41.8208,-1,1,Autovettura privata,In marcia / fermata / arresto,Passeggero,F,Illeso,0,,,,
3995631,12,18/09/2018 18:10:00,Strada Urbana,VIALE DELL'UMANESIMO,da specificare,,,,prossimit� PIAZZA VITA FINZI,Scontro laterale fra veicoli in marcia,Rettilineo,Una carreggiata a doppio senso,Asciutto,Asfaltata,Verticale ed orizzontale,Sereno,Normale,Buona,Ore Diurne,0,0,0,4,12.4785,41.8208,-1,1,Autovettura privata,In marcia / fermata / arresto,Passeggero,M,Illeso,0,,,,
3995631,12,18/09/2018 18:10:00,Strada Urbana,VIALE DELL'UMANESIMO,da specificare,,,,prossimit� PIAZZA VITA FINZI,Scontro laterale fra veicoli in marcia,Rettilineo,Una carreggiata a doppio senso,Asciutto,Asfaltata,Verticale ed orizzontale,Sereno,Normale,Buona,Ore Diurne,0,0,0,4,12.4785,41.8208,-1,2,Autovettura privata,In marcia / fermata / arresto,Conducente,M,Illeso,0,,Non accertato,,
3995667,1,18/09/2018 09:00:00,Strada Urbana,VIA NAZIONALE,da specificare,,,,altezza VIA TORINO,Scontro frontale fra veicoli in marcia,Rettilineo,Una carreggiata a doppio senso,Asciutto,In cubetti di porfido,Verticale ed orizzontale,Nuvoloso,Intenso,Buona,Ore Diurne,0,0,0,3,,,0,1,Motociclo a solo,In marcia / fermata / arresto,Conducente,M,Illeso,0,,Non accertato,,
3995667,1,18/09/2018 09:00:00,Strada Urbana,VIA NAZIONALE,da specificare,,,,altezza VIA TORINO,Scontro frontale fra veicoli in marcia,Rettilineo,Una carreggiata a doppio senso,Asciutto,In cubetti di porfido,Verticale ed orizzontale,Nuvoloso,Intenso,Buona,Ore Diurne,0,0,0,3,,,0,2,Autovettura pubblica,In marcia / fermata / arresto,Conducente,M,Illeso,0,,Non accertato,Inesploso,
3995667,1,18/09/2018 09:00:00,Strada Urbana,VIA NAZIONALE,da specificare,,,,altezza VIA TORINO,Scontro frontale fra veicoli in marcia,Rettilineo,Una carreggiata a doppio senso,Asciutto,In cubetti di porfido,Verticale ed orizzontale,Nuvoloso,Intenso,Buona,Ore Diurne,0,0,0,3,,,0,3,Autobus turistico,In marcia / fermata / arresto,Conducente,M,Illeso,0,,,,
3995678,12,18/09/2018 15:33:00,Strada Urbana,VIALE DELL'OCEANO ATLANTICO,all'intersezione semaforizzata con,VIALE CESARE PAVESE,VIALE CESARE PAVESE,,,Scontro frontale/laterale SX fra veicoli in marcia,Intersezione semaforizzata,Due carreggiate,Asciutto,Asfaltata,Verticale ed orizzontale,Sereno,Normale,Buona,Ore Diurne,2,0,0,1,12.4674,41.8193,-1,1,Autovettura privata,In marcia / fermata / arresto,Conducente,M,Illeso,0,,,Inesploso,
3995678,12,18/09/2018 15:33:00,Strada Urbana,VIALE DELL'OCEANO ATLANTICO,all'intersezione semaforizzata con,VIALE CESARE PAVESE,VIALE CESARE PAVESE,,,Scontro frontale/laterale SX fra veicoli in marcia,Intersezione semaforizzata,Due carreggiate,Asciutto,Asfaltata,Verticale ed orizzontale,Sereno,Normale,Buona,Ore Diurne,2,0,0,1,12.4674,41.8193,-1,2,Autovettura privata,In marcia / fermata / arresto,Conducente,M,Rimandato,0,NON DECEDUTO,,Esploso,
3995678,12,18/09/2018 15:33:00,Strada Urbana,VIALE DELL'OCEANO ATLANTICO,all'intersezione semaforizzata con,VIALE CESARE PAVESE,VIALE CESARE PAVESE,,,Scontro frontale/laterale SX fra veicoli in marcia,Intersezione semaforizzata,Due carreggiate,Asciutto,Asfaltata,Verticale ed orizzontale,Sereno,Normale,Buona,Ore Diurne,2,0,0,1,12.4674,41.8193,-1,2,Autovettura privata,In marcia / fermata / arresto,Passeggero,F,Rimandato,0,NON DECEDUTO,,Esploso,
3995744,17,18/09/2018 09:20:00,Strada Urbana,VIA ANGELO EMO,in prossimit�,,del civico n.,42,,Veicolo in marcia contro veicolo in sosta,Rettilineo,Due carreggiate,Asciutto,Asfaltata,Verticale ed orizzontale,Sereno,Normale,Sufficiente,Ore Diurne,0,0,0,1,12.4476,41.9055,-1,1,Autocarro inferiore 35 q.,In marcia / fermata / arresto,Conducente,M,Illeso,0,,,,
3995808,12,19/09/2018 08:20:00,Strada Urbana,VIA FIUME BIANCO,da specificare,,,,civico,29,Scontro frontale/laterale SX fra veicoli in marcia,Rettilineo,Una carreggiata a doppio senso,Asciutto,Asfaltata,Verticale ed orizzontale,Nuvoloso,Normale,Buona,Ore Diurne,0,0,0,4,12.4397,41.8157,-1,1,Autovettura privata,In marcia / fermata / arresto,Conducente,F,Illeso,0,,,Inesploso
3995808,12,19/09/2018 08:20:00,Strada Urbana,VIA FIUME BIANCO,da specificare,,,,civico,29,Scontro frontale/laterale SX fra veicoli in marcia,Rettilineo,Una carreggiata a doppio senso,Asciutto,Asfaltata,Verticale ed orizzontale,Nuvoloso,Normale,Buona,Ore Diurne,0,0,0,4,12.4397,41.8157,-1,1,Autovettura privata,In marcia / fermata / arresto,Passeggero,M,Illeso,0,,Utilizzato,
3995808,12,19/09/2018 08:20:00,Strada Urbana,VIA FIUME BIANCO,da specificare,,,,civico,29,Scontro frontale/laterale SX fra veicoli in marcia,Rettilineo,Una carreggiata a doppio senso,Asciutto,Asfaltata,Verticale ed orizzontale,Nuvoloso,Normale,Buona,Ore Diurne,0,0,0,4,12.4397,41.8157,-1,2,Motociclo con passeggero,In marcia / fermata / arresto,Conducente,M,Illeso,0,,Utilizzato,
3995808,12,19/09/2018 08:20:00,Strada Urbana,VIA FIUME BIANCO,da specificare,,,,civico,29,Scontro frontale/laterale SX fra veicoli in marcia,Rettilineo,Una carreggiata a doppio senso,Asciutto,Asfaltata,Verticale ed orizzontale,Nuvoloso,Normale,Buona,Ore Diurne,0,0,0,4,12.4397,41.8157,-1,2,Motociclo con passeggero,In marcia / fermata / arresto,Passeggero,M,Illeso,0,,Utilizzato,
3995818,1,18/09/2018 18:45:00,Strada Urbana,LARGO GIOVANNI BATTISTA MARZI,da specificare,,,,fronte primo palo luce direz. Ponte Testaccio,Tamponamento,Rettilineo,Una carreggiata a doppio senso,Asciutto,Asfaltata,Verticale ed orizzontale,Nuvoloso,Normale,Buona,Ore Diurne,1,0,0,1,12.4712,41.876,-1,1,Autovettura privata,In marcia / fermata / arresto,Conducente,F,Illeso,0,,Non accertato,Inesploso,
3995818,1,18/09/2018 18:45:00,Strada Urbana,LARGO GIOVANNI BATTISTA MARZI,da specificare,,,,fronte primo palo luce direz. Ponte Testaccio,Tamponamento,Rettilineo,Una carreggiata a doppio senso,Asciutto,Asfaltata,Verticale ed orizzontale,Nuvoloso,Normale,Buona,Ore Diurne,1,0,0,1,12.4712,41.876,-1,2,Motociclo a solo,In marcia / fermata / arresto,Conducente,F,Rimandato,0,NON DECEDUTO,Non accertato,,
3995920,1,18/09/2018 20:55:00,Strada Urbana,VIA DELLA GRECA,all'intersezione semaforizzata con,VIA DELL'ARA MASSIMA DI ERCOLE,VIA DELL'ARA MASSIMA DI ERCOLE,,,Scontro laterale fra veicoli in marcia,Intersezione semaforizzata,Una carreggiata a doppio senso,Asciutto,Asfaltata,Verticale ed orizzontale,Nuvoloso,Normale,Buona,Sufficiente,1,0,0,0,12.4816,41.8876,0,1,Velocipede,In marcia / fermata / arresto,Conducente,M,Rimandato,0,NON DECEDUTO,Esente,,
3995971,15,19/09/2018 14:30:00,Strada Urbana,LUNGOTEVERE VITTORIO GASSMAN,in prossimit�,,del civico n.,11,,Tamponamento,Rettilineo,Una carreggiata a doppio senso,Asciutto,Asfaltata,Verticale ed orizzontale,Nuvoloso,Normale,Buona,Ore Diurne,1,0,0,2,12.4717,41.8706,-1,1,Autovettura privata,In marcia / fermata / arresto,Conducente,F,Rimandato,0,NON DECEDUTO,Utilizzato,Inesploso,
3995971,15,19/09/2018 14:30:00,Strada Urbana,LUNGOTEVERE VITTORIO GASSMAN,in prossimit�,,del civico n.,11,,Tamponamento,Rettilineo,Una carreggiata a doppio senso,Asciutto,Asfaltata,Verticale ed orizzontale,Nuvoloso,Normale,Buona,Ore Diurne,1,0,0,2,12.4717,41.8706,-1,1,Autovettura privata,In marcia / fermata / arresto,Passeggero,M,Illeso,0,,Utilizzato,Inesploso,
3995971,15,19/09/2018 14:30:00,Strada Urbana,LUNGOTEVERE VITTORIO GASSMAN,in prossimit�,,del civico n.,11,,Tamponamento,Rettilineo,Una carreggiata a doppio senso,Asciutto,Asfaltata,Verticale ed orizzontale,Nuvoloso,Normale,Buona,Ore Diurne,1,0,0,2,12.4717,41.8706,-1,2,Autovettura privata,In marcia / fermata / arresto,Conducente,F,Illeso,0,,Utilizzato,Inesploso,
3995991,1,18/09/2018 18:20:00,Strada Urbana,VIA MARMORATA,in prossimit�,,del civico n.,41,,Scontro laterale fra veicoli in marcia,Rettilineo,Una carreggiata a doppio senso,Asciutto,Asfaltata,Verticale ed orizzontale,Sereno,Intenso,Buona,Ore Diurne,0,0,0,3,12.4788,41.8789,-1,1,Velocipede,In marcia / fermata / arresto,Conducente,M,Illeso,0,,Esente,,
3995991,1,18/09/2018 18:20:00,Strada Urbana,VIA MARMORATA,in prossimit�,,del civico n.,41,,Scontro laterale fra veicoli in marcia,Rettilineo,Una carreggiata a doppio senso,Asciutto,Asfaltata,Verticale ed orizzontale,Sereno,Intenso,Buona,Ore Diurne,0,0,0,3,12.4788,41.8789,-1,2,Motociclo con passeggero,In marcia / fermata / arresto,Conducente,M,Illeso,0,,Non accertato,,
3995991,1,18/09/2018 18:20:00,Strada Urbana,VIA MARMORATA,in prossimit�,,del civico n.,41,,Scontro laterale fra veicoli in marcia,Rettilineo,Una carreggiata a doppio senso,Asciutto,Asfaltata,Verticale ed orizzontale,Sereno,Intenso,Buona,Ore Diurne,0,0,0,3,12.4788,41.8789,-1,2,Motociclo con passeggero,In marcia / fermata / arresto,Passeggero,M,Illeso,0,,Non accertato,,
3995997,18,19/09/2018 16:00:00,Strada Urbana,VIA LEONE XIII,da specificare,,,,in prossimit� di via Filippo Bernardini,Scontro laterale fra veicoli in marcia,Rettilineo,Due carreggiate,Asciutto,Asfaltata,Verticale ed orizzontale,Nuvoloso,Normale,Buona,Ore Diurne,0,0,0,2,12.4377,41.8926,-1,1,Autovettura privata,In marcia / fermata / arresto,Conducente,M,Illeso,0,,Non accertato,Inesploso,
3995997,18,19/09/2018 16:00:00,Strada Urbana,VIA LEONE XIII,da specificare,,,,in prossimit� di via Filippo Bernardini,Scontro laterale fra veicoli in marcia,Rettilineo,Due carreggiate,Asciutto,Asfaltata,Verticale ed orizzontale,Nuvoloso,Normale,Buona,Ore Diurne,0,0,0,2,12.4377,41.8926,-1,2,Autovettura pubblica,In marcia / fermata / arresto,Conducente,M,Illeso,0,,Non accertato,Inesploso,
3996003,1,19/09/2018 13:40:00,Strada Urbana,VIA VITTORIO VENETO,all'intersezione semaforizzata con,VIA LEONIDA BISSOLATI,VIA LEONIDA BISSOLATI,,,Tamponamento,Intersezione semaforizzata,Una carreggiata a doppio senso,Asciutto,Asfaltata,Verticale ed orizzontale,Nuvoloso,Intenso,Buona,Ore Diurne,1,0,0,1,12.4902,41.9064,-1,1,Autovettura pubblica,In marcia / fermata / arresto,Conducente,M,Illeso,0,,Non accertato,Inesploso,
3996003,1,19/09/2018 13:40:00,Strada Urbana,VIA VITTORIO VENETO,all'intersezione semaforizzata con,VIA LEONIDA BISSOLATI,VIA LEONIDA BISSOLATI,,,Tamponamento,Intersezione semaforizzata,Una carreggiata a doppio senso,Asciutto,Asfaltata,Verticale ed orizzontale,Nuvoloso,Intenso,Buona,Ore Diurne,1,0,0,1,12.4902,41.9064,-1,2,Motociclo a solo,In marcia / fermata / arresto,Conducente,M,Rimandato,0,NON DECEDUTO,Non accertato,,
3996018,1,18/09/2018 20:40:00,Strada Urbana,VIA MARSALA,all'intersezione con,VIA DEL CASTRO PRETORIO,VIA DEL CASTRO PRETORIO,,,Scontro frontale/laterale SX fra veicoli in marcia,Incrocio,Una carreggiata a senso unico di marcia,Asciutto,In cubetti di porfido,Verticale ed orizzontale,Nuvoloso,Normale,Buona,Sufficiente,0,0,0,2,12.5046,41.901,-1,1,Autovettura privata,In marcia / fermata / arresto,Conducente,M,Illeso,0,,Non accertato,Inesploso,
3996018,1,18/09/2018 20:40:00,Strada Urbana,VIA MARSALA,all'intersezione con,VIA DEL CASTRO PRETORIO,VIA DEL CASTRO PRETORIO,,,Scontro frontale/laterale SX fra veicoli in marcia,Incrocio,Una carreggiata a senso unico di marcia,Asciutto,In cubetti di porfido,Verticale ed orizzontale,Nuvoloso,Normale,Buona,Sufficiente,0,0,0,2,12.5046,41.901,-1,2,Autovettura privata,In marcia / fermata / arresto,Conducente,F,Illeso,0,,Non accertato,Inesploso,
3996021,16,18/09/2018 10:30:00,Strada Urbana,VIA BERNARDINO RAMAZZINI,da specificare,,,,in corrispondenza fronte civico 91,Scontro frontale/laterale SX fra veicoli in marcia,Rettilineo,Una carreggiata a doppio senso,Asciutto,Asfaltata,Verticale ed orizzontale,Sereno,Normale,Buona,Ore Diurne,1,0,0,1,12.4505,41.8666,-1,1,Autovettura privata,In marcia / fermata / arresto,Conducente,M,Illeso,0,,Non accertato,Inesploso,
3996021,16,18/09/2018 10:30:00,Strada Urbana,VIA BERNARDINO RAMAZZINI,da specificare,,,,in corrispondenza fronte civico 91,Scontro frontale/laterale SX fra veicoli in marcia,Rettilineo,Una carreggiata a doppio senso,Asciutto,Asfaltata,Verticale ed orizzontale,Sereno,Normale,Buona,Ore Diurne,1,0,0,1,12.4505,41.8666,-1,2,Motociclo a solo,In marcia / fermata / arresto,Conducente,M,Rimandato,0,NON DECEDUTO,Non accertato,,
3996031,1,19/09/2018 02:20:00,Strada Urbana,VIALE DELLO STADIO OLIMPICO,in corrispondenza,,del civico n.,16,,Infortunio per sola frenata improvvisa,Rettilineo,Una carreggiata a senso unico di marcia,Bagnato (pioggia),Asfaltata,Assente,Nuvoloso,Scarso,Sufficiente,Sufficiente,0,0,0,1,,,0,1,Autovettura privata,In marcia / fermata / arresto,Conducente,M,Illeso,0,,Non accertato,Inesploso,
3996054,1,19/09/2018 07:25:00,Provinciale entro l'abitato,PIAZZA VITTORIO EMANUELE II,all'intersezione semaforizzata con,VIA PRINCIPE EUGENIO,VIA PRINCIPE EUGENIO,,,Scontro frontale/laterale DX fra veicoli in marcia,Intersezione semaforizzata,Una carreggiata a doppio senso,Asciutto,Asfaltata,Verticale ed orizzontale,Nuvoloso,Normale,Buona,Ore Diurne,3,0,0,0,12.5064,41.8944,-1,1,Autovettura privata,In marcia / fermata / arresto,Conducente,M,Rimandato,0,NON DECEDUTO,Non accertato,Inesploso,
3996054,1,19/09/2018 07:25:00,Provinciale entro l'abitato,PIAZZA VITTORIO EMANUELE II,all'intersezione semaforizzata con,VIA PRINCIPE EUGENIO,VIA PRINCIPE EUGENIO,,,Scontro frontale/laterale DX fra veicoli in marcia,Intersezione semaforizzata,Una carreggiata a doppio senso,Asciutto,Asfaltata,Verticale ed orizzontale,Nuvoloso,Normale,Buona,Ore Diurne,3,0,0,0,12.5064,41.8944,-1,1,Autovettura privata,In marcia / fermata / arresto,Passeggero,M,Rimandato,0,NON DECEDUTO,Non accertato,Inesploso,
3996054,1,19/09/2018 07:25:00,Provinciale entro l'abitato,PIAZZA VITTORIO EMANUELE II,all'intersezione semaforizzata con,VIA PRINCIPE EUGENIO,VIA PRINCIPE EUGENIO,,,Scontro frontale/laterale DX fra veicoli in marcia,Intersezione semaforizzata,Una carreggiata a doppio senso,Asciutto,Asfaltata,Verticale ed orizzontale,Nuvoloso,Normale,Buona,Ore Diurne,3,0,0,0,12.5064,41.8944,-1,2,Autovettura privata,In marcia / fermata / arresto,Conducente,M,Rifiuta cure immediate,0,NON DECEDUTO,Non accertato,Inesploso,
3996096,12,19/09/2018 18:30:00,Strada Urbana,VIA DELLE TRE FONTANE,all'intersezione semaforizzata con,VIALE DELL'AGRICOLTURA,VIALE DELL'AGRICOLTURA,,,Scontro frontale/laterale SX fra veicoli in marcia,Intersezione semaforizzata,Una carreggiata a doppio senso,Bagnato (umidit� in atto),Asfaltata,Verticale ed orizzontale,Nuvoloso,Normale,Buona,Ore Diurne,0,0,0,4,12.4728,41.8396,-1,1,Autovettura privata,In marcia / fermata / arresto,Conducente,M,Illeso,0,,Utilizzato,Inesploso,
3996096,12,19/09/2018 18:30:00,Strada Urbana,VIA DELLE TRE FONTANE,all'intersezione semaforizzata con,VIALE DELL'AGRICOLTURA,VIALE DELL'AGRICOLTURA,,,Scontro frontale/laterale SX fra veicoli in marcia,Intersezione semaforizzata,Una carreggiata a doppio senso,Bagnato (umidit� in atto),Asfaltata,Verticale ed orizzontale,Nuvoloso,Normale,Buona,Ore Diurne,0,0,0,4,12.4728,41.8396,-1,1,Autovettura privata,In marcia / fermata / arresto,Passeggero,M,Illeso,0,,Utilizzato,Inesploso,
3996096,12,19/09/2018 18:30:00,Strada Urbana,VIA DELLE TRE FONTANE,all'intersezione semaforizzata con,VIALE DELL'AGRICOLTURA,VIALE DELL'AGRICOLTURA,,,Scontro frontale/laterale SX fra veicoli in marcia,Intersezione semaforizzata,Una carreggiata a doppio senso,Bagnato (umidit� in atto),Asfaltata,Verticale ed orizzontale,Nuvoloso,Normale,Buona,Ore Diurne,0,0,0,4,12.4728,41.8396,-1,1,Autovettura privata,In marcia / fermata / arresto,Passeggero,F,Illeso,0,,Utilizzato,Inesploso,
3996096,12,19/09/2018 18:30:00,Strada Urbana,VIA DELLE TRE FONTANE,all'intersezione semaforizzata con,VIALE DELL'AGRICOLTURA,VIALE DELL'AGRICOLTURA,,,Scontro frontale/laterale SX fra veicoli in marcia,Intersezione semaforizzata,Una carreggiata a doppio senso,Bagnato (umidit� in atto),Asfaltata,Verticale ed orizzontale,Nuvoloso,Normale,Buona,Ore Diurne,0,0,0,4,12.4728,41.8396,-1,2,Autovettura privata,In marcia / fermata / arresto,Conducente,F,Illeso,0,,Utilizzato,Inesploso,
3996097,16,18/09/2018 15:15:00,Strada Urbana,PIAZZA DI DONNA OLIMPIA,all'intersezione con,VIA DI DONNA OLIMPIA,VIA DI DONNA OLIMPIA,,,Scontro laterale fra veicoli in marcia,Intersezione semaforizzata,Due carreggiate,Asciutto,Asfaltata,Verticale ed orizzontale,Sereno,Normale,Buona,Ore Diurne,0,0,0,2,12.4525,41.8776,-1,1,Quadriciclo leggero,In marcia / fermata / arresto,Conducente,F,Illeso,0,,,,
3996097,16,18/09/2018 15:15:00,Strada Urbana,PIAZZA DI DONNA OLIMPIA,all'intersezione con,VIA DI DONNA OLIMPIA,VIA DI DONNA OLIMPIA,,,Scontro laterale fra veicoli in marcia,Intersezione semaforizzata,Due carreggiate,Asciutto,Asfaltata,Verticale ed orizzontale,Sereno,Normale,Buona,Ore Diurne,0,0,0,2,12.4525,41.8776,-1,2,Autovettura privata,In marcia / fermata / arresto,Conducente,M,Illeso,0,,,,
3996105,16,18/09/2018 16:10:00,Strada Urbana,VIA RAFFAELE PAOLUCCI,in corrispondenza,,del civico n.,48,,Veicolo in marcia contro veicolo in sosta,Rettilineo,Una carreggiata a doppio senso,Asciutto,Asfaltata,Assente,Sereno,Scarso,Buona,Ore Diurne,0,0,0,1,12.4494,41.8787,-1,1,Autocarro inferiore 35 q.,In marcia / fermata / arresto,Conducente,M,Illeso,0,,Non accertato,,
3996118,5,19/09/2018 18:30:00,Strada Urbana,VIA DEI MONTI TIBURTINI,da specificare,,,,prossimit� via dei Durantini,Tamponamento Multiplo,Rettilineo,Due carreggiate,Asciutto,Asfaltata,Orizzontale,Nuvoloso,Intenso,Buona,Ore Diurne,0,0,0,3,12.5434,41.917,-1,1,Autovettura privata,In marcia / fermata / arresto,Conducente,F,Illeso,0,,Non accertato,Inesploso,
3996118,5,19/09/2018 18:30:00,Strada Urbana,VIA DEI MONTI TIBURTINI,da specificare,,,,prossimit� via dei Durantini,Tamponamento Multiplo,Rettilineo,Due carreggiate,Asciutto,Asfaltata,Orizzontale,Nuvoloso,Intenso,Buona,Ore Diurne,0,0,0,3,12.5434,41.917,-1,2,Autovettura privata,In marcia / fermata / arresto,Conducente,M,Illeso,0,,Non accertato,Inesploso,
3996118,5,19/09/2018 18:30:00,Strada Urbana,VIA DEI MONTI TIBURTINI,da specificare,,,,prossimit� via dei Durantini,Tamponamento Multiplo,Rettilineo,Due carreggiate,Asciutto,Asfaltata,Orizzontale,Nuvoloso,Intenso,Buona,Ore Diurne,0,0,0,3,12.5434,41.917,-1,3,Autovettura privata,In marcia / fermata / arresto,Conducente,M,Illeso,0,,Non accertato,Inesploso,
3996131,3,18/09/2018 09:35:00,Strada Urbana,VIALE DEL POLICLINICO,all'intersezione semaforizzata con,PIAZZA GIROLAMO FABRIZIO,PIAZZA GIROLAMO FABRIZIO,,,Veicolo in marcia contro ostacolo accidentale,Intersezione semaforizzata,Due carreggiate,Asciutto,Con buche,Verticale ed orizzontale,Nuvoloso,Normale,Sufficiente,Sufficiente,1,0,0,0,12.5083,41.9092,-1,1,Motociclo a solo,In marcia / fermata / arresto,Conducente,F,Rimandato,0,NON DECEDUTO,,,
3996133,3,19/09/2018 10:00:00,Strada Urbana,VIA TIBURTINA,in prossimit�,,del civico n.,263,,Scontro laterale fra veicoli in marcia,Rettilineo,Pi� di due carreggiate,Bagnato (umidit� in atto),Asfaltata,Verticale ed orizzontale,Nuvoloso,Normale,Buona,Ore Diurne,0,0,0,10,12.5236,41.9074,-1,1,Autovettura privata,In marcia / fermata / arresto,Conducente,M,Illeso,0,,Non accertato,Inesploso,
3996133,3,19/09/2018 10:00:00,Strada Urbana,VIA TIBURTINA,in prossimit�,,del civico n.,263,,Scontro laterale fra veicoli in marcia,Rettilineo,Pi� di due carreggiate,Bagnato (umidit� in atto),Asfaltata,Verticale ed orizzontale,Nuvoloso,Normale,Buona,Ore Diurne,0,0,0,10,12.5236,41.9074,-1,2,Autovettura privata,In marcia / fermata / arresto,Conducente,M,Illeso,0,,Non accertato,Inesploso,
3996133,3,19/09/2018 10:00:00,Strada Urbana,VIA TIBURTINA,in prossimit�,,del civico n.,263,,Scontro laterale fra veicoli in marcia,Rettilineo,Pi� di due carreggiate,Bagnato (umidit� in atto),Asfaltata,Verticale ed orizzontale,Nuvoloso,Normale,Buona,Ore Diurne,0,0,0,10,12.5236,41.9074,-1,2,Autovettura privata,In marcia / fermata / arresto,Passeggero,M,Illeso,0,,Non accertato,Inesploso,
3996133,3,19/09/2018 10:00:00,Strada Urbana,VIA TIBURTINA,in prossimit�,,del civico n.,263,,Scontro laterale fra veicoli in marcia,Rettilineo,Pi� di due carreggiate,Bagnato (umidit� in atto),Asfaltata,Verticale ed orizzontale,Nuvoloso,Normale,Buona,Ore Diurne,0,0,0,10,12.5236,41.9074,-1,2,Autovettura privata,In marcia / fermata / arresto,Passeggero,F,Illeso,0,,Non accertato,Inesploso,
3996133,3,19/09/2018 10:00:00,Strada Urbana,VIA TIBURTINA,in prossimit�,,del civico n.,263,,Scontro laterale fra veicoli in marcia,Rettilineo,Pi� di due carreggiate,Bagnato (umidit� in atto),Asfaltata,Verticale ed orizzontale,Nuvoloso,Normale,Buona,Ore Diurne,0,0,0,10,12.5236,41.9074,-1,2,Autovettura privata,In marcia / fermata / arresto,Passeggero,F,Illeso,0,,Non accertato,Inesploso,
3996133,3,19/09/2018 10:00:00,Strada Urbana,VIA TIBURTINA,in prossimit�,,del civico n.,263,,Scontro laterale fra veicoli in marcia,Rettilineo,Pi� di due carreggiate,Bagnato (umidit� in atto),Asfaltata,Verticale ed orizzontale,Nuvoloso,Normale,Buona,Ore Diurne,0,0,0,10,12.5236,41.9074,-1,2,Autovettura privata,In marcia / fermata / arresto,Passeggero,M,Illeso,0,,Non accertato,Inesploso,
3996133,3,19/09/2018 10:00:00,Strada Urbana,VIA TIBURTINA,in prossimit�,,del civico n.,263,,Scontro laterale fra veicoli in marcia,Rettilineo,Pi� di due carreggiate,Bagnato (umidit� in atto),Asfaltata,Verticale ed orizzontale,Nuvoloso,Normale,Buona,Ore Diurne,0,0,0,10,12.5236,41.9074,-1,2,Autovettura privata,In marcia / fermata / arresto,Passeggero,M,Illeso,0,,Non accertato,Inesploso,
3996133,3,19/09/2018 10:00:00,Strada Urbana,VIA TIBURTINA,in prossimit�,,del civico n.,263,,Scontro laterale fra veicoli in marcia,Rettilineo,Pi� di due carreggiate,Bagnato (umidit� in atto),Asfaltata,Verticale ed orizzontale,Nuvoloso,Normale,Buona,Ore Diurne,0,0,0,10,12.5236,41.9074,-1,2,Autovettura privata,In marcia / fermata / arresto,Passeggero,M,Illeso,0,,Non accertato,Inesploso,
3996470,9,19/09/2018 13:20:00,Strada Urbana,VIA LA SPEZIA,da specificare,,,,FRONTE CIV.4,Investimento di pedone,Rettilineo,Due carreggiate,Bagnato (pioggia),Asfaltata,Verticale ed orizzontale,Pioggia in atto,Normale,Buona,Ore Diurne,1,0,0,1,12.5117,41.8858,-1,,,,Pedone,M,Rimandato,0,NON DECEDUTO,,,
3996470,9,19/09/2018 13:20:00,Strada Urbana,VIA LA SPEZIA,da specificare,,,,FRONTE CIV.4,Investimento di pedone,Rettilineo,Due carreggiate,Bagnato (pioggia),Asfaltata,Verticale ed orizzontale,Pioggia in atto,Normale,Buona,Ore Diurne,1,0,0,1,12.5117,41.8858,-1,1,Autovettura privata,In marcia / fermata / arresto,Conducente,F,Illeso,0,,Non accertato,Inesploso,
3996481,8,19/09/2018 08:15:00,Strada Urbana,VIA DI GROTTE CELONI,da specificare,,,,area parcheggio fronte scuola E. Marelli,Veicolo in marcia contro ostacolo accidentale,Rettilineo,Una carreggiata a senso unico di marcia,Asciutto,Asfaltata,Assente,Nuvoloso,Scarso,Buona,Ore Diurne,0,0,0,4,12.6431,41.8575,-1,1,Autovettura privata,In marcia / fermata / arresto,Conducente,M,Illeso,0,,Non accertato,Inesploso,
3996481,8,19/09/2018 08:15:00,Strada Urbana,VIA DI GROTTE CELONI,da specificare,,,,area parcheggio fronte scuola E. Marelli,Veicolo in marcia contro ostacolo accidentale,Rettilineo,Una carreggiata a senso unico di marcia,Asciutto,Asfaltata,Assente,Nuvoloso,Scarso,Buona,Ore Diurne,0,0,0,4,12.6431,41.8575,-1,1,Autovettura privata,In marcia / fermata / arresto,Passeggero,M,Illeso,0,,Non accertato,Inesploso,