Protocollo,Gruppo,DataOraIncidente,Localizzazione1,STRADA1,Localizzazione2,STRADA2,Strada02,Chilometrica,DaSpecificare,NaturaIncidente,particolaritastrade,TipoStrada,FondoStradale,Pavimentazione,Segnaletica,CondizioneAtmosferica,Traffico,Visibilita,Illuminazione,NUM_FERITI,NUM_RISERVATA,NUM_MORTI,NUM_ILLESI,Longitudine,Latitudine,Confermato,Progressivo,TipoVeicolo,StatoVeicolo,TipoPersona,Sesso,Tipolesione,Deceduto,DecedutoDopo,CinturaCascoUtilizzato,Airbag,
3996481,8,19/09/2018 08:15:00,Strada Urbana,VIA DI GROTTE CELONI,da specificare,,,,area parcheggio fronte scuola E. Marelli,Veicolo in marcia contro ostacolo accidentale,Rettilineo,Una carreggiata a senso unico di marcia,Asciutto,Asfaltata,Assente,Nuvoloso,Scarso,Buona,Ore Diurne,0,0,0,4,12.6431,41.8575,-1,1,Autovettura privata,In marcia / fermata / arresto,Passeggero,F,Illeso,0,,Non accertato,Inesploso,
3996481,8,19/09/2018 08:15:00,Strada Urbana,VIA DI GROTTE CELONI,da specificare,,,,area parcheggio fronte scuola E. Marelli,Veicolo in marcia contro ostacolo accidentale,Rettilineo,Una carreggiata a senso unico di marcia,Asciutto,Asfaltata,Assente,Nuvoloso,Scarso,Buona,Ore Diurne,0,0,0,4,12.6431,41.8575,-1,1,Autovettura privata,In marcia / fermata / arresto,Passeggero,M,Illeso,0,,Non accertato,Inesploso,
3996487,8,19/09/2018 08:40:00,Statale,VIA CASILINA,all'intersezione con,CIRCONVALLAZIONE ORIENTALE,CIRCONVALLAZIONE ORIENTALE,,,Tamponamento Multiplo,Incrocio,Una carreggiata a senso unico di marcia,Asciutto,Asfaltata,Verticale ed orizzontale,Sereno,Intenso,Buona,Ore Diurne,0,0,0,3,12.6194,41.8629,-1,1,Autocarro superiore 35 q.,In marcia / fermata / arresto,Conducente,M,Illeso,0,,Non accertato,Inesploso,
3996487,8,19/09/2018 08:40:00,Statale,VIA CASILINA,all'intersezione con,CIRCONVALLAZIONE ORIENTALE,CIRCONVALLAZIONE ORIENTALE,,,Tamponamento Multiplo,Incrocio,Una carreggiata a senso unico di marcia,Asciutto,Asfaltata,Verticale ed orizzontale,Sereno,Intenso,Buona,Ore Diurne,0,0,0,3,12.6194,41.8629,-1,2,Autovettura privata,In marcia / fermata / arresto,Conducente,M,Illeso,0,,Non accertato,Inesploso,
3996487,8,19/09/2018 08:40:00,Statale,VIA CASILINA,all'intersezione con,CIRCONVALLAZIONE ORIENTALE,CIRCONVALLAZIONE ORIENTALE,,,Tamponamento Multiplo,Incrocio,Una carreggiata a senso unico di marcia,Asciutto,Asfaltata,Verticale ed orizzontale,Sereno,Intenso,Buona,Ore Diurne,0,0,0,3,12.6194,41.8629,-1,2,Autovettura privata,In marcia / fermata / arresto,Passeggero,F,Illeso,0,,Non accertato,Inesploso,
3996494,8,19/09/2018 14:30:00,Strada Urbana,VIA RAFFAELE DE FERRARI,all'intersezione con,VIA ANGELO MARABINI,VIA ANGELO MARABINI,,,Scontro laterale fra veicoli in marcia,Intersezione stradale segnalata,Una carreggiata a doppio senso,Bagnato (pioggia),Asfaltata,Verticale ed orizzontale,Nuvoloso,Scarso,Buona,Ore Diurne,1,0,0,3,12.65,41.8637,-1,1,Autovettura privata,In marcia / fermata / arresto,Conducente,M,Illeso,0,,Non accertato,Inesistente,
3996494,8,19/09/2018 14:30:00,Strada Urbana,VIA RAFFAELE DE FERRARI,all'intersezione con,VIA ANGELO MARABINI,VIA ANGELO MARABINI,,,Scontro laterale fra veicoli in marcia,Intersezione stradale segnalata,Una carreggiata a doppio senso,Bagnato (pioggia),Asfaltata,Verticale ed orizzontale,Nuvoloso,Scarso,Buona,Ore Diurne,1,0,0,3,12.65,41.8637,-1,1,Autovettura privata,In marcia / fermata / arresto,Passeggero,F,Rimandato,0,NON DECEDUTO,Non accertato,Inesploso,
3996494,8,19/09/2018 14:30:00,Strada Urbana,VIA RAFFAELE DE FERRARI,all'intersezione con,VIA ANGELO MARABINI,VIA ANGELO MARABINI,,,Scontro laterale fra veicoli in marcia,Intersezione stradale segnalata,Una carreggiata a doppio senso,Bagnato (pioggia),Asfaltata,Verticale ed orizzontale,Nuvoloso,Scarso,Buona,Ore Diurne,1,0,0,3,12.65,41.8637,-1,2,Autocarro inferiore 35 q.,In marcia / fermata / arresto,Conducente,M,Illeso,0,,Non accertato,Inesistente,
3996494,8,19/09/2018 14:30:00,Strada Urbana,VIA RAFFAELE DE FERRARI,all'intersezione con,VIA ANGELO MARABINI,VIA ANGELO MARABINI,,,Scontro laterale fra veicoli in marcia,Intersezione stradale segnalata,Una carreggiata a doppio senso,Bagnato (pioggia),Asfaltata,Verticale ed orizzontale,Nuvoloso,Scarso,Buona,Ore Diurne,1,0,0,3,12.65,41.8637,-1,2,Autocarro inferiore 35 q.,In marcia / fermata / arresto,Passeggero,M,Illeso,0,,,,
3996497,8,20/09/2018 02:45:00,Strada Urbana,VIA SAN BIAGIO PLATANI,all'intersezione con,VIA POLLINA,VIA POLLINA,,,Scontro frontale/laterale SX fra veicoli in marcia,Incrocio,Una carreggiata a doppio senso,Bagnato (pioggia),Asfaltata,Verticale,Grandine in atto,Scarso,Buona,Sufficiente,0,0,0,2,12.6448,41.8746,-1,1,Autovettura privata,In marcia / fermata / arresto,Conducente,M,Illeso,0,,Non accertato,Inesploso,
3996497,8,20/09/2018 02:45:00,Strada Urbana,VIA SAN BIAGIO PLATANI,all'intersezione con,VIA POLLINA,VIA POLLINA,,,Scontro frontale/laterale SX fra veicoli in marcia,Incrocio,Una carreggiata a doppio senso,Bagnato (pioggia),Asfaltata,Verticale,Grandine in atto,Scarso,Buona,Sufficiente,0,0,0,2,12.6448,41.8746,-1,2,Autovettura privata,In marcia / fermata / arresto,Conducente,M,Illeso,0,,Non accertato,Inesploso,
3996499,13,19/09/2018 09:00:00,,VIA GALEAZZO SOMMI PICENARDI,all'intersezione con,VIA CARLO DEL GRECO,VIA CARLO DEL GRECO,,,Veicolo in marcia contro ostacolo fisso,,,,,,,,,,0,0,0,1,12.2905,41.7335,0,1,Autovettura privata,In marcia / fermata / arresto,Conducente,F,Illeso,0,,,,
3996509,11,19/09/2018 20:20:00,Strada Urbana,VIA LAURENTINA,all'intersezione semaforizzata con,VIA DI ACQUA ACETOSA OSTIENSE,VIA DI ACQUA ACETOSA OSTIENSE,,,Scontro laterale fra veicoli in marcia,Intersezione semaforizzata,Due carreggiate,Bagnato (pioggia),Asfaltata,Verticale ed orizzontale,Pioggia in atto,Scarso,Buona,Sufficiente,0,0,0,2,12.4811,41.8013,-1,1,Autovettura privata,In marcia / fermata / arresto,Conducente,F,Illeso,0,,Non accertato,,
3996509,11,19/09/2018 20:20:00,Strada Urbana,VIA LAURENTINA,all'intersezione semaforizzata con,VIA DI ACQUA ACETOSA OSTIENSE,VIA DI ACQUA ACETOSA OSTIENSE,,,Scontro laterale fra veicoli in marcia,Intersezione semaforizzata,Due carreggiate,Bagnato (pioggia),Asfaltata,Verticale ed orizzontale,Pioggia in atto,Scarso,Buona,Sufficiente,0,0,0,2,12.4811,41.8013,-1,2,Autovettura privata,In marcia / fermata / arresto,Conducente,M,Illeso,0,,Non accertato,,
3996513,11,19/09/2018 10:00:00,Strada Urbana,VIA DEL GAZOMETRO,all'intersezione con,VIA CABOTO,VIA CABOTO,,,Scontro laterale fra veicoli in marcia,Intersezione non regolata/non segnalata,Una carreggiata a doppio senso,Asciutto,Asfaltata,Verticale ed orizzontale,Nuvoloso,Normale,Buona,Ore Diurne,0,0,0,2,12.4793,41.871,-1,1,Autovettura privata,In marcia / fermata / arresto,Conducente,M,Illeso,0,,,,
3996513,11,19/09/2018 10:00:00,Strada Urbana,VIA DEL GAZOMETRO,all'intersezione con,VIA CABOTO,VIA CABOTO,,,Scontro laterale fra veicoli in marcia,Intersezione non regolata/non segnalata,Una carreggiata a doppio senso,Asciutto,Asfaltata,Verticale ed orizzontale,Nuvoloso,Normale,Buona,Ore Diurne,0,0,0,2,12.4793,41.871,-1,2,Motociclo a solo,In marcia / fermata / arresto,Conducente,M,Illeso,0,,,,
3996514,15,19/09/2018 19:00:00,Strada Urbana,VIA GEROLAMO CARDANO,all'intersezione con,PIAZZA ENRICO FERMI,PIAZZA ENRICO FERMI,,,Investimento di pedone,Incrocio,Una carreggiata a senso unico di marcia,Bagnato (pioggia),Asfaltata,Assente,Nuvoloso,Normale,Buona,Sufficiente,1,0,0,1,12.467,41.8631,-1,,,,Pedone,F,Rimandato,0,NON DECEDUTO,,,
3996514,15,19/09/2018 19:00:00,Strada Urbana,VIA GEROLAMO CARDANO,all'intersezione con,PIAZZA ENRICO FERMI,PIAZZA ENRICO FERMI,,,Investimento di pedone,Incrocio,Una carreggiata a senso unico di marcia,Bagnato (pioggia),Asfaltata,Assente,Nuvoloso,Normale,Buona,Sufficiente,1,0,0,1,12.467,41.8631,-1,1,Autovettura privata,In marcia / fermata / arresto,Conducente,M,Illeso,0,,Utilizzato,Inesploso,
3996521,15,19/09/2018 19:35:00,Strada Urbana,VIA DELLA CASETTA MATTEI,in corrispondenza,,del civico n.,58,,Scontro laterale fra veicoli in marcia,Rettilineo,Una carreggiata a doppio senso,Bagnato (pioggia),Asfaltata,Orizzontale,Pioggia in atto,Normale,Buona,Ore Diurne,0,0,0,5,12.4217,41.8527,-1,1,Autocaravan,In marcia / fermata / arresto,Conducente,M,Illeso,0,,Non accertato,Inesploso,
3996521,15,19/09/2018 19:35:00,Strada Urbana,VIA DELLA CASETTA MATTEI,in corrispondenza,,del civico n.,58,,Scontro laterale fra veicoli in marcia,Rettilineo,Una carreggiata a doppio senso,Bagnato (pioggia),Asfaltata,Orizzontale,Pioggia in atto,Normale,Buona,Ore Diurne,0,0,0,5,12.4217,41.8527,-1,1,Autocaravan,In marcia / fermata / arresto,Passeggero,F,Illeso,0,,Non accertato,Inesploso,
3996521,15,19/09/2018 19:35:00,Strada Urbana,VIA DELLA CASETTA MATTEI,in corrispondenza,,del civico n.,58,,Scontro laterale fra veicoli in marcia,Rettilineo,Una carreggiata a doppio senso,Bagnato (pioggia),Asfaltata,Orizzontale,Pioggia in atto,Normale,Buona,Ore Diurne,0,0,0,5,12.4217,41.8527,-1,1,Autocaravan,In marcia / fermata / arresto,Passeggero,F,Illeso,0,,,Inesploso,
3996521,15,19/09/2018 19:35:00,Strada Urbana,VIA DELLA CASETTA MATTEI,in corrispondenza,,del civico n.,58,,Scontro laterale fra veicoli in marcia,Rettilineo,Una carreggiata a doppio senso,Bagnato (pioggia),Asfaltata,Orizzontale,Pioggia in atto,Normale,Buona,Ore Diurne,0,0,0,5,12.4217,41.8527,-1,1,Autocaravan,In marcia / fermata / arresto,Passeggero,M,Illeso,0,,,Inesistente,
3996521,15,19/09/2018 19:35:00,Strada Urbana,VIA DELLA CASETTA MATTEI,in corrispondenza,,del civico n.,58,,Scontro laterale fra veicoli in marcia,Rettilineo,Una carreggiata a doppio senso,Bagnato (pioggia),Asfaltata,Orizzontale,Pioggia in atto,Normale,Buona,Ore Diurne,0,0,0,5,12.4217,41.8527,-1,2,Autocarro inferiore 35 q.,In marcia / fermata / arresto,Conducente,M,Illeso,0,,Non accertato,Inesploso,
3996528,13,19/09/2018 15:15:00,Strada Urbana,VIA CIMA VALLONA,all'intersezione con,VIA DOBBIACO,VIA DOBBIACO,,,Scontro frontale/laterale DX fra veicoli in marcia,Incrocio,Una carreggiata a doppio senso,Bagnato (umidit� in atto),Asfaltata,Verticale ed orizzontale,Nuvoloso,Scarso,Buona,Ore Diurne,2,0,0,1,12.3773,41.7258,-1,1,Autovettura privata,In marcia / fermata / arresto,Conducente,M,Rimandato,0,NON DECEDUTO,,,
3996528,13,19/09/2018 15:15:00,Strada Urbana,VIA CIMA VALLONA,all'intersezione con,VIA DOBBIACO,VIA DOBBIACO,,,Scontro frontale/laterale DX fra veicoli in marcia,Incrocio,Una carreggiata a doppio senso,Bagnato (umidit� in atto),Asfaltata,Verticale ed orizzontale,Nuvoloso,Scarso,Buona,Ore Diurne,2,0,0,1,12.3773,41.7258,-1,2,Autovettura privata,In marcia / fermata / arresto,Conducente,M,Illeso,0,,,,
3996528,13,19/09/2018 15:15:00,Strada Urbana,VIA CIMA VALLONA,all'intersezione con,VIA DOBBIACO,VIA DOBBIACO,,,Scontro frontale/laterale DX fra veicoli in marcia,Incrocio,Una carreggiata a doppio senso,Bagnato (umidit� in atto),Asfaltata,Verticale ed orizzontale,Nuvoloso,Scarso,Buona,Ore Diurne,2,0,0,1,12.3773,41.7258,-1,2,Autovettura privata,In marcia / fermata / arresto,Passeggero,F,Rimandato,0,NON DECEDUTO,,Esploso,
3996532,9,19/09/2018 16:10:00,Strada Urbana,VIA TUSCOLANA,all'intersezione con,VIA GELA,VIA GELA,,,Scontro laterale fra veicoli in marcia,Intersezione stradale segnalata,Due carreggiate,Asciutto,Asfaltata,Verticale ed orizzontale,Nuvoloso,Normale,Buona,Ore Diurne,0,0,0,2,12.5218,41.8795,-1,1,Autovettura privata,In marcia / fermata / arresto,Conducente,M,Illeso,0,,Non accertato,Inesploso,
3996532,9,19/09/2018 16:10:00,Strada Urbana,VIA TUSCOLANA,all'intersezione con,VIA GELA,VIA GELA,,,Scontro laterale fra veicoli in marcia,Intersezione stradale segnalata,Due carreggiate,Asciutto,Asfaltata,Verticale ed orizzontale,Nuvoloso,Normale,Buona,Ore Diurne,0,0,0,2,12.5218,41.8795,-1,2,Autovettura privata,In marcia / fermata / arresto,Conducente,M,Illeso,0,,Non accertato,Inesploso,
3996533,11,19/09/2018 16:45:00,Strada Urbana,VIALE PICO DELLA MIRANDOLA,da specificare,,,,prossimit� fronte civico 6,Investimento di pedone,Rettilineo,Una carreggiata a senso unico di marcia,Asciutto,Asfaltata,Verticale ed orizzontale,Nuvoloso,Normale,Buona,Ore Diurne,1,0,0,3,12.4874,41.8473,-1,,,,Pedone,F,Rimandato,0,NON DECEDUTO,,,
3996533,11,19/09/2018 16:45:00,Strada Urbana,VIALE PICO DELLA MIRANDOLA,da specificare,,,,prossimit� fronte civico 6,Investimento di pedone,Rettilineo,Una carreggiata a senso unico di marcia,Asciutto,Asfaltata,Verticale ed orizzontale,Nuvoloso,Normale,Buona,Ore Diurne,1,0,0,3,12.4874,41.8473,-1,1,Autovettura privata,In marcia / fermata / arresto,Conducente,F,Illeso,0,,,,
3996533,11,19/09/2018 16:45:00,Strada Urbana,VIALE PICO DELLA MIRANDOLA,da specificare,,,,prossimit� fronte civico 6,Investimento di pedone,Rettilineo,Una carreggiata a senso unico di marcia,Asciutto,Asfaltata,Verticale ed orizzontale,Nuvoloso,Normale,Buona,Ore Diurne,1,0,0,3,12.4874,41.8473,-1,1,Autovettura privata,In marcia / fermata / arresto,Passeggero,F,Illeso,0,,,,
3996533,11,19/09/2018 16:45:00,Strada Urbana,VIALE PICO DELLA MIRANDOLA,da specificare,,,,prossimit� fronte civico 6,Investimento di pedone,Rettilineo,Una carreggiata a senso unico di marcia,Asciutto,Asfaltata,Verticale ed orizzontale,Nuvoloso,Normale,Buona,Ore Diurne,1,0,0,3,12.4874,41.8473,-1,1,Autovettura privata,In marcia / fermata / arresto,Passeggero,M,Illeso,0,,,,
3996540,9,19/09/2018 15:35:00,Strada Urbana,VIA MAGNAGRECIA,in prossimit�,,del civico n.,98,,Tamponamento,Rettilineo,Due carreggiate,Bagnato (pioggia),Asfaltata,Orizzontale,Nuvoloso,Normale,Buona,Ore Diurne,0,0,0,2,12.5079,41.8814,-1,1,Autovettura privata,In marcia / fermata / arresto,Conducente,M,Illeso,0,,,,
3996540,9,19/09/2018 15:35:00,Strada Urbana,VIA MAGNAGRECIA,in prossimit�,,del civico n.,98,,Tamponamento,Rettilineo,Due carreggiate,Bagnato (pioggia),Asfaltata,Orizzontale,Nuvoloso,Normale,Buona,Ore Diurne,0,0,0,2,12.5079,41.8814,-1,2,Autovettura privata,In marcia / fermata / arresto,Conducente,M,Illeso,0,,,,
3996546,20,19/09/2018 16:30:00,Regionale entro l'abitato,VIA CASSIA,all'intersezione con,VIA SILLA,VIA SILLA,,,Investimento di pedone,Intersezione non regolata/non segnalata,Una carreggiata a doppio senso,Asciutto,Asfaltata,Verticale ed orizzontale,Nuvoloso,Normale,Buona,Ore Diurne,1,0,0,0,12.4116,41.9833,-1,,,,Pedone,F,Rimandato,0,NON DECEDUTO,,,
3996547,5,19/09/2018 10:00:00,Strada Urbana,VIA GAMBATESA,in prossimit�,,del civico n.,6,,Veicolo in marcia contro veicolo in sosta,Rettilineo,Una carreggiata a doppio senso,Asciutto,Asfaltata,Assente,Sereno,Scarso,Buona,Ore Diurne,0,0,0,1,12.6378,41.9293,-1,1,Autovettura privata,In marcia / fermata / arresto,Conducente,F,Illeso,0,,Non accertato,Inesploso,
3996554,20,19/09/2018 16:20:00,Strada Urbana,VIALE ANTONINO DI SAN GIULIANO,in prossimit�,,del palo luce n.,1,,Veicolo in marcia contro ostacolo accidentale,Rettilineo,Due carreggiate,Asciutto,Asfaltata,Verticale ed orizzontale,Nuvoloso,Normale,Buona,Ore Diurne,0,0,0,1,12.4606,41.9371,-1,1,Motociclo a solo,In marcia / fermata / arresto,Conducente,M,Illeso,0,,Non accertato,,
3996558,5,19/09/2018 14:20:00,Strada Urbana,VIA FILIPPO FIORENTINI,da specificare,,,,fronte civico 44,Tamponamento,Rettilineo,Due carreggiate,Asciutto,Asfaltata,Orizzontale,Nuvoloso,Normale,Buona,Ore Diurne,0,0,0,3,12.5555,41.9098,-1,1,Autovettura privata,In marcia / fermata / arresto,Conducente,F,Illeso,0,,Non accertato,Inesistente,
3996558,5,19/09/2018 14:20:00,Strada Urbana,VIA FILIPPO FIORENTINI,da specificare,,,,fronte civico 44,Tamponamento,Rettilineo,Due carreggiate,Asciutto,Asfaltata,Orizzontale,Nuvoloso,Normale,Buona,Ore Diurne,0,0,0,3,12.5555,41.9098,-1,2,Autocarro inferiore 35 q.,In marcia / fermata / arresto,Conducente,M,Illeso,0,,Non accertato,Inesistente,
3996558,5,19/09/2018 14:20:00,Strada Urbana,VIA FILIPPO FIORENTINI,da specificare,,,,fronte civico 44,Tamponamento,Rettilineo,Due carreggiate,Asciutto,Asfaltata,Orizzontale,Nuvoloso,Normale,Buona,Ore Diurne,0,0,0,3,12.5555,41.9098,-1,2,Autocarro inferiore 35 q.,In marcia / fermata / arresto,Passeggero,M,Illeso,0,,Non accertato,Inesistente,
3996587,9,19/09/2018 19:30:00,Strada Urbana,VIA NOCERA UMBRA,in corrispondenza,,del civico n.,94 A,,Scontro laterale fra veicoli in marcia,Rettilineo,Due carreggiate,Bagnato (pioggia),Asfaltata,Verticale ed orizzontale,Pioggia in atto,Normale,Sufficiente,Sufficiente,1,0,0,1,12.528,41.8775,-1,1,Autovettura privata,In marcia / fermata / arresto,Conducente,M,Illeso,0,,Non accertato,Inesploso,
3996587,9,19/09/2018 19:30:00,Strada Urbana,VIA NOCERA UMBRA,in corrispondenza,,del civico n.,94 A,,Scontro laterale fra veicoli in marcia,Rettilineo,Due carreggiate,Bagnato (pioggia),Asfaltata,Verticale ed orizzontale,Pioggia in atto,Normale,Sufficiente,Sufficiente,1,0,0,1,12.528,41.8775,-1,2,Motociclo a solo,In marcia / fermata / arresto,Conducente,M,Rimandato,0,NON DECEDUTO,Non accertato,,
3996606,6,20/09/2018 01:55:00,Strada Urbana,VIA LA SPEZIA,all'intersezione semaforizzata con,VIA MONZA,VIA MONZA,,,Scontro frontale/laterale SX fra veicoli in marcia,Intersezione semaforizzata,Una carreggiata a doppio senso,Bagnato (pioggia),Asfaltata,Verticale ed orizzontale,Pioggia in atto,Scarso,Sufficiente,Sufficiente,0,0,0,4,12.5153,41.8863,-1,1,Autovettura privata,In marcia / fermata / arresto,Conducente,M,Illeso,0,,,,
3996606,6,20/09/2018 01:55:00,Strada Urbana,VIA LA SPEZIA,all'intersezione semaforizzata con,VIA MONZA,VIA MONZA,,,Scontro frontale/laterale SX fra veicoli in marcia,Intersezione semaforizzata,Una carreggiata a doppio senso,Bagnato (pioggia),Asfaltata,Verticale ed orizzontale,Pioggia in atto,Scarso,Sufficiente,Sufficiente,0,0,0,4,12.5153,41.8863,-1,1,Autovettura privata,In marcia / fermata / arresto,Passeggero,M,Illeso,0,,,,
3996606,6,20/09/2018 01:55:00,Strada Urbana,VIA LA SPEZIA,all'intersezione semaforizzata con,VIA MONZA,VIA MONZA,,,Scontro frontale/laterale SX fra veicoli in marcia,Intersezione semaforizzata,Una carreggiata a doppio senso,Bagnato (pioggia),Asfaltata,Verticale ed orizzontale,Pioggia in atto,Scarso,Sufficiente,Sufficiente,0,0,0,4,12.5153,41.8863,-1,2,Autovettura privata,In marcia / fermata / arresto,Conducente,F,Illeso,0,,,,
3996606,6,20/09/2018 01:55:00,Strada Urbana,VIA LA SPEZIA,all'intersezione semaforizzata con,VIA MONZA,VIA MONZA,,,Scontro frontale/laterale SX fra veicoli in marcia,Intersezione semaforizzata,Una carreggiata a doppio senso,Bagnato (pioggia),Asfaltata,Verticale ed orizzontale,Pioggia in atto,Scarso,Sufficiente,Sufficiente,0,0,0,4,12.5153,41.8863,-1,2,Autovettura privata,In marcia / fermata / arresto,Passeggero,F,Illeso,0,,,,
3996612,13,19/09/2018 14:30:00,Strada Urbana,VIA ERMANNO WOLF FERRARI,da specificare,,,,"prossimit� distributore ""Esso""",Tamponamento,Rettilineo,Una carreggiata a doppio senso,Bagnato (pioggia),Asfaltata,Orizzontale,Nuvoloso,Intenso,Buona,Ore Diurne,0,0,0,4,12.3779,41.7482,-1,1,Autovettura privata,In marcia / fermata / arresto,Conducente,M,Illeso,0,,Non accertato,,
3996612,13,19/09/2018 14:30:00,Strada Urbana,VIA ERMANNO WOLF FERRARI,da specificare,,,,"prossimit� distributore ""Esso""",Tamponamento,Rettilineo,Una carreggiata a doppio senso,Bagnato (pioggia),Asfaltata,Orizzontale,Nuvoloso,Intenso,Buona,Ore Diurne,0,0,0,4,12.3779,41.7482,-1,1,Autovettura privata,In marcia / fermata / arresto,Passeggero,M,Illeso,0,,Non accertato,,
3996612,13,19/09/2018 14:30:00,Strada Urbana,VIA ERMANNO WOLF FERRARI,da specificare,,,,"prossimit� distributore ""Esso""",Tamponamento,Rettilineo,Una carreggiata a doppio senso,Bagnato (pioggia),Asfaltata,Orizzontale,Nuvoloso,Intenso,Buona,Ore Diurne,0,0,0,4,12.3779,41.7482,-1,2,Autovettura privata,In marcia / fermata / arresto,Conducente,F,Illeso,0,,Non accertato,,
3996612,13,19/09/2018 14:30:00,Strada Urbana,VIA ERMANNO WOLF FERRARI,da specificare,,,,"prossimit� distributore ""Esso""",Tamponamento,Rettilineo,Una carreggiata a doppio senso,Bagnato (pioggia),Asfaltata,Orizzontale,Nuvoloso,Intenso,Buona,Ore Diurne,0,0,0,4,12.3779,41.7482,-1,2,Autovettura privata,In marcia / fermata / arresto,Passeggero,F,Illeso,0,,Non accertato,,
3996626,19,19/09/2018 11:45:00,Strada Urbana,VIA ENRICO PESTALOZZI,in prossimit�,,del civico n.,25,,Tamponamento,Rettilineo,Una carreggiata a senso unico di marcia,Bagnato (pioggia),Asfaltata,Verticale ed orizzontale,Nuvoloso,Normale,Buona,Ore Diurne,0,0,0,3,12.4256,41.9362,-1,1,Autovettura privata,In marcia / fermata / arresto,Conducente,M,Illeso,0,,,,
3996626,19,19/09/2018 11:45:00,Strada Urbana,VIA ENRICO PESTALOZZI,in prossimit�,,del civico n.,25,,Tamponamento,Rettilineo,Una carreggiata a senso unico di marcia,Bagnato (pioggia),Asfaltata,Verticale ed orizzontale,Nuvoloso,Normale,Buona,Ore Diurne,0,0,0,3,12.4256,41.9362,-1,1,Autovettura privata,In marcia / fermata / arresto,Passeggero,F,Illeso,0,,,,
3996626,19,19/09/2018 11:45:00,Strada Urbana,VIA ENRICO PESTALOZZI,in prossimit�,,del civico n.,25,,Tamponamento,Rettilineo,Una carreggiata a senso unico di marcia,Bagnato (pioggia),Asfaltata,Verticale ed orizzontale,Nuvoloso,Normale,Buona,Ore Diurne,0,0,0,3,12.4256,41.9362,-1,2,Autovettura privata,In marcia / fermata / arresto,Conducente,F,Illeso,0,,,,
3996634,19,19/09/2018 11:50:00,Strada Urbana,VIA DELLA VALLE DEI FONTANILI,all'intersezione con,VIA GIUSEPPE GUICCIARDI,VIA GIUSEPPE GUICCIARDI,,,Scontro frontale fra veicoli in marcia,Incrocio,Una carreggiata a doppio senso,Bagnato (umidit� in atto),Asfaltata,Verticale ed orizzontale,Pioggia in atto,Normale,Buona,Ore Diurne,1,0,0,1,12.4068,41.9282,-1,1,Autovettura privata,In marcia / fermata / arresto,Conducente,F,Illeso,0,,,,
3996634,19,19/09/2018 11:50:00,Strada Urbana,VIA DELLA VALLE DEI FONTANILI,all'intersezione con,VIA GIUSEPPE GUICCIARDI,VIA GIUSEPPE GUICCIARDI,,,Scontro frontale fra veicoli in marcia,Incrocio,Una carreggiata a doppio senso,Bagnato (umidit� in atto),Asfaltata,Verticale ed orizzontale,Pioggia in atto,Normale,Buona,Ore Diurne,1,0,0,1,12.4068,41.9282,-1,2,Motociclo a solo,In marcia / fermata / arresto,Conducente,M,Rifiuta cure immediate,0,NON DECEDUTO,,,
3996664,4,19/09/2018 08:20:00,Provinciale entro l'abitato,VIA NOMENTANA,in corrispondenza,,del civico n.,671,,Scontro frontale/laterale DX fra veicoli in marcia,Rettilineo,Una carreggiata a doppio senso,Asciutto,Asfaltata,Verticale ed orizzontale,Nuvoloso,Intenso,Buona,Ore Diurne,0,0,0,2,12.619,41.9936,-1,1,Autovettura privata,In marcia / fermata / arresto,Conducente,F,Illeso,0,,Non accertato,Inesploso,
3996664,4,19/09/2018 08:20:00,Provinciale entro l'abitato,VIA NOMENTANA,in corrispondenza,,del civico n.,671,,Scontro frontale/laterale DX fra veicoli in marcia,Rettilineo,Una carreggiata a doppio senso,Asciutto,Asfaltata,Verticale ed orizzontale,Nuvoloso,Intenso,Buona,Ore Diurne,0,0,0,2,12.619,41.9936,-1,2,Motociclo a solo,In marcia / fermata / arresto,Conducente,M,Illeso,0,,Non accertato,,
3996667,7,19/09/2018 08:35:00,Strada Urbana,VIA PRENESTINA,all'intersezione con,VIALE GIORGIO DE CHIRICO,VIALE GIORGIO DE CHIRICO,,,Scontro frontale/laterale SX fra veicoli in marcia,Intersezione semaforizzata,Una carreggiata a doppio senso,Asciutto,Asfaltata,Verticale ed orizzontale,Nuvoloso,Normale,Buona,Ore Diurne,0,0,0,2,12.6152,41.8933,-1,1,Autovettura privata,In marcia / fermata / arresto,Conducente,F,Illeso,0,,,,
3996667,7,19/09/2018 08:35:00,Strada Urbana,VIA PRENESTINA,all'intersezione con,VIALE GIORGIO DE CHIRICO,VIALE GIORGIO DE CHIRICO,,,Scontro frontale/laterale SX fra veicoli in marcia,Intersezione semaforizzata,Una carreggiata a doppio senso,Asciutto,Asfaltata,Verticale ed orizzontale,Nuvoloso,Normale,Buona,Ore Diurne,0,0,0,2,12.6152,41.8933,-1,2,Autovettura privata,In marcia / fermata / arresto,Conducente,F,Illeso,0,,,,
3996684,10,20/09/2018 02:00:00,Strada Urbana,VIA DELLE CAVE,in corrispondenza,,del civico n.,48,,Ribaltamento senza urto contro ostacolo fisso,Rettilineo,Due carreggiate,Bagnato (pioggia),Asfaltata,Verticale ed orizzontale,Pioggia in atto,Scarso,Sufficiente,Sufficiente,1,0,0,0,12.5294,41.8716,-1,1,Motociclo a solo,In marcia / fermata / arresto,Conducente,M,Rimandato,0,NON DECEDUTO,Non accertato,,