Protocollo,Gruppo,DataOraIncidente,Localizzazione1,STRADA1,Localizzazione2,STRADA2,Strada02,Chilometrica,DaSpecificare,NaturaIncidente,particolaritastrade,TipoStrada,FondoStradale,Pavimentazione,Segnaletica,CondizioneAtmosferica,Traffico,Visibilita,Illuminazione,NUM_FERITI,NUM_RISERVATA,NUM_MORTI,NUM_ILLESI,Longitudine,Latitudine,Confermato,Progressivo,TipoVeicolo,StatoVeicolo,TipoPersona,Sesso,Tipolesione,Deceduto,DecedutoDopo,CinturaCascoUtilizzato,Airbag,
3996690,4,19/09/2018 10:30:00,,via g. zirardini,in prossimit�,,del civico n.,6,,Veicolo in marcia contro ostacolo accidentale,,,,,,,,,,1,0,0,0,,,0,1,Motociclo a solo,In marcia / fermata / arresto,Conducente,M,Rimandato,0,NON DECEDUTO,,,
3996710,1,19/09/2018 23:15:00,Strada Urbana,VIA CAVOUR,in prossimit�,,del civico n.,215,,Investimento di pedone,Rettilineo,Una carreggiata a doppio senso,Bagnato (pioggia),Asfaltata,Verticale ed orizzontale,Pioggia in atto,Normale,Sufficiente,Sufficiente,3,0,0,0,12.4921,41.8944,-1,,,,Pedone,F,Rifiuta cure immediate,0,NON DECEDUTO,,,
3996710,1,19/09/2018 23:15:00,Strada Urbana,VIA CAVOUR,in prossimit�,,del civico n.,215,,Investimento di pedone,Rettilineo,Una carreggiata a doppio senso,Bagnato (pioggia),Asfaltata,Verticale ed orizzontale,Pioggia in atto,Normale,Sufficiente,Sufficiente,3,0,0,0,12.4921,41.8944,-1,,,,Pedone,M,Rimandato,0,NON DECEDUTO,,,
3996710,1,19/09/2018 23:15:00,Strada Urbana,VIA CAVOUR,in prossimit�,,del civico n.,215,,Investimento di pedone,Rettilineo,Una carreggiata a doppio senso,Bagnato (pioggia),Asfaltata,Verticale ed orizzontale,Pioggia in atto,Normale,Sufficiente,Sufficiente,3,0,0,0,12.4921,41.8944,-1,1,Motociclo a solo,In marcia / fermata / arresto,Conducente,M,Rifiuta cure immediate,0,NON DECEDUTO,Non accertato,,
3996739,4,19/09/2018 12:15:00,Strada Urbana,VIA DELLE ISOLE CURZOLANE,all'intersezione con,VIA DELLE VIGNE NUOVE,VIA DELLE VIGNE NUOVE,,,Scontro laterale fra veicoli in marcia,Incrocio,Una carreggiata a doppio senso,Bagnato (pioggia),Asfaltata,Assente,Nuvoloso,Normale,Buona,Ore Diurne,0,0,0,2,12.5316,41.9489,-1,1,Autovettura privata,In marcia / fermata / arresto,Conducente,M,Illeso,0,,Non accertato,Inesploso,
3996739,4,19/09/2018 12:15:00,Strada Urbana,VIA DELLE ISOLE CURZOLANE,all'intersezione con,VIA DELLE VIGNE NUOVE,VIA DELLE VIGNE NUOVE,,,Scontro laterale fra veicoli in marcia,Incrocio,Una carreggiata a doppio senso,Bagnato (pioggia),Asfaltata,Assente,Nuvoloso,Normale,Buona,Ore Diurne,0,0,0,2,12.5316,41.9489,-1,2,Autovettura privata,In marcia / fermata / arresto,Conducente,M,Illeso,0,,Non accertato,Inesploso,
3996744,10,19/09/2018 17:10:00,Strada Urbana,VIALE PALMIRO TOGLIATTI,all'intersezione con,VIA QUINTO PUBLICIO,VIA QUINTO PUBLICIO,,,Tamponamento,Incrocio,Una carreggiata a senso unico di marcia,Asciutto,Asfaltata,Verticale ed orizzontale,Nuvoloso,Normale,Buona,Ore Diurne,0,0,0,3,12.5711,41.8561,-1,1,Autovettura privata,In marcia / fermata / arresto,Conducente,M,Illeso,0,,Non accertato,Inesploso,
3996744,10,19/09/2018 17:10:00,Strada Urbana,VIALE PALMIRO TOGLIATTI,all'intersezione con,VIA QUINTO PUBLICIO,VIA QUINTO PUBLICIO,,,Tamponamento,Incrocio,Una carreggiata a senso unico di marcia,Asciutto,Asfaltata,Verticale ed orizzontale,Nuvoloso,Normale,Buona,Ore Diurne,0,0,0,3,12.5711,41.8561,-1,2,Autovettura di polizia,In marcia / fermata / arresto,Conducente,M,Illeso,0,,Non accertato,Inesploso,
3996744,10,19/09/2018 17:10:00,Strada Urbana,VIALE PALMIRO TOGLIATTI,all'intersezione con,VIA QUINTO PUBLICIO,VIA QUINTO PUBLICIO,,,Tamponamento,Incrocio,Una carreggiata a senso unico di marcia,Asciutto,Asfaltata,Verticale ed orizzontale,Nuvoloso,Normale,Buona,Ore Diurne,0,0,0,3,12.5711,41.8561,-1,2,Autovettura di polizia,In marcia / fermata / arresto,Passeggero,M,Illeso,0,,Non accertato,Inesploso,
3996761,1,19/09/2018 18:10:00,Strada Urbana,PIAZZALE OSTIENSE,all'intersezione semaforizzata con,VIA RAFFAELE PERSICHETTI,VIA RAFFAELE PERSICHETTI,,,Scontro laterale fra veicoli in marcia,Intersezione semaforizzata,Due carreggiate,Asciutto,Asfaltata,Verticale ed orizzontale,Nuvoloso,Intenso,Buona,Ore Diurne,0,0,0,2,12.4816,41.8764,-1,1,Autovettura privata,In marcia / fermata / arresto,Conducente,M,Illeso,0,,Non accertato,Inesploso,
3996761,1,19/09/2018 18:10:00,Strada Urbana,PIAZZALE OSTIENSE,all'intersezione semaforizzata con,VIA RAFFAELE PERSICHETTI,VIA RAFFAELE PERSICHETTI,,,Scontro laterale fra veicoli in marcia,Intersezione semaforizzata,Due carreggiate,Asciutto,Asfaltata,Verticale ed orizzontale,Nuvoloso,Intenso,Buona,Ore Diurne,0,0,0,2,12.4816,41.8764,-1,2,Autovettura privata,In marcia / fermata / arresto,Conducente,M,Illeso,0,,Non accertato,Inesploso,
3996773,4,19/09/2018 17:00:00,Provinciale entro l'abitato,VIA NOMENTANA,da specificare,,,,sopra la Tangenziale Est,Veicolo in marcia contro veicolo in sosta,Rettilineo,Due carreggiate,Asciutto,Asfaltata,Orizzontale,Nuvoloso,Normale,Buona,Ore Diurne,0,0,0,1,12.5728,41.9579,-1,1,Autovettura privata,In marcia / fermata / arresto,Conducente,F,Illeso,0,,Non accertato,,
3996792,6,20/09/2018 08:40:00,Strada Urbana,VIA DEGLI ANGELI,all'intersezione con,VIA DI CENTOCELLE,VIA DI CENTOCELLE,,,Scontro laterale fra veicoli in marcia,Intersezione stradale segnalata,Una carreggiata a doppio senso,Bagnato (pioggia),Asfaltata,Verticale ed orizzontale,Pioggia in atto,Intenso,Buona,Ore Diurne,1,0,0,1,12.5497,41.8724,-1,1,Autovettura privata,In marcia / fermata / arresto,Conducente,M,Illeso,0,,Non accertato,Inesploso,
3996792,6,20/09/2018 08:40:00,Strada Urbana,VIA DEGLI ANGELI,all'intersezione con,VIA DI CENTOCELLE,VIA DI CENTOCELLE,,,Scontro laterale fra veicoli in marcia,Intersezione stradale segnalata,Una carreggiata a doppio senso,Bagnato (pioggia),Asfaltata,Verticale ed orizzontale,Pioggia in atto,Intenso,Buona,Ore Diurne,1,0,0,1,12.5497,41.8724,-1,2,Motociclo a solo,In marcia / fermata / arresto,Conducente,M,Rifiuta cure immediate,0,NON DECEDUTO,Utilizzato,,
3996795,1,19/09/2018 19:43:00,Strada Urbana,VIA ARIOSTO,all'intersezione con,VIA GALILEI,VIA GALILEI,,,Scontro frontale/laterale DX fra veicoli in marcia,Incrocio,Una carreggiata a senso unico di marcia,Bagnato (pioggia),Asfaltata,Verticale ed orizzontale,Pioggia in atto,Normale,Buona,Sufficiente,0,0,0,3,12.5041,41.8905,-1,1,Autovettura privata,In marcia / fermata / arresto,Conducente,M,Illeso,0,,Non accertato,Inesploso,
3996795,1,19/09/2018 19:43:00,Strada Urbana,VIA ARIOSTO,all'intersezione con,VIA GALILEI,VIA GALILEI,,,Scontro frontale/laterale DX fra veicoli in marcia,Incrocio,Una carreggiata a senso unico di marcia,Bagnato (pioggia),Asfaltata,Verticale ed orizzontale,Pioggia in atto,Normale,Buona,Sufficiente,0,0,0,3,12.5041,41.8905,-1,2,Autovettura privata,In marcia / fermata / arresto,Conducente,M,Illeso,0,,Non accertato,Inesploso,
3996795,1,19/09/2018 19:43:00,Strada Urbana,VIA ARIOSTO,all'intersezione con,VIA GALILEI,VIA GALILEI,,,Scontro frontale/laterale DX fra veicoli in marcia,Incrocio,Una carreggiata a senso unico di marcia,Bagnato (pioggia),Asfaltata,Verticale ed orizzontale,Pioggia in atto,Normale,Buona,Sufficiente,0,0,0,3,12.5041,41.8905,-1,2,Autovettura privata,In marcia / fermata / arresto,Passeggero,F,Illeso,0,,,,
3996797,19,19/09/2018 21:20:00,Strada Urbana,VIA TRIONFALE,in prossimit�,,del civico n.,10880,,Tamponamento,Rettilineo,Una carreggiata a doppio senso,Bagnato (pioggia),Asfaltata,Orizzontale,Pioggia in atto,Scarso,Buona,Sufficiente,0,0,0,2,12.4126,41.957,-1,1,Autovettura privata,In marcia / fermata / arresto,Conducente,M,Illeso,0,,,,
3996797,19,19/09/2018 21:20:00,Strada Urbana,VIA TRIONFALE,in prossimit�,,del civico n.,10880,,Tamponamento,Rettilineo,Una carreggiata a doppio senso,Bagnato (pioggia),Asfaltata,Orizzontale,Pioggia in atto,Scarso,Buona,Sufficiente,0,0,0,2,12.4126,41.957,-1,2,Autovettura privata,In marcia / fermata / arresto,Conducente,M,Illeso,0,,,,
3996823,4,19/09/2018 20:15:00,Strada Urbana,VIA DELLE VIGNE NUOVE,da specificare,,,,in prossimit� di Via Limbara,Tamponamento Multiplo,Rettilineo,Una carreggiata a doppio senso,Bagnato (pioggia),Asfaltata,Verticale ed orizzontale,Sereno,Intenso,Buona,Sufficiente,1,0,0,3,12.5358,41.9554,-1,1,Autovettura privata,In marcia / fermata / arresto,Conducente,M,Illeso,0,,Non accertato,,
3996823,4,19/09/2018 20:15:00,Strada Urbana,VIA DELLE VIGNE NUOVE,da specificare,,,,in prossimit� di Via Limbara,Tamponamento Multiplo,Rettilineo,Una carreggiata a doppio senso,Bagnato (pioggia),Asfaltata,Verticale ed orizzontale,Sereno,Intenso,Buona,Sufficiente,1,0,0,3,12.5358,41.9554,-1,2,Autovettura privata,In marcia / fermata / arresto,Conducente,M,Illeso,0,,Non accertato,,
3996823,4,19/09/2018 20:15:00,Strada Urbana,VIA DELLE VIGNE NUOVE,da specificare,,,,in prossimit� di Via Limbara,Tamponamento Multiplo,Rettilineo,Una carreggiata a doppio senso,Bagnato (pioggia),Asfaltata,Verticale ed orizzontale,Sereno,Intenso,Buona,Sufficiente,1,0,0,3,12.5358,41.9554,-1,2,Autovettura privata,In marcia / fermata / arresto,Passeggero,F,Rimandato,0,NON DECEDUTO,Non accertato,,
3996823,4,19/09/2018 20:15:00,Strada Urbana,VIA DELLE VIGNE NUOVE,da specificare,,,,in prossimit� di Via Limbara,Tamponamento Multiplo,Rettilineo,Una carreggiata a doppio senso,Bagnato (pioggia),Asfaltata,Verticale ed orizzontale,Sereno,Intenso,Buona,Sufficiente,1,0,0,3,12.5358,41.9554,-1,3,Autovettura privata,In marcia / fermata / arresto,Conducente,M,Illeso,0,,Non accertato,,
3996825,19,19/09/2018 23:00:00,Strada Urbana,VIA VINCENZO TIBERIO,in prossimit�,,del civico n.,34,,Veicolo in marcia contro veicoli in sosta,Curva a visuale libera,Una carreggiata a senso unico di marcia,Bagnato (pioggia),Asfaltata,Assente,Pioggia in atto,Scarso,Buona,Sufficiente,0,0,0,1,12.4762,41.9383,-1,1,Autovettura privata,In marcia / fermata / arresto,Conducente,F,Illeso,0,,Non accertato,Inesploso,
3996847,2,19/09/2018 04:45:00,Strada Urbana,VIA ALESSANDRIA,in prossimit�,,del civico n.,70,,Veicolo in marcia contro veicoli in sosta,Rotatoria,Una carreggiata a senso unico di marcia,Bagnato (umidit� in atto),Asfaltata,Verticale ed orizzontale,Nuvoloso,Scarso,Buona,Sufficiente,0,0,0,1,12.502,41.9115,-1,5,Autovettura privata,In marcia / fermata / arresto,Conducente,M,Illeso,0,,Non accertato,Inesploso,
3996855,10,20/09/2018 06:40:00,Strada Urbana,VIA TORRE DI MEZZAVIA,in prossimit�,,del civico n.,9,,Investimento di pedone,Rettilineo,Una carreggiata a doppio senso,Bagnato (pioggia),Asfaltata,Orizzontale,Pioggia in atto,Scarso,Sufficiente,Insufficiente,1,0,0,1,12.5963,41.8378,-1,,,,Pedone,M,Rimandato,0,NON DECEDUTO,,,
3996855,10,20/09/2018 06:40:00,Strada Urbana,VIA TORRE DI MEZZAVIA,in prossimit�,,del civico n.,9,,Investimento di pedone,Rettilineo,Una carreggiata a doppio senso,Bagnato (pioggia),Asfaltata,Orizzontale,Pioggia in atto,Scarso,Sufficiente,Insufficiente,1,0,0,1,12.5963,41.8378,-1,1,Autocarro inferiore 35 q.,In marcia / fermata / arresto,Conducente,M,Illeso,0,,Non accertato,Inesploso,
3996898,12,18/09/2018 08:30:00,Provinciale entro l'abitato,VIA LAURENTINA,all'intersezione semaforizzata con,VIALE DELL'UMANESIMO,VIALE DELL'UMANESIMO,,,Tamponamento,Intersezione semaforizzata,Due carreggiate,Asciutto,Asfaltata,Verticale ed orizzontale,Sereno,Intenso,Buona,Ore Diurne,2,0,0,2,12.4811,41.8203,-1,1,Autobus di linea,In marcia / fermata / arresto,Conducente,M,Illeso,0,,,Inesploso,
3996898,12,18/09/2018 08:30:00,Provinciale entro l'abitato,VIA LAURENTINA,all'intersezione semaforizzata con,VIALE DELL'UMANESIMO,VIALE DELL'UMANESIMO,,,Tamponamento,Intersezione semaforizzata,Due carreggiate,Asciutto,Asfaltata,Verticale ed orizzontale,Sereno,Intenso,Buona,Ore Diurne,2,0,0,2,12.4811,41.8203,-1,1,Autobus di linea,In marcia / fermata / arresto,Passeggero,F,Rimandato,0,NON DECEDUTO,,,
3996898,12,18/09/2018 08:30:00,Provinciale entro l'abitato,VIA LAURENTINA,all'intersezione semaforizzata con,VIALE DELL'UMANESIMO,VIALE DELL'UMANESIMO,,,Tamponamento,Intersezione semaforizzata,Due carreggiate,Asciutto,Asfaltata,Verticale ed orizzontale,Sereno,Intenso,Buona,Ore Diurne,2,0,0,2,12.4811,41.8203,-1,1,Autobus di linea,In marcia / fermata / arresto,Passeggero,F,Illeso,0,,,,
3996898,12,18/09/2018 08:30:00,Provinciale entro l'abitato,VIA LAURENTINA,all'intersezione semaforizzata con,VIALE DELL'UMANESIMO,VIALE DELL'UMANESIMO,,,Tamponamento,Intersezione semaforizzata,Due carreggiate,Asciutto,Asfaltata,Verticale ed orizzontale,Sereno,Intenso,Buona,Ore Diurne,2,0,0,2,12.4811,41.8203,-1,2,Autovettura privata,In marcia / fermata / arresto,Conducente,M,Rimandato,0,NON DECEDUTO,,Inesploso,
3996901,19,20/09/2018 10:00:00,Strada Urbana,VIA DIANO MARINA,da specificare,,,,prossimit� via Cogoleto,Tamponamento,Rettilineo,Una carreggiata a senso unico di marcia,Bagnato (pioggia),Asfaltata,Verticale ed orizzontale,Pioggia in atto,Normale,Buona,Ore Diurne,0,0,0,2,12.423,41.927,-1,1,Autovettura privata,In marcia / fermata / arresto,Conducente,M,Illeso,0,,,,
3996901,19,20/09/2018 10:00:00,Strada Urbana,VIA DIANO MARINA,da specificare,,,,prossimit� via Cogoleto,Tamponamento,Rettilineo,Una carreggiata a senso unico di marcia,Bagnato (pioggia),Asfaltata,Verticale ed orizzontale,Pioggia in atto,Normale,Buona,Ore Diurne,0,0,0,2,12.423,41.927,-1,2,Autovettura privata,In marcia / fermata / arresto,Conducente,M,Illeso,0,,,,
3996909,2,19/09/2018 02:30:00,Strada Urbana,VIALE BRUNO BUOZZI,in corrispondenza,,del civico n.,78,,Veicolo in marcia contro veicoli in sosta,Rettilineo,Una carreggiata a doppio senso,Bagnato (umidit� in atto),Asfaltata,Verticale ed orizzontale,Sereno,Scarso,Sufficiente,Sufficiente,0,0,0,1,12.481,41.9212,-1,1,Autovettura privata,In marcia / fermata / arresto,Conducente,M,Illeso,0,,Non accertato,Inesploso,
3996935,16,18/09/2018 16:20:00,Strada Urbana,VIA DELLA PISANA,in corrispondenza,,del civico n.,185,,Veicolo in marcia contro veicoli in sosta,Rettilineo,Una carreggiata a doppio senso,Asciutto,Asfaltata,Orizzontale,Sereno,Normale,Buona,Ore Diurne,0,0,0,2,12.4171,41.8799,-1,1,Autovettura privata,In marcia / fermata / arresto,Conducente,M,Illeso,0,,Non accertato,Inesploso,
3996935,16,18/09/2018 16:20:00,Strada Urbana,VIA DELLA PISANA,in corrispondenza,,del civico n.,185,,Veicolo in marcia contro veicoli in sosta,Rettilineo,Una carreggiata a doppio senso,Asciutto,Asfaltata,Orizzontale,Sereno,Normale,Buona,Ore Diurne,0,0,0,2,12.4171,41.8799,-1,2,Autovettura privata,In marcia / fermata / arresto,Conducente,F,Illeso,0,,Non accertato,Inesploso,
3996954,19,19/09/2018 20:10:00,Strada Urbana,VIA DI CASAL DEL MARMO,in prossimit�,,del civico n.,186,,Scontro frontale fra veicoli in marcia,Rettilineo,Una carreggiata a doppio senso,Bagnato (pioggia),Asfaltata,Orizzontale,Nuvoloso,Normale,Sufficiente,Sufficiente,1,0,0,3,12.4035,41.9562,-1,1,Autovettura privata,In marcia / fermata / arresto,Conducente,M,Illeso,0,,,,
3996954,19,19/09/2018 20:10:00,Strada Urbana,VIA DI CASAL DEL MARMO,in prossimit�,,del civico n.,186,,Scontro frontale fra veicoli in marcia,Rettilineo,Una carreggiata a doppio senso,Bagnato (pioggia),Asfaltata,Orizzontale,Nuvoloso,Normale,Sufficiente,Sufficiente,1,0,0,3,12.4035,41.9562,-1,1,Autovettura privata,In marcia / fermata / arresto,Passeggero,F,Illeso,0,,,,
3996954,19,19/09/2018 20:10:00,Strada Urbana,VIA DI CASAL DEL MARMO,in prossimit�,,del civico n.,186,,Scontro frontale fra veicoli in marcia,Rettilineo,Una carreggiata a doppio senso,Bagnato (pioggia),Asfaltata,Orizzontale,Nuvoloso,Normale,Sufficiente,Sufficiente,1,0,0,3,12.4035,41.9562,-1,2,Autovettura privata,In marcia / fermata / arresto,Conducente,M,Illeso,0,,,,
3996954,19,19/09/2018 20:10:00,Strada Urbana,VIA DI CASAL DEL MARMO,in prossimit�,,del civico n.,186,,Scontro frontale fra veicoli in marcia,Rettilineo,Una carreggiata a doppio senso,Bagnato (pioggia),Asfaltata,Orizzontale,Nuvoloso,Normale,Sufficiente,Sufficiente,1,0,0,3,12.4035,41.9562,-1,3,Motociclo a solo,In marcia / fermata / arresto,Conducente,M,Ricoverato,0,NON DECEDUTO,,,
3996975,18,19/09/2018 19:30:00,Strada Urbana,VIA BALDO DEGLI UBALDI,all'intersezione con,VIA BONAVENTURA CERRETTI,VIA BONAVENTURA CERRETTI,,,Veicolo in marcia contro veicolo in sosta,Incrocio,Due carreggiate,Bagnato (pioggia),Asfaltata,Verticale ed orizzontale,Pioggia in atto,Normale,Buona,Ore Diurne,0,0,0,2,12.4334,41.8989,-1,1,Autocarro inferiore 35 q.,In marcia / fermata / arresto,Conducente,M,Illeso,0,,,,
3996975,18,19/09/2018 19:30:00,Strada Urbana,VIA BALDO DEGLI UBALDI,all'intersezione con,VIA BONAVENTURA CERRETTI,VIA BONAVENTURA CERRETTI,,,Veicolo in marcia contro veicolo in sosta,Incrocio,Due carreggiate,Bagnato (pioggia),Asfaltata,Verticale ed orizzontale,Pioggia in atto,Normale,Buona,Ore Diurne,0,0,0,2,12.4334,41.8989,-1,1,Autocarro inferiore 35 q.,In marcia / fermata / arresto,Passeggero,M,Illeso,0,,,,
3996988,12,19/09/2018 00:30:00,Strada Urbana,VIA CRISTOFORO COLOMBO,all'intersezione semaforizzata con,VIALE AMERICA,VIALE AMERICA,,,Tamponamento,Incrocio,Una carreggiata a senso unico di marcia,Bagnato (pioggia),Asfaltata,Verticale ed orizzontale,Pioggia in atto,Scarso,Buona,Sufficiente,3,0,0,1,12.4685,41.8296,-1,1,Autovettura privata,In marcia / fermata / arresto,Conducente,M,Rimandato,0,NON DECEDUTO,,,
3996988,12,19/09/2018 00:30:00,Strada Urbana,VIA CRISTOFORO COLOMBO,all'intersezione semaforizzata con,VIALE AMERICA,VIALE AMERICA,,,Tamponamento,Incrocio,Una carreggiata a senso unico di marcia,Bagnato (pioggia),Asfaltata,Verticale ed orizzontale,Pioggia in atto,Scarso,Buona,Sufficiente,3,0,0,1,12.4685,41.8296,-1,1,Autovettura privata,In marcia / fermata / arresto,Passeggero,F,Rimandato,0,NON DECEDUTO,,,
3996988,12,19/09/2018 00:30:00,Strada Urbana,VIA CRISTOFORO COLOMBO,all'intersezione semaforizzata con,VIALE AMERICA,VIALE AMERICA,,,Tamponamento,Incrocio,Una carreggiata a senso unico di marcia,Bagnato (pioggia),Asfaltata,Verticale ed orizzontale,Pioggia in atto,Scarso,Buona,Sufficiente,3,0,0,1,12.4685,41.8296,-1,1,Autovettura privata,In marcia / fermata / arresto,Passeggero,F,Rimandato,0,NON DECEDUTO,,,
3996988,12,19/09/2018 00:30:00,Strada Urbana,VIA CRISTOFORO COLOMBO,all'intersezione semaforizzata con,VIALE AMERICA,VIALE AMERICA,,,Tamponamento,Incrocio,Una carreggiata a senso unico di marcia,Bagnato (pioggia),Asfaltata,Verticale ed orizzontale,Pioggia in atto,Scarso,Buona,Sufficiente,3,0,0,1,12.4685,41.8296,-1,2,Autovettura privata,In marcia / fermata / arresto,Conducente,M,Illeso,0,,,,
3996991,5,20/09/2018 08:40:00,Strada Urbana,VIA RINALDO D'AQUINO,da specificare,,,,direzione GRA poco oltre il palo ACEA n. 10,Scontro frontale/laterale DX fra veicoli in marcia,Curva a visuale libera,Due carreggiate,Bagnato (pioggia),Asfaltata,Verticale ed orizzontale,Nuvoloso,Normale,Sufficiente,Ore Diurne,1,0,0,1,12.611,41.9649,-1,1,Autovettura privata,In marcia / fermata / arresto,Conducente,M,Illeso,0,,Non accertato,Inesploso,
3996991,5,20/09/2018 08:40:00,Strada Urbana,VIA RINALDO D'AQUINO,da specificare,,,,direzione GRA poco oltre il palo ACEA n. 10,Scontro frontale/laterale DX fra veicoli in marcia,Curva a visuale libera,Due carreggiate,Bagnato (pioggia),Asfaltata,Verticale ed orizzontale,Nuvoloso,Normale,Sufficiente,Ore Diurne,1,0,0,1,12.611,41.9649,-1,2,Autovettura privata,In marcia / fermata / arresto,Conducente,F,Rimandato,0,NON DECEDUTO,Non accertato,Inesploso,
3996993,18,19/09/2018 18:50:00,Strada Urbana,VIA BALDO DEGLI UBALDI,all'intersezione con,VIA GIACINTO DE VECCHI PIERALICE,VIA GIACINTO DE VECCHI PIERALICE,,,Tamponamento,Intersezione semaforizzata,Due carreggiate,Asciutto,Asfaltata,Verticale ed orizzontale,Nuvoloso,Intenso,Buona,Ore Diurne,0,0,0,2,12.4387,41.9012,-1,1,Autovettura pubblica,In marcia / fermata / arresto,Conducente,F,Illeso,0,,Non accertato,Inesistente,
3996993,18,19/09/2018 18:50:00,Strada Urbana,VIA BALDO DEGLI UBALDI,all'intersezione con,VIA GIACINTO DE VECCHI PIERALICE,VIA GIACINTO DE VECCHI PIERALICE,,,Tamponamento,Intersezione semaforizzata,Due carreggiate,Asciutto,Asfaltata,Verticale ed orizzontale,Nuvoloso,Intenso,Buona,Ore Diurne,0,0,0,2,12.4387,41.9012,-1,2,Autovettura privata,In marcia / fermata / arresto,Conducente,F,Illeso,0,,Non accertato,Inesploso,
3996999,2,19/09/2018 19:45:00,Strada Urbana,VIA RUGGERO FAURO,in corrispondenza,,del civico n.,150,,Veicolo in marcia contro veicolo in sosta,Rettilineo,Una carreggiata a senso unico di marcia,Asciutto,Asfaltata,Verticale ed orizzontale,Sereno,Normale,Buona,Sufficiente,0,0,0,1,12.486,41.9306,-1,2,Motociclo a solo,In marcia / fermata / arresto,Conducente,M,Illeso,0,,,,
3997030,18,19/09/2018 13:45:00,Strada Urbana,VIA MATTIA BATTISTINI,in corrispondenza,,del civico n.,111,,Scontro laterale fra veicoli in marcia,Rettilineo,Una carreggiata a doppio senso,Bagnato (umidit� in atto),Asfaltata,Verticale ed orizzontale,Nuvoloso,Normale,Buona,Ore Diurne,0,0,0,3,12.4159,41.9071,-1,1,Autovettura privata,In marcia / fermata / arresto,Conducente,F,Illeso,0,,,,
3997030,18,19/09/2018 13:45:00,Strada Urbana,VIA MATTIA BATTISTINI,in corrispondenza,,del civico n.,111,,Scontro laterale fra veicoli in marcia,Rettilineo,Una carreggiata a doppio senso,Bagnato (umidit� in atto),Asfaltata,Verticale ed orizzontale,Nuvoloso,Normale,Buona,Ore Diurne,0,0,0,3,12.4159,41.9071,-1,2,Autovettura privata,In marcia / fermata / arresto,Conducente,F,Illeso,0,,,,
3997030,18,19/09/2018 13:45:00,Strada Urbana,VIA MATTIA BATTISTINI,in corrispondenza,,del civico n.,111,,Scontro laterale fra veicoli in marcia,Rettilineo,Una carreggiata a doppio senso,Bagnato (umidit� in atto),Asfaltata,Verticale ed orizzontale,Nuvoloso,Normale,Buona,Ore Diurne,0,0,0,3,12.4159,41.9071,-1,2,Autovettura privata,In marcia / fermata / arresto,Passeggero,M,Illeso,0,,,,
3997032,19,20/09/2018 10:45:00,Strada Urbana,VIA TRIONFALE,in prossimit�,,del civico n.,7515,,Fuoriuscita dalla sede stradale,Curva a visuale libera,Due carreggiate,Bagnato (pioggia),Asfaltata,Orizzontale,Pioggia in atto,Normale,Buona,Ore Diurne,0,0,0,1,12.4345,41.9351,-1,1,Autovettura privata,In marcia / fermata / arresto,Conducente,M,Illeso,0,,,,
3997056,4,19/09/2018 23:15:00,Strada Urbana,VIA DELLA BUFALOTTA,da specificare,,,,in corrispondenza viadotto Gronchi,Tamponamento,Rettilineo,Una carreggiata a doppio senso,Bagnato (pioggia),Asfaltata,Verticale ed orizzontale,Pioggia in atto,Scarso,Sufficiente,Sufficiente,0,0,0,3,12.5456,41.966,-1,1,Autovettura privata,In marcia / fermata / arresto,Conducente,M,Illeso,0,,,Inesploso,
3997056,4,19/09/2018 23:15:00,Strada Urbana,VIA DELLA BUFALOTTA,da specificare,,,,in corrispondenza viadotto Gronchi,Tamponamento,Rettilineo,Una carreggiata a doppio senso,Bagnato (pioggia),Asfaltata,Verticale ed orizzontale,Pioggia in atto,Scarso,Sufficiente,Sufficiente,0,0,0,3,12.5456,41.966,-1,2,Autovettura privata,In marcia / fermata / arresto,Conducente,M,Illeso,0,,,,
3997056,4,19/09/2018 23:15:00,Strada Urbana,VIA DELLA BUFALOTTA,da specificare,,,,in corrispondenza viadotto Gronchi,Tamponamento,Rettilineo,Una carreggiata a doppio senso,Bagnato (pioggia),Asfaltata,Verticale ed orizzontale,Pioggia in atto,Scarso,Sufficiente,Sufficiente,0,0,0,3,12.5456,41.966,-1,2,Autovettura privata,In marcia / fermata / arresto,Passeggero,M,Illeso,0,,,Inesploso,
3997073,18,19/09/2018 09:45:00,Strada Urbana,LARGO DI PORTA CAVALLEGGERI,all'intersezione semaforizzata con,VIA DELLE FORNACI,VIA DELLE FORNACI,,,Scontro frontale/laterale DX fra veicoli in marcia,Intersezione semaforizzata,Una carreggiata a doppio senso,Asciutto,Asfaltata,Verticale ed orizzontale,Nuvoloso,Intenso,Sufficiente,Ore Diurne,1,0,0,1,12.4566,41.9001,-1,1,Motociclo a solo,In marcia / fermata / arresto,Conducente,M,Rifiuta cure immediate,0,NON DECEDUTO,,,
3997073,18,19/09/2018 09:45:00,Strada Urbana,LARGO DI PORTA CAVALLEGGERI,all'intersezione semaforizzata con,VIA DELLE FORNACI,VIA DELLE FORNACI,,,Scontro frontale/laterale DX fra veicoli in marcia,Intersezione semaforizzata,Una carreggiata a doppio senso,Asciutto,Asfaltata,Verticale ed orizzontale,Nuvoloso,Intenso,Sufficiente,Ore Diurne,1,0,0,1,12.4566,41.9001,-1,2,Autovettura privata,In marcia / fermata / arresto,Conducente,M,Illeso,0,,,,