Protocollo,Gruppo,DataOraIncidente,Localizzazione1,STRADA1,Localizzazione2,STRADA2,Strada02,Chilometrica,DaSpecificare,NaturaIncidente,particolaritastrade,TipoStrada,FondoStradale,Pavimentazione,Segnaletica,CondizioneAtmosferica,Traffico,Visibilita,Illuminazione,NUM_FERITI,NUM_RISERVATA,NUM_MORTI,NUM_ILLESI,Longitudine,Latitudine,Confermato,Progressivo,TipoVeicolo,StatoVeicolo,TipoPersona,Sesso,Tipolesione,Deceduto,DecedutoDopo,CinturaCascoUtilizzato,Airbag,
3997089,16,18/09/2018 17:30:00,,VIA GIUSEPPE SPINA,all'intersezione con,VIA AURELIA ANTICA,VIA AURELIA ANTICA,,,Scontro frontale/laterale SX fra veicoli in marcia,,,,,,,,,,0,0,0,2,,,0,1,Autovettura privata,In marcia / fermata / arresto,Conducente,M,Illeso,0,,,,
3997089,16,18/09/2018 17:30:00,,VIA GIUSEPPE SPINA,all'intersezione con,VIA AURELIA ANTICA,VIA AURELIA ANTICA,,,Scontro frontale/laterale SX fra veicoli in marcia,,,,,,,,,,0,0,0,2,,,0,2,Autovettura privata,In marcia / fermata / arresto,Conducente,,Illeso,0,,,,
3997091,2,18/09/2018 23:15:00,Strada Urbana,VIALE DI VILLA MASSIMO,all'intersezione con,VIA ALESSANDRO TORLONIA,VIA ALESSANDRO TORLONIA,,,Veicolo in marcia contro ostacolo accidentale,Intersezione semaforizzata,Una carreggiata a doppio senso,Asciutto,Asfaltata,Verticale ed orizzontale,Nuvoloso,Scarso,Sufficiente,Sufficiente,1,0,0,0,12.516,41.9137,-1,1,Ciclomotore,In marcia / fermata / arresto,Conducente,M,Rimandato,0,NON DECEDUTO,,,
3997102,1,20/09/2018 07:55:00,Strada Urbana,VIALE DELLE TERME DI CARACALLA,in prossimit�,,del palo luce n.,108,,Scontro frontale/laterale SX fra veicoli in marcia,Rettilineo,Una carreggiata a doppio senso,Bagnato (pioggia),Asfaltata,Orizzontale,Pioggia in atto,Intenso,Buona,Ore Diurne,1,0,0,2,12.4955,41.8792,-1,1,Autovettura privata,In marcia / fermata / arresto,Conducente,M,Illeso,0,,Non accertato,Inesploso,
3997102,1,20/09/2018 07:55:00,Strada Urbana,VIALE DELLE TERME DI CARACALLA,in prossimit�,,del palo luce n.,108,,Scontro frontale/laterale SX fra veicoli in marcia,Rettilineo,Una carreggiata a doppio senso,Bagnato (pioggia),Asfaltata,Orizzontale,Pioggia in atto,Intenso,Buona,Ore Diurne,1,0,0,2,12.4955,41.8792,-1,1,Autovettura privata,In marcia / fermata / arresto,Passeggero,F,Illeso,0,,Non accertato,Inesploso,
3997102,1,20/09/2018 07:55:00,Strada Urbana,VIALE DELLE TERME DI CARACALLA,in prossimit�,,del palo luce n.,108,,Scontro frontale/laterale SX fra veicoli in marcia,Rettilineo,Una carreggiata a doppio senso,Bagnato (pioggia),Asfaltata,Orizzontale,Pioggia in atto,Intenso,Buona,Ore Diurne,1,0,0,2,12.4955,41.8792,-1,2,Motociclo a solo,In marcia / fermata / arresto,Conducente,M,Rimandato,0,NON DECEDUTO,Non accertato,,
3997103,18,20/09/2018 00:05:00,Statale,VIA AURELIA,in prossimit�,,della chilometrica,9.8,,Tamponamento Multiplo,Curva a visuale libera,Pi� di due carreggiate,Viscido da liquidi oleosi,Asfaltata,Verticale ed orizzontale,Pioggia in atto,Scarso,Buona,Sufficiente,0,0,0,7,12.3838,41.8854,-1,1,Autovettura pubblica,In marcia / fermata / arresto,Conducente,M,Illeso,0,,,,
3997103,18,20/09/2018 00:05:00,Statale,VIA AURELIA,in prossimit�,,della chilometrica,9.8,,Tamponamento Multiplo,Curva a visuale libera,Pi� di due carreggiate,Viscido da liquidi oleosi,Asfaltata,Verticale ed orizzontale,Pioggia in atto,Scarso,Buona,Sufficiente,0,0,0,7,12.3838,41.8854,-1,2,Autovettura privata,In marcia / fermata / arresto,Conducente,M,Illeso,0,,,,
3997103,18,20/09/2018 00:05:00,Statale,VIA AURELIA,in prossimit�,,della chilometrica,9.8,,Tamponamento Multiplo,Curva a visuale libera,Pi� di due carreggiate,Viscido da liquidi oleosi,Asfaltata,Verticale ed orizzontale,Pioggia in atto,Scarso,Buona,Sufficiente,0,0,0,7,12.3838,41.8854,-1,2,Autovettura privata,In marcia / fermata / arresto,Passeggero,F,Illeso,0,,,,
3997103,18,20/09/2018 00:05:00,Statale,VIA AURELIA,in prossimit�,,della chilometrica,9.8,,Tamponamento Multiplo,Curva a visuale libera,Pi� di due carreggiate,Viscido da liquidi oleosi,Asfaltata,Verticale ed orizzontale,Pioggia in atto,Scarso,Buona,Sufficiente,0,0,0,7,12.3838,41.8854,-1,3,Autovettura privata,In marcia / fermata / arresto,Conducente,M,Illeso,0,,,,
3997103,18,20/09/2018 00:05:00,Statale,VIA AURELIA,in prossimit�,,della chilometrica,9.8,,Tamponamento Multiplo,Curva a visuale libera,Pi� di due carreggiate,Viscido da liquidi oleosi,Asfaltata,Verticale ed orizzontale,Pioggia in atto,Scarso,Buona,Sufficiente,0,0,0,7,12.3838,41.8854,-1,4,Autovettura privata,In marcia / fermata / arresto,Conducente,M,Illeso,0,,,,
3997103,18,20/09/2018 00:05:00,Statale,VIA AURELIA,in prossimit�,,della chilometrica,9.8,,Tamponamento Multiplo,Curva a visuale libera,Pi� di due carreggiate,Viscido da liquidi oleosi,Asfaltata,Verticale ed orizzontale,Pioggia in atto,Scarso,Buona,Sufficiente,0,0,0,7,12.3838,41.8854,-1,5,Autovettura privata,In marcia / fermata / arresto,Conducente,M,Illeso,0,,,,
3997103,18,20/09/2018 00:05:00,Statale,VIA AURELIA,in prossimit�,,della chilometrica,9.8,,Tamponamento Multiplo,Curva a visuale libera,Pi� di due carreggiate,Viscido da liquidi oleosi,Asfaltata,Verticale ed orizzontale,Pioggia in atto,Scarso,Buona,Sufficiente,0,0,0,7,12.3838,41.8854,-1,5,Autovettura privata,In marcia / fermata / arresto,Passeggero,F,Illeso,0,,,,
3997109,2,19/09/2018 11:35:00,Strada Urbana,VIA DEI MONTI PARIOLI,in prossimit�,,del civico n.,2,,Investimento di pedone,Rettilineo,Una carreggiata a doppio senso,Asciutto,Asfaltata,Verticale ed orizzontale,Nuvoloso,Scarso,Buona,Ore Diurne,1,0,0,1,12.4778,41.9191,-1,,,,Pedone,M,Rimandato,0,NON DECEDUTO,,,
3997109,2,19/09/2018 11:35:00,Strada Urbana,VIA DEI MONTI PARIOLI,in prossimit�,,del civico n.,2,,Investimento di pedone,Rettilineo,Una carreggiata a doppio senso,Asciutto,Asfaltata,Verticale ed orizzontale,Nuvoloso,Scarso,Buona,Ore Diurne,1,0,0,1,12.4778,41.9191,-1,1,Autovettura privata,In marcia / fermata / arresto,Conducente,M,Illeso,0,,,,
3997111,2,19/09/2018 13:15:00,Strada Urbana,VIALE SOMALIA,in prossimit�,,del civico n.,291,,Investimento di pedone,Rettilineo,Due carreggiate,Bagnato (umidit� in atto),Asfaltata,Verticale ed orizzontale,Nuvoloso,Normale,Buona,Ore Diurne,2,0,0,1,12.5206,41.9337,0,,,,Pedone,M,Rifiuta cure immediate,0,NON DECEDUTO,,,
3997111,2,19/09/2018 13:15:00,Strada Urbana,VIALE SOMALIA,in prossimit�,,del civico n.,291,,Investimento di pedone,Rettilineo,Due carreggiate,Bagnato (umidit� in atto),Asfaltata,Verticale ed orizzontale,Nuvoloso,Normale,Buona,Ore Diurne,2,0,0,1,12.5206,41.9337,0,,,,Pedone,F,Rifiuta cure immediate,0,NON DECEDUTO,,,
3997111,2,19/09/2018 13:15:00,Strada Urbana,VIALE SOMALIA,in prossimit�,,del civico n.,291,,Investimento di pedone,Rettilineo,Due carreggiate,Bagnato (umidit� in atto),Asfaltata,Verticale ed orizzontale,Nuvoloso,Normale,Buona,Ore Diurne,2,0,0,1,12.5206,41.9337,0,1,Motociclo a solo,In marcia / fermata / arresto,Conducente,M,Illeso,0,,Non accertato,,
3997115,2,19/09/2018 14:30:00,Strada Urbana,VIA SALARIA,in prossimit�,,del civico n.,403,,Ribaltamento senza urto contro ostacolo fisso,Rettilineo,Una carreggiata a doppio senso,Bagnato (pioggia),Asfaltata,Orizzontale,Nuvoloso,Normale,Buona,Ore Diurne,1,0,0,0,12.5092,41.934,-1,1,Motociclo a solo,In marcia / fermata / arresto,Conducente,M,Rifiuta cure immediate,0,NON DECEDUTO,,,
3997117,2,19/09/2018 15:00:00,Strada Urbana,VIA SAN MARINO,in prossimit�,,del civico n.,30,,Scontro laterale fra veicoli in marcia,Rettilineo,Una carreggiata a senso unico di marcia,Asciutto,Asfaltata,Orizzontale,Sereno,Scarso,Buona,Ore Diurne,0,0,0,2,12.5121,41.9217,-1,1,Autovettura privata,In marcia / fermata / arresto,Conducente,F,Illeso,0,,,,
3997117,2,19/09/2018 15:00:00,Strada Urbana,VIA SAN MARINO,in prossimit�,,del civico n.,30,,Scontro laterale fra veicoli in marcia,Rettilineo,Una carreggiata a senso unico di marcia,Asciutto,Asfaltata,Orizzontale,Sereno,Scarso,Buona,Ore Diurne,0,0,0,2,12.5121,41.9217,-1,2,Autovettura privata,In marcia / fermata / arresto,Conducente,M,Illeso,0,,,,
3997120,2,19/09/2018 23:50:00,Strada Urbana,SOTTOVIA IGNAZIO GUIDI,da specificare,,,,alt. via Toscana dir. p.zza Fiume,Fuoriuscita dalla sede stradale,Curva a visuale libera,Due carreggiate,Bagnato (pioggia),Asfaltata,Verticale ed orizzontale,Pioggia in atto,Scarso,Sufficiente,Sufficiente,1,0,0,2,12.4908,41.91,0,1,Autovettura privata,In marcia / fermata / arresto,Conducente,M,Illeso,0,,,,
3997120,2,19/09/2018 23:50:00,Strada Urbana,SOTTOVIA IGNAZIO GUIDI,da specificare,,,,alt. via Toscana dir. p.zza Fiume,Fuoriuscita dalla sede stradale,Curva a visuale libera,Due carreggiate,Bagnato (pioggia),Asfaltata,Verticale ed orizzontale,Pioggia in atto,Scarso,Sufficiente,Sufficiente,1,0,0,2,12.4908,41.91,0,1,Autovettura privata,In marcia / fermata / arresto,Passeggero,M,Illeso,0,,,,
3997120,2,19/09/2018 23:50:00,Strada Urbana,SOTTOVIA IGNAZIO GUIDI,da specificare,,,,alt. via Toscana dir. p.zza Fiume,Fuoriuscita dalla sede stradale,Curva a visuale libera,Due carreggiate,Bagnato (pioggia),Asfaltata,Verticale ed orizzontale,Pioggia in atto,Scarso,Sufficiente,Sufficiente,1,0,0,2,12.4908,41.91,0,1,Autovettura privata,In marcia / fermata / arresto,Passeggero,F,Rimandato,0,NON DECEDUTO,,,
3997124,10,20/09/2018 10:45:00,Strada Urbana,VIA BERNARDINO ALIMENA,in prossimit�,,del civico n.,84,,Tamponamento,Rettilineo,Due carreggiate,Asciutto,Asfaltata,Orizzontale,Nuvoloso,Normale,Buona,Ore Diurne,4,0,0,0,12.6066,41.8465,-1,1,Autovettura privata,In marcia / fermata / arresto,Conducente,M,Rifiuta cure immediate,0,NON DECEDUTO,Non accertato,Inesploso,
3997124,10,20/09/2018 10:45:00,Strada Urbana,VIA BERNARDINO ALIMENA,in prossimit�,,del civico n.,84,,Tamponamento,Rettilineo,Due carreggiate,Asciutto,Asfaltata,Orizzontale,Nuvoloso,Normale,Buona,Ore Diurne,4,0,0,0,12.6066,41.8465,-1,1,Autovettura privata,In marcia / fermata / arresto,Passeggero,F,Rimandato,0,NON DECEDUTO,Non accertato,Inesploso,
3997124,10,20/09/2018 10:45:00,Strada Urbana,VIA BERNARDINO ALIMENA,in prossimit�,,del civico n.,84,,Tamponamento,Rettilineo,Due carreggiate,Asciutto,Asfaltata,Orizzontale,Nuvoloso,Normale,Buona,Ore Diurne,4,0,0,0,12.6066,41.8465,-1,1,Autovettura privata,In marcia / fermata / arresto,Passeggero,F,Rifiuta cure immediate,0,NON DECEDUTO,Non accertato,Inesploso,
3997124,10,20/09/2018 10:45:00,Strada Urbana,VIA BERNARDINO ALIMENA,in prossimit�,,del civico n.,84,,Tamponamento,Rettilineo,Due carreggiate,Asciutto,Asfaltata,Orizzontale,Nuvoloso,Normale,Buona,Ore Diurne,4,0,0,0,12.6066,41.8465,-1,2,Autovettura privata,In marcia / fermata / arresto,Conducente,M,Rifiuta cure immediate,0,NON DECEDUTO,Non accertato,Inesploso,
3997126,16,19/09/2018 08:00:00,Strada Urbana,VIA SEVERO CARMIGNANO,in prossimit�,,del civico n.,28,,Veicolo in marcia contro veicolo in sosta,Rettilineo,Una carreggiata a senso unico di marcia,Asciutto,Asfaltata,Verticale ed orizzontale,Nuvoloso,Normale,Buona,Ore Diurne,0,0,0,1,12.4448,41.8691,-1,1,Autovettura privata,In marcia / fermata / arresto,Conducente,F,Illeso,0,,Non accertato,Inesploso,
3997129,12,19/09/2018 19:30:00,Provinciale,VIA LAURENTINA,in corrispondenza,,della chilometrica,17.2,,Scontro frontale/laterale SX fra veicoli in marcia,Curva a visuale libera,Una carreggiata a doppio senso,Bagnato (pioggia),Asfaltata,Orizzontale,Pioggia in atto,Normale,Buona,Inesistente,1,0,0,2,12.5165,41.7189,-1,1,Autovettura privata,In marcia / fermata / arresto,Conducente,M,Illeso,0,,,,
3997129,12,19/09/2018 19:30:00,Provinciale,VIA LAURENTINA,in corrispondenza,,della chilometrica,17.2,,Scontro frontale/laterale SX fra veicoli in marcia,Curva a visuale libera,Una carreggiata a doppio senso,Bagnato (pioggia),Asfaltata,Orizzontale,Pioggia in atto,Normale,Buona,Inesistente,1,0,0,2,12.5165,41.7189,-1,2,Autovettura privata,In marcia / fermata / arresto,Conducente,M,Rimandato,0,NON DECEDUTO,Utilizzato,,
3997129,12,19/09/2018 19:30:00,Provinciale,VIA LAURENTINA,in corrispondenza,,della chilometrica,17.2,,Scontro frontale/laterale SX fra veicoli in marcia,Curva a visuale libera,Una carreggiata a doppio senso,Bagnato (pioggia),Asfaltata,Orizzontale,Pioggia in atto,Normale,Buona,Inesistente,1,0,0,2,12.5165,41.7189,-1,3,Trattore stradale,In marcia / fermata / arresto,Conducente,M,Illeso,0,,,,
3997164,5,20/09/2018 10:40:00,Strada Urbana,VIA DEI MONTI TIBURTINI,in prossimit�,,del civico n.,496,,Ribaltamento senza urto contro ostacolo fisso,Rettilineo,Due carreggiate,Bagnato (pioggia),Asfaltata,Verticale ed orizzontale,Pioggia in atto,Normale,Buona,Ore Diurne,1,0,0,0,12.5458,41.9161,-1,1,Motociclo a solo,In marcia / fermata / arresto,Conducente,M,Rimandato,0,NON DECEDUTO,Non accertato,,
3997173,12,19/09/2018 12:20:00,Strada Urbana,VIALE DELL'UMANESIMO,all'intersezione con,VIALE ALGERIA,VIALE ALGERIA,,,Scontro frontale/laterale DX fra veicoli in marcia,Intersezione stradale segnalata,Una carreggiata a doppio senso,Asciutto,Asfaltata,Verticale ed orizzontale,Nuvoloso,Normale,Buona,Ore Diurne,0,0,0,3,12.4811,41.8203,0,1,Quadriciclo,In marcia / fermata / arresto,Conducente,M,Illeso,0,,,Inesploso,
3997173,12,19/09/2018 12:20:00,Strada Urbana,VIALE DELL'UMANESIMO,all'intersezione con,VIALE ALGERIA,VIALE ALGERIA,,,Scontro frontale/laterale DX fra veicoli in marcia,Intersezione stradale segnalata,Una carreggiata a doppio senso,Asciutto,Asfaltata,Verticale ed orizzontale,Nuvoloso,Normale,Buona,Ore Diurne,0,0,0,3,12.4811,41.8203,0,1,Quadriciclo,In marcia / fermata / arresto,Passeggero,F,Illeso,0,,Utilizzato,,
3997173,12,19/09/2018 12:20:00,Strada Urbana,VIALE DELL'UMANESIMO,all'intersezione con,VIALE ALGERIA,VIALE ALGERIA,,,Scontro frontale/laterale DX fra veicoli in marcia,Intersezione stradale segnalata,Una carreggiata a doppio senso,Asciutto,Asfaltata,Verticale ed orizzontale,Nuvoloso,Normale,Buona,Ore Diurne,0,0,0,3,12.4811,41.8203,0,2,Autocarro inferiore 35 q.,In marcia / fermata / arresto,Conducente,M,Illeso,0,,,,
3997189,16,19/09/2018 11:45:00,Strada Urbana,VIALE DELLE MURA GIANICOLENSI,all'intersezione con,VIA CARLO BONTEMPS,VIA CARLO BONTEMPS,,,Scontro laterale fra veicoli in marcia,Incrocio,Una carreggiata a doppio senso,Asciutto,Asfaltata,Verticale ed orizzontale,Sereno,Normale,Sufficiente,Ore Diurne,0,0,0,2,12.4619,41.8856,-1,1,Autovettura privata,In marcia / fermata / arresto,Conducente,M,Illeso,0,,Non accertato,Inesploso,
3997189,16,19/09/2018 11:45:00,Strada Urbana,VIALE DELLE MURA GIANICOLENSI,all'intersezione con,VIA CARLO BONTEMPS,VIA CARLO BONTEMPS,,,Scontro laterale fra veicoli in marcia,Incrocio,Una carreggiata a doppio senso,Asciutto,Asfaltata,Verticale ed orizzontale,Sereno,Normale,Sufficiente,Ore Diurne,0,0,0,2,12.4619,41.8856,-1,2,Autovettura privata,In marcia / fermata / arresto,Conducente,F,Illeso,0,,Non accertato,Inesploso,
3997211,9,19/09/2018 16:45:00,Strada Urbana,VIA DI PORTA FURBA,all'intersezione semaforizzata con,VIA TUSCOLANA,VIA TUSCOLANA,,,Scontro laterale fra veicoli in marcia,Incrocio,Pi� di due carreggiate,Bagnato (umidit� in atto),Asfaltata,Verticale ed orizzontale,Nuvoloso,Intenso,Buona,Ore Diurne,0,0,0,2,12.5399,41.871,-1,1,Autocarro inferiore 35 q.,In marcia / fermata / arresto,Conducente,M,Illeso,0,,Non accertato,Inesploso,
3997211,9,19/09/2018 16:45:00,Strada Urbana,VIA DI PORTA FURBA,all'intersezione semaforizzata con,VIA TUSCOLANA,VIA TUSCOLANA,,,Scontro laterale fra veicoli in marcia,Incrocio,Pi� di due carreggiate,Bagnato (umidit� in atto),Asfaltata,Verticale ed orizzontale,Nuvoloso,Intenso,Buona,Ore Diurne,0,0,0,2,12.5399,41.871,-1,2,Autovettura privata,In marcia / fermata / arresto,Conducente,M,Illeso,0,,Non accertato,Inesploso,
3997212,17,19/09/2018 08:45:00,Strada Urbana,VIA TRIONFALE,da specificare,,,,FRONTE PALO LUCE ACEA 91,Scontro laterale fra veicoli in marcia,Rettilineo,Una carreggiata a senso unico di marcia,Asciutto,Asfaltata,Verticale ed orizzontale,Nuvoloso,Normale,Buona,Ore Diurne,0,0,0,2,12.4229,41.9409,-1,1,Ciclomotore,In marcia / fermata / arresto,Conducente,M,Illeso,0,,,,
3997212,17,19/09/2018 08:45:00,Strada Urbana,VIA TRIONFALE,da specificare,,,,FRONTE PALO LUCE ACEA 91,Scontro laterale fra veicoli in marcia,Rettilineo,Una carreggiata a senso unico di marcia,Asciutto,Asfaltata,Verticale ed orizzontale,Nuvoloso,Normale,Buona,Ore Diurne,0,0,0,2,12.4229,41.9409,-1,2,Autovettura privata,In marcia / fermata / arresto,Conducente,F,Illeso,0,,,,
3997213,15,20/09/2018 07:55:00,Strada Urbana,VIA CORTAZZONE,all'intersezione con,VIA PORTACOMARO,VIA PORTACOMARO,,,Scontro laterale fra veicoli in marcia,Incrocio,Una carreggiata a doppio senso,Bagnato (pioggia),Asfaltata,Assente,Pioggia in atto,Scarso,Buona,Ore Diurne,0,0,0,4,12.4924,41.8991,-1,1,Autovettura privata,In marcia / fermata / arresto,Conducente,F,Illeso,0,,Utilizzato,Inesploso,
3997213,15,20/09/2018 07:55:00,Strada Urbana,VIA CORTAZZONE,all'intersezione con,VIA PORTACOMARO,VIA PORTACOMARO,,,Scontro laterale fra veicoli in marcia,Incrocio,Una carreggiata a doppio senso,Bagnato (pioggia),Asfaltata,Assente,Pioggia in atto,Scarso,Buona,Ore Diurne,0,0,0,4,12.4924,41.8991,-1,2,Autovettura privata,In marcia / fermata / arresto,Conducente,F,Illeso,0,,Utilizzato,Inesploso,
3997213,15,20/09/2018 07:55:00,Strada Urbana,VIA CORTAZZONE,all'intersezione con,VIA PORTACOMARO,VIA PORTACOMARO,,,Scontro laterale fra veicoli in marcia,Incrocio,Una carreggiata a doppio senso,Bagnato (pioggia),Asfaltata,Assente,Pioggia in atto,Scarso,Buona,Ore Diurne,0,0,0,4,12.4924,41.8991,-1,2,Autovettura privata,In marcia / fermata / arresto,Passeggero,M,Illeso,0,,Utilizzato,Inesploso,
3997213,15,20/09/2018 07:55:00,Strada Urbana,VIA CORTAZZONE,all'intersezione con,VIA PORTACOMARO,VIA PORTACOMARO,,,Scontro laterale fra veicoli in marcia,Incrocio,Una carreggiata a doppio senso,Bagnato (pioggia),Asfaltata,Assente,Pioggia in atto,Scarso,Buona,Ore Diurne,0,0,0,4,12.4924,41.8991,-1,2,Autovettura privata,In marcia / fermata / arresto,Passeggero,F,Illeso,0,,Utilizzato,Inesploso,
3997262,15,20/09/2018 06:30:00,Strada Urbana,LARGO DEI DELLA BITTA,all'intersezione con,VIA DEI DELLA BITTA,VIA DEI DELLA BITTA,,,Veicolo in marcia contro veicoli in sosta,Incrocio,Una carreggiata a senso unico di marcia,Bagnato (pioggia),Asfaltata,Assente,Pioggia in atto,Normale,Sufficiente,Ore Diurne,0,0,0,1,12.4192,41.8583,-1,3,Autovettura privata,In marcia / fermata / arresto,Conducente,F,Illeso,0,,,,
3997269,1,20/09/2018 07:05:00,Strada Urbana,VIA GARIBALDI,in prossimit�,,del civico n.,27,,Infortunio per caduta del veicolo,Curva senza visuale libera,Una carreggiata a doppio senso,Bagnato (pioggia),In cubetti di porfido,Verticale ed orizzontale,Pioggia in atto,Normale,Sufficiente,Ore Diurne,1,0,0,1,12.4659,41.89,-1,1,Autovettura pubblica,In marcia / fermata / arresto,Conducente,M,Illeso,0,,Non accertato,Inesploso,
3997269,1,20/09/2018 07:05:00,Strada Urbana,VIA GARIBALDI,in prossimit�,,del civico n.,27,,Infortunio per caduta del veicolo,Curva senza visuale libera,Una carreggiata a doppio senso,Bagnato (pioggia),In cubetti di porfido,Verticale ed orizzontale,Pioggia in atto,Normale,Sufficiente,Ore Diurne,1,0,0,1,12.4659,41.89,-1,2,Velocipede,In marcia / fermata / arresto,Conducente,M,Rifiuta cure immediate,0,NON DECEDUTO,Esente,,
3997295,15,20/09/2018 08:05:00,Strada Urbana,VIA DEL TRULLO,da specificare,,,,fronte civ. 122,Tamponamento Multiplo,Rettilineo,Due carreggiate,Bagnato (pioggia),Asfaltata,Orizzontale,Pioggia in atto,Intenso,Buona,Ore Diurne,1,0,0,5,12.4368,41.843,-1,1,Autovettura privata,In marcia / fermata / arresto,Conducente,F,Illeso,0,,Utilizzato,Esploso,
3997295,15,20/09/2018 08:05:00,Strada Urbana,VIA DEL TRULLO,da specificare,,,,fronte civ. 122,Tamponamento Multiplo,Rettilineo,Due carreggiate,Bagnato (pioggia),Asfaltata,Orizzontale,Pioggia in atto,Intenso,Buona,Ore Diurne,1,0,0,5,12.4368,41.843,-1,1,Autovettura privata,In marcia / fermata / arresto,Passeggero,M,Illeso,0,,Non accertato,,
3997295,15,20/09/2018 08:05:00,Strada Urbana,VIA DEL TRULLO,da specificare,,,,fronte civ. 122,Tamponamento Multiplo,Rettilineo,Due carreggiate,Bagnato (pioggia),Asfaltata,Orizzontale,Pioggia in atto,Intenso,Buona,Ore Diurne,1,0,0,5,12.4368,41.843,-1,2,Autovettura privata,In marcia / fermata / arresto,Conducente,F,Illeso,0,,Utilizzato,,
3997295,15,20/09/2018 08:05:00,Strada Urbana,VIA DEL TRULLO,da specificare,,,,fronte civ. 122,Tamponamento Multiplo,Rettilineo,Due carreggiate,Bagnato (pioggia),Asfaltata,Orizzontale,Pioggia in atto,Intenso,Buona,Ore Diurne,1,0,0,5,12.4368,41.843,-1,2,Autovettura privata,In marcia / fermata / arresto,Passeggero,M,Illeso,0,,Non accertato,Inesploso,
3997295,15,20/09/2018 08:05:00,Strada Urbana,VIA DEL TRULLO,da specificare,,,,fronte civ. 122,Tamponamento Multiplo,Rettilineo,Due carreggiate,Bagnato (pioggia),Asfaltata,Orizzontale,Pioggia in atto,Intenso,Buona,Ore Diurne,1,0,0,5,12.4368,41.843,-1,2,Autovettura privata,In marcia / fermata / arresto,Passeggero,M,Rimandato,0,NON DECEDUTO,Non utilizzato,,
3997295,15,20/09/2018 08:05:00,Strada Urbana,VIA DEL TRULLO,da specificare,,,,fronte civ. 122,Tamponamento Multiplo,Rettilineo,Due carreggiate,Bagnato (pioggia),Asfaltata,Orizzontale,Pioggia in atto,Intenso,Buona,Ore Diurne,1,0,0,5,12.4368,41.843,-1,3,Autovettura privata,In marcia / fermata / arresto,Conducente,M,Illeso,0,,Utilizzato,,
3997319,10,20/09/2018 11:30:00,Strada Urbana,VIA TUSCOLANA,da specificare,,,,fronte Cinecitt� 2 dir. Roma,Tamponamento Multiplo,Rettilineo,Due carreggiate,Asciutto,Asfaltata,Verticale ed orizzontale,Nuvoloso,Normale,Buona,Ore Diurne,0,0,0,4,12.5707,41.8519,-1,1,Autovettura privata,In marcia / fermata / arresto,Conducente,M,Illeso,0,,Non accertato,Inesploso,
3997319,10,20/09/2018 11:30:00,Strada Urbana,VIA TUSCOLANA,da specificare,,,,fronte Cinecitt� 2 dir. Roma,Tamponamento Multiplo,Rettilineo,Due carreggiate,Asciutto,Asfaltata,Verticale ed orizzontale,Nuvoloso,Normale,Buona,Ore Diurne,0,0,0,4,12.5707,41.8519,-1,1,Autovettura privata,In marcia / fermata / arresto,Passeggero,F,Illeso,0,,Non accertato,Inesploso,
3997319,10,20/09/2018 11:30:00,Strada Urbana,VIA TUSCOLANA,da specificare,,,,fronte Cinecitt� 2 dir. Roma,Tamponamento Multiplo,Rettilineo,Due carreggiate,Asciutto,Asfaltata,Verticale ed orizzontale,Nuvoloso,Normale,Buona,Ore Diurne,0,0,0,4,12.5707,41.8519,-1,2,Autovettura privata,In marcia / fermata / arresto,Conducente,F,Illeso,0,,Non accertato,Inesploso,
3997319,10,20/09/2018 11:30:00,Strada Urbana,VIA TUSCOLANA,da specificare,,,,fronte Cinecitt� 2 dir. Roma,Tamponamento Multiplo,Rettilineo,Due carreggiate,Asciutto,Asfaltata,Verticale ed orizzontale,Nuvoloso,Normale,Buona,Ore Diurne,0,0,0,4,12.5707,41.8519,-1,3,Autovettura privata,In marcia / fermata / arresto,Conducente,M,Illeso,0,,Non accertato,Inesploso,
3997421,2,19/09/2018 06:30:00,Strada Urbana,VIA TARO,all'intersezione con,VIA LARIANA,VIA LARIANA,,,Veicolo in marcia contro veicoli in sosta,Incrocio,Una carreggiata a senso unico di marcia,Bagnato (umidit� in atto),Asfaltata,Verticale ed orizzontale,Sereno,Scarso,Buona,Ore Diurne,0,0,0,1,12.5051,41.9229,-1,1,Autovettura privata,In marcia / fermata / arresto,Conducente,M,Illeso,0,,Non accertato,Inesploso,
3997424,9,20/09/2018 07:10:00,Strada Urbana,VIA APPIA NUOVA,in prossimit�,,del civico n.,522,,Tamponamento,Rettilineo,Due carreggiate,Asciutto,Asfaltata,Verticale ed orizzontale,Sereno,Normale,Buona,Ore Diurne,0,0,0,6,12.5234,41.872,-1,1,Autocarro inferiore 35 q.,In marcia / fermata / arresto,Conducente,M,Illeso,0,,Utilizzato,Inesploso,
3997424,9,20/09/2018 07:10:00,Strada Urbana,VIA APPIA NUOVA,in prossimit�,,del civico n.,522,,Tamponamento,Rettilineo,Due carreggiate,Asciutto,Asfaltata,Verticale ed orizzontale,Sereno,Normale,Buona,Ore Diurne,0,0,0,6,12.5234,41.872,-1,1,Autocarro inferiore 35 q.,In marcia / fermata / arresto,Passeggero,F,Illeso,0,,Utilizzato,Inesploso,
3997424,9,20/09/2018 07:10:00,Strada Urbana,VIA APPIA NUOVA,in prossimit�,,del civico n.,522,,Tamponamento,Rettilineo,Due carreggiate,Asciutto,Asfaltata,Verticale ed orizzontale,Sereno,Normale,Buona,Ore Diurne,0,0,0,6,12.5234,41.872,-1,1,Autocarro inferiore 35 q.,In marcia / fermata / arresto,Passeggero,F,Illeso,0,,Utilizzato,Inesploso,