Protocollo,Gruppo,DataOraIncidente,Localizzazione1,STRADA1,Localizzazione2,STRADA2,Strada02,Chilometrica,DaSpecificare,NaturaIncidente,particolaritastrade,TipoStrada,FondoStradale,Pavimentazione,Segnaletica,CondizioneAtmosferica,Traffico,Visibilita,Illuminazione,NUM_FERITI,NUM_RISERVATA,NUM_MORTI,NUM_ILLESI,Longitudine,Latitudine,Confermato,Progressivo,TipoVeicolo,StatoVeicolo,TipoPersona,Sesso,Tipolesione,Deceduto,DecedutoDopo,CinturaCascoUtilizzato,Airbag,
3997424,9,20/09/2018 07:10:00,Strada Urbana,VIA APPIA NUOVA,in prossimit�,,del civico n.,522,,Tamponamento,Rettilineo,Due carreggiate,Asciutto,Asfaltata,Verticale ed orizzontale,Sereno,Normale,Buona,Ore Diurne,0,0,0,6,12.5234,41.872,-1,1,Autocarro inferiore 35 q.,In marcia / fermata / arresto,Passeggero,M,Illeso,0,,Utilizzato,Inesploso,
3997424,9,20/09/2018 07:10:00,Strada Urbana,VIA APPIA NUOVA,in prossimit�,,del civico n.,522,,Tamponamento,Rettilineo,Due carreggiate,Asciutto,Asfaltata,Verticale ed orizzontale,Sereno,Normale,Buona,Ore Diurne,0,0,0,6,12.5234,41.872,-1,2,Autovettura di polizia,In marcia / fermata / arresto,Conducente,F,Illeso,0,,Utilizzato,Inesploso,
3997424,9,20/09/2018 07:10:00,Strada Urbana,VIA APPIA NUOVA,in prossimit�,,del civico n.,522,,Tamponamento,Rettilineo,Due carreggiate,Asciutto,Asfaltata,Verticale ed orizzontale,Sereno,Normale,Buona,Ore Diurne,0,0,0,6,12.5234,41.872,-1,2,Autovettura di polizia,In marcia / fermata / arresto,Passeggero,F,Illeso,0,,Utilizzato,Inesploso,
3997427,9,20/09/2018 08:30:00,Strada Urbana,VIA TUSCOLANA,in corrispondenza,,del civico n.,290,,Investimento di pedone,Rettilineo,Una carreggiata a doppio senso,Asciutto,Asfaltata,Verticale ed orizzontale,Sereno,Normale,Buona,Ore Diurne,2,0,0,0,12.5266,41.876,0,,,,Pedone,M,Rimandato,0,NON DECEDUTO,,,
3997427,9,20/09/2018 08:30:00,Strada Urbana,VIA TUSCOLANA,in corrispondenza,,del civico n.,290,,Investimento di pedone,Rettilineo,Una carreggiata a doppio senso,Asciutto,Asfaltata,Verticale ed orizzontale,Sereno,Normale,Buona,Ore Diurne,2,0,0,0,12.5266,41.876,0,,,,Pedone,F,Rimandato,0,NON DECEDUTO,,,
3997431,9,20/09/2018 10:00:00,Strada Urbana,VIA APPIA NUOVA,all'intersezione con,VIA DELL'ALMONE,VIA DELL'ALMONE,,,Scontro laterale fra veicoli in marcia,Intersezione semaforizzata,Due carreggiate,Asciutto,Asfaltata,Verticale ed orizzontale,Sereno,Normale,Buona,Ore Diurne,0,0,0,2,12.5599,41.8264,-1,1,Autocarro inferiore 35 q.,In marcia / fermata / arresto,Conducente,M,Illeso,0,,Utilizzato,Inesploso,
3997431,9,20/09/2018 10:00:00,Strada Urbana,VIA APPIA NUOVA,all'intersezione con,VIA DELL'ALMONE,VIA DELL'ALMONE,,,Scontro laterale fra veicoli in marcia,Intersezione semaforizzata,Due carreggiate,Asciutto,Asfaltata,Verticale ed orizzontale,Sereno,Normale,Buona,Ore Diurne,0,0,0,2,12.5599,41.8264,-1,2,Autocarro inferiore 35 q.,In marcia / fermata / arresto,Conducente,M,Illeso,0,,Utilizzato,Inesploso,
3997462,17,19/09/2018 20:30:00,Strada Urbana,VIA DELLA CONCILIAZIONE,all'intersezione semaforizzata con,VIA DELLA TRASPONTINA,VIA DELLA TRASPONTINA,,,Fuoriuscita dalla sede stradale,Intersezione semaforizzata,Pi� di due carreggiate,Bagnato (pioggia),Acciotolata,Verticale ed orizzontale,Pioggia in atto,Normale,Sufficiente,Sufficiente,6,0,0,0,12.463,41.9025,0,,,,Pedone,M,Rimandato,0,NON DECEDUTO,,,
3997462,17,19/09/2018 20:30:00,Strada Urbana,VIA DELLA CONCILIAZIONE,all'intersezione semaforizzata con,VIA DELLA TRASPONTINA,VIA DELLA TRASPONTINA,,,Fuoriuscita dalla sede stradale,Intersezione semaforizzata,Pi� di due carreggiate,Bagnato (pioggia),Acciotolata,Verticale ed orizzontale,Pioggia in atto,Normale,Sufficiente,Sufficiente,6,0,0,0,12.463,41.9025,0,,,,Pedone,M,Rimandato,0,NON DECEDUTO,,,
3997462,17,19/09/2018 20:30:00,Strada Urbana,VIA DELLA CONCILIAZIONE,all'intersezione semaforizzata con,VIA DELLA TRASPONTINA,VIA DELLA TRASPONTINA,,,Fuoriuscita dalla sede stradale,Intersezione semaforizzata,Pi� di due carreggiate,Bagnato (pioggia),Acciotolata,Verticale ed orizzontale,Pioggia in atto,Normale,Sufficiente,Sufficiente,6,0,0,0,12.463,41.9025,0,,,,Pedone,F,Rimandato,0,NON DECEDUTO,,,
3997462,17,19/09/2018 20:30:00,Strada Urbana,VIA DELLA CONCILIAZIONE,all'intersezione semaforizzata con,VIA DELLA TRASPONTINA,VIA DELLA TRASPONTINA,,,Fuoriuscita dalla sede stradale,Intersezione semaforizzata,Pi� di due carreggiate,Bagnato (pioggia),Acciotolata,Verticale ed orizzontale,Pioggia in atto,Normale,Sufficiente,Sufficiente,6,0,0,0,12.463,41.9025,0,,,,Pedone,M,Rimandato,0,NON DECEDUTO,,,
3997462,17,19/09/2018 20:30:00,Strada Urbana,VIA DELLA CONCILIAZIONE,all'intersezione semaforizzata con,VIA DELLA TRASPONTINA,VIA DELLA TRASPONTINA,,,Fuoriuscita dalla sede stradale,Intersezione semaforizzata,Pi� di due carreggiate,Bagnato (pioggia),Acciotolata,Verticale ed orizzontale,Pioggia in atto,Normale,Sufficiente,Sufficiente,6,0,0,0,12.463,41.9025,0,,,,Pedone,M,Rimandato,0,NON DECEDUTO,,,
3997462,17,19/09/2018 20:30:00,Strada Urbana,VIA DELLA CONCILIAZIONE,all'intersezione semaforizzata con,VIA DELLA TRASPONTINA,VIA DELLA TRASPONTINA,,,Fuoriuscita dalla sede stradale,Intersezione semaforizzata,Pi� di due carreggiate,Bagnato (pioggia),Acciotolata,Verticale ed orizzontale,Pioggia in atto,Normale,Sufficiente,Sufficiente,6,0,0,0,12.463,41.9025,0,1,Autovettura privata,In marcia / fermata / arresto,Conducente,M,Rimandato,0,NON DECEDUTO,,,
3997541,17,20/09/2018 10:45:00,Strada Urbana,VIALE VATICANO,in corrispondenza,,del civico n.,53,,Scontro laterale fra veicoli in marcia,Pendenza,Una carreggiata a doppio senso,Bagnato (umidit� in atto),Asfaltata,Verticale ed orizzontale,Nuvoloso,Normale,Buona,Ore Diurne,1,0,0,1,12.4482,41.904,-1,1,Autocarro inferiore 35 q.,In marcia / fermata / arresto,Conducente,M,Illeso,0,,Non accertato,Inesploso,
3997541,17,20/09/2018 10:45:00,Strada Urbana,VIALE VATICANO,in corrispondenza,,del civico n.,53,,Scontro laterale fra veicoli in marcia,Pendenza,Una carreggiata a doppio senso,Bagnato (umidit� in atto),Asfaltata,Verticale ed orizzontale,Nuvoloso,Normale,Buona,Ore Diurne,1,0,0,1,12.4482,41.904,-1,2,Motociclo a solo,In marcia / fermata / arresto,Conducente,M,Rimandato,0,NON DECEDUTO,Non accertato,,
3997606,19,20/09/2018 15:30:00,Strada Urbana,VIA STRESA,all'intersezione con,VIA MARIO FANI,VIA MARIO FANI,,,Scontro frontale/laterale DX fra veicoli in marcia,Incrocio,Una carreggiata a doppio senso,Asciutto,Asfaltata,Verticale ed orizzontale,Nuvoloso,Normale,Buona,Ore Diurne,0,0,0,2,12.4414,41.938,-1,1,Autovettura privata,In marcia / fermata / arresto,Conducente,F,Illeso,0,,Non accertato,Inesploso,
3997606,19,20/09/2018 15:30:00,Strada Urbana,VIA STRESA,all'intersezione con,VIA MARIO FANI,VIA MARIO FANI,,,Scontro frontale/laterale DX fra veicoli in marcia,Incrocio,Una carreggiata a doppio senso,Asciutto,Asfaltata,Verticale ed orizzontale,Nuvoloso,Normale,Buona,Ore Diurne,0,0,0,2,12.4414,41.938,-1,2,Autovettura privata,In marcia / fermata / arresto,Conducente,M,Illeso,0,,Non accertato,Inesploso,
3997611,2,20/09/2018 09:05:00,Strada Urbana,VIALE BRUNO BUOZZI,all'intersezione con,LARGO ILDEBRANDO PIZZETTI,LARGO ILDEBRANDO PIZZETTI,,,Infortunio per sola frenata improvvisa,Incrocio,Una carreggiata a doppio senso,Bagnato (pioggia),Asfaltata,Verticale ed orizzontale,Pioggia in atto,Intenso,Buona,Ore Diurne,1,0,0,1,12.482,41.9216,0,1,Motociclo a solo,In marcia / fermata / arresto,Conducente,M,Rifiuta cure immediate,0,NON DECEDUTO,Non accertato,,
3997611,2,20/09/2018 09:05:00,Strada Urbana,VIALE BRUNO BUOZZI,all'intersezione con,LARGO ILDEBRANDO PIZZETTI,LARGO ILDEBRANDO PIZZETTI,,,Infortunio per sola frenata improvvisa,Incrocio,Una carreggiata a doppio senso,Bagnato (pioggia),Asfaltata,Verticale ed orizzontale,Pioggia in atto,Intenso,Buona,Ore Diurne,1,0,0,1,12.482,41.9216,0,2,Autovettura privata,In marcia / fermata / arresto,Conducente,M,Illeso,0,,,,
3997666,16,19/09/2018 16:20:00,Strada Urbana,VIA DELLA PISANA,all'intersezione con,VIA DEI MATTEINI,VIA DEI MATTEINI,,,Scontro frontale/laterale DX fra veicoli in marcia,Intersezione stradale segnalata,Due carreggiate,Asciutto,Asfaltata,Verticale ed orizzontale,Nuvoloso,Normale,Buona,Ore Diurne,0,0,0,4,12.4964,41.9028,-1,1,Autovettura privata,In marcia / fermata / arresto,Conducente,F,Illeso,0,,Non accertato,Inesploso,
3997666,16,19/09/2018 16:20:00,Strada Urbana,VIA DELLA PISANA,all'intersezione con,VIA DEI MATTEINI,VIA DEI MATTEINI,,,Scontro frontale/laterale DX fra veicoli in marcia,Intersezione stradale segnalata,Due carreggiate,Asciutto,Asfaltata,Verticale ed orizzontale,Nuvoloso,Normale,Buona,Ore Diurne,0,0,0,4,12.4964,41.9028,-1,2,Autovettura privata,In marcia / fermata / arresto,Conducente,F,Illeso,0,,Non accertato,Inesploso,
3997666,16,19/09/2018 16:20:00,Strada Urbana,VIA DELLA PISANA,all'intersezione con,VIA DEI MATTEINI,VIA DEI MATTEINI,,,Scontro frontale/laterale DX fra veicoli in marcia,Intersezione stradale segnalata,Due carreggiate,Asciutto,Asfaltata,Verticale ed orizzontale,Nuvoloso,Normale,Buona,Ore Diurne,0,0,0,4,12.4964,41.9028,-1,3,Autovettura privata,In marcia / fermata / arresto,Conducente,M,Illeso,0,,Non accertato,Inesploso,
3997666,16,19/09/2018 16:20:00,Strada Urbana,VIA DELLA PISANA,all'intersezione con,VIA DEI MATTEINI,VIA DEI MATTEINI,,,Scontro frontale/laterale DX fra veicoli in marcia,Intersezione stradale segnalata,Due carreggiate,Asciutto,Asfaltata,Verticale ed orizzontale,Nuvoloso,Normale,Buona,Ore Diurne,0,0,0,4,12.4964,41.9028,-1,3,Autovettura privata,In marcia / fermata / arresto,Passeggero,M,Illeso,0,,Non accertato,Inesploso,
3997683,16,19/09/2018 20:20:00,Strada Urbana,VIALE DI TRASTEVERE,all'intersezione semaforizzata con,LARGO BERNARDINO DA FELTRE,LARGO BERNARDINO DA FELTRE,,,Tamponamento,Intersezione semaforizzata,Pi� di due carreggiate,Bagnato (pioggia),Asfaltata,Verticale ed orizzontale,Nuvoloso,Normale,Sufficiente,Sufficiente,0,0,0,2,12.4679,41.8817,-1,1,Autocarro inferiore 35 q.,In marcia / fermata / arresto,Conducente,M,Illeso,0,,Non accertato,Inesploso,
3997683,16,19/09/2018 20:20:00,Strada Urbana,VIALE DI TRASTEVERE,all'intersezione semaforizzata con,LARGO BERNARDINO DA FELTRE,LARGO BERNARDINO DA FELTRE,,,Tamponamento,Intersezione semaforizzata,Pi� di due carreggiate,Bagnato (pioggia),Asfaltata,Verticale ed orizzontale,Nuvoloso,Normale,Sufficiente,Sufficiente,0,0,0,2,12.4679,41.8817,-1,2,Autovettura privata,In marcia / fermata / arresto,Conducente,F,Illeso,0,,Non accertato,Inesploso,
3997761,7,20/09/2018 16:20:00,Strada Urbana,VIA EMILIO LONGONI,all'intersezione con,VIA PRENESTINA BIS,VIA PRENESTINA BIS,,,Scontro frontale/laterale SX fra veicoli in marcia,Rotatoria,Una carreggiata a senso unico di marcia,Bagnato (pioggia),Asfaltata,Verticale ed orizzontale,Pioggia in atto,Normale,Buona,Ore Diurne,0,0,0,2,12.6033,41.893,-1,1,Autocarro superiore 35 q.,In marcia / fermata / arresto,Conducente,M,Illeso,0,,,,
3997761,7,20/09/2018 16:20:00,Strada Urbana,VIA EMILIO LONGONI,all'intersezione con,VIA PRENESTINA BIS,VIA PRENESTINA BIS,,,Scontro frontale/laterale SX fra veicoli in marcia,Rotatoria,Una carreggiata a senso unico di marcia,Bagnato (pioggia),Asfaltata,Verticale ed orizzontale,Pioggia in atto,Normale,Buona,Ore Diurne,0,0,0,2,12.6033,41.893,-1,2,Autovettura privata,In marcia / fermata / arresto,Conducente,M,Illeso,0,,,,
3997779,10,20/09/2018 15:45:00,Strada Urbana,VIA ANAGNINA,da specificare,,,,rampa immissione Tuscolana dir. Roma,Veicolo in marcia contro ostacolo fisso,Curva senza visuale libera,Due carreggiate,Bagnato (pioggia),Asfaltata,Verticale ed orizzontale,Nuvoloso,Normale,Buona,Ore Diurne,0,0,0,1,12.5919,41.8395,-1,1,Autovettura privata,In marcia / fermata / arresto,Conducente,M,Illeso,0,,Non accertato,Inesistente,
3997790,16,20/09/2018 12:30:00,Strada Urbana,PIAZZA CARLO ALBERTO SCOTTI,all'intersezione con,VIA EDOARDO JENNER,VIA EDOARDO JENNER,,,Scontro frontale/laterale DX fra veicoli in marcia,Intersezione non regolata/non segnalata,Una carreggiata a senso unico di marcia,Bagnato (umidit� in atto),Asfaltata,Verticale,Nuvoloso,Normale,Buona,Ore Diurne,0,0,0,2,,,0,1,Autovettura privata,In marcia / fermata / arresto,Conducente,,Illeso,0,,,,
3997790,16,20/09/2018 12:30:00,Strada Urbana,PIAZZA CARLO ALBERTO SCOTTI,all'intersezione con,VIA EDOARDO JENNER,VIA EDOARDO JENNER,,,Scontro frontale/laterale DX fra veicoli in marcia,Intersezione non regolata/non segnalata,Una carreggiata a senso unico di marcia,Bagnato (umidit� in atto),Asfaltata,Verticale,Nuvoloso,Normale,Buona,Ore Diurne,0,0,0,2,,,0,2,Autovettura privata,In marcia / fermata / arresto,Conducente,F,Illeso,0,,,,
3997808,13,20/09/2018 17:02:00,Strada Urbana,VIALE DELLE REPUBBLICHE MARINARE,in corrispondenza,,del civico n.,102,,Scontro laterale fra veicoli in marcia,Rettilineo,Due carreggiate,Asciutto,Asfaltata,Orizzontale,Nuvoloso,Normale,Buona,Ore Diurne,0,0,0,2,12.2695,41.7362,-1,1,Autovettura privata,In marcia / fermata / arresto,Conducente,F,Illeso,0,,Non accertato,,
3997808,13,20/09/2018 17:02:00,Strada Urbana,VIALE DELLE REPUBBLICHE MARINARE,in corrispondenza,,del civico n.,102,,Scontro laterale fra veicoli in marcia,Rettilineo,Due carreggiate,Asciutto,Asfaltata,Orizzontale,Nuvoloso,Normale,Buona,Ore Diurne,0,0,0,2,12.2695,41.7362,-1,2,Autovettura privata,In marcia / fermata / arresto,Conducente,M,Illeso,0,,Non accertato,,
3997843,18,20/09/2018 09:30:00,Strada Urbana,VIA ANDREA ALCIATO,in corrispondenza,,del civico n.,6,,Veicolo in marcia contro veicolo in sosta,Rettilineo,Una carreggiata a senso unico di marcia,Bagnato (umidit� in atto),Asfaltata,Verticale ed orizzontale,Pioggia in atto,Normale,Sufficiente,Ore Diurne,0,0,0,1,12.4266,41.9048,-1,1,Autovettura privata,In marcia / fermata / arresto,Conducente,F,Illeso,0,,,,
3997851,5,20/09/2018 09:50:00,Strada Urbana,VIA GIUSEPPE ANTONIO ANDRIULLI,da specificare,,,,direz Tiburtina altez.svincolo v.le Serenissima,Tamponamento,Rettilineo,Una carreggiata a senso unico di marcia,Bagnato (umidit� in atto),Asfaltata,Verticale ed orizzontale,Nuvoloso,Normale,Buona,Ore Diurne,0,0,0,3,12.5576,41.9039,-1,1,Motociclo a solo,In marcia / fermata / arresto,Conducente,M,Illeso,0,,Non accertato,,
3997851,5,20/09/2018 09:50:00,Strada Urbana,VIA GIUSEPPE ANTONIO ANDRIULLI,da specificare,,,,direz Tiburtina altez.svincolo v.le Serenissima,Tamponamento,Rettilineo,Una carreggiata a senso unico di marcia,Bagnato (umidit� in atto),Asfaltata,Verticale ed orizzontale,Nuvoloso,Normale,Buona,Ore Diurne,0,0,0,3,12.5576,41.9039,-1,2,Autovettura privata,In marcia / fermata / arresto,Conducente,F,Illeso,0,,Non accertato,Inesploso,
3997851,5,20/09/2018 09:50:00,Strada Urbana,VIA GIUSEPPE ANTONIO ANDRIULLI,da specificare,,,,direz Tiburtina altez.svincolo v.le Serenissima,Tamponamento,Rettilineo,Una carreggiata a senso unico di marcia,Bagnato (umidit� in atto),Asfaltata,Verticale ed orizzontale,Nuvoloso,Normale,Buona,Ore Diurne,0,0,0,3,12.5576,41.9039,-1,2,Autovettura privata,In marcia / fermata / arresto,Passeggero,M,Illeso,0,,Non accertato,Inesploso,
3997859,18,20/09/2018 10:30:00,Strada Urbana,VIA DI CASAL SELCE,da specificare,,,,prossimit� svincolo VIA AURELIA,Scontro frontale/laterale SX fra veicoli in marcia,Curva a visuale libera,Una carreggiata a doppio senso,Bagnato (pioggia),Asfaltata,Verticale ed orizzontale,Nuvoloso,Normale,Buona,Ore Diurne,1,0,0,3,12.3471,41.9055,-1,1,Autocarro inferiore 35 q.,In marcia / fermata / arresto,Conducente,M,Illeso,0,,,,
3997859,18,20/09/2018 10:30:00,Strada Urbana,VIA DI CASAL SELCE,da specificare,,,,prossimit� svincolo VIA AURELIA,Scontro frontale/laterale SX fra veicoli in marcia,Curva a visuale libera,Una carreggiata a doppio senso,Bagnato (pioggia),Asfaltata,Verticale ed orizzontale,Nuvoloso,Normale,Buona,Ore Diurne,1,0,0,3,12.3471,41.9055,-1,2,Autovettura privata,In marcia / fermata / arresto,Conducente,M,Illeso,0,,,,
3997859,18,20/09/2018 10:30:00,Strada Urbana,VIA DI CASAL SELCE,da specificare,,,,prossimit� svincolo VIA AURELIA,Scontro frontale/laterale SX fra veicoli in marcia,Curva a visuale libera,Una carreggiata a doppio senso,Bagnato (pioggia),Asfaltata,Verticale ed orizzontale,Nuvoloso,Normale,Buona,Ore Diurne,1,0,0,3,12.3471,41.9055,-1,2,Autovettura privata,In marcia / fermata / arresto,Passeggero,M,Illeso,0,,,,
3997859,18,20/09/2018 10:30:00,Strada Urbana,VIA DI CASAL SELCE,da specificare,,,,prossimit� svincolo VIA AURELIA,Scontro frontale/laterale SX fra veicoli in marcia,Curva a visuale libera,Una carreggiata a doppio senso,Bagnato (pioggia),Asfaltata,Verticale ed orizzontale,Nuvoloso,Normale,Buona,Ore Diurne,1,0,0,3,12.3471,41.9055,-1,3,Autovettura privata,In marcia / fermata / arresto,Conducente,M,Rifiuta cure immediate,0,NON DECEDUTO,,,
3997863,17,20/09/2018 15:40:00,Strada Urbana,VIA TRIONFALE,in corrispondenza,,del civico n.,77,,Veicolo in marcia contro veicolo in sosta,Rettilineo,Una carreggiata a doppio senso,Asciutto,Asfaltata,Verticale ed orizzontale,Nuvoloso,Normale,Buona,Ore Diurne,0,0,0,3,12.4501,41.9148,-1,2,Autovettura privata,In marcia / fermata / arresto,Conducente,M,Illeso,0,,,,
3997863,17,20/09/2018 15:40:00,Strada Urbana,VIA TRIONFALE,in corrispondenza,,del civico n.,77,,Veicolo in marcia contro veicolo in sosta,Rettilineo,Una carreggiata a doppio senso,Asciutto,Asfaltata,Verticale ed orizzontale,Nuvoloso,Normale,Buona,Ore Diurne,0,0,0,3,12.4501,41.9148,-1,2,Autovettura privata,In marcia / fermata / arresto,Passeggero,M,Illeso,0,,,,
3997863,17,20/09/2018 15:40:00,Strada Urbana,VIA TRIONFALE,in corrispondenza,,del civico n.,77,,Veicolo in marcia contro veicolo in sosta,Rettilineo,Una carreggiata a doppio senso,Asciutto,Asfaltata,Verticale ed orizzontale,Nuvoloso,Normale,Buona,Ore Diurne,0,0,0,3,12.4501,41.9148,-1,2,Autovettura privata,In marcia / fermata / arresto,Passeggero,F,Illeso,0,,,,
3997871,19,20/09/2018 16:15:00,Strada Urbana,VIA DELLA STORTA,in corrispondenza,,del civico n.,252,,Scontro laterale fra veicoli in marcia,Rettilineo,Una carreggiata a doppio senso,Asciutto,Asfaltata,Orizzontale,Nuvoloso,Normale,Buona,Ore Diurne,0,0,0,2,12.3569,41.9525,-1,1,Autovettura privata,In marcia / fermata / arresto,Conducente,M,Illeso,0,,Non accertato,Esploso,
3997871,19,20/09/2018 16:15:00,Strada Urbana,VIA DELLA STORTA,in corrispondenza,,del civico n.,252,,Scontro laterale fra veicoli in marcia,Rettilineo,Una carreggiata a doppio senso,Asciutto,Asfaltata,Orizzontale,Nuvoloso,Normale,Buona,Ore Diurne,0,0,0,2,12.3569,41.9525,-1,2,Autovettura privata,In marcia / fermata / arresto,Conducente,M,Illeso,0,,Non accertato,Inesploso,
3997878,19,20/09/2018 08:20:00,Strada Urbana,VIA TRIONFALE,all'intersezione con,VIA BENEDETTO BACCHINI,VIA BENEDETTO BACCHINI,,,Veicolo in marcia contro ostacolo accidentale,Incrocio,Una carreggiata a doppio senso,Bagnato (pioggia),Asfaltata,Verticale ed orizzontale,Pioggia in atto,Intenso,Buona,Ore Diurne,1,0,0,0,12.4229,41.9409,-1,1,Motociclo a solo,In marcia / fermata / arresto,Conducente,M,Rimandato,0,NON DECEDUTO,,,
3997881,18,20/09/2018 11:00:00,Strada Urbana,VIA LEONE XIII,da specificare,,,,all'altezza di via DOMINICI,Scontro laterale fra veicoli in marcia,Curva a visuale libera,Due carreggiate,Bagnato (pioggia),Asfaltata,Verticale ed orizzontale,Nuvoloso,Normale,Buona,Ore Diurne,1,0,0,1,12.4404,41.8869,-1,1,Motociclo a solo,In marcia / fermata / arresto,Conducente,M,Rimandato,0,NON DECEDUTO,,,
3997881,18,20/09/2018 11:00:00,Strada Urbana,VIA LEONE XIII,da specificare,,,,all'altezza di via DOMINICI,Scontro laterale fra veicoli in marcia,Curva a visuale libera,Due carreggiate,Bagnato (pioggia),Asfaltata,Verticale ed orizzontale,Nuvoloso,Normale,Buona,Ore Diurne,1,0,0,1,12.4404,41.8869,-1,2,Autovettura privata,In marcia / fermata / arresto,Conducente,M,Illeso,0,,,,
3997885,10,20/09/2018 17:10:00,Strada Urbana,VIA TUSCOLANA,da specificare,,,,mt 50 prima inversione via B. Petrocelli,Tamponamento Multiplo,Rettilineo,Pi� di due carreggiate,Bagnato (pioggia),Asfaltata,Verticale ed orizzontale,Pioggia in atto,Normale,Buona,Ore Diurne,3,0,0,4,12.6079,41.8339,-1,1,Autovettura privata,In marcia / fermata / arresto,Conducente,F,Rifiuta cure immediate,0,NON DECEDUTO,Non accertato,Inesploso,
3997885,10,20/09/2018 17:10:00,Strada Urbana,VIA TUSCOLANA,da specificare,,,,mt 50 prima inversione via B. Petrocelli,Tamponamento Multiplo,Rettilineo,Pi� di due carreggiate,Bagnato (pioggia),Asfaltata,Verticale ed orizzontale,Pioggia in atto,Normale,Buona,Ore Diurne,3,0,0,4,12.6079,41.8339,-1,1,Autovettura privata,In marcia / fermata / arresto,Passeggero,M,Rimandato,0,NON DECEDUTO,Non accertato,Inesistente,
3997885,10,20/09/2018 17:10:00,Strada Urbana,VIA TUSCOLANA,da specificare,,,,mt 50 prima inversione via B. Petrocelli,Tamponamento Multiplo,Rettilineo,Pi� di due carreggiate,Bagnato (pioggia),Asfaltata,Verticale ed orizzontale,Pioggia in atto,Normale,Buona,Ore Diurne,3,0,0,4,12.6079,41.8339,-1,2,Autovettura privata,In marcia / fermata / arresto,Conducente,M,Rifiuta cure immediate,0,NON DECEDUTO,Non accertato,Inesploso,
3997885,10,20/09/2018 17:10:00,Strada Urbana,VIA TUSCOLANA,da specificare,,,,mt 50 prima inversione via B. Petrocelli,Tamponamento Multiplo,Rettilineo,Pi� di due carreggiate,Bagnato (pioggia),Asfaltata,Verticale ed orizzontale,Pioggia in atto,Normale,Buona,Ore Diurne,3,0,0,4,12.6079,41.8339,-1,3,Autovettura privata,In marcia / fermata / arresto,Conducente,M,Illeso,0,,Non accertato,Inesploso,
3997885,10,20/09/2018 17:10:00,Strada Urbana,VIA TUSCOLANA,da specificare,,,,mt 50 prima inversione via B. Petrocelli,Tamponamento Multiplo,Rettilineo,Pi� di due carreggiate,Bagnato (pioggia),Asfaltata,Verticale ed orizzontale,Pioggia in atto,Normale,Buona,Ore Diurne,3,0,0,4,12.6079,41.8339,-1,3,Autovettura privata,In marcia / fermata / arresto,Passeggero,F,Illeso,0,,Non accertato,Inesploso,
3997885,10,20/09/2018 17:10:00,Strada Urbana,VIA TUSCOLANA,da specificare,,,,mt 50 prima inversione via B. Petrocelli,Tamponamento Multiplo,Rettilineo,Pi� di due carreggiate,Bagnato (pioggia),Asfaltata,Verticale ed orizzontale,Pioggia in atto,Normale,Buona,Ore Diurne,3,0,0,4,12.6079,41.8339,-1,4,Autovettura privata,In marcia / fermata / arresto,Conducente,M,Illeso,0,,Non accertato,Inesploso,
3997885,10,20/09/2018 17:10:00,Strada Urbana,VIA TUSCOLANA,da specificare,,,,mt 50 prima inversione via B. Petrocelli,Tamponamento Multiplo,Rettilineo,Pi� di due carreggiate,Bagnato (pioggia),Asfaltata,Verticale ed orizzontale,Pioggia in atto,Normale,Buona,Ore Diurne,3,0,0,4,12.6079,41.8339,-1,5,Autovettura privata,In marcia / fermata / arresto,Conducente,M,Illeso,0,,Non accertato,Inesploso,
3997892,19,20/09/2018 11:20:00,Strada Urbana,VIA LINAROLO,in corrispondenza,,del civico n.,22F,,Tamponamento Multiplo,Rettilineo,Una carreggiata a doppio senso,Bagnato (umidit� in atto),Asfaltata,Verticale ed orizzontale,Nuvoloso,Normale,Buona,Ore Diurne,0,0,0,4,12.3839,41.9471,-1,1,Autovettura privata,In marcia / fermata / arresto,Conducente,F,Illeso,0,,,,
3997892,19,20/09/2018 11:20:00,Strada Urbana,VIA LINAROLO,in corrispondenza,,del civico n.,22F,,Tamponamento Multiplo,Rettilineo,Una carreggiata a doppio senso,Bagnato (umidit� in atto),Asfaltata,Verticale ed orizzontale,Nuvoloso,Normale,Buona,Ore Diurne,0,0,0,4,12.3839,41.9471,-1,2,Autovettura privata,In marcia / fermata / arresto,Conducente,F,Illeso,0,,Non accertato,,
3997892,19,20/09/2018 11:20:00,Strada Urbana,VIA LINAROLO,in corrispondenza,,del civico n.,22F,,Tamponamento Multiplo,Rettilineo,Una carreggiata a doppio senso,Bagnato (umidit� in atto),Asfaltata,Verticale ed orizzontale,Nuvoloso,Normale,Buona,Ore Diurne,0,0,0,4,12.3839,41.9471,-1,3,Autocarro inferiore 35 q.,In marcia / fermata / arresto,Conducente,M,Illeso,0,,Non accertato,,
3997892,19,20/09/2018 11:20:00,Strada Urbana,VIA LINAROLO,in corrispondenza,,del civico n.,22F,,Tamponamento Multiplo,Rettilineo,Una carreggiata a doppio senso,Bagnato (umidit� in atto),Asfaltata,Verticale ed orizzontale,Nuvoloso,Normale,Buona,Ore Diurne,0,0,0,4,12.3839,41.9471,-1,3,Autocarro inferiore 35 q.,In marcia / fermata / arresto,Passeggero,M,Illeso,0,,Non accertato,,