Protocollo,Gruppo,DataOraIncidente,Localizzazione1,STRADA1,Localizzazione2,STRADA2,Strada02,Chilometrica,DaSpecificare,NaturaIncidente,particolaritastrade,TipoStrada,FondoStradale,Pavimentazione,Segnaletica,CondizioneAtmosferica,Traffico,Visibilita,Illuminazione,NUM_FERITI,NUM_RISERVATA,NUM_MORTI,NUM_ILLESI,Longitudine,Latitudine,Confermato,Progressivo,TipoVeicolo,StatoVeicolo,TipoPersona,Sesso,Tipolesione,Deceduto,DecedutoDopo,CinturaCascoUtilizzato,Airbag,
3997907,18,20/09/2018 12:00:00,Strada Urbana,VIA DELLA MAGLIANELLA,in corrispondenza,,del civico n.,375,,Scontro laterale fra veicoli in marcia,Rettilineo,Una carreggiata a senso unico di marcia,Bagnato (pioggia),Asfaltata,Verticale ed orizzontale,Nuvoloso,Normale,Buona,Ore Diurne,1,0,0,1,12.3841,41.9141,-1,1,Autovettura privata,In marcia / fermata / arresto,Conducente,F,Illeso,0,,,,
3997907,18,20/09/2018 12:00:00,Strada Urbana,VIA DELLA MAGLIANELLA,in corrispondenza,,del civico n.,375,,Scontro laterale fra veicoli in marcia,Rettilineo,Una carreggiata a senso unico di marcia,Bagnato (pioggia),Asfaltata,Verticale ed orizzontale,Nuvoloso,Normale,Buona,Ore Diurne,1,0,0,1,12.3841,41.9141,-1,2,Motociclo a solo,In marcia / fermata / arresto,Conducente,M,Rifiuta cure immediate,0,NON DECEDUTO,,,
3997926,19,20/09/2018 12:00:00,Strada Urbana,VIA DIANO MARINA,all'intersezione con,VIA COGOLETO,VIA COGOLETO,,,Tamponamento,Incrocio,Una carreggiata a senso unico di marcia,Viscido da liquidi oleosi,Asfaltata,Verticale ed orizzontale,Nuvoloso,Normale,Buona,Ore Diurne,0,0,0,2,12.4206,41.9283,-1,1,Autovettura privata,In marcia / fermata / arresto,Conducente,F,Illeso,0,,,,
3997926,19,20/09/2018 12:00:00,Strada Urbana,VIA DIANO MARINA,all'intersezione con,VIA COGOLETO,VIA COGOLETO,,,Tamponamento,Incrocio,Una carreggiata a senso unico di marcia,Viscido da liquidi oleosi,Asfaltata,Verticale ed orizzontale,Nuvoloso,Normale,Buona,Ore Diurne,0,0,0,2,12.4206,41.9283,-1,2,Autovettura privata,In marcia / fermata / arresto,Conducente,F,Illeso,0,,,,
3997928,18,20/09/2018 13:15:00,Strada Urbana,VIA ENNIO BONIFAZI,da specificare,,,,fronte civico 80,Investimento di pedone,Rettilineo,Una carreggiata a doppio senso,Asciutto,Asfaltata,Verticale ed orizzontale,Nuvoloso,Normale,Buona,Ore Diurne,1,0,0,1,12.4168,41.9052,-1,,,,Pedone,F,Ricoverato,0,NON DECEDUTO,,,
3997928,18,20/09/2018 13:15:00,Strada Urbana,VIA ENNIO BONIFAZI,da specificare,,,,fronte civico 80,Investimento di pedone,Rettilineo,Una carreggiata a doppio senso,Asciutto,Asfaltata,Verticale ed orizzontale,Nuvoloso,Normale,Buona,Ore Diurne,1,0,0,1,12.4168,41.9052,-1,1,Motociclo a solo,In marcia / fermata / arresto,Conducente,M,Illeso,0,,,,
3997943,19,20/09/2018 12:10:00,Strada Urbana,VIA DIANO MARINA,all'intersezione con,VIA COGOLETO,VIA COGOLETO,,,Tamponamento,Incrocio,Una carreggiata a senso unico di marcia,Viscido da liquidi oleosi,Asfaltata,Verticale ed orizzontale,Nuvoloso,Normale,Buona,Ore Diurne,0,0,0,2,12.4206,41.9283,-1,1,Autovettura privata,In marcia / fermata / arresto,Conducente,M,Illeso,0,,Non accertato,Inesploso,
3997943,19,20/09/2018 12:10:00,Strada Urbana,VIA DIANO MARINA,all'intersezione con,VIA COGOLETO,VIA COGOLETO,,,Tamponamento,Incrocio,Una carreggiata a senso unico di marcia,Viscido da liquidi oleosi,Asfaltata,Verticale ed orizzontale,Nuvoloso,Normale,Buona,Ore Diurne,0,0,0,2,12.4206,41.9283,-1,2,Quadriciclo,In marcia / fermata / arresto,Conducente,F,Illeso,0,,Non accertato,Inesploso,
3997947,6,20/09/2018 14:05:00,Strada Urbana,LARGO PRENESTE,all'intersezione semaforizzata con,VIA DI PORTONACCIO,VIA DI PORTONACCIO,,,Scontro frontale/laterale DX fra veicoli in marcia,Incrocio,Pi� di due carreggiate,Bagnato (pioggia),Asfaltata,Verticale ed orizzontale,Pioggia in atto,Normale,Buona,Ore Diurne,1,0,0,1,12.5419,41.8928,-1,1,Autocarro inferiore 35 q.,In marcia / fermata / arresto,Conducente,M,Rifiuta cure immediate,0,NON DECEDUTO,,,
3997947,6,20/09/2018 14:05:00,Strada Urbana,LARGO PRENESTE,all'intersezione semaforizzata con,VIA DI PORTONACCIO,VIA DI PORTONACCIO,,,Scontro frontale/laterale DX fra veicoli in marcia,Incrocio,Pi� di due carreggiate,Bagnato (pioggia),Asfaltata,Verticale ed orizzontale,Pioggia in atto,Normale,Buona,Ore Diurne,1,0,0,1,12.5419,41.8928,-1,2,Autocarro inferiore 35 q.,In marcia / fermata / arresto,Conducente,M,Illeso,0,,,,
3997953,13,20/09/2018 17:45:00,Strada Urbana,VIA CRISTOFORO COLOMBO,da specificare,,,,tra via Vincenzo Davico e via Toscanini,Scontro laterale fra veicoli in marcia,Rettilineo,Pi� di due carreggiate,Asciutto,Asfaltata,Verticale ed orizzontale,Sereno,Normale,Buona,Ore Diurne,0,0,0,3,12.4121,41.786,-1,1,Autovettura privata,In marcia / fermata / arresto,Conducente,M,Illeso,0,,Non accertato,Inesploso,
3997953,13,20/09/2018 17:45:00,Strada Urbana,VIA CRISTOFORO COLOMBO,da specificare,,,,tra via Vincenzo Davico e via Toscanini,Scontro laterale fra veicoli in marcia,Rettilineo,Pi� di due carreggiate,Asciutto,Asfaltata,Verticale ed orizzontale,Sereno,Normale,Buona,Ore Diurne,0,0,0,3,12.4121,41.786,-1,1,Autovettura privata,In marcia / fermata / arresto,Passeggero,F,Illeso,0,,Non accertato,Inesploso,
3997953,13,20/09/2018 17:45:00,Strada Urbana,VIA CRISTOFORO COLOMBO,da specificare,,,,tra via Vincenzo Davico e via Toscanini,Scontro laterale fra veicoli in marcia,Rettilineo,Pi� di due carreggiate,Asciutto,Asfaltata,Verticale ed orizzontale,Sereno,Normale,Buona,Ore Diurne,0,0,0,3,12.4121,41.786,-1,2,Autovettura privata,In marcia / fermata / arresto,Conducente,F,Illeso,0,,Non accertato,Inesploso,
3997959,6,20/09/2018 16:20:00,Strada Urbana,VIALE DELL'ACQUEDOTTO ALESSANDRINO,in corrispondenza,,del civico n.,170,,Investimento di pedone,Rettilineo,Due carreggiate,Bagnato (pioggia),Asfaltata,Verticale ed orizzontale,Pioggia in atto,Normale,Sufficiente,Ore Diurne,2,0,0,2,12.5472,41.8762,-1,,,,Pedone,F,Rimandato,0,NON DECEDUTO,,,
3997959,6,20/09/2018 16:20:00,Strada Urbana,VIALE DELL'ACQUEDOTTO ALESSANDRINO,in corrispondenza,,del civico n.,170,,Investimento di pedone,Rettilineo,Due carreggiate,Bagnato (pioggia),Asfaltata,Verticale ed orizzontale,Pioggia in atto,Normale,Sufficiente,Ore Diurne,2,0,0,2,12.5472,41.8762,-1,,,,Pedone,F,Rimandato,0,NON DECEDUTO,,,
3997959,6,20/09/2018 16:20:00,Strada Urbana,VIALE DELL'ACQUEDOTTO ALESSANDRINO,in corrispondenza,,del civico n.,170,,Investimento di pedone,Rettilineo,Due carreggiate,Bagnato (pioggia),Asfaltata,Verticale ed orizzontale,Pioggia in atto,Normale,Sufficiente,Ore Diurne,2,0,0,2,12.5472,41.8762,-1,1,Autovettura privata,In marcia / fermata / arresto,Conducente,M,Illeso,0,,,,
3997959,6,20/09/2018 16:20:00,Strada Urbana,VIALE DELL'ACQUEDOTTO ALESSANDRINO,in corrispondenza,,del civico n.,170,,Investimento di pedone,Rettilineo,Due carreggiate,Bagnato (pioggia),Asfaltata,Verticale ed orizzontale,Pioggia in atto,Normale,Sufficiente,Ore Diurne,2,0,0,2,12.5472,41.8762,-1,1,Autovettura privata,In marcia / fermata / arresto,Passeggero,F,Illeso,0,,Non accertato,Inesploso,
3997980,15,20/09/2018 07:10:00,Strada Urbana,PIAZZA AUGUSTO LORENZINI,all'intersezione con,VIALE GIUSEPPE SIRTORI,VIALE GIUSEPPE SIRTORI,,,Scontro frontale/laterale SX fra veicoli in marcia,Incrocio,Una carreggiata a doppio senso,Bagnato (pioggia),Asfaltata,Verticale ed orizzontale,Sereno,Intenso,Buona,Ore Diurne,0,0,0,4,12.4505,41.8553,-1,1,Autovettura privata,In marcia / fermata / arresto,Conducente,F,Illeso,0,,,,
3997980,15,20/09/2018 07:10:00,Strada Urbana,PIAZZA AUGUSTO LORENZINI,all'intersezione con,VIALE GIUSEPPE SIRTORI,VIALE GIUSEPPE SIRTORI,,,Scontro frontale/laterale SX fra veicoli in marcia,Incrocio,Una carreggiata a doppio senso,Bagnato (pioggia),Asfaltata,Verticale ed orizzontale,Sereno,Intenso,Buona,Ore Diurne,0,0,0,4,12.4505,41.8553,-1,1,Autovettura privata,In marcia / fermata / arresto,Passeggero,M,Illeso,0,,,,
3997980,15,20/09/2018 07:10:00,Strada Urbana,PIAZZA AUGUSTO LORENZINI,all'intersezione con,VIALE GIUSEPPE SIRTORI,VIALE GIUSEPPE SIRTORI,,,Scontro frontale/laterale SX fra veicoli in marcia,Incrocio,Una carreggiata a doppio senso,Bagnato (pioggia),Asfaltata,Verticale ed orizzontale,Sereno,Intenso,Buona,Ore Diurne,0,0,0,4,12.4505,41.8553,-1,2,Autovettura privata,In marcia / fermata / arresto,Conducente,F,Illeso,0,,Non accertato,Inesploso,
3997980,15,20/09/2018 07:10:00,Strada Urbana,PIAZZA AUGUSTO LORENZINI,all'intersezione con,VIALE GIUSEPPE SIRTORI,VIALE GIUSEPPE SIRTORI,,,Scontro frontale/laterale SX fra veicoli in marcia,Incrocio,Una carreggiata a doppio senso,Bagnato (pioggia),Asfaltata,Verticale ed orizzontale,Sereno,Intenso,Buona,Ore Diurne,0,0,0,4,12.4505,41.8553,-1,2,Autovettura privata,In marcia / fermata / arresto,Passeggero,F,Illeso,0,,,,
3997987,15,20/09/2018 12:40:00,Strada Urbana,VIA DEI SAMPIERI,da specificare,,,,fronte civ. 43,Tamponamento,Curva a visuale libera,Una carreggiata a doppio senso,Bagnato (umidit� in atto),Asfaltata,Verticale ed orizzontale,Sereno,Scarso,Buona,Ore Diurne,0,0,0,2,12.4178,41.8543,-1,1,Autovettura privata,In marcia / fermata / arresto,Conducente,F,Illeso,0,,,,
3997987,15,20/09/2018 12:40:00,Strada Urbana,VIA DEI SAMPIERI,da specificare,,,,fronte civ. 43,Tamponamento,Curva a visuale libera,Una carreggiata a doppio senso,Bagnato (umidit� in atto),Asfaltata,Verticale ed orizzontale,Sereno,Scarso,Buona,Ore Diurne,0,0,0,2,12.4178,41.8543,-1,2,Autovettura privata,In marcia / fermata / arresto,Conducente,M,Illeso,0,,,,
3998145,10,20/09/2018 23:30:00,Strada Urbana,VIALE SPARTACO,all'intersezione semaforizzata con,VIA LUCIO SESTIO,VIA LUCIO SESTIO,,,Scontro frontale/laterale SX fra veicoli in marcia,Intersezione semaforizzata,Due carreggiate,Bagnato (umidit� in atto),Asfaltata,Verticale ed orizzontale,Nuvoloso,Scarso,Sufficiente,Sufficiente,0,0,0,2,12.5554,41.858,-1,1,Autovettura privata,In marcia / fermata / arresto,Conducente,M,Illeso,0,,Non accertato,Inesploso,
3998145,10,20/09/2018 23:30:00,Strada Urbana,VIALE SPARTACO,all'intersezione semaforizzata con,VIA LUCIO SESTIO,VIA LUCIO SESTIO,,,Scontro frontale/laterale SX fra veicoli in marcia,Intersezione semaforizzata,Due carreggiate,Bagnato (umidit� in atto),Asfaltata,Verticale ed orizzontale,Nuvoloso,Scarso,Sufficiente,Sufficiente,0,0,0,2,12.5554,41.858,-1,2,Autovettura privata,In marcia / fermata / arresto,Conducente,M,Illeso,0,,Non accertato,Inesploso,
3998342,9,20/09/2018 18:20:00,Strada Urbana,VIA TUSCOLANA,all'intersezione semaforizzata con,VIA DI PORTA FURBA,VIA DI PORTA FURBA,,,Scontro laterale fra veicoli in marcia,Intersezione semaforizzata,Due carreggiate,Bagnato (pioggia),Asfaltata,Verticale ed orizzontale,Nuvoloso,Intenso,Buona,Ore Diurne,0,0,0,3,12.538,41.8693,-1,1,Autovettura privata,In marcia / fermata / arresto,Conducente,M,Illeso,0,,Non accertato,Inesploso,
3998342,9,20/09/2018 18:20:00,Strada Urbana,VIA TUSCOLANA,all'intersezione semaforizzata con,VIA DI PORTA FURBA,VIA DI PORTA FURBA,,,Scontro laterale fra veicoli in marcia,Intersezione semaforizzata,Due carreggiate,Bagnato (pioggia),Asfaltata,Verticale ed orizzontale,Nuvoloso,Intenso,Buona,Ore Diurne,0,0,0,3,12.538,41.8693,-1,2,Autovettura privata,In marcia / fermata / arresto,Conducente,M,Illeso,0,,Non accertato,Inesploso,
3998342,9,20/09/2018 18:20:00,Strada Urbana,VIA TUSCOLANA,all'intersezione semaforizzata con,VIA DI PORTA FURBA,VIA DI PORTA FURBA,,,Scontro laterale fra veicoli in marcia,Intersezione semaforizzata,Due carreggiate,Bagnato (pioggia),Asfaltata,Verticale ed orizzontale,Nuvoloso,Intenso,Buona,Ore Diurne,0,0,0,3,12.538,41.8693,-1,2,Autovettura privata,In marcia / fermata / arresto,Passeggero,F,Illeso,0,,Non accertato,Inesploso,
3998343,9,21/09/2018 03:00:00,Strada Urbana,VIA IMERA,in prossimit�,,del civico n.,11,,Veicolo in marcia contro veicoli in sosta,Rettilineo,Una carreggiata a doppio senso,Asciutto,Asfaltata,Verticale ed orizzontale,Sereno,Scarso,Insufficiente,Sufficiente,0,0,0,1,12.5104,41.8769,-1,1,Autovettura privata,In marcia / fermata / arresto,Conducente,F,Illeso,0,,Non accertato,Inesploso,
3998351,8,20/09/2018 11:50:00,Statale entro l'abitato,VIA CASILINA,all'intersezione con,VIA DEI COLOMBI,VIA DEI COLOMBI,,,Scontro frontale/laterale DX fra veicoli in marcia,Intersezione semaforizzata,Una carreggiata a doppio senso,Bagnato (umidit� in atto),Asfaltata,Verticale ed orizzontale,Nuvoloso,Normale,Buona,Ore Diurne,1,0,0,0,,,0,1,Motociclo a solo,In marcia / fermata / arresto,Conducente,M,Ricoverato,0,NON DECEDUTO,,,
3998357,8,20/09/2018 16:30:00,Strada Urbana,VIA DI TOR BELLA MONACA,in prossimit�,,del palo luce n.,21,,Fuoriuscita dalla sede stradale,Curva senza visuale libera,Due carreggiate,Bagnato (pioggia),Strada pavimentata dissestata,Verticale ed orizzontale,Pioggia in atto,Normale,Sufficiente,Ore Diurne,0,0,0,1,12.6282,41.8763,-1,1,Autovettura privata,In marcia / fermata / arresto,Conducente,F,Illeso,0,,Non accertato,Esploso,
3998363,8,20/09/2018 18:35:00,Strada Urbana,VIALE DUILIO CAMBELLOTTI,in corrispondenza,,del civico n.,121,,Scontro laterale fra veicoli in marcia,Rettilineo,Due carreggiate,Bagnato (umidit� in atto),Asfaltata,Verticale ed orizzontale,Nuvoloso,Normale,Buona,Ore Diurne,0,0,0,3,12.6317,41.8688,-1,1,Autovettura privata,In marcia / fermata / arresto,Conducente,F,Illeso,0,,Non accertato,Inesploso,
3998363,8,20/09/2018 18:35:00,Strada Urbana,VIALE DUILIO CAMBELLOTTI,in corrispondenza,,del civico n.,121,,Scontro laterale fra veicoli in marcia,Rettilineo,Due carreggiate,Bagnato (umidit� in atto),Asfaltata,Verticale ed orizzontale,Nuvoloso,Normale,Buona,Ore Diurne,0,0,0,3,12.6317,41.8688,-1,2,Autovettura privata,In marcia / fermata / arresto,Conducente,M,Illeso,0,,Non accertato,Inesploso,
3998363,8,20/09/2018 18:35:00,Strada Urbana,VIALE DUILIO CAMBELLOTTI,in corrispondenza,,del civico n.,121,,Scontro laterale fra veicoli in marcia,Rettilineo,Due carreggiate,Bagnato (umidit� in atto),Asfaltata,Verticale ed orizzontale,Nuvoloso,Normale,Buona,Ore Diurne,0,0,0,3,12.6317,41.8688,-1,2,Autovettura privata,In marcia / fermata / arresto,Passeggero,F,Illeso,0,,Non accertato,Inesploso,
3998370,11,20/09/2018 19:15:00,Strada Urbana,VIA DELLE CONCE,in corrispondenza,,del civico n.,12,,Investimento di pedone,Rettilineo,Una carreggiata a doppio senso,Bagnato (umidit� in atto),Asfaltata,Orizzontale,Nuvoloso,Intenso,Sufficiente,Sufficiente,1,0,0,1,12.4783,41.8738,0,,,,Pedone,F,Rimandato,0,NON DECEDUTO,,,
3998370,11,20/09/2018 19:15:00,Strada Urbana,VIA DELLE CONCE,in corrispondenza,,del civico n.,12,,Investimento di pedone,Rettilineo,Una carreggiata a doppio senso,Bagnato (umidit� in atto),Asfaltata,Orizzontale,Nuvoloso,Intenso,Sufficiente,Sufficiente,1,0,0,1,12.4783,41.8738,0,1,Autovettura privata,In marcia / fermata / arresto,Conducente,M,Illeso,0,,Non accertato,,
3998373,8,20/09/2018 20:30:00,Strada Urbana,VIA PRENESTINA,da specificare,,,,fronte civico 1260,Scontro frontale/laterale DX fra veicoli in marcia,Rettilineo,Una carreggiata a doppio senso,Asciutto,Asfaltata,Assente,Sereno,Scarso,Buona,Sufficiente,0,0,0,2,12.6152,41.8933,-1,1,Autovettura privata,In marcia / fermata / arresto,Conducente,M,Illeso,0,,,,
3998373,8,20/09/2018 20:30:00,Strada Urbana,VIA PRENESTINA,da specificare,,,,fronte civico 1260,Scontro frontale/laterale DX fra veicoli in marcia,Rettilineo,Una carreggiata a doppio senso,Asciutto,Asfaltata,Assente,Sereno,Scarso,Buona,Sufficiente,0,0,0,2,12.6152,41.8933,-1,2,Motociclo a solo,In marcia / fermata / arresto,Conducente,M,Illeso,0,,,,
3998375,8,20/09/2018 16:30:00,,VIA CASILINA,in corrispondenza,,del civico n.,1676,,Veicolo in marcia contro veicolo arresto,,,,,,,,,,0,0,0,3,,,0,1,Autovettura privata,In marcia / fermata / arresto,Conducente,F,Illeso,0,,Non accertato,Inesploso,
3998375,8,20/09/2018 16:30:00,,VIA CASILINA,in corrispondenza,,del civico n.,1676,,Veicolo in marcia contro veicolo arresto,,,,,,,,,,0,0,0,3,,,0,1,Autovettura privata,In marcia / fermata / arresto,Passeggero,F,Illeso,0,,Non accertato,Inesploso,
3998375,8,20/09/2018 16:30:00,,VIA CASILINA,in corrispondenza,,del civico n.,1676,,Veicolo in marcia contro veicolo arresto,,,,,,,,,,0,0,0,3,,,0,1,Autovettura privata,In marcia / fermata / arresto,Passeggero,F,Illeso,0,,Non accertato,Inesploso,
3998379,11,20/09/2018 09:20:00,Strada Urbana,VIA ARDEATINA,da specificare,,,,PALO ACEA 127,Investimento di pedone,Rettilineo,Una carreggiata a doppio senso,Bagnato (pioggia),Asfaltata,Verticale ed orizzontale,Pioggia in atto,Intenso,Sufficiente,Ore Diurne,1,0,0,1,12.5182,41.8298,-1,,,,Pedone,F,Rimandato,0,NON DECEDUTO,,,
3998379,11,20/09/2018 09:20:00,Strada Urbana,VIA ARDEATINA,da specificare,,,,PALO ACEA 127,Investimento di pedone,Rettilineo,Una carreggiata a doppio senso,Bagnato (pioggia),Asfaltata,Verticale ed orizzontale,Pioggia in atto,Intenso,Sufficiente,Ore Diurne,1,0,0,1,12.5182,41.8298,-1,1,Motociclo a solo,In marcia / fermata / arresto,Conducente,M,Illeso,0,,Non accertato,,
3998380,8,20/09/2018 07:40:00,,VIALE DUILIO CAMBELLOTTI,da specificare,,,,dir. PTV pross. Via Casilina,Veicolo in marcia contro ostacolo fisso,,,,,,,,,,1,0,0,0,12.6297,41.8674,0,1,Autovettura privata,In marcia / fermata / arresto,Conducente,M,Rimandato,0,NON DECEDUTO,,,
3998382,8,20/09/2018 17:00:00,Strada Urbana,VIA DI TOR BELLA MONACA,in prossimit�,,del civico n.,427,,Tamponamento,Rettilineo,Una carreggiata a senso unico di marcia,Bagnato (pioggia),Asfaltata,Verticale ed orizzontale,Pioggia in atto,Normale,Sufficiente,Ore Diurne,0,0,0,2,12.6319,41.8726,0,1,Autovettura privata,In marcia / fermata / arresto,Conducente,M,Illeso,0,,Non accertato,Inesploso,
3998382,8,20/09/2018 17:00:00,Strada Urbana,VIA DI TOR BELLA MONACA,in prossimit�,,del civico n.,427,,Tamponamento,Rettilineo,Una carreggiata a senso unico di marcia,Bagnato (pioggia),Asfaltata,Verticale ed orizzontale,Pioggia in atto,Normale,Sufficiente,Ore Diurne,0,0,0,2,12.6319,41.8726,0,1,Autovettura privata,In marcia / fermata / arresto,Passeggero,F,Illeso,0,,Non accertato,Inesploso,
3998383,8,20/09/2018 18:40:00,Strada Urbana,VIALE DUILIO CAMBELLOTTI,da specificare,,,,altezza sottopasso Metro C stazione Torre Angela,Veicolo in marcia contro ostacolo fisso,Curva senza visuale libera,Due carreggiate,Bagnato (pioggia),Asfaltata,Verticale ed orizzontale,Nuvoloso,Normale,Sufficiente,Ore Diurne,1,0,0,0,12.6297,41.8674,0,1,Autovettura privata,In marcia / fermata / arresto,Conducente,F,Rimandato,0,NON DECEDUTO,Non accertato,Esploso,
3998388,13,20/09/2018 10:05:00,Strada Urbana,VIALE DEI ROMAGNOLI,da specificare,,,,pross. Via Del Collettore Primario,Tamponamento Multiplo,Rettilineo,Una carreggiata a doppio senso,Bagnato (pioggia),Asfaltata,Verticale ed orizzontale,Pioggia in atto,Intenso,Buona,Ore Diurne,0,0,0,4,12.3224,41.7691,-1,1,Autovettura privata,In marcia / fermata / arresto,Conducente,M,Illeso,0,,,,
3998388,13,20/09/2018 10:05:00,Strada Urbana,VIALE DEI ROMAGNOLI,da specificare,,,,pross. Via Del Collettore Primario,Tamponamento Multiplo,Rettilineo,Una carreggiata a doppio senso,Bagnato (pioggia),Asfaltata,Verticale ed orizzontale,Pioggia in atto,Intenso,Buona,Ore Diurne,0,0,0,4,12.3224,41.7691,-1,1,Autovettura privata,In marcia / fermata / arresto,Passeggero,F,Illeso,0,,Non accertato,Inesploso,
3998388,13,20/09/2018 10:05:00,Strada Urbana,VIALE DEI ROMAGNOLI,da specificare,,,,pross. Via Del Collettore Primario,Tamponamento Multiplo,Rettilineo,Una carreggiata a doppio senso,Bagnato (pioggia),Asfaltata,Verticale ed orizzontale,Pioggia in atto,Intenso,Buona,Ore Diurne,0,0,0,4,12.3224,41.7691,-1,2,Autocarro inferiore 35 q.,In marcia / fermata / arresto,Conducente,M,Illeso,0,,,,
3998388,13,20/09/2018 10:05:00,Strada Urbana,VIALE DEI ROMAGNOLI,da specificare,,,,pross. Via Del Collettore Primario,Tamponamento Multiplo,Rettilineo,Una carreggiata a doppio senso,Bagnato (pioggia),Asfaltata,Verticale ed orizzontale,Pioggia in atto,Intenso,Buona,Ore Diurne,0,0,0,4,12.3224,41.7691,-1,3,Autovettura privata,In marcia / fermata / arresto,Conducente,M,Illeso,0,,,,
3998390,8,20/09/2018 08:00:00,Strada Urbana,VIA WALTER TOBAGI,in corrispondenza,,del civico n.,9,,Veicolo in marcia contro ostacolo fisso,Rettilineo,Una carreggiata a senso unico di marcia,Bagnato (pioggia),Asfaltata,Verticale ed orizzontale,Pioggia in atto,Normale,Buona,Ore Diurne,3,0,0,0,,,0,1,Autovettura privata,In marcia / fermata / arresto,Conducente,M,Ricoverato,0,NON DECEDUTO,,,
3998390,8,20/09/2018 08:00:00,Strada Urbana,VIA WALTER TOBAGI,in corrispondenza,,del civico n.,9,,Veicolo in marcia contro ostacolo fisso,Rettilineo,Una carreggiata a senso unico di marcia,Bagnato (pioggia),Asfaltata,Verticale ed orizzontale,Pioggia in atto,Normale,Buona,Ore Diurne,3,0,0,0,,,0,1,Autovettura privata,In marcia / fermata / arresto,Passeggero,F,Ricoverato,0,NON DECEDUTO,,,
3998390,8,20/09/2018 08:00:00,Strada Urbana,VIA WALTER TOBAGI,in corrispondenza,,del civico n.,9,,Veicolo in marcia contro ostacolo fisso,Rettilineo,Una carreggiata a senso unico di marcia,Bagnato (pioggia),Asfaltata,Verticale ed orizzontale,Pioggia in atto,Normale,Buona,Ore Diurne,3,0,0,0,,,0,1,Autovettura privata,In marcia / fermata / arresto,Passeggero,M,Ricoverato,0,NON DECEDUTO,,,
3998394,13,20/09/2018 10:45:00,Strada Urbana,VIA COSTANZO CASANA,in corrispondenza,,del civico n.,267,,Scontro frontale/laterale DX fra veicoli in marcia,Rettilineo,Due carreggiate,Bagnato (pioggia),Asfaltata,Assente,Nuvoloso,Scarso,Buona,Ore Diurne,0,0,0,4,12.2669,41.7381,-1,1,Autovettura privata,In marcia / fermata / arresto,Conducente,F,Illeso,0,,Non accertato,Inesploso,
3998394,13,20/09/2018 10:45:00,Strada Urbana,VIA COSTANZO CASANA,in corrispondenza,,del civico n.,267,,Scontro frontale/laterale DX fra veicoli in marcia,Rettilineo,Due carreggiate,Bagnato (pioggia),Asfaltata,Assente,Nuvoloso,Scarso,Buona,Ore Diurne,0,0,0,4,12.2669,41.7381,-1,2,Autovettura privata,In marcia / fermata / arresto,Conducente,F,Illeso,0,,Non accertato,Inesploso,
3998394,13,20/09/2018 10:45:00,Strada Urbana,VIA COSTANZO CASANA,in corrispondenza,,del civico n.,267,,Scontro frontale/laterale DX fra veicoli in marcia,Rettilineo,Due carreggiate,Bagnato (pioggia),Asfaltata,Assente,Nuvoloso,Scarso,Buona,Ore Diurne,0,0,0,4,12.2669,41.7381,-1,2,Autovettura privata,In marcia / fermata / arresto,Passeggero,F,Illeso,0,,Non accertato,Inesploso,
3998394,13,20/09/2018 10:45:00,Strada Urbana,VIA COSTANZO CASANA,in corrispondenza,,del civico n.,267,,Scontro frontale/laterale DX fra veicoli in marcia,Rettilineo,Due carreggiate,Bagnato (pioggia),Asfaltata,Assente,Nuvoloso,Scarso,Buona,Ore Diurne,0,0,0,4,12.2669,41.7381,-1,2,Autovettura privata,In marcia / fermata / arresto,Passeggero,F,Illeso,0,,Utilizzato,Inesploso,
3998397,20,20/09/2018 13:50:00,Regionale entro l'abitato,VIA FLAMINIA,da specificare,,,,altezza largo del cimitero di Prima Porta,Scontro frontale/laterale DX fra veicoli in marcia,Rettilineo,Una carreggiata a doppio senso,Bagnato (pioggia),Asfaltata,Verticale ed orizzontale,Nuvoloso,Scarso,Buona,Ore Diurne,0,0,0,2,12.4876,42.0165,-1,1,Autovettura privata,In marcia / fermata / arresto,Conducente,F,Illeso,0,,Non accertato,Inesploso,
3998397,20,20/09/2018 13:50:00,Regionale entro l'abitato,VIA FLAMINIA,da specificare,,,,altezza largo del cimitero di Prima Porta,Scontro frontale/laterale DX fra veicoli in marcia,Rettilineo,Una carreggiata a doppio senso,Bagnato (pioggia),Asfaltata,Verticale ed orizzontale,Nuvoloso,Scarso,Buona,Ore Diurne,0,0,0,2,12.4876,42.0165,-1,2,Autovettura privata,In marcia / fermata / arresto,Conducente,M,Illeso,0,,Non accertato,Inesploso,
3998398,13,20/09/2018 06:55:00,Strada Urbana,VIA DI TOR BOACCIANA,da specificare,,,,in pross.t� VIA DEL PONTE DI TOR BOACCIANA,Tamponamento,Rettilineo,Una carreggiata a senso unico di marcia,Bagnato (pioggia),Asfaltata,Orizzontale,Pioggia in atto,Intenso,Buona,Ore Diurne,2,0,0,2,12.2788,41.752,-1,1,Autovettura privata,In marcia / fermata / arresto,Conducente,F,Illeso,0,,,,
3998398,13,20/09/2018 06:55:00,Strada Urbana,VIA DI TOR BOACCIANA,da specificare,,,,in pross.t� VIA DEL PONTE DI TOR BOACCIANA,Tamponamento,Rettilineo,Una carreggiata a senso unico di marcia,Bagnato (pioggia),Asfaltata,Orizzontale,Pioggia in atto,Intenso,Buona,Ore Diurne,2,0,0,2,12.2788,41.752,-1,2,Autovettura di polizia,In marcia / fermata / arresto,Conducente,M,Rimandato,0,NON DECEDUTO,,,