Protocollo,Gruppo,DataOraIncidente,Localizzazione1,STRADA1,Localizzazione2,STRADA2,Strada02,Chilometrica,DaSpecificare,NaturaIncidente,particolaritastrade,TipoStrada,FondoStradale,Pavimentazione,Segnaletica,CondizioneAtmosferica,Traffico,Visibilita,Illuminazione,NUM_FERITI,NUM_RISERVATA,NUM_MORTI,NUM_ILLESI,Longitudine,Latitudine,Confermato,Progressivo,TipoVeicolo,StatoVeicolo,TipoPersona,Sesso,Tipolesione,Deceduto,DecedutoDopo,CinturaCascoUtilizzato,Airbag,
3998398,13,20/09/2018 06:55:00,Strada Urbana,VIA DI TOR BOACCIANA,da specificare,,,,in pross.t� VIA DEL PONTE DI TOR BOACCIANA,Tamponamento,Rettilineo,Una carreggiata a senso unico di marcia,Bagnato (pioggia),Asfaltata,Orizzontale,Pioggia in atto,Intenso,Buona,Ore Diurne,2,0,0,2,12.2788,41.752,-1,2,Autovettura di polizia,In marcia / fermata / arresto,Passeggero,M,Illeso,0,,,,
3998398,13,20/09/2018 06:55:00,Strada Urbana,VIA DI TOR BOACCIANA,da specificare,,,,in pross.t� VIA DEL PONTE DI TOR BOACCIANA,Tamponamento,Rettilineo,Una carreggiata a senso unico di marcia,Bagnato (pioggia),Asfaltata,Orizzontale,Pioggia in atto,Intenso,Buona,Ore Diurne,2,0,0,2,12.2788,41.752,-1,2,Autovettura di polizia,In marcia / fermata / arresto,Passeggero,M,Rimandato,0,NON DECEDUTO,,,
3998400,11,20/09/2018 12:00:00,Strada Urbana,VIALE LEONARDO DA VINCI,all'intersezione con,VIA GIOVANNIPOLI,VIA GIOVANNIPOLI,,,Infortunio per sola frenata improvvisa,Incrocio,Una carreggiata a doppio senso,Bagnato (pioggia),Asfaltata,Verticale ed orizzontale,Nuvoloso,Scarso,Buona,Ore Diurne,1,0,0,2,12.4807,41.8594,-1,1,Autovettura privata,In marcia / fermata / arresto,Conducente,M,Illeso,0,,,,
3998400,11,20/09/2018 12:00:00,Strada Urbana,VIALE LEONARDO DA VINCI,all'intersezione con,VIA GIOVANNIPOLI,VIA GIOVANNIPOLI,,,Infortunio per sola frenata improvvisa,Incrocio,Una carreggiata a doppio senso,Bagnato (pioggia),Asfaltata,Verticale ed orizzontale,Nuvoloso,Scarso,Buona,Ore Diurne,1,0,0,2,12.4807,41.8594,-1,1,Autovettura privata,In marcia / fermata / arresto,Passeggero,F,Illeso,0,,,,
3998400,11,20/09/2018 12:00:00,Strada Urbana,VIALE LEONARDO DA VINCI,all'intersezione con,VIA GIOVANNIPOLI,VIA GIOVANNIPOLI,,,Infortunio per sola frenata improvvisa,Incrocio,Una carreggiata a doppio senso,Bagnato (pioggia),Asfaltata,Verticale ed orizzontale,Nuvoloso,Scarso,Buona,Ore Diurne,1,0,0,2,12.4807,41.8594,-1,2,Motociclo a solo,In marcia / fermata / arresto,Conducente,F,Rimandato,0,NON DECEDUTO,,,
3998402,11,20/09/2018 11:26:00,Strada Urbana,VIA CRISTOFORO COLOMBO,da specificare,,,,palo Acea n. 188,Scontro laterale fra veicoli in marcia,Rettilineo,Pi� di due carreggiate,Asciutto,Asfaltata,Verticale ed orizzontale,Nuvoloso,Normale,Buona,Ore Diurne,1,0,0,3,12.491,41.855,-1,1,Autovettura privata,In marcia / fermata / arresto,Conducente,M,Illeso,0,,Non accertato,,
3998402,11,20/09/2018 11:26:00,Strada Urbana,VIA CRISTOFORO COLOMBO,da specificare,,,,palo Acea n. 188,Scontro laterale fra veicoli in marcia,Rettilineo,Pi� di due carreggiate,Asciutto,Asfaltata,Verticale ed orizzontale,Nuvoloso,Normale,Buona,Ore Diurne,1,0,0,3,12.491,41.855,-1,1,Autovettura privata,In marcia / fermata / arresto,Passeggero,F,Illeso,0,,Non accertato,Inesploso,
3998402,11,20/09/2018 11:26:00,Strada Urbana,VIA CRISTOFORO COLOMBO,da specificare,,,,palo Acea n. 188,Scontro laterale fra veicoli in marcia,Rettilineo,Pi� di due carreggiate,Asciutto,Asfaltata,Verticale ed orizzontale,Nuvoloso,Normale,Buona,Ore Diurne,1,0,0,3,12.491,41.855,-1,2,Autovettura privata,In marcia / fermata / arresto,Conducente,M,Rimandato,0,NON DECEDUTO,Non accertato,,
3998402,11,20/09/2018 11:26:00,Strada Urbana,VIA CRISTOFORO COLOMBO,da specificare,,,,palo Acea n. 188,Scontro laterale fra veicoli in marcia,Rettilineo,Pi� di due carreggiate,Asciutto,Asfaltata,Verticale ed orizzontale,Nuvoloso,Normale,Buona,Ore Diurne,1,0,0,3,12.491,41.855,-1,3,Autovettura privata,In marcia / fermata / arresto,Conducente,F,Illeso,0,,Non accertato,,
3998407,13,20/09/2018 22:30:00,Strada Urbana,VIA DELLE GONDOLE,all'intersezione con,VIA DELLE BALENIERE,VIA DELLE BALENIERE,,,Scontro frontale/laterale SX fra veicoli in marcia,Incrocio,Una carreggiata a senso unico di marcia,Bagnato (pioggia),Asfaltata,Verticale ed orizzontale,Nuvoloso,Scarso,Buona,Sufficiente,2,0,0,2,12.2766,41.7354,-1,1,Autovettura privata,In marcia / fermata / arresto,Conducente,F,Rifiuta cure immediate,0,NON DECEDUTO,,,
3998407,13,20/09/2018 22:30:00,Strada Urbana,VIA DELLE GONDOLE,all'intersezione con,VIA DELLE BALENIERE,VIA DELLE BALENIERE,,,Scontro frontale/laterale SX fra veicoli in marcia,Incrocio,Una carreggiata a senso unico di marcia,Bagnato (pioggia),Asfaltata,Verticale ed orizzontale,Nuvoloso,Scarso,Buona,Sufficiente,2,0,0,2,12.2766,41.7354,-1,1,Autovettura privata,In marcia / fermata / arresto,Passeggero,F,Illeso,0,,,,
3998407,13,20/09/2018 22:30:00,Strada Urbana,VIA DELLE GONDOLE,all'intersezione con,VIA DELLE BALENIERE,VIA DELLE BALENIERE,,,Scontro frontale/laterale SX fra veicoli in marcia,Incrocio,Una carreggiata a senso unico di marcia,Bagnato (pioggia),Asfaltata,Verticale ed orizzontale,Nuvoloso,Scarso,Buona,Sufficiente,2,0,0,2,12.2766,41.7354,-1,2,Autovettura privata,In marcia / fermata / arresto,Conducente,M,Illeso,0,,,,
3998407,13,20/09/2018 22:30:00,Strada Urbana,VIA DELLE GONDOLE,all'intersezione con,VIA DELLE BALENIERE,VIA DELLE BALENIERE,,,Scontro frontale/laterale SX fra veicoli in marcia,Incrocio,Una carreggiata a senso unico di marcia,Bagnato (pioggia),Asfaltata,Verticale ed orizzontale,Nuvoloso,Scarso,Buona,Sufficiente,2,0,0,2,12.2766,41.7354,-1,2,Autovettura privata,In marcia / fermata / arresto,Passeggero,F,Rifiuta cure immediate,0,NON DECEDUTO,,,
3998409,19,20/09/2018 13:00:00,Strada Urbana,VIA MATTIA BATTISTINI,all'intersezione con,VIA SUOR CELESTINA DONATI,VIA SUOR CELESTINA DONATI,,,Scontro laterale fra veicoli in marcia,Incrocio,Una carreggiata a doppio senso,Bagnato (pioggia),Asfaltata,Verticale ed orizzontale,Pioggia in atto,Scarso,Buona,Ore Diurne,1,0,0,2,12.4184,41.9139,-1,1,Autovettura privata,In marcia / fermata / arresto,Conducente,F,Illeso,0,,,,
3998409,19,20/09/2018 13:00:00,Strada Urbana,VIA MATTIA BATTISTINI,all'intersezione con,VIA SUOR CELESTINA DONATI,VIA SUOR CELESTINA DONATI,,,Scontro laterale fra veicoli in marcia,Incrocio,Una carreggiata a doppio senso,Bagnato (pioggia),Asfaltata,Verticale ed orizzontale,Pioggia in atto,Scarso,Buona,Ore Diurne,1,0,0,2,12.4184,41.9139,-1,1,Autovettura privata,In marcia / fermata / arresto,Passeggero,F,Illeso,0,,,,
3998409,19,20/09/2018 13:00:00,Strada Urbana,VIA MATTIA BATTISTINI,all'intersezione con,VIA SUOR CELESTINA DONATI,VIA SUOR CELESTINA DONATI,,,Scontro laterale fra veicoli in marcia,Incrocio,Una carreggiata a doppio senso,Bagnato (pioggia),Asfaltata,Verticale ed orizzontale,Pioggia in atto,Scarso,Buona,Ore Diurne,1,0,0,2,12.4184,41.9139,-1,2,Motociclo a solo,In marcia / fermata / arresto,Conducente,M,Ricoverato,0,NON DECEDUTO,,,
3998410,13,20/09/2018 17:00:00,Strada Urbana,VIA DEL FOSSO DI DRAGONCELLO,all'intersezione con,VIA DEI PESCATORI,VIA DEI PESCATORI,,,Fuoriuscita dalla sede stradale,Incrocio,Una carreggiata a senso unico di marcia,Asciutto,Asfaltata,Verticale ed orizzontale,Sereno,Scarso,Buona,Ore Diurne,0,0,0,1,12.3299,41.7577,-1,1,Autovettura privata,In marcia / fermata / arresto,Conducente,M,Illeso,0,,Non accertato,Inesploso,
3998412,11,20/09/2018 09:05:00,Strada Urbana,VIA APPIA ANTICA,in corrispondenza,,del civico n.,126,,Ribaltamento senza urto contro ostacolo fisso,Rettilineo,Una carreggiata a senso unico di marcia,Bagnato (pioggia),Acciotolata,Verticale ed orizzontale,Pioggia in atto,Intenso,Sufficiente,Ore Diurne,1,0,0,0,12.5135,41.8585,-1,1,Motociclo a solo,In marcia / fermata / arresto,Conducente,M,Rimandato,0,NON DECEDUTO,Non accertato,,
3998418,11,20/09/2018 08:50:00,Strada Urbana,VIA APPIA ANTICA,da specificare,,,,PROSSIMITA' VICOLO DELLE SETTE CHIESE,Ribaltamento senza urto contro ostacolo fisso,Rettilineo,Una carreggiata a senso unico di marcia,Bagnato (pioggia),Acciotolata,Verticale ed orizzontale,Pioggia in atto,Intenso,Sufficiente,Ore Diurne,1,0,0,0,12.5158,41.8563,-1,1,Motociclo a solo,In marcia / fermata / arresto,Conducente,M,Rimandato,0,NON DECEDUTO,,,
3998428,20,20/09/2018 09:10:00,Strada Urbana,VIALE CORTINA D'AMPEZZO,all'intersezione con,VIA MISURINA,VIA MISURINA,,,Scontro laterale fra veicoli in marcia,Intersezione stradale segnalata,Una carreggiata a doppio senso,Bagnato (pioggia),Asfaltata,Verticale ed orizzontale,Pioggia in atto,Normale,Buona,Ore Diurne,1,0,0,1,12.4437,41.9478,-1,1,Autovettura privata,In marcia / fermata / arresto,Conducente,M,Illeso,0,,Non accertato,Inesploso,
3998428,20,20/09/2018 09:10:00,Strada Urbana,VIALE CORTINA D'AMPEZZO,all'intersezione con,VIA MISURINA,VIA MISURINA,,,Scontro laterale fra veicoli in marcia,Intersezione stradale segnalata,Una carreggiata a doppio senso,Bagnato (pioggia),Asfaltata,Verticale ed orizzontale,Pioggia in atto,Normale,Buona,Ore Diurne,1,0,0,1,12.4437,41.9478,-1,2,Motociclo a solo,In marcia / fermata / arresto,Conducente,M,Rimandato,0,NON DECEDUTO,Non accertato,,
3998429,1,20/09/2018 14:45:00,Strada Urbana,VIA EMILIO MOROSINI,in prossimit�,,del civico n.,27,,Tamponamento Multiplo,Rettilineo,Una carreggiata a senso unico di marcia,Asciutto,Asfaltata,Assente,Nuvoloso,Normale,Buona,Ore Diurne,1,0,0,3,12.4703,41.8858,-1,1,Autovettura pubblica,In marcia / fermata / arresto,Conducente,M,Illeso,0,,Non accertato,,
3998429,1,20/09/2018 14:45:00,Strada Urbana,VIA EMILIO MOROSINI,in prossimit�,,del civico n.,27,,Tamponamento Multiplo,Rettilineo,Una carreggiata a senso unico di marcia,Asciutto,Asfaltata,Assente,Nuvoloso,Normale,Buona,Ore Diurne,1,0,0,3,12.4703,41.8858,-1,2,Autovettura privata,In marcia / fermata / arresto,Conducente,M,Rifiuta cure immediate,0,NON DECEDUTO,Non accertato,,
3998429,1,20/09/2018 14:45:00,Strada Urbana,VIA EMILIO MOROSINI,in prossimit�,,del civico n.,27,,Tamponamento Multiplo,Rettilineo,Una carreggiata a senso unico di marcia,Asciutto,Asfaltata,Assente,Nuvoloso,Normale,Buona,Ore Diurne,1,0,0,3,12.4703,41.8858,-1,3,Autovettura privata,In marcia / fermata / arresto,Conducente,M,Illeso,0,,Non accertato,,
3998429,1,20/09/2018 14:45:00,Strada Urbana,VIA EMILIO MOROSINI,in prossimit�,,del civico n.,27,,Tamponamento Multiplo,Rettilineo,Una carreggiata a senso unico di marcia,Asciutto,Asfaltata,Assente,Nuvoloso,Normale,Buona,Ore Diurne,1,0,0,3,12.4703,41.8858,-1,3,Autovettura privata,In marcia / fermata / arresto,Passeggero,F,Illeso,0,,Non accertato,,
3998434,19,20/09/2018 22:10:00,Strada Urbana,VIA DI TORREVECCHIA,in corrispondenza,,del civico n.,302,,Veicolo in marcia contro veicoli in sosta,Rettilineo,Una carreggiata a doppio senso,Bagnato (pioggia),Asfaltata,Orizzontale,Pioggia in atto,Scarso,Buona,Sufficiente,0,0,0,1,12.4157,41.9272,-1,3,Autovettura privata,In marcia / fermata / arresto,Conducente,M,Illeso,0,,Non accertato,Inesploso,
3998445,20,20/09/2018 17:45:00,Statale,VIA FLAMINIA,da specificare,,,,cavalcavia n. 3 direzione G.R.A.,Tamponamento Multiplo,Rettilineo,Due carreggiate,Bagnato (pioggia),Asfaltata,Verticale ed orizzontale,Pioggia in atto,Intenso,Buona,Ore Diurne,0,0,0,4,12.4719,41.9419,-1,1,Autovettura privata,In marcia / fermata / arresto,Conducente,M,Illeso,0,,Non accertato,Inesploso,
3998445,20,20/09/2018 17:45:00,Statale,VIA FLAMINIA,da specificare,,,,cavalcavia n. 3 direzione G.R.A.,Tamponamento Multiplo,Rettilineo,Due carreggiate,Bagnato (pioggia),Asfaltata,Verticale ed orizzontale,Pioggia in atto,Intenso,Buona,Ore Diurne,0,0,0,4,12.4719,41.9419,-1,2,Autovettura privata,In marcia / fermata / arresto,Conducente,F,Illeso,0,,Non accertato,Inesploso,
3998445,20,20/09/2018 17:45:00,Statale,VIA FLAMINIA,da specificare,,,,cavalcavia n. 3 direzione G.R.A.,Tamponamento Multiplo,Rettilineo,Due carreggiate,Bagnato (pioggia),Asfaltata,Verticale ed orizzontale,Pioggia in atto,Intenso,Buona,Ore Diurne,0,0,0,4,12.4719,41.9419,-1,3,Autovettura privata,In marcia / fermata / arresto,Conducente,M,Illeso,0,,Non accertato,Inesploso,
3998445,20,20/09/2018 17:45:00,Statale,VIA FLAMINIA,da specificare,,,,cavalcavia n. 3 direzione G.R.A.,Tamponamento Multiplo,Rettilineo,Due carreggiate,Bagnato (pioggia),Asfaltata,Verticale ed orizzontale,Pioggia in atto,Intenso,Buona,Ore Diurne,0,0,0,4,12.4719,41.9419,-1,3,Autovettura privata,In marcia / fermata / arresto,Passeggero,M,Illeso,0,,Non accertato,Inesploso,
3998463,17,20/09/2018 20:10:00,Strada Urbana,VIA LEPANTO,all'intersezione con,VIALE GIULIO CESARE,VIALE GIULIO CESARE,,,Scontro laterale fra veicoli in marcia,Intersezione semaforizzata,Una carreggiata a doppio senso,Bagnato (umidit� in atto),Asfaltata,Verticale ed orizzontale,Nuvoloso,Intenso,Buona,Sufficiente,0,0,0,2,12.4661,41.9115,-1,1,Autovettura privata,In marcia / fermata / arresto,Conducente,M,Illeso,0,,,,
3998463,17,20/09/2018 20:10:00,Strada Urbana,VIA LEPANTO,all'intersezione con,VIALE GIULIO CESARE,VIALE GIULIO CESARE,,,Scontro laterale fra veicoli in marcia,Intersezione semaforizzata,Una carreggiata a doppio senso,Bagnato (umidit� in atto),Asfaltata,Verticale ed orizzontale,Nuvoloso,Intenso,Buona,Sufficiente,0,0,0,2,12.4661,41.9115,-1,2,Autovettura privata,In marcia / fermata / arresto,Conducente,M,Illeso,0,,,,
3998467,20,20/09/2018 07:50:00,Provinciale,VIA TIBERINA,da specificare,,,,fronte civico 107,Scontro laterale fra veicoli in marcia,Rettilineo,Una carreggiata a doppio senso,Bagnato (pioggia),Asfaltata,Verticale ed orizzontale,Pioggia in atto,Normale,Buona,Ore Diurne,0,0,0,2,12.5051,42.0262,-1,1,Autovettura privata,In marcia / fermata / arresto,Conducente,M,Illeso,0,,Non accertato,Inesploso,
3998467,20,20/09/2018 07:50:00,Provinciale,VIA TIBERINA,da specificare,,,,fronte civico 107,Scontro laterale fra veicoli in marcia,Rettilineo,Una carreggiata a doppio senso,Bagnato (pioggia),Asfaltata,Verticale ed orizzontale,Pioggia in atto,Normale,Buona,Ore Diurne,0,0,0,2,12.5051,42.0262,-1,2,Autovettura privata,In marcia / fermata / arresto,Conducente,M,Illeso,0,,Non accertato,Inesploso,
3998474,20,20/09/2018 09:30:00,Strada Urbana,VIA CASSIA,in corrispondenza,,del civico n.,1766,,Scontro laterale fra veicoli in marcia,Rettilineo,Una carreggiata a doppio senso,Bagnato (umidit� in atto),Asfaltata,Verticale ed orizzontale,Nuvoloso,Normale,Buona,Ore Diurne,0,0,0,3,12.378,42.0106,-1,1,Autovettura privata,In marcia / fermata / arresto,Conducente,M,Illeso,0,,Non accertato,Inesploso,
3998474,20,20/09/2018 09:30:00,Strada Urbana,VIA CASSIA,in corrispondenza,,del civico n.,1766,,Scontro laterale fra veicoli in marcia,Rettilineo,Una carreggiata a doppio senso,Bagnato (umidit� in atto),Asfaltata,Verticale ed orizzontale,Nuvoloso,Normale,Buona,Ore Diurne,0,0,0,3,12.378,42.0106,-1,2,Autovettura privata,In marcia / fermata / arresto,Conducente,M,Illeso,0,,Non accertato,Inesploso,
3998474,20,20/09/2018 09:30:00,Strada Urbana,VIA CASSIA,in corrispondenza,,del civico n.,1766,,Scontro laterale fra veicoli in marcia,Rettilineo,Una carreggiata a doppio senso,Bagnato (umidit� in atto),Asfaltata,Verticale ed orizzontale,Nuvoloso,Normale,Buona,Ore Diurne,0,0,0,3,12.378,42.0106,-1,2,Autovettura privata,In marcia / fermata / arresto,Passeggero,M,Illeso,0,,Non accertato,Inesploso,
3998475,5,20/09/2018 12:35:00,Strada Urbana,VIA DI PIETRALATA,all'intersezione con,VIA MICHELE GORTANI,VIA MICHELE GORTANI,,,Investimento di pedone,Incrocio,Una carreggiata a doppio senso,Bagnato (umidit� in atto),Asfaltata,Verticale ed orizzontale,Nuvoloso,Normale,Buona,Ore Diurne,1,0,0,0,12.5469,41.9214,0,,,,Pedone,M,Rimandato,0,NON DECEDUTO,,,
3998490,5,20/09/2018 16:30:00,Strada Urbana,VIA TIBURTINA,all'intersezione semaforizzata con,VIA SAMBUCI,VIA SAMBUCI,,,Scontro frontale/laterale DX fra veicoli in marcia,Intersezione semaforizzata,Due carreggiate,Bagnato (pioggia),Asfaltata,Verticale ed orizzontale,Pioggia in atto,Normale,Buona,Ore Diurne,2,0,0,1,12.6125,41.9359,-1,1,Autovettura privata,In marcia / fermata / arresto,Conducente,M,Rimandato,0,NON DECEDUTO,Non accertato,Inesploso,
3998490,5,20/09/2018 16:30:00,Strada Urbana,VIA TIBURTINA,all'intersezione semaforizzata con,VIA SAMBUCI,VIA SAMBUCI,,,Scontro frontale/laterale DX fra veicoli in marcia,Intersezione semaforizzata,Due carreggiate,Bagnato (pioggia),Asfaltata,Verticale ed orizzontale,Pioggia in atto,Normale,Buona,Ore Diurne,2,0,0,1,12.6125,41.9359,-1,1,Autovettura privata,In marcia / fermata / arresto,Passeggero,F,Rimandato,0,NON DECEDUTO,Non accertato,Inesploso,
3998490,5,20/09/2018 16:30:00,Strada Urbana,VIA TIBURTINA,all'intersezione semaforizzata con,VIA SAMBUCI,VIA SAMBUCI,,,Scontro frontale/laterale DX fra veicoli in marcia,Intersezione semaforizzata,Due carreggiate,Bagnato (pioggia),Asfaltata,Verticale ed orizzontale,Pioggia in atto,Normale,Buona,Ore Diurne,2,0,0,1,12.6125,41.9359,-1,2,Autovettura privata,In marcia / fermata / arresto,Conducente,M,Illeso,0,,Non accertato,Inesploso,
3998507,20,20/09/2018 18:10:00,Regionale entro l'abitato,VIA CASSIA,in prossimit�,,del civico n.,386,,Scontro laterale fra veicoli in marcia,Curva senza visuale libera,Una carreggiata a doppio senso,Bagnato (pioggia),Asfaltata,Orizzontale,Pioggia in atto,Scarso,Buona,Ore Diurne,4,0,0,1,12.4563,41.9534,-1,1,Autovettura privata,In marcia / fermata / arresto,Conducente,M,Rimandato,0,NON DECEDUTO,Non accertato,Inesploso,
3998507,20,20/09/2018 18:10:00,Regionale entro l'abitato,VIA CASSIA,in prossimit�,,del civico n.,386,,Scontro laterale fra veicoli in marcia,Curva senza visuale libera,Una carreggiata a doppio senso,Bagnato (pioggia),Asfaltata,Orizzontale,Pioggia in atto,Scarso,Buona,Ore Diurne,4,0,0,1,12.4563,41.9534,-1,1,Autovettura privata,In marcia / fermata / arresto,Passeggero,M,Rimandato,0,NON DECEDUTO,Non accertato,,
3998507,20,20/09/2018 18:10:00,Regionale entro l'abitato,VIA CASSIA,in prossimit�,,del civico n.,386,,Scontro laterale fra veicoli in marcia,Curva senza visuale libera,Una carreggiata a doppio senso,Bagnato (pioggia),Asfaltata,Orizzontale,Pioggia in atto,Scarso,Buona,Ore Diurne,4,0,0,1,12.4563,41.9534,-1,2,Autobus urbano,In marcia / fermata / arresto,Conducente,M,Illeso,0,,Non accertato,Inesploso,
3998507,20,20/09/2018 18:10:00,Regionale entro l'abitato,VIA CASSIA,in prossimit�,,del civico n.,386,,Scontro laterale fra veicoli in marcia,Curva senza visuale libera,Una carreggiata a doppio senso,Bagnato (pioggia),Asfaltata,Orizzontale,Pioggia in atto,Scarso,Buona,Ore Diurne,4,0,0,1,12.4563,41.9534,-1,2,Autobus urbano,In marcia / fermata / arresto,Passeggero,F,Rimandato,0,NON DECEDUTO,Non accertato,Inesploso,
3998507,20,20/09/2018 18:10:00,Regionale entro l'abitato,VIA CASSIA,in prossimit�,,del civico n.,386,,Scontro laterale fra veicoli in marcia,Curva senza visuale libera,Una carreggiata a doppio senso,Bagnato (pioggia),Asfaltata,Orizzontale,Pioggia in atto,Scarso,Buona,Ore Diurne,4,0,0,1,12.4563,41.9534,-1,2,Autobus urbano,In marcia / fermata / arresto,Passeggero,F,Rimandato,0,NON DECEDUTO,Non accertato,Inesploso,
3998511,1,20/09/2018 22:30:00,Strada Urbana,VIA MERULANA,all'intersezione con,VIA MECENATE,VIA MECENATE,,,Scontro frontale/laterale DX fra veicoli in marcia,Incrocio,Una carreggiata a doppio senso,Bagnato (pioggia),Asfaltata,Verticale ed orizzontale,Nuvoloso,Scarso,Sufficiente,Sufficiente,0,0,0,4,12.5022,41.8916,-1,1,Autovettura privata,In marcia / fermata / arresto,Conducente,M,Illeso,0,,Non accertato,Inesploso,
3998511,1,20/09/2018 22:30:00,Strada Urbana,VIA MERULANA,all'intersezione con,VIA MECENATE,VIA MECENATE,,,Scontro frontale/laterale DX fra veicoli in marcia,Incrocio,Una carreggiata a doppio senso,Bagnato (pioggia),Asfaltata,Verticale ed orizzontale,Nuvoloso,Scarso,Sufficiente,Sufficiente,0,0,0,4,12.5022,41.8916,-1,2,Autovettura privata,In marcia / fermata / arresto,Conducente,F,Illeso,0,,Non accertato,Inesploso,
3998511,1,20/09/2018 22:30:00,Strada Urbana,VIA MERULANA,all'intersezione con,VIA MECENATE,VIA MECENATE,,,Scontro frontale/laterale DX fra veicoli in marcia,Incrocio,Una carreggiata a doppio senso,Bagnato (pioggia),Asfaltata,Verticale ed orizzontale,Nuvoloso,Scarso,Sufficiente,Sufficiente,0,0,0,4,12.5022,41.8916,-1,2,Autovettura privata,In marcia / fermata / arresto,Passeggero,M,Illeso,0,,Non accertato,Inesploso,
3998511,1,20/09/2018 22:30:00,Strada Urbana,VIA MERULANA,all'intersezione con,VIA MECENATE,VIA MECENATE,,,Scontro frontale/laterale DX fra veicoli in marcia,Incrocio,Una carreggiata a doppio senso,Bagnato (pioggia),Asfaltata,Verticale ed orizzontale,Nuvoloso,Scarso,Sufficiente,Sufficiente,0,0,0,4,12.5022,41.8916,-1,3,Autovettura privata,In marcia / fermata / arresto,Conducente,M,Illeso,0,,Non accertato,Inesploso,
3998512,5,20/09/2018 17:00:00,Strada Urbana,VIA ARCEVIA,all'intersezione con,VIA OSIMO,VIA OSIMO,,,Scontro frontale/laterale SX fra veicoli in marcia,Incrocio,Una carreggiata a senso unico di marcia,Bagnato (pioggia),Asfaltata,Verticale,Pioggia in atto,Normale,Sufficiente,Ore Diurne,0,0,0,4,12.5839,41.9356,-1,1,Autovettura privata,In marcia / fermata / arresto,Conducente,M,Illeso,0,,Non accertato,Inesploso,
3998512,5,20/09/2018 17:00:00,Strada Urbana,VIA ARCEVIA,all'intersezione con,VIA OSIMO,VIA OSIMO,,,Scontro frontale/laterale SX fra veicoli in marcia,Incrocio,Una carreggiata a senso unico di marcia,Bagnato (pioggia),Asfaltata,Verticale,Pioggia in atto,Normale,Sufficiente,Ore Diurne,0,0,0,4,12.5839,41.9356,-1,1,Autovettura privata,In marcia / fermata / arresto,Passeggero,M,Illeso,0,,Non accertato,Inesploso,
3998512,5,20/09/2018 17:00:00,Strada Urbana,VIA ARCEVIA,all'intersezione con,VIA OSIMO,VIA OSIMO,,,Scontro frontale/laterale SX fra veicoli in marcia,Incrocio,Una carreggiata a senso unico di marcia,Bagnato (pioggia),Asfaltata,Verticale,Pioggia in atto,Normale,Sufficiente,Ore Diurne,0,0,0,4,12.5839,41.9356,-1,2,Autovettura privata,In marcia / fermata / arresto,Conducente,M,Illeso,0,,Non accertato,Inesploso,
3998512,5,20/09/2018 17:00:00,Strada Urbana,VIA ARCEVIA,all'intersezione con,VIA OSIMO,VIA OSIMO,,,Scontro frontale/laterale SX fra veicoli in marcia,Incrocio,Una carreggiata a senso unico di marcia,Bagnato (pioggia),Asfaltata,Verticale,Pioggia in atto,Normale,Sufficiente,Ore Diurne,0,0,0,4,12.5839,41.9356,-1,2,Autovettura privata,In marcia / fermata / arresto,Passeggero,M,Illeso,0,,Non accertato,Inesploso,
3998517,5,20/09/2018 21:45:00,Strada Urbana,VIA TIBURTINA,all'intersezione con,VIA DELLE CAVE DI PIETRALATA,VIA DELLE CAVE DI PIETRALATA,,,Scontro laterale fra veicoli in marcia,Incrocio,Due carreggiate,Bagnato (pioggia),Asfaltata,Verticale ed orizzontale,Nuvoloso,Normale,Sufficiente,Sufficiente,0,0,0,3,12.5367,41.9085,-1,1,Autovettura privata,In marcia / fermata / arresto,Conducente,M,Illeso,0,,,,
3998517,5,20/09/2018 21:45:00,Strada Urbana,VIA TIBURTINA,all'intersezione con,VIA DELLE CAVE DI PIETRALATA,VIA DELLE CAVE DI PIETRALATA,,,Scontro laterale fra veicoli in marcia,Incrocio,Due carreggiate,Bagnato (pioggia),Asfaltata,Verticale ed orizzontale,Nuvoloso,Normale,Sufficiente,Sufficiente,0,0,0,3,12.5367,41.9085,-1,1,Autovettura privata,In marcia / fermata / arresto,Passeggero,M,Illeso,0,,Non accertato,Inesploso,
3998517,5,20/09/2018 21:45:00,Strada Urbana,VIA TIBURTINA,all'intersezione con,VIA DELLE CAVE DI PIETRALATA,VIA DELLE CAVE DI PIETRALATA,,,Scontro laterale fra veicoli in marcia,Incrocio,Due carreggiate,Bagnato (pioggia),Asfaltata,Verticale ed orizzontale,Nuvoloso,Normale,Sufficiente,Sufficiente,0,0,0,3,12.5367,41.9085,-1,2,Autovettura privata,In marcia / fermata / arresto,Conducente,M,Illeso,0,,Non accertato,Inesploso,
3998524,5,21/09/2018 03:40:00,,VIA ANGELO DELLA PERGOLA,in prossimit�,,del civico n.,6,,Infortunio per sola frenata improvvisa,,,,,,,,,,1,0,0,1,12.5376,41.8904,0,1,Motociclo a solo,In marcia / fermata / arresto,Conducente,M,Rimandato,0,NON DECEDUTO,,,