Protocollo,Gruppo,DataOraIncidente,Localizzazione1,STRADA1,Localizzazione2,STRADA2,Strada02,Chilometrica,DaSpecificare,NaturaIncidente,particolaritastrade,TipoStrada,FondoStradale,Pavimentazione,Segnaletica,CondizioneAtmosferica,Traffico,Visibilita,Illuminazione,NUM_FERITI,NUM_RISERVATA,NUM_MORTI,NUM_ILLESI,Longitudine,Latitudine,Confermato,Progressivo,TipoVeicolo,StatoVeicolo,TipoPersona,Sesso,Tipolesione,Deceduto,DecedutoDopo,CinturaCascoUtilizzato,Airbag,
3998524,5,21/09/2018 03:40:00,,VIA ANGELO DELLA PERGOLA,in prossimit�,,del civico n.,6,,Infortunio per sola frenata improvvisa,,,,,,,,,,1,0,0,1,12.5376,41.8904,0,2,Autovettura di polizia,In marcia / fermata / arresto,Conducente,M,Illeso,0,,,,
3998526,4,20/09/2018 07:00:00,Strada Urbana,VIALE JONIO,da specificare,,,,fronte Via Scarpanto,Scontro laterale fra veicoli in marcia,Rettilineo,Due carreggiate,Bagnato (pioggia),Asfaltata,Verticale ed orizzontale,Pioggia in atto,Normale,Buona,Ore Diurne,0,0,0,2,12.536,41.9442,-1,1,Motociclo a solo,In marcia / fermata / arresto,Conducente,M,Illeso,0,,Non accertato,,
3998526,4,20/09/2018 07:00:00,Strada Urbana,VIALE JONIO,da specificare,,,,fronte Via Scarpanto,Scontro laterale fra veicoli in marcia,Rettilineo,Due carreggiate,Bagnato (pioggia),Asfaltata,Verticale ed orizzontale,Pioggia in atto,Normale,Buona,Ore Diurne,0,0,0,2,12.536,41.9442,-1,2,Autocarro inferiore 35 q.,In marcia / fermata / arresto,Conducente,M,Illeso,0,,Non accertato,,
3998527,20,20/09/2018 10:00:00,Strada Urbana,VIA MACHERIO,all'intersezione con,VIA BISUSCHIO,VIA BISUSCHIO,,,Scontro frontale/laterale SX fra veicoli in marcia,Incrocio,Pi� di due carreggiate,Bagnato (umidit� in atto),Asfaltata,Verticale ed orizzontale,Pioggia in atto,Normale,Buona,Ore Diurne,0,0,0,2,12.4754,41.9984,-1,1,Autocarro inferiore 35 q.,In marcia / fermata / arresto,Conducente,M,Illeso,0,,Non accertato,Inesploso,
3998527,20,20/09/2018 10:00:00,Strada Urbana,VIA MACHERIO,all'intersezione con,VIA BISUSCHIO,VIA BISUSCHIO,,,Scontro frontale/laterale SX fra veicoli in marcia,Incrocio,Pi� di due carreggiate,Bagnato (umidit� in atto),Asfaltata,Verticale ed orizzontale,Pioggia in atto,Normale,Buona,Ore Diurne,0,0,0,2,12.4754,41.9984,-1,2,Autovettura privata,In marcia / fermata / arresto,Conducente,F,Illeso,0,,Non accertato,Inesploso,
3998532,7,20/09/2018 08:50:00,Strada Urbana,VIALE PALMIRO TOGLIATTI,in corrispondenza,,del palo luce n.,386,,Ribaltamento senza urto contro ostacolo fisso,Rettilineo,Due carreggiate,Bagnato (pioggia),Asfaltata,Orizzontale,Pioggia in atto,Normale,Buona,Ore Diurne,1,0,0,0,12.5733,41.8872,-1,1,Motociclo a solo,In marcia / fermata / arresto,Conducente,F,Rimandato,0,NON DECEDUTO,Non accertato,,
3998533,16,20/09/2018 16:00:00,,VIA LEONE XIII,in prossimit�,,del civico n.,16,,Tamponamento,,,,,,,,,,1,0,0,1,12.4397,41.8901,0,1,Autovettura privata,In marcia / fermata / arresto,Conducente,F,Illeso,0,,,,
3998533,16,20/09/2018 16:00:00,,VIA LEONE XIII,in prossimit�,,del civico n.,16,,Tamponamento,,,,,,,,,,1,0,0,1,12.4397,41.8901,0,2,Autovettura privata,In marcia / fermata / arresto,Conducente,F,Ricoverato,0,NON DECEDUTO,,,
3998537,4,20/09/2018 08:35:00,Strada Urbana,VIALE JONIO,in prossimit�,,del civico n.,176,,Veicolo in marcia contro veicolo in sosta,Rettilineo,Due carreggiate,Bagnato (pioggia),Asfaltata,Assente,Pioggia in atto,Intenso,Buona,Ore Diurne,0,0,0,1,12.5355,41.9446,-1,1,Motociclo a solo,In marcia / fermata / arresto,Conducente,M,Illeso,0,,,,
3998544,16,20/09/2018 18:30:00,Strada Urbana,CIRCONVALLAZIONE GIANICOLENSE,in prossimit�,,del civico n.,292,,Investimento di pedone,Rettilineo,Pi� di due carreggiate,Bagnato (pioggia),Asfaltata,Verticale ed orizzontale,Nuvoloso,Normale,Buona,Ore Diurne,1,0,0,1,12.4463,41.8753,-1,,,,Pedone,F,Rimandato,0,NON DECEDUTO,,,
3998544,16,20/09/2018 18:30:00,Strada Urbana,CIRCONVALLAZIONE GIANICOLENSE,in prossimit�,,del civico n.,292,,Investimento di pedone,Rettilineo,Pi� di due carreggiate,Bagnato (pioggia),Asfaltata,Verticale ed orizzontale,Nuvoloso,Normale,Buona,Ore Diurne,1,0,0,1,12.4463,41.8753,-1,1,Autovettura privata,In marcia / fermata / arresto,Conducente,M,Illeso,0,,Non accertato,,
3998552,16,20/09/2018 16:45:00,Strada Urbana,VIA DELLA CONSOLATA,da specificare,,,,fronte civico 32,Veicolo in marcia contro ostacolo accidentale,Rettilineo,Una carreggiata a doppio senso,Bagnato (pioggia),Asfaltata,Verticale ed orizzontale,Pioggia in atto,Intenso,Buona,Ore Diurne,0,0,0,3,12.4217,41.8767,-1,1,Autovettura privata,In marcia / fermata / arresto,Conducente,F,Illeso,0,,Non accertato,,
3998552,16,20/09/2018 16:45:00,Strada Urbana,VIA DELLA CONSOLATA,da specificare,,,,fronte civico 32,Veicolo in marcia contro ostacolo accidentale,Rettilineo,Una carreggiata a doppio senso,Bagnato (pioggia),Asfaltata,Verticale ed orizzontale,Pioggia in atto,Intenso,Buona,Ore Diurne,0,0,0,3,12.4217,41.8767,-1,1,Autovettura privata,In marcia / fermata / arresto,Passeggero,M,Illeso,0,,Non accertato,,
3998552,16,20/09/2018 16:45:00,Strada Urbana,VIA DELLA CONSOLATA,da specificare,,,,fronte civico 32,Veicolo in marcia contro ostacolo accidentale,Rettilineo,Una carreggiata a doppio senso,Bagnato (pioggia),Asfaltata,Verticale ed orizzontale,Pioggia in atto,Intenso,Buona,Ore Diurne,0,0,0,3,12.4217,41.8767,-1,1,Autovettura privata,In marcia / fermata / arresto,Passeggero,F,Illeso,0,,Non accertato,Inesploso,
3998562,4,20/09/2018 08:40:00,Strada Urbana,VIALE FRANCO ARCALLI,da specificare,,,,in prossimit� di VIALE CARMELO BENE,Scontro laterale fra veicoli in marcia,Curva a visuale libera,Due carreggiate,Bagnato (pioggia),Asfaltata,Verticale ed orizzontale,Pioggia in atto,Normale,Buona,Ore Diurne,0,0,0,2,12.5422,41.9709,-1,1,Autovettura privata,In marcia / fermata / arresto,Conducente,F,Illeso,0,,Non accertato,,
3998562,4,20/09/2018 08:40:00,Strada Urbana,VIALE FRANCO ARCALLI,da specificare,,,,in prossimit� di VIALE CARMELO BENE,Scontro laterale fra veicoli in marcia,Curva a visuale libera,Due carreggiate,Bagnato (pioggia),Asfaltata,Verticale ed orizzontale,Pioggia in atto,Normale,Buona,Ore Diurne,0,0,0,2,12.5422,41.9709,-1,2,Autovettura privata,In marcia / fermata / arresto,Conducente,F,Illeso,0,,Non accertato,,
3998563,4,20/09/2018 10:00:00,Strada Urbana,VIALE SORA LELLA,da specificare,,,,in prossimit� di Via Roberto Rossellini,Veicolo in marcia contro ostacolo accidentale,Rettilineo,Due carreggiate,Bagnato (pioggia),Asfaltata,Verticale ed orizzontale,Nuvoloso,Normale,Buona,Ore Diurne,1,0,0,0,12.5697,41.9522,-1,1,Motociclo a solo,In marcia / fermata / arresto,Conducente,F,Rimandato,0,NON DECEDUTO,Non accertato,,
3998593,7,20/09/2018 12:10:00,Strada Urbana,VIA PRENESTINA,in corrispondenza,,del civico n.,960,,Scontro laterale fra veicoli in marcia,Rettilineo,Una carreggiata a doppio senso,Asciutto,Asfaltata,Verticale ed orizzontale,Sereno,Normale,Buona,Ore Diurne,1,0,0,1,12.6055,41.8937,0,1,Autocarro inferiore 35 q.,In marcia / fermata / arresto,Conducente,M,Illeso,0,,Non accertato,Inesploso,
3998593,7,20/09/2018 12:10:00,Strada Urbana,VIA PRENESTINA,in corrispondenza,,del civico n.,960,,Scontro laterale fra veicoli in marcia,Rettilineo,Una carreggiata a doppio senso,Asciutto,Asfaltata,Verticale ed orizzontale,Sereno,Normale,Buona,Ore Diurne,1,0,0,1,12.6055,41.8937,0,2,Ciclomotore,In marcia / fermata / arresto,Conducente,F,Rimandato,0,NON DECEDUTO,Non accertato,,
3998607,10,20/09/2018 19:50:00,Strada Urbana,VIA MONDRAGONE,all'intersezione con,VIA CASTRO DEI VOLSCI,VIA CASTRO DEI VOLSCI,,,Scontro frontale/laterale SX fra veicoli in marcia,Incrocio,Una carreggiata a doppio senso,Bagnato (pioggia),Asfaltata,Verticale ed orizzontale,Nuvoloso,Scarso,Sufficiente,Sufficiente,1,0,0,4,12.5318,41.8667,-1,1,Autovettura privata,In marcia / fermata / arresto,Conducente,M,Illeso,0,,Non accertato,Inesploso,
3998607,10,20/09/2018 19:50:00,Strada Urbana,VIA MONDRAGONE,all'intersezione con,VIA CASTRO DEI VOLSCI,VIA CASTRO DEI VOLSCI,,,Scontro frontale/laterale SX fra veicoli in marcia,Incrocio,Una carreggiata a doppio senso,Bagnato (pioggia),Asfaltata,Verticale ed orizzontale,Nuvoloso,Scarso,Sufficiente,Sufficiente,1,0,0,4,12.5318,41.8667,-1,1,Autovettura privata,In marcia / fermata / arresto,Passeggero,F,Illeso,0,,Non accertato,Inesploso,
3998607,10,20/09/2018 19:50:00,Strada Urbana,VIA MONDRAGONE,all'intersezione con,VIA CASTRO DEI VOLSCI,VIA CASTRO DEI VOLSCI,,,Scontro frontale/laterale SX fra veicoli in marcia,Incrocio,Una carreggiata a doppio senso,Bagnato (pioggia),Asfaltata,Verticale ed orizzontale,Nuvoloso,Scarso,Sufficiente,Sufficiente,1,0,0,4,12.5318,41.8667,-1,1,Autovettura privata,In marcia / fermata / arresto,Passeggero,M,Rimandato,0,NON DECEDUTO,Non accertato,Inesploso,
3998607,10,20/09/2018 19:50:00,Strada Urbana,VIA MONDRAGONE,all'intersezione con,VIA CASTRO DEI VOLSCI,VIA CASTRO DEI VOLSCI,,,Scontro frontale/laterale SX fra veicoli in marcia,Incrocio,Una carreggiata a doppio senso,Bagnato (pioggia),Asfaltata,Verticale ed orizzontale,Nuvoloso,Scarso,Sufficiente,Sufficiente,1,0,0,4,12.5318,41.8667,-1,2,Autovettura di polizia,In marcia / fermata / arresto,Conducente,M,Illeso,0,,Non accertato,Inesploso,
3998607,10,20/09/2018 19:50:00,Strada Urbana,VIA MONDRAGONE,all'intersezione con,VIA CASTRO DEI VOLSCI,VIA CASTRO DEI VOLSCI,,,Scontro frontale/laterale SX fra veicoli in marcia,Incrocio,Una carreggiata a doppio senso,Bagnato (pioggia),Asfaltata,Verticale ed orizzontale,Nuvoloso,Scarso,Sufficiente,Sufficiente,1,0,0,4,12.5318,41.8667,-1,2,Autovettura di polizia,In marcia / fermata / arresto,Passeggero,M,Illeso,0,,Non accertato,Inesploso,
3998608,23,20/09/2018 09:20:00,Strada Urbana,VIA CRISTOFORO COLOMBO,in prossimit�,,della chilometrica,21.05,,Scontro frontale/laterale DX fra veicoli in marcia,Rettilineo,Pi� di due carreggiate,Bagnato (pioggia),Asfaltata,Verticale ed orizzontale,Pioggia in atto,Intenso,Buona,Ore Diurne,1,0,0,1,12.4121,41.786,-1,1,Autovettura privata,In marcia / fermata / arresto,Conducente,F,Illeso,0,,Non accertato,Inesploso,
3998608,23,20/09/2018 09:20:00,Strada Urbana,VIA CRISTOFORO COLOMBO,in prossimit�,,della chilometrica,21.05,,Scontro frontale/laterale DX fra veicoli in marcia,Rettilineo,Pi� di due carreggiate,Bagnato (pioggia),Asfaltata,Verticale ed orizzontale,Pioggia in atto,Intenso,Buona,Ore Diurne,1,0,0,1,12.4121,41.786,-1,2,Motociclo a solo,In marcia / fermata / arresto,Conducente,M,Rimandato,0,NON DECEDUTO,,,
3998625,18,20/09/2018 17:45:00,Strada Urbana,VIA PIETRO UBALDO ANGELETTI,da specificare,,,,IN PROX DEL FRONTE CIV. 14,Veicolo in marcia contro veicolo in sosta,Rettilineo,Due carreggiate,Bagnato (pioggia),Asfaltata,Verticale ed orizzontale,Pioggia in atto,Normale,Buona,Ore Diurne,0,0,0,1,12.3875,41.9095,-1,1,Autovettura privata,In marcia / fermata / arresto,Conducente,M,Illeso,0,,,,
3998631,20,21/09/2018 09:10:00,Regionale entro l'abitato,VIA FLAMINIA,in corrispondenza,,del palo luce n.,116,,Scontro laterale fra veicoli in marcia,Curva a visuale libera,Due carreggiate,Asciutto,Asfaltata,Verticale ed orizzontale,Sereno,Intenso,Buona,Ore Diurne,1,0,0,3,12.4718,41.9419,-1,1,Motociclo con passeggero,In marcia / fermata / arresto,Conducente,M,Illeso,0,,Non accertato,,
3998631,20,21/09/2018 09:10:00,Regionale entro l'abitato,VIA FLAMINIA,in corrispondenza,,del palo luce n.,116,,Scontro laterale fra veicoli in marcia,Curva a visuale libera,Due carreggiate,Asciutto,Asfaltata,Verticale ed orizzontale,Sereno,Intenso,Buona,Ore Diurne,1,0,0,3,12.4718,41.9419,-1,1,Motociclo con passeggero,In marcia / fermata / arresto,Passeggero,F,Rimandato,0,NON DECEDUTO,Non accertato,,
3998631,20,21/09/2018 09:10:00,Regionale entro l'abitato,VIA FLAMINIA,in corrispondenza,,del palo luce n.,116,,Scontro laterale fra veicoli in marcia,Curva a visuale libera,Due carreggiate,Asciutto,Asfaltata,Verticale ed orizzontale,Sereno,Intenso,Buona,Ore Diurne,1,0,0,3,12.4718,41.9419,-1,2,Autovettura privata,In marcia / fermata / arresto,Conducente,M,Illeso,0,,Non accertato,Inesploso,
3998631,20,21/09/2018 09:10:00,Regionale entro l'abitato,VIA FLAMINIA,in corrispondenza,,del palo luce n.,116,,Scontro laterale fra veicoli in marcia,Curva a visuale libera,Due carreggiate,Asciutto,Asfaltata,Verticale ed orizzontale,Sereno,Intenso,Buona,Ore Diurne,1,0,0,3,12.4718,41.9419,-1,2,Autovettura privata,In marcia / fermata / arresto,Passeggero,F,Illeso,0,,Non accertato,Inesploso,
3998636,3,20/09/2018 09:50:00,Strada Urbana,LARGO SETTIMIO PASSAMONTI,da specificare,,,,altezza Scalo San Lorenzo,Veicolo in marcia contro ostacolo accidentale,Curva a visuale libera,Una carreggiata a senso unico di marcia,Bagnato (pioggia),Asfaltata,Verticale ed orizzontale,Pioggia in atto,Normale,Sufficiente,Ore Diurne,1,0,0,0,12.5209,41.898,0,1,Motociclo a solo,In marcia / fermata / arresto,Conducente,M,Rimandato,0,NON DECEDUTO,Non accertato,,
3998638,4,20/09/2018 20:40:00,Strada Urbana,PIAZZA DELL'ATENEO SALESIANO,in corrispondenza,,del civico n.,36,,Scontro laterale fra veicoli in marcia,Rettilineo,Una carreggiata a senso unico di marcia,Bagnato (umidit� in atto),Asfaltata,Verticale ed orizzontale,Nuvoloso,Scarso,Buona,Sufficiente,0,0,0,2,12.5241,41.9596,-1,1,Autovettura privata,In marcia / fermata / arresto,Conducente,F,Illeso,0,,,,
3998638,4,20/09/2018 20:40:00,Strada Urbana,PIAZZA DELL'ATENEO SALESIANO,in corrispondenza,,del civico n.,36,,Scontro laterale fra veicoli in marcia,Rettilineo,Una carreggiata a senso unico di marcia,Bagnato (umidit� in atto),Asfaltata,Verticale ed orizzontale,Nuvoloso,Scarso,Buona,Sufficiente,0,0,0,2,12.5241,41.9596,-1,2,Autovettura privata,In marcia / fermata / arresto,Conducente,M,Illeso,0,,,,
3998645,13,21/09/2018 07:10:00,Strada Urbana,VIA FABIO GORI,all'intersezione con,VIA ANTONIO MUNOZ,VIA ANTONIO MUNOZ,,,Scontro frontale/laterale SX fra veicoli in marcia,Incrocio,Una carreggiata a doppio senso,Asciutto,Asfaltata,Verticale,Sereno,Normale,Buona,Ore Diurne,0,0,0,3,12.3025,41.7653,-1,1,Autovettura privata,In marcia / fermata / arresto,Conducente,M,Illeso,0,,Non accertato,Inesploso,
3998645,13,21/09/2018 07:10:00,Strada Urbana,VIA FABIO GORI,all'intersezione con,VIA ANTONIO MUNOZ,VIA ANTONIO MUNOZ,,,Scontro frontale/laterale SX fra veicoli in marcia,Incrocio,Una carreggiata a doppio senso,Asciutto,Asfaltata,Verticale,Sereno,Normale,Buona,Ore Diurne,0,0,0,3,12.3025,41.7653,-1,1,Autovettura privata,In marcia / fermata / arresto,Passeggero,M,Illeso,0,,Non accertato,Inesploso,
3998645,13,21/09/2018 07:10:00,Strada Urbana,VIA FABIO GORI,all'intersezione con,VIA ANTONIO MUNOZ,VIA ANTONIO MUNOZ,,,Scontro frontale/laterale SX fra veicoli in marcia,Incrocio,Una carreggiata a doppio senso,Asciutto,Asfaltata,Verticale,Sereno,Normale,Buona,Ore Diurne,0,0,0,3,12.3025,41.7653,-1,2,Autovettura privata,In marcia / fermata / arresto,Conducente,F,Illeso,0,,Non accertato,Inesploso,
3998647,10,21/09/2018 09:00:00,Strada Urbana,CIRCONVALLAZIONE TUSCOLANA,all'intersezione semaforizzata con,PIAZZA DI CINECITTA',PIAZZA DI CINECITTA',,,Ribaltamento senza urto contro ostacolo fisso,Intersezione semaforizzata,Pi� di due carreggiate,Asciutto,Asfaltata,Verticale ed orizzontale,Nuvoloso,Normale,Buona,Ore Diurne,1,0,0,0,12.5699,41.8523,-1,1,Motociclo a solo,In marcia / fermata / arresto,Conducente,M,Rimandato,0,NON DECEDUTO,Non accertato,,
3998653,3,20/09/2018 09:45:00,Strada Urbana,CIRCONVALLAZIONE TIBURTINA,da specificare,,,,direzione Tiburtina usc Passamonti,Veicolo in marcia contro ostacolo accidentale,Rettilineo,Una carreggiata a senso unico di marcia,Bagnato (pioggia),Asfaltata,Verticale ed orizzontale,Pioggia in atto,Normale,Buona,Ore Diurne,1,0,0,0,12.5205,41.8969,0,1,Motociclo a solo,In marcia / fermata / arresto,Conducente,M,Rifiuta cure immediate,0,NON DECEDUTO,,,
3998662,5,21/09/2018 08:00:00,Strada Urbana,VIA TIBURTINA,da specificare,,,,dir. Roma centro prossimit� via Settecamini,Scontro laterale fra veicoli in marcia,Rettilineo,Una carreggiata a doppio senso,Asciutto,Asfaltata,Orizzontale,Sereno,Intenso,Buona,Ore Diurne,0,0,0,2,12.6216,41.938,-1,1,Autovettura privata,In marcia / fermata / arresto,Conducente,F,Illeso,0,,Non accertato,,
3998662,5,21/09/2018 08:00:00,Strada Urbana,VIA TIBURTINA,da specificare,,,,dir. Roma centro prossimit� via Settecamini,Scontro laterale fra veicoli in marcia,Rettilineo,Una carreggiata a doppio senso,Asciutto,Asfaltata,Orizzontale,Sereno,Intenso,Buona,Ore Diurne,0,0,0,2,12.6216,41.938,-1,2,Autocarro superiore 35 q.,In marcia / fermata / arresto,Conducente,M,Illeso,0,,Non accertato,,
3998704,2,20/09/2018 09:30:00,Strada Urbana,SOTTOVIA IGNAZIO GUIDI,da specificare,,,,rampa pross. Corso D'Italia civ 38,Veicolo in marcia contro ostacolo accidentale,Rettilineo,Pi� di due carreggiate,Bagnato (pioggia),Asfaltata,Verticale ed orizzontale,Pioggia in atto,Intenso,Buona,Ore Diurne,0,0,0,1,12.5014,41.9096,-1,1,Motociclo a solo,In marcia / fermata / arresto,Conducente,M,Illeso,0,,Non accertato,,
3998706,2,20/09/2018 07:20:00,Strada Urbana,CORSO D'ITALIA,in prossimit�,,del civico n.,3,,Veicolo in marcia contro ostacolo fisso,Rettilineo,Due carreggiate,Bagnato (pioggia),Asfaltata,Verticale ed orizzontale,Pioggia in atto,Normale,Buona,Ore Diurne,0,0,0,1,12.4906,41.9102,-1,1,Autovettura privata,In marcia / fermata / arresto,Conducente,F,Illeso,0,,,,
3998720,4,20/09/2018 17:45:00,Strada Urbana,VIA MONTE ROCCHETTA,in corrispondenza,,del civico n.,14,,Veicolo in marcia contro veicolo in sosta,Rettilineo,Una carreggiata a doppio senso,Bagnato (pioggia),Asfaltata,Verticale ed orizzontale,Pioggia in atto,Normale,Buona,Ore Diurne,1,0,0,2,12.5318,41.948,-1,1,Autovettura privata,In marcia / fermata / arresto,Conducente,M,Rimandato,0,NON DECEDUTO,Non accertato,Esploso,
3998720,4,20/09/2018 17:45:00,Strada Urbana,VIA MONTE ROCCHETTA,in corrispondenza,,del civico n.,14,,Veicolo in marcia contro veicolo in sosta,Rettilineo,Una carreggiata a doppio senso,Bagnato (pioggia),Asfaltata,Verticale ed orizzontale,Pioggia in atto,Normale,Buona,Ore Diurne,1,0,0,2,12.5318,41.948,-1,2,Autovettura privata,In marcia / fermata / arresto,Conducente,F,Illeso,0,,Non accertato,,
3998720,4,20/09/2018 17:45:00,Strada Urbana,VIA MONTE ROCCHETTA,in corrispondenza,,del civico n.,14,,Veicolo in marcia contro veicolo in sosta,Rettilineo,Una carreggiata a doppio senso,Bagnato (pioggia),Asfaltata,Verticale ed orizzontale,Pioggia in atto,Normale,Buona,Ore Diurne,1,0,0,2,12.5318,41.948,-1,2,Autovettura privata,In marcia / fermata / arresto,Passeggero,M,Illeso,0,,,,
3998721,12,19/09/2018 11:15:00,Provinciale,VIA LAURENTINA,all'intersezione con,VIA DI TRIGORIA,VIA DI TRIGORIA,,,Scontro laterale fra veicoli in marcia,Rotatoria,Una carreggiata a senso unico di marcia,Asciutto,Asfaltata,Verticale ed orizzontale,Nuvoloso,Normale,Buona,Ore Diurne,1,0,0,2,12.4811,41.7758,-1,1,Autovettura privata,In marcia / fermata / arresto,Conducente,F,Rimandato,0,NON DECEDUTO,,,
3998721,12,19/09/2018 11:15:00,Provinciale,VIA LAURENTINA,all'intersezione con,VIA DI TRIGORIA,VIA DI TRIGORIA,,,Scontro laterale fra veicoli in marcia,Rotatoria,Una carreggiata a senso unico di marcia,Asciutto,Asfaltata,Verticale ed orizzontale,Nuvoloso,Normale,Buona,Ore Diurne,1,0,0,2,12.4811,41.7758,-1,1,Autovettura privata,In marcia / fermata / arresto,Passeggero,M,Illeso,0,,Utilizzato,,
3998721,12,19/09/2018 11:15:00,Provinciale,VIA LAURENTINA,all'intersezione con,VIA DI TRIGORIA,VIA DI TRIGORIA,,,Scontro laterale fra veicoli in marcia,Rotatoria,Una carreggiata a senso unico di marcia,Asciutto,Asfaltata,Verticale ed orizzontale,Nuvoloso,Normale,Buona,Ore Diurne,1,0,0,2,12.4811,41.7758,-1,2,Autovettura privata,In marcia / fermata / arresto,Conducente,F,Illeso,0,,Utilizzato,Inesploso,
3998728,12,20/09/2018 10:15:00,Strada Urbana,VIA DI TRIGORIA,da specificare,,,,palo acea 117,Scontro frontale fra veicoli in marcia,Curva senza visuale libera,Una carreggiata a doppio senso,Bagnato (umidit� in atto),Asfaltata,Verticale,Nuvoloso,Normale,Buona,Ore Diurne,2,0,0,1,12.4663,41.7489,-1,1,Autovettura privata,In marcia / fermata / arresto,Conducente,M,Illeso,0,,,,
3998728,12,20/09/2018 10:15:00,Strada Urbana,VIA DI TRIGORIA,da specificare,,,,palo acea 117,Scontro frontale fra veicoli in marcia,Curva senza visuale libera,Una carreggiata a doppio senso,Bagnato (umidit� in atto),Asfaltata,Verticale,Nuvoloso,Normale,Buona,Ore Diurne,2,0,0,1,12.4663,41.7489,-1,2,Autovettura privata,In marcia / fermata / arresto,Conducente,M,Rimandato,0,NON DECEDUTO,Utilizzato,Esploso,
3998728,12,20/09/2018 10:15:00,Strada Urbana,VIA DI TRIGORIA,da specificare,,,,palo acea 117,Scontro frontale fra veicoli in marcia,Curva senza visuale libera,Una carreggiata a doppio senso,Bagnato (umidit� in atto),Asfaltata,Verticale,Nuvoloso,Normale,Buona,Ore Diurne,2,0,0,1,12.4663,41.7489,-1,2,Autovettura privata,In marcia / fermata / arresto,Passeggero,M,Rimandato,0,NON DECEDUTO,Utilizzato,Esploso,
3998733,2,21/09/2018 08:50:00,,PIAZZA UNGHERIA,all'intersezione semaforizzata con,VIALE LIEGI,VIALE LIEGI,,,Investimento di pedone,,,,,,,,,,1,0,0,2,,,0,,,,Pedone,F,Rimandato,0,NON DECEDUTO,,,
3998733,2,21/09/2018 08:50:00,,PIAZZA UNGHERIA,all'intersezione semaforizzata con,VIALE LIEGI,VIALE LIEGI,,,Investimento di pedone,,,,,,,,,,1,0,0,2,,,0,1,Autovettura privata,In marcia / fermata / arresto,Conducente,M,Illeso,0,,,,
3998733,2,21/09/2018 08:50:00,,PIAZZA UNGHERIA,all'intersezione semaforizzata con,VIALE LIEGI,VIALE LIEGI,,,Investimento di pedone,,,,,,,,,,1,0,0,2,,,0,1,Autovettura privata,In marcia / fermata / arresto,Passeggero,M,Illeso,0,,,,
3998740,2,20/09/2018 09:00:00,Strada Urbana,CORSO D'ITALIA,in prossimit�,,del civico n.,3,,Scontro laterale fra veicoli in marcia,Curva a visuale libera,Una carreggiata a senso unico di marcia,Bagnato (pioggia),Asfaltata,Orizzontale,Pioggia in atto,Intenso,Buona,Ore Diurne,0,0,0,3,12.4905,41.9102,-1,1,Autovettura privata,In marcia / fermata / arresto,Conducente,M,Illeso,0,,Non accertato,Inesploso,
3998740,2,20/09/2018 09:00:00,Strada Urbana,CORSO D'ITALIA,in prossimit�,,del civico n.,3,,Scontro laterale fra veicoli in marcia,Curva a visuale libera,Una carreggiata a senso unico di marcia,Bagnato (pioggia),Asfaltata,Orizzontale,Pioggia in atto,Intenso,Buona,Ore Diurne,0,0,0,3,12.4905,41.9102,-1,2,Autovettura privata,In marcia / fermata / arresto,Conducente,M,Illeso,0,,,,
3998740,2,20/09/2018 09:00:00,Strada Urbana,CORSO D'ITALIA,in prossimit�,,del civico n.,3,,Scontro laterale fra veicoli in marcia,Curva a visuale libera,Una carreggiata a senso unico di marcia,Bagnato (pioggia),Asfaltata,Orizzontale,Pioggia in atto,Intenso,Buona,Ore Diurne,0,0,0,3,12.4905,41.9102,-1,2,Autovettura privata,In marcia / fermata / arresto,Passeggero,F,Illeso,0,,Non accertato,Inesploso,
3998765,12,20/09/2018 08:30:00,Strada Urbana,VIA ELIO LAMPRIDIO CERVA,all'intersezione con,VIALE STEFANO GRADI,VIALE STEFANO GRADI,,,Scontro frontale/laterale SX fra veicoli in marcia,Incrocio,Due carreggiate,Bagnato (pioggia),Asfaltata,Verticale ed orizzontale,Pioggia in atto,Normale,Buona,Ore Diurne,0,0,0,3,12.5021,41.8227,-1,1,Autovettura privata,In marcia / fermata / arresto,Conducente,M,Illeso,0,,,Inesploso,
3998765,12,20/09/2018 08:30:00,Strada Urbana,VIA ELIO LAMPRIDIO CERVA,all'intersezione con,VIALE STEFANO GRADI,VIALE STEFANO GRADI,,,Scontro frontale/laterale SX fra veicoli in marcia,Incrocio,Due carreggiate,Bagnato (pioggia),Asfaltata,Verticale ed orizzontale,Pioggia in atto,Normale,Buona,Ore Diurne,0,0,0,3,12.5021,41.8227,-1,2,Autovettura privata,In marcia / fermata / arresto,Conducente,F,Illeso,0,,,,
3998765,12,20/09/2018 08:30:00,Strada Urbana,VIA ELIO LAMPRIDIO CERVA,all'intersezione con,VIALE STEFANO GRADI,VIALE STEFANO GRADI,,,Scontro frontale/laterale SX fra veicoli in marcia,Incrocio,Due carreggiate,Bagnato (pioggia),Asfaltata,Verticale ed orizzontale,Pioggia in atto,Normale,Buona,Ore Diurne,0,0,0,3,12.5021,41.8227,-1,2,Autovettura privata,In marcia / fermata / arresto,Passeggero,F,Illeso,0,,,,