Protocollo,Gruppo,DataOraIncidente,Localizzazione1,STRADA1,Localizzazione2,STRADA2,Strada02,Chilometrica,DaSpecificare,NaturaIncidente,particolaritastrade,TipoStrada,FondoStradale,Pavimentazione,Segnaletica,CondizioneAtmosferica,Traffico,Visibilita,Illuminazione,NUM_FERITI,NUM_RISERVATA,NUM_MORTI,NUM_ILLESI,Longitudine,Latitudine,Confermato,Progressivo,TipoVeicolo,StatoVeicolo,TipoPersona,Sesso,Tipolesione,Deceduto,DecedutoDopo,CinturaCascoUtilizzato,Airbag,
3998766,16,20/09/2018 19:25:00,Strada Urbana,VIALE DEI COLLI PORTUENSI,in prossimit�,,del civico n.,56,,Scontro frontale/laterale SX fra veicoli in marcia,Rettilineo,Due carreggiate,Bagnato (pioggia),Asfaltata,Verticale ed orizzontale,Nuvoloso,Scarso,Buona,Sufficiente,1,0,0,1,12.443,41.8751,-1,1,Autovettura privata,In marcia / fermata / arresto,Conducente,M,Illeso,0,,Non accertato,,
3998766,16,20/09/2018 19:25:00,Strada Urbana,VIALE DEI COLLI PORTUENSI,in prossimit�,,del civico n.,56,,Scontro frontale/laterale SX fra veicoli in marcia,Rettilineo,Due carreggiate,Bagnato (pioggia),Asfaltata,Verticale ed orizzontale,Nuvoloso,Scarso,Buona,Sufficiente,1,0,0,1,12.443,41.8751,-1,2,Motociclo a solo,In marcia / fermata / arresto,Conducente,F,Rimandato,0,NON DECEDUTO,Non accertato,,
3998768,20,21/09/2018 10:10:00,Regionale entro l'abitato,VIA CASSIA,in corrispondenza,,del civico n.,902,,Investimento di pedone,Rettilineo,Una carreggiata a doppio senso,Asciutto,Asfaltata,Verticale ed orizzontale,Sereno,Intenso,Buona,Ore Diurne,1,0,0,1,12.4353,41.9705,-1,,,,Pedone,F,Ricoverato,0,NON DECEDUTO,,,
3998768,20,21/09/2018 10:10:00,Regionale entro l'abitato,VIA CASSIA,in corrispondenza,,del civico n.,902,,Investimento di pedone,Rettilineo,Una carreggiata a doppio senso,Asciutto,Asfaltata,Verticale ed orizzontale,Sereno,Intenso,Buona,Ore Diurne,1,0,0,1,12.4353,41.9705,-1,1,Autovettura privata,In marcia / fermata / arresto,Conducente,M,Illeso,0,,Non accertato,Inesploso,
3998774,2,20/09/2018 09:10:00,Strada Urbana,SOTTOVIA IGNAZIO GUIDI,da specificare,,,,altezza via lucania,Fuoriuscita dalla sede stradale,Curva a visuale libera,Due carreggiate,Bagnato (pioggia),Asfaltata,Verticale ed orizzontale,Nuvoloso,Intenso,Sufficiente,Ore Diurne,1,0,0,0,12.4961,41.9109,0,1,Ciclomotore,In marcia / fermata / arresto,Conducente,F,Rimandato,0,NON DECEDUTO,,,
3998784,3,19/09/2018 16:15:00,Strada Urbana,VIA NOMENTANA,all'intersezione semaforizzata con,VIALE VENTUNO APRILE,VIALE VENTUNO APRILE,,,Scontro laterale fra veicoli in marcia,Intersezione semaforizzata,Pi� di due carreggiate,Asciutto,Asfaltata,Verticale ed orizzontale,Nuvoloso,Intenso,Buona,Ore Diurne,1,0,0,1,12.5177,41.9212,-1,1,Autovettura privata,In marcia / fermata / arresto,Conducente,M,Illeso,0,,,Inesploso,
3998784,3,19/09/2018 16:15:00,Strada Urbana,VIA NOMENTANA,all'intersezione semaforizzata con,VIALE VENTUNO APRILE,VIALE VENTUNO APRILE,,,Scontro laterale fra veicoli in marcia,Intersezione semaforizzata,Pi� di due carreggiate,Asciutto,Asfaltata,Verticale ed orizzontale,Nuvoloso,Intenso,Buona,Ore Diurne,1,0,0,1,12.5177,41.9212,-1,2,Motociclo a solo,In marcia / fermata / arresto,Conducente,M,Rimandato,0,NON DECEDUTO,Utilizzato,,
3998790,3,20/09/2018 00:15:00,Strada Urbana,VIA CASSIA,in prossimit�,,del civico n.,1371,,Investimento di pedone,Rettilineo,Una carreggiata a doppio senso,Bagnato (pioggia),Asfaltata,Verticale ed orizzontale,Pioggia in atto,Scarso,Sufficiente,Sufficiente,1,0,0,1,12.4027,41.9866,-1,,,,Pedone,F,Rimandato,0,NON DECEDUTO,,,
3998790,3,20/09/2018 00:15:00,Strada Urbana,VIA CASSIA,in prossimit�,,del civico n.,1371,,Investimento di pedone,Rettilineo,Una carreggiata a doppio senso,Bagnato (pioggia),Asfaltata,Verticale ed orizzontale,Pioggia in atto,Scarso,Sufficiente,Sufficiente,1,0,0,1,12.4027,41.9866,-1,1,Autovettura privata,In marcia / fermata / arresto,Conducente,F,Illeso,0,,Non accertato,,
3998800,2,20/09/2018 09:30:00,Strada Urbana,VIA GUIDUBALDO DEL MONTE,in prossimit�,,del civico n.,19,,Veicolo in marcia contro veicolo in sosta,Rettilineo,Una carreggiata a senso unico di marcia,Bagnato (pioggia),Asfaltata,Verticale ed orizzontale,Pioggia in atto,Intenso,Buona,Ore Diurne,1,0,0,1,12.4793,41.9277,-1,1,Autovettura privata,In marcia / fermata / arresto,Conducente,F,Illeso,0,,Non accertato,Inesploso,
3998800,2,20/09/2018 09:30:00,Strada Urbana,VIA GUIDUBALDO DEL MONTE,in prossimit�,,del civico n.,19,,Veicolo in marcia contro veicolo in sosta,Rettilineo,Una carreggiata a senso unico di marcia,Bagnato (pioggia),Asfaltata,Verticale ed orizzontale,Pioggia in atto,Intenso,Buona,Ore Diurne,1,0,0,1,12.4793,41.9277,-1,2,Motociclo a solo,In marcia / fermata / arresto,Conducente,F,Rimandato,0,NON DECEDUTO,Non accertato,,
3998813,2,20/09/2018 10:00:00,Strada Urbana,VIALE DEL MURO TORTO,da specificare,,,,piazza delle magnolie,Scontro laterale fra veicoli in marcia,Rettilineo,Due carreggiate,Bagnato (pioggia),Asfaltata,Orizzontale,Pioggia in atto,Intenso,Buona,Ore Diurne,1,0,0,2,12.4815,41.9113,-1,1,Motociclo a solo,In marcia / fermata / arresto,Conducente,F,Illeso,0,,,,
3998813,2,20/09/2018 10:00:00,Strada Urbana,VIALE DEL MURO TORTO,da specificare,,,,piazza delle magnolie,Scontro laterale fra veicoli in marcia,Rettilineo,Due carreggiate,Bagnato (pioggia),Asfaltata,Orizzontale,Pioggia in atto,Intenso,Buona,Ore Diurne,1,0,0,2,12.4815,41.9113,-1,2,Motociclo a solo,In marcia / fermata / arresto,Conducente,M,Rimandato,0,NON DECEDUTO,,,
3998813,2,20/09/2018 10:00:00,Strada Urbana,VIALE DEL MURO TORTO,da specificare,,,,piazza delle magnolie,Scontro laterale fra veicoli in marcia,Rettilineo,Due carreggiate,Bagnato (pioggia),Asfaltata,Orizzontale,Pioggia in atto,Intenso,Buona,Ore Diurne,1,0,0,2,12.4815,41.9113,-1,3,Autovettura privata,In marcia / fermata / arresto,Conducente,M,Illeso,0,,,,
3998836,19,21/09/2018 11:00:00,Strada Urbana,VIA DI TORREVECCHIA,in corrispondenza,,del civico n.,619,,Tamponamento,Rettilineo,Una carreggiata a doppio senso,Asciutto,Asfaltata,Verticale ed orizzontale,Sereno,Normale,Buona,Ore Diurne,0,0,0,3,12.4111,41.9217,-1,1,Autovettura privata,In marcia / fermata / arresto,Conducente,F,Illeso,0,,Non accertato,Inesploso,
3998836,19,21/09/2018 11:00:00,Strada Urbana,VIA DI TORREVECCHIA,in corrispondenza,,del civico n.,619,,Tamponamento,Rettilineo,Una carreggiata a doppio senso,Asciutto,Asfaltata,Verticale ed orizzontale,Sereno,Normale,Buona,Ore Diurne,0,0,0,3,12.4111,41.9217,-1,2,Autovettura privata,In marcia / fermata / arresto,Conducente,F,Illeso,0,,Non accertato,Inesploso,
3998836,19,21/09/2018 11:00:00,Strada Urbana,VIA DI TORREVECCHIA,in corrispondenza,,del civico n.,619,,Tamponamento,Rettilineo,Una carreggiata a doppio senso,Asciutto,Asfaltata,Verticale ed orizzontale,Sereno,Normale,Buona,Ore Diurne,0,0,0,3,12.4111,41.9217,-1,2,Autovettura privata,In marcia / fermata / arresto,Passeggero,F,Illeso,0,,Non accertato,Inesploso,
3998847,2,20/09/2018 09:31:00,Strada Urbana,SOTTOVIA IGNAZIO GUIDI,da specificare,,,,pross.t� Corso d'Italia civ 38,Veicolo in marcia contro ostacolo accidentale,Rettilineo,Pi� di due carreggiate,Bagnato (pioggia),Asfaltata,Verticale ed orizzontale,Pioggia in atto,Intenso,Buona,Ore Diurne,0,0,0,1,12.5014,41.9096,-1,1,Motociclo a solo,In marcia / fermata / arresto,Conducente,M,Illeso,0,,,,
3998867,16,20/09/2018 19:40:00,Strada Urbana,VIA VINCENZO USSANI,in prossimit�,,del civico n.,86,,Veicolo in marcia contro veicolo in sosta,Pendenza,Una carreggiata a doppio senso,Bagnato (pioggia),Asfaltata,Assente,Nuvoloso,Scarso,Buona,Sufficiente,0,0,0,1,12.4413,41.8584,-1,1,Motociclo a solo,In marcia / fermata / arresto,Conducente,M,Illeso,0,,Non accertato,,
3998918,12,20/09/2018 08:10:00,Strada Urbana,VIA DI CASTEL DI LEVA,in corrispondenza,,del civico n.,116,,Scontro frontale fra veicoli in marcia,Curva senza visuale libera,Una carreggiata a doppio senso,Bagnato (pioggia),Asfaltata,Assente,Pioggia in atto,Intenso,Sufficiente,Ore Diurne,3,0,0,0,12.5025,41.7859,-1,1,Autovettura privata,In marcia / fermata / arresto,Conducente,M,Rimandato,0,NON DECEDUTO,Non accertato,Esploso,
3998918,12,20/09/2018 08:10:00,Strada Urbana,VIA DI CASTEL DI LEVA,in corrispondenza,,del civico n.,116,,Scontro frontale fra veicoli in marcia,Curva senza visuale libera,Una carreggiata a doppio senso,Bagnato (pioggia),Asfaltata,Assente,Pioggia in atto,Intenso,Sufficiente,Ore Diurne,3,0,0,0,12.5025,41.7859,-1,1,Autovettura privata,In marcia / fermata / arresto,Passeggero,F,Rimandato,0,NON DECEDUTO,Non accertato,Inesploso,
3998918,12,20/09/2018 08:10:00,Strada Urbana,VIA DI CASTEL DI LEVA,in corrispondenza,,del civico n.,116,,Scontro frontale fra veicoli in marcia,Curva senza visuale libera,Una carreggiata a doppio senso,Bagnato (pioggia),Asfaltata,Assente,Pioggia in atto,Intenso,Sufficiente,Ore Diurne,3,0,0,0,12.5025,41.7859,-1,2,Autovettura privata,In marcia / fermata / arresto,Conducente,F,Rimandato,0,NON DECEDUTO,Non accertato,Inesploso,
3998946,10,21/09/2018 12:10:00,Strada Urbana,VIA FRANCESCO DI BENEDETTO,in corrispondenza,,del civico n.,312,,Veicolo in marcia contro veicolo in sosta,Rettilineo,Una carreggiata a doppio senso,Asciutto,Asfaltata,Assente,Nuvoloso,Normale,Buona,Ore Diurne,0,0,0,1,12.6007,41.8388,-1,1,Autocarro inferiore 35 q.,In marcia / fermata / arresto,Conducente,M,Illeso,0,,Non accertato,Inesistente,
3998958,12,20/09/2018 09:40:00,Strada Urbana,VIALE DON PASQUINO BORGHI,in corrispondenza,,del civico n.,113,,Scontro frontale/laterale DX fra veicoli in marcia,Rettilineo,Due carreggiate,Bagnato (pioggia),Asfaltata,Verticale ed orizzontale,Nuvoloso,Normale,Buona,Ore Diurne,1,0,0,2,12.4461,41.8083,-1,1,Autovettura privata,In marcia / fermata / arresto,Conducente,M,Illeso,0,,Non accertato,Inesploso,
3998958,12,20/09/2018 09:40:00,Strada Urbana,VIALE DON PASQUINO BORGHI,in corrispondenza,,del civico n.,113,,Scontro frontale/laterale DX fra veicoli in marcia,Rettilineo,Due carreggiate,Bagnato (pioggia),Asfaltata,Verticale ed orizzontale,Nuvoloso,Normale,Buona,Ore Diurne,1,0,0,2,12.4461,41.8083,-1,1,Autovettura privata,In marcia / fermata / arresto,Passeggero,M,Illeso,0,,Utilizzato,Inesploso,
3998958,12,20/09/2018 09:40:00,Strada Urbana,VIALE DON PASQUINO BORGHI,in corrispondenza,,del civico n.,113,,Scontro frontale/laterale DX fra veicoli in marcia,Rettilineo,Due carreggiate,Bagnato (pioggia),Asfaltata,Verticale ed orizzontale,Nuvoloso,Normale,Buona,Ore Diurne,1,0,0,2,12.4461,41.8083,-1,2,Autovettura privata,In marcia / fermata / arresto,Conducente,M,Rimandato,0,NON DECEDUTO,Utilizzato,Inesploso,
3998989,12,20/09/2018 07:45:00,Strada Urbana,VIALE DEL CICLISMO,all'intersezione con,VIALE DELLA TECNICA,VIALE DELLA TECNICA,,,Scontro frontale/laterale SX fra veicoli in marcia,Incrocio,Una carreggiata a doppio senso,Bagnato (pioggia),Asfaltata,Verticale ed orizzontale,Pioggia in atto,Normale,Buona,Ore Diurne,1,0,0,4,12.4591,41.827,-1,1,Autovettura privata,In marcia / fermata / arresto,Conducente,M,Rimandato,0,NON DECEDUTO,,,
3998989,12,20/09/2018 07:45:00,Strada Urbana,VIALE DEL CICLISMO,all'intersezione con,VIALE DELLA TECNICA,VIALE DELLA TECNICA,,,Scontro frontale/laterale SX fra veicoli in marcia,Incrocio,Una carreggiata a doppio senso,Bagnato (pioggia),Asfaltata,Verticale ed orizzontale,Pioggia in atto,Normale,Buona,Ore Diurne,1,0,0,4,12.4591,41.827,-1,2,Autovettura privata,In marcia / fermata / arresto,Conducente,M,Illeso,0,,,,
3998989,12,20/09/2018 07:45:00,Strada Urbana,VIALE DEL CICLISMO,all'intersezione con,VIALE DELLA TECNICA,VIALE DELLA TECNICA,,,Scontro frontale/laterale SX fra veicoli in marcia,Incrocio,Una carreggiata a doppio senso,Bagnato (pioggia),Asfaltata,Verticale ed orizzontale,Pioggia in atto,Normale,Buona,Ore Diurne,1,0,0,4,12.4591,41.827,-1,2,Autovettura privata,In marcia / fermata / arresto,Passeggero,M,Illeso,0,,,,
3998989,12,20/09/2018 07:45:00,Strada Urbana,VIALE DEL CICLISMO,all'intersezione con,VIALE DELLA TECNICA,VIALE DELLA TECNICA,,,Scontro frontale/laterale SX fra veicoli in marcia,Incrocio,Una carreggiata a doppio senso,Bagnato (pioggia),Asfaltata,Verticale ed orizzontale,Pioggia in atto,Normale,Buona,Ore Diurne,1,0,0,4,12.4591,41.827,-1,2,Autovettura privata,In marcia / fermata / arresto,Passeggero,M,Illeso,0,,Utilizzato,Inesploso,
3998989,12,20/09/2018 07:45:00,Strada Urbana,VIALE DEL CICLISMO,all'intersezione con,VIALE DELLA TECNICA,VIALE DELLA TECNICA,,,Scontro frontale/laterale SX fra veicoli in marcia,Incrocio,Una carreggiata a doppio senso,Bagnato (pioggia),Asfaltata,Verticale ed orizzontale,Pioggia in atto,Normale,Buona,Ore Diurne,1,0,0,4,12.4591,41.827,-1,2,Autovettura privata,In marcia / fermata / arresto,Passeggero,M,Illeso,0,,,,
3998998,11,21/09/2018 10:00:00,Strada Urbana,VIA OSTIENSE,in prossimit�,,del civico n.,31,,Investimento di pedone,Rettilineo,Pi� di due carreggiate,Asciutto,Asfaltata,Orizzontale,Sereno,Scarso,Buona,Ore Diurne,1,0,0,1,12.4808,41.8742,-1,,,,Pedone,F,Rimandato,0,NON DECEDUTO,,,
3998998,11,21/09/2018 10:00:00,Strada Urbana,VIA OSTIENSE,in prossimit�,,del civico n.,31,,Investimento di pedone,Rettilineo,Pi� di due carreggiate,Asciutto,Asfaltata,Orizzontale,Sereno,Scarso,Buona,Ore Diurne,1,0,0,1,12.4808,41.8742,-1,1,Autovettura pubblica,In marcia / fermata / arresto,Conducente,M,Illeso,0,,,,
3999002,17,21/09/2018 11:40:00,Strada Urbana,VIALE GIULIO CESARE,all'intersezione semaforizzata con,VIA BARLETTA,VIA BARLETTA,,,Scontro laterale fra veicoli in marcia,Intersezione semaforizzata,Una carreggiata a senso unico di marcia,Asciutto,Asfaltata,Verticale ed orizzontale,Sereno,Normale,Buona,Ore Diurne,1,0,0,1,12.458,41.9094,-1,1,Motociclo a solo,In marcia / fermata / arresto,Conducente,M,Rifiuta cure immediate,0,NON DECEDUTO,Non accertato,,
3999002,17,21/09/2018 11:40:00,Strada Urbana,VIALE GIULIO CESARE,all'intersezione semaforizzata con,VIA BARLETTA,VIA BARLETTA,,,Scontro laterale fra veicoli in marcia,Intersezione semaforizzata,Una carreggiata a senso unico di marcia,Asciutto,Asfaltata,Verticale ed orizzontale,Sereno,Normale,Buona,Ore Diurne,1,0,0,1,12.458,41.9094,-1,2,Autovettura pubblica,In marcia / fermata / arresto,Conducente,M,Illeso,0,,Non accertato,Inesploso,
3999031,6,21/09/2018 08:10:00,Strada Urbana,PIAZZALE LABICANO,da specificare,,,,altezza VIA PRENESTINA,Infortunio per caduta del veicolo,Rettilineo,Pi� di due carreggiate,Asciutto,Asfaltata,Verticale ed orizzontale,Sereno,Intenso,Buona,Ore Diurne,0,0,0,2,12.5162,41.8918,-1,1,Autovettura privata,In marcia / fermata / arresto,Conducente,M,Illeso,0,,,,
3999031,6,21/09/2018 08:10:00,Strada Urbana,PIAZZALE LABICANO,da specificare,,,,altezza VIA PRENESTINA,Infortunio per caduta del veicolo,Rettilineo,Pi� di due carreggiate,Asciutto,Asfaltata,Verticale ed orizzontale,Sereno,Intenso,Buona,Ore Diurne,0,0,0,2,12.5162,41.8918,-1,2,Velocipede,In marcia / fermata / arresto,Conducente,M,Illeso,0,,Esente,,
3999034,5,21/09/2018 12:00:00,Strada Urbana,VIA DONATO MENICHELLA,all'intersezione con,VIA PIER SILVERIO LEICHT,VIA PIER SILVERIO LEICHT,,,Scontro frontale/laterale DX fra veicoli in marcia,Incrocio,Una carreggiata a senso unico di marcia,Asciutto,Asfaltata,Verticale ed orizzontale,Sereno,Normale,Buona,Ore Diurne,0,0,0,2,12.5841,41.9487,-1,1,Autovettura privata,In marcia / fermata / arresto,Conducente,M,Illeso,0,,Non accertato,Inesploso,
3999034,5,21/09/2018 12:00:00,Strada Urbana,VIA DONATO MENICHELLA,all'intersezione con,VIA PIER SILVERIO LEICHT,VIA PIER SILVERIO LEICHT,,,Scontro frontale/laterale DX fra veicoli in marcia,Incrocio,Una carreggiata a senso unico di marcia,Asciutto,Asfaltata,Verticale ed orizzontale,Sereno,Normale,Buona,Ore Diurne,0,0,0,2,12.5841,41.9487,-1,2,Autovettura privata,In marcia / fermata / arresto,Conducente,M,Illeso,0,,Non accertato,Inesploso,
3999046,10,21/09/2018 12:30:00,Strada Urbana,VIALE PALMIRO TOGLIATTI,in prossimit�,,del palo luce n.,14,,Veicolo in marcia contro ostacolo fisso,Curva a visuale libera,Una carreggiata a senso unico di marcia,Asciutto,Asfaltata,Orizzontale,Sereno,Scarso,Buona,Ore Diurne,1,0,0,0,12.5712,41.8543,-1,1,Autovettura privata,In marcia / fermata / arresto,Conducente,F,Rimandato,0,NON DECEDUTO,Non accertato,Inesploso,
3999107,20,21/09/2018 12:30:00,Regionale entro l'abitato,VIA CASSIA,in prossimit�,,del palo luce n.,61,,Tamponamento Multiplo,Rettilineo,Una carreggiata a doppio senso,Asciutto,Asfaltata,Orizzontale,Sereno,Normale,Buona,Ore Diurne,0,0,0,3,12.4583,41.9573,-1,1,Autovettura privata,In marcia / fermata / arresto,Conducente,M,Illeso,0,,,Inesploso,
3999107,20,21/09/2018 12:30:00,Regionale entro l'abitato,VIA CASSIA,in prossimit�,,del palo luce n.,61,,Tamponamento Multiplo,Rettilineo,Una carreggiata a doppio senso,Asciutto,Asfaltata,Orizzontale,Sereno,Normale,Buona,Ore Diurne,0,0,0,3,12.4583,41.9573,-1,2,Autovettura privata,In marcia / fermata / arresto,Conducente,M,Illeso,0,,,Inesploso,
3999107,20,21/09/2018 12:30:00,Regionale entro l'abitato,VIA CASSIA,in prossimit�,,del palo luce n.,61,,Tamponamento Multiplo,Rettilineo,Una carreggiata a doppio senso,Asciutto,Asfaltata,Orizzontale,Sereno,Normale,Buona,Ore Diurne,0,0,0,3,12.4583,41.9573,-1,3,Autovettura privata,In marcia / fermata / arresto,Conducente,F,Illeso,0,,,Inesploso,
3999108,12,20/09/2018 18:40:00,Provinciale,VIA OSTIENSE,all'intersezione con,VIA CESARE FRUGONI,VIA CESARE FRUGONI,,,Scontro frontale/laterale SX fra veicoli in marcia,Incrocio,Una carreggiata a doppio senso,Bagnato (pioggia),Asfaltata,Verticale ed orizzontale,Nuvoloso,Normale,Buona,Ore Diurne,1,0,0,1,12.4229,41.8109,-1,1,Autovettura privata,In marcia / fermata / arresto,Conducente,M,Illeso,0,,Utilizzato,Inesploso,
3999108,12,20/09/2018 18:40:00,Provinciale,VIA OSTIENSE,all'intersezione con,VIA CESARE FRUGONI,VIA CESARE FRUGONI,,,Scontro frontale/laterale SX fra veicoli in marcia,Incrocio,Una carreggiata a doppio senso,Bagnato (pioggia),Asfaltata,Verticale ed orizzontale,Nuvoloso,Normale,Buona,Ore Diurne,1,0,0,1,12.4229,41.8109,-1,2,Motociclo a solo,In marcia / fermata / arresto,Conducente,M,Rimandato,0,NON DECEDUTO,Non accertato,,
3999251,18,21/09/2018 12:45:00,Strada Urbana,VIA MARTINO V,in prossimit�,,del civico n.,22,,Investimento di pedone,Pendenza,Una carreggiata a senso unico di marcia,Asciutto,Asfaltata,Verticale ed orizzontale,Nuvoloso,Normale,Buona,Ore Diurne,1,0,0,1,12.4223,41.9053,-1,,,,Pedone,F,Rimandato,0,NON DECEDUTO,,,
3999251,18,21/09/2018 12:45:00,Strada Urbana,VIA MARTINO V,in prossimit�,,del civico n.,22,,Investimento di pedone,Pendenza,Una carreggiata a senso unico di marcia,Asciutto,Asfaltata,Verticale ed orizzontale,Nuvoloso,Normale,Buona,Ore Diurne,1,0,0,1,12.4223,41.9053,-1,1,Motociclo a solo,In marcia / fermata / arresto,Conducente,M,Illeso,0,,Non accertato,,
3999255,1,19/09/2018 22:30:00,Strada Urbana,LUNGOTEVERE DEGLI ANGUILLARA,all'intersezione semaforizzata con,PONTE GARIBALDI,PONTE GARIBALDI,,,Scontro laterale fra veicoli in marcia,Incrocio,Una carreggiata a senso unico di marcia,Bagnato (pioggia),Asfaltata,Verticale ed orizzontale,Pioggia in atto,Normale,Sufficiente,Sufficiente,0,0,0,2,,,0,1,Autovettura privata,In marcia / fermata / arresto,Conducente,M,Illeso,0,,Non accertato,,
3999255,1,19/09/2018 22:30:00,Strada Urbana,LUNGOTEVERE DEGLI ANGUILLARA,all'intersezione semaforizzata con,PONTE GARIBALDI,PONTE GARIBALDI,,,Scontro laterale fra veicoli in marcia,Incrocio,Una carreggiata a senso unico di marcia,Bagnato (pioggia),Asfaltata,Verticale ed orizzontale,Pioggia in atto,Normale,Sufficiente,Sufficiente,0,0,0,2,,,0,1,Autovettura privata,In marcia / fermata / arresto,Passeggero,F,Illeso,0,,Non accertato,,
3999282,1,19/09/2018 20:30:00,Strada Urbana,VIA FLAMINIA NUOVA,in prossimit�,,del civico n.,821,,Tamponamento Multiplo,Rettilineo,Due carreggiate,Bagnato (umidit� in atto),Asfaltata,Verticale ed orizzontale,Nuvoloso,Normale,Buona,Sufficiente,2,0,0,1,12.4805,41.9598,-1,1,Autovettura privata,In marcia / fermata / arresto,Conducente,F,Rifiuta cure immediate,0,NON DECEDUTO,Non accertato,,
3999282,1,19/09/2018 20:30:00,Strada Urbana,VIA FLAMINIA NUOVA,in prossimit�,,del civico n.,821,,Tamponamento Multiplo,Rettilineo,Due carreggiate,Bagnato (umidit� in atto),Asfaltata,Verticale ed orizzontale,Nuvoloso,Normale,Buona,Sufficiente,2,0,0,1,12.4805,41.9598,-1,2,Autovettura privata,In marcia / fermata / arresto,Conducente,M,Rimandato,0,NON DECEDUTO,Non accertato,,
3999282,1,19/09/2018 20:30:00,Strada Urbana,VIA FLAMINIA NUOVA,in prossimit�,,del civico n.,821,,Tamponamento Multiplo,Rettilineo,Due carreggiate,Bagnato (umidit� in atto),Asfaltata,Verticale ed orizzontale,Nuvoloso,Normale,Buona,Sufficiente,2,0,0,1,12.4805,41.9598,-1,3,Autovettura privata,In marcia / fermata / arresto,Conducente,M,Illeso,0,,Non accertato,,
3999309,1,20/09/2018 17:55:00,Strada Urbana,VIA CARLO ALBERTO,all'intersezione con,VIA RATTAZZI,VIA RATTAZZI,,,Infortunio per sola frenata improvvisa,Incrocio,Una carreggiata a doppio senso,Bagnato (pioggia),Acciotolata,Verticale ed orizzontale,Pioggia in atto,Scarso,Buona,Ore Diurne,1,0,0,1,12.5017,41.8961,-1,1,Autovettura privata,In marcia / fermata / arresto,Conducente,M,Illeso,0,,Non accertato,,
3999309,1,20/09/2018 17:55:00,Strada Urbana,VIA CARLO ALBERTO,all'intersezione con,VIA RATTAZZI,VIA RATTAZZI,,,Infortunio per sola frenata improvvisa,Incrocio,Una carreggiata a doppio senso,Bagnato (pioggia),Acciotolata,Verticale ed orizzontale,Pioggia in atto,Scarso,Buona,Ore Diurne,1,0,0,1,12.5017,41.8961,-1,2,Motociclo a solo,In marcia / fermata / arresto,Conducente,M,Rifiuta cure immediate,0,NON DECEDUTO,Non accertato,,
3999320,12,20/09/2018 19:14:00,Strada Urbana,PIAZZALE DEI MILITARI CADUTI NEI LAGER,da specificare,,,,prossimita' via Dei Boccabelli,Scontro laterale fra veicoli in marcia,Rettilineo,Una carreggiata a doppio senso,Asciutto,Asfaltata,Verticale,Nuvoloso,Scarso,Buona,Sufficiente,0,0,0,2,12.4829,41.8007,-1,1,Motociclo con passeggero,In marcia / fermata / arresto,Conducente,M,Illeso,0,,,,
3999320,12,20/09/2018 19:14:00,Strada Urbana,PIAZZALE DEI MILITARI CADUTI NEI LAGER,da specificare,,,,prossimita' via Dei Boccabelli,Scontro laterale fra veicoli in marcia,Rettilineo,Una carreggiata a doppio senso,Asciutto,Asfaltata,Verticale,Nuvoloso,Scarso,Buona,Sufficiente,0,0,0,2,12.4829,41.8007,-1,2,Autovettura privata,In marcia / fermata / arresto,Conducente,M,Illeso,0,,,,
3999333,6,21/09/2018 08:50:00,Strada Urbana,VIALE DELLA STAZIONE PRENESTINA,da specificare,,,,fronte civico 59,Scontro laterale fra veicoli in marcia,Rettilineo,Due carreggiate,Asciutto,Asfaltata,Verticale ed orizzontale,Sereno,Normale,Buona,Ore Diurne,0,0,0,2,12.5463,41.8947,-1,1,Autovettura privata,In marcia / fermata / arresto,Conducente,M,Illeso,0,,,,
3999333,6,21/09/2018 08:50:00,Strada Urbana,VIALE DELLA STAZIONE PRENESTINA,da specificare,,,,fronte civico 59,Scontro laterale fra veicoli in marcia,Rettilineo,Due carreggiate,Asciutto,Asfaltata,Verticale ed orizzontale,Sereno,Normale,Buona,Ore Diurne,0,0,0,2,12.5463,41.8947,-1,2,Autovettura privata,In marcia / fermata / arresto,Conducente,F,Illeso,0,,,,
3999356,15,21/09/2018 12:55:00,Strada Urbana,VIA PORTUENSE,da specificare,,,,fronte civ. 710/A,Scontro frontale fra veicoli in marcia,Rettilineo,Una carreggiata a doppio senso,Asciutto,Asfaltata,Verticale ed orizzontale,Sereno,Normale,Buona,Ore Diurne,0,0,0,2,12.414,41.847,-1,1,Motociclo a solo,In marcia / fermata / arresto,Conducente,M,Illeso,0,,Utilizzato,,
3999356,15,21/09/2018 12:55:00,Strada Urbana,VIA PORTUENSE,da specificare,,,,fronte civ. 710/A,Scontro frontale fra veicoli in marcia,Rettilineo,Una carreggiata a doppio senso,Asciutto,Asfaltata,Verticale ed orizzontale,Sereno,Normale,Buona,Ore Diurne,0,0,0,2,12.414,41.847,-1,2,Motociclo a solo,In marcia / fermata / arresto,Conducente,M,Illeso,0,,Utilizzato,,
3999363,7,21/09/2018 14:40:00,Strada Urbana,VIA PAPIRIA,in prossimit�,,del civico n.,6,,Scontro frontale/laterale DX fra veicoli in marcia,Rettilineo,Una carreggiata a doppio senso,Asciutto,Asfaltata,Verticale ed orizzontale,Nuvoloso,Normale,Buona,Ore Diurne,0,0,0,2,12.558,41.8644,-1,1,Autovettura privata,In marcia / fermata / arresto,Conducente,F,Illeso,0,,Non accertato,Inesploso,