Protocollo,Gruppo,DataOraIncidente,Localizzazione1,STRADA1,Localizzazione2,STRADA2,Strada02,Chilometrica,DaSpecificare,NaturaIncidente,particolaritastrade,TipoStrada,FondoStradale,Pavimentazione,Segnaletica,CondizioneAtmosferica,Traffico,Visibilita,Illuminazione,NUM_FERITI,NUM_RISERVATA,NUM_MORTI,NUM_ILLESI,Longitudine,Latitudine,Confermato,Progressivo,TipoVeicolo,StatoVeicolo,TipoPersona,Sesso,Tipolesione,Deceduto,DecedutoDopo,CinturaCascoUtilizzato,Airbag,
3999363,7,21/09/2018 14:40:00,Strada Urbana,VIA PAPIRIA,in prossimit�,,del civico n.,6,,Scontro frontale/laterale DX fra veicoli in marcia,Rettilineo,Una carreggiata a doppio senso,Asciutto,Asfaltata,Verticale ed orizzontale,Nuvoloso,Normale,Buona,Ore Diurne,0,0,0,2,12.558,41.8644,-1,2,Autovettura privata,In marcia / fermata / arresto,Conducente,M,Illeso,0,,Non accertato,Inesploso,
3999374,18,21/09/2018 08:25:00,Strada Urbana,VIA DELLE FORNACI,in corrispondenza,,del civico n.,15A,,Scontro laterale fra veicoli in marcia,Rettilineo,Una carreggiata a senso unico di marcia,Asciutto,Asfaltata,Verticale ed orizzontale,Sereno,Intenso,Buona,Ore Diurne,0,0,0,6,12.4565,41.8996,-1,1,Autovettura privata,In marcia / fermata / arresto,Conducente,M,Illeso,0,,Non accertato,Inesploso,
3999374,18,21/09/2018 08:25:00,Strada Urbana,VIA DELLE FORNACI,in corrispondenza,,del civico n.,15A,,Scontro laterale fra veicoli in marcia,Rettilineo,Una carreggiata a senso unico di marcia,Asciutto,Asfaltata,Verticale ed orizzontale,Sereno,Intenso,Buona,Ore Diurne,0,0,0,6,12.4565,41.8996,-1,1,Autovettura privata,In marcia / fermata / arresto,Passeggero,M,Illeso,0,,,,
3999374,18,21/09/2018 08:25:00,Strada Urbana,VIA DELLE FORNACI,in corrispondenza,,del civico n.,15A,,Scontro laterale fra veicoli in marcia,Rettilineo,Una carreggiata a senso unico di marcia,Asciutto,Asfaltata,Verticale ed orizzontale,Sereno,Intenso,Buona,Ore Diurne,0,0,0,6,12.4565,41.8996,-1,1,Autovettura privata,In marcia / fermata / arresto,Passeggero,F,Illeso,0,,,,
3999374,18,21/09/2018 08:25:00,Strada Urbana,VIA DELLE FORNACI,in corrispondenza,,del civico n.,15A,,Scontro laterale fra veicoli in marcia,Rettilineo,Una carreggiata a senso unico di marcia,Asciutto,Asfaltata,Verticale ed orizzontale,Sereno,Intenso,Buona,Ore Diurne,0,0,0,6,12.4565,41.8996,-1,1,Autovettura privata,In marcia / fermata / arresto,Passeggero,F,Illeso,0,,,,
3999374,18,21/09/2018 08:25:00,Strada Urbana,VIA DELLE FORNACI,in corrispondenza,,del civico n.,15A,,Scontro laterale fra veicoli in marcia,Rettilineo,Una carreggiata a senso unico di marcia,Asciutto,Asfaltata,Verticale ed orizzontale,Sereno,Intenso,Buona,Ore Diurne,0,0,0,6,12.4565,41.8996,-1,1,Autovettura privata,In marcia / fermata / arresto,Passeggero,M,Illeso,0,,,,
3999374,18,21/09/2018 08:25:00,Strada Urbana,VIA DELLE FORNACI,in corrispondenza,,del civico n.,15A,,Scontro laterale fra veicoli in marcia,Rettilineo,Una carreggiata a senso unico di marcia,Asciutto,Asfaltata,Verticale ed orizzontale,Sereno,Intenso,Buona,Ore Diurne,0,0,0,6,12.4565,41.8996,-1,2,Autovettura privata,In marcia / fermata / arresto,Conducente,F,Illeso,0,,Non accertato,Inesploso,
3999481,12,20/09/2018 16:10:00,Strada Urbana,VIALE EUROPA,da specificare,,,,PROSSIMITA' VIA C. COLOMBO DIR. CENTRO ,Scontro laterale fra veicoli in marcia,Rettilineo,Una carreggiata a doppio senso,Bagnato (pioggia),Asfaltata,Verticale ed orizzontale,Nuvoloso,Normale,Buona,Ore Diurne,0,0,0,4,12.4687,41.831,-1,1,Autocarro inferiore 35 q.,In marcia / fermata / arresto,Conducente,M,Illeso,0,,,Inesploso,
3999481,12,20/09/2018 16:10:00,Strada Urbana,VIALE EUROPA,da specificare,,,,PROSSIMITA' VIA C. COLOMBO DIR. CENTRO ,Scontro laterale fra veicoli in marcia,Rettilineo,Una carreggiata a doppio senso,Bagnato (pioggia),Asfaltata,Verticale ed orizzontale,Nuvoloso,Normale,Buona,Ore Diurne,0,0,0,4,12.4687,41.831,-1,1,Autocarro inferiore 35 q.,In marcia / fermata / arresto,Passeggero,M,Illeso,0,,,Inesploso,
3999481,12,20/09/2018 16:10:00,Strada Urbana,VIALE EUROPA,da specificare,,,,PROSSIMITA' VIA C. COLOMBO DIR. CENTRO ,Scontro laterale fra veicoli in marcia,Rettilineo,Una carreggiata a doppio senso,Bagnato (pioggia),Asfaltata,Verticale ed orizzontale,Nuvoloso,Normale,Buona,Ore Diurne,0,0,0,4,12.4687,41.831,-1,1,Autocarro inferiore 35 q.,In marcia / fermata / arresto,Passeggero,M,Illeso,0,,,Inesploso,
3999481,12,20/09/2018 16:10:00,Strada Urbana,VIALE EUROPA,da specificare,,,,PROSSIMITA' VIA C. COLOMBO DIR. CENTRO ,Scontro laterale fra veicoli in marcia,Rettilineo,Una carreggiata a doppio senso,Bagnato (pioggia),Asfaltata,Verticale ed orizzontale,Nuvoloso,Normale,Buona,Ore Diurne,0,0,0,4,12.4687,41.831,-1,2,Autovettura privata,In marcia / fermata / arresto,Conducente,F,Illeso,0,,,Inesploso,
3999485,1,20/09/2018 12:25:00,Strada Urbana,PIAZZA VENEZIA,all'intersezione con,PIAZZA DELLA MADONNA DI LORETO,PIAZZA DELLA MADONNA DI LORETO,,,Veicolo in marcia contro veicolo fermo,Intersezione non regolata/non segnalata,Una carreggiata a senso unico di marcia,Asciutto,In cubetti di porfido,Verticale ed orizzontale,Nuvoloso,Normale,Buona,Ore Diurne,0,0,0,2,12.4828,41.8958,-1,1,Motociclo a solo,In marcia / fermata / arresto,Conducente,F,Illeso,0,,Non accertato,,
3999485,1,20/09/2018 12:25:00,Strada Urbana,PIAZZA VENEZIA,all'intersezione con,PIAZZA DELLA MADONNA DI LORETO,PIAZZA DELLA MADONNA DI LORETO,,,Veicolo in marcia contro veicolo fermo,Intersezione non regolata/non segnalata,Una carreggiata a senso unico di marcia,Asciutto,In cubetti di porfido,Verticale ed orizzontale,Nuvoloso,Normale,Buona,Ore Diurne,0,0,0,2,12.4828,41.8958,-1,2,Autovettura di polizia,In marcia / fermata / arresto,Conducente,M,Illeso,0,,Non accertato,,
3999543,6,21/09/2018 17:30:00,Provinciale entro l'abitato,VIA PRENESTINA,da specificare,,,,pross.t� FANFULLA DA LODI,Veicolo in marcia contro veicolo arresto,Rettilineo,Pi� di due carreggiate,Bagnato (umidit� in atto),Asfaltata,Orizzontale,Nuvoloso,Intenso,Buona,Ore Diurne,0,0,0,3,12.5296,41.8915,-1,1,Autovettura privata,In marcia / fermata / arresto,Conducente,M,Illeso,0,,Non accertato,Inesploso,
3999543,6,21/09/2018 17:30:00,Provinciale entro l'abitato,VIA PRENESTINA,da specificare,,,,pross.t� FANFULLA DA LODI,Veicolo in marcia contro veicolo arresto,Rettilineo,Pi� di due carreggiate,Bagnato (umidit� in atto),Asfaltata,Orizzontale,Nuvoloso,Intenso,Buona,Ore Diurne,0,0,0,3,12.5296,41.8915,-1,2,Motociclo a solo,In marcia / fermata / arresto,Conducente,M,Illeso,0,,Non accertato,,
3999543,6,21/09/2018 17:30:00,Provinciale entro l'abitato,VIA PRENESTINA,da specificare,,,,pross.t� FANFULLA DA LODI,Veicolo in marcia contro veicolo arresto,Rettilineo,Pi� di due carreggiate,Bagnato (umidit� in atto),Asfaltata,Orizzontale,Nuvoloso,Intenso,Buona,Ore Diurne,0,0,0,3,12.5296,41.8915,-1,3,Autocarro inferiore 35 q.,In marcia / fermata / arresto,Conducente,M,Illeso,0,,Non accertato,Inesploso,
3999551,1,20/09/2018 16:00:00,Strada Urbana,VIA EMANUELE FILIBERTO,all'intersezione semaforizzata con,VIALE MANZONI,VIALE MANZONI,,,Investimento di pedone,Intersezione semaforizzata,Una carreggiata a doppio senso,Asciutto,Asfaltata,Verticale ed orizzontale,Nuvoloso,Intenso,Buona,Ore Diurne,0,0,0,3,,,0,,,,Pedone,M,Illeso,0,,,,
3999551,1,20/09/2018 16:00:00,Strada Urbana,VIA EMANUELE FILIBERTO,all'intersezione semaforizzata con,VIALE MANZONI,VIALE MANZONI,,,Investimento di pedone,Intersezione semaforizzata,Una carreggiata a doppio senso,Asciutto,Asfaltata,Verticale ed orizzontale,Nuvoloso,Intenso,Buona,Ore Diurne,0,0,0,3,,,0,,,,Pedone,F,Illeso,0,,,,
3999551,1,20/09/2018 16:00:00,Strada Urbana,VIA EMANUELE FILIBERTO,all'intersezione semaforizzata con,VIALE MANZONI,VIALE MANZONI,,,Investimento di pedone,Intersezione semaforizzata,Una carreggiata a doppio senso,Asciutto,Asfaltata,Verticale ed orizzontale,Nuvoloso,Intenso,Buona,Ore Diurne,0,0,0,3,,,0,1,Autovettura privata,In marcia / fermata / arresto,Conducente,M,Illeso,0,,Non accertato,,
3999575,1,20/09/2018 16:45:00,Strada Urbana,VIA CILICIA,da specificare,,,,PROX CAVALCAVIA V. C. COLOMBO,Veicolo in marcia contro ostacolo accidentale,Rettilineo,Pi� di due carreggiate,Bagnato (pioggia),Asfaltata,Assente,Grandine in atto,Scarso,Sufficiente,Ore Diurne,1,0,0,0,,,0,1,Motociclo a solo,In marcia / fermata / arresto,Conducente,F,Rimandato,0,NON DECEDUTO,Non accertato,,
3999592,10,21/09/2018 17:30:00,Strada Urbana,VIA APPIA PIGNATELLI,all'intersezione con,VIA ELIO ANDRISCO,VIA ELIO ANDRISCO,,,Scontro laterale fra veicoli in marcia,Incrocio,Due carreggiate,Asciutto,Asfaltata,Verticale ed orizzontale,Nuvoloso,Normale,Buona,Ore Diurne,0,0,0,1,12.5423,41.8422,-1,1,Autovettura privata,In marcia / fermata / arresto,Conducente,F,Illeso,0,,Non accertato,Inesploso,
4000076,11,22/09/2018 01:10:00,Strada Urbana,VIA APPIA PIGNATELLI,all'intersezione semaforizzata con,VIA DELL'ALMONE,VIA DELL'ALMONE,,,Infortunio per caduta del veicolo,Intersezione semaforizzata,Una carreggiata a doppio senso,Sdrucciolevole (pietrisco),Asfaltata,Verticale ed orizzontale,Sereno,Scarso,Sufficiente,Sufficiente,1,0,0,0,12.527,41.8524,-1,1,Motociclo con passeggero,In marcia / fermata / arresto,Conducente,M,Rifiuta cure immediate,0,NON DECEDUTO,,,
4000117,23,21/09/2018 11:45:00,Strada Urbana,VIA LUDOVISI,in corrispondenza,,del civico n.,10,,Veicoli in marcia contro veicolo fermo,Rettilineo,Una carreggiata a senso unico di marcia,Asciutto,Asfaltata,Verticale ed orizzontale,Sereno,Intenso,Buona,Ore Diurne,1,0,0,1,12.4895,41.9073,-1,1,Macchina operatrice,In marcia / fermata / arresto,Conducente,M,Illeso,0,,Non accertato,Inesploso,
4000117,23,21/09/2018 11:45:00,Strada Urbana,VIA LUDOVISI,in corrispondenza,,del civico n.,10,,Veicoli in marcia contro veicolo fermo,Rettilineo,Una carreggiata a senso unico di marcia,Asciutto,Asfaltata,Verticale ed orizzontale,Sereno,Intenso,Buona,Ore Diurne,1,0,0,1,12.4895,41.9073,-1,2,Ciclomotore,In marcia / fermata / arresto,Conducente,M,Rimandato,0,NON DECEDUTO,Non accertato,,
4000127,15,21/09/2018 18:45:00,Strada Urbana,VIA DEL TRULLO,all'intersezione con,VIA SARZANA,VIA SARZANA,,,Scontro frontale/laterale DX fra veicoli in marcia,Intersezione stradale segnalata,Una carreggiata a doppio senso,Asciutto,Asfaltata,Verticale ed orizzontale,Sereno,Normale,Buona,Ore Diurne,0,0,0,2,12.4368,41.843,-1,1,Autovettura privata,In marcia / fermata / arresto,Conducente,M,Illeso,0,,Non accertato,Inesploso,
4000127,15,21/09/2018 18:45:00,Strada Urbana,VIA DEL TRULLO,all'intersezione con,VIA SARZANA,VIA SARZANA,,,Scontro frontale/laterale DX fra veicoli in marcia,Intersezione stradale segnalata,Una carreggiata a doppio senso,Asciutto,Asfaltata,Verticale ed orizzontale,Sereno,Normale,Buona,Ore Diurne,0,0,0,2,12.4368,41.843,-1,2,Autovettura privata,In marcia / fermata / arresto,Conducente,F,Illeso,0,,Non accertato,Inesploso,
4000133,15,22/09/2018 03:40:00,Strada Urbana,VIA DEL MONTE DELLE CAPRE,da specificare,,,,fronte civico 27,Scontro frontale/laterale DX fra veicoli in marcia,Rettilineo,Una carreggiata a doppio senso,Asciutto,Asfaltata,Verticale,Sereno,Scarso,Sufficiente,Sufficiente,0,0,0,2,12.4317,41.845,-1,1,Autovettura privata,In marcia / fermata / arresto,Conducente,F,Illeso,0,,,,
4000133,15,22/09/2018 03:40:00,Strada Urbana,VIA DEL MONTE DELLE CAPRE,da specificare,,,,fronte civico 27,Scontro frontale/laterale DX fra veicoli in marcia,Rettilineo,Una carreggiata a doppio senso,Asciutto,Asfaltata,Verticale,Sereno,Scarso,Sufficiente,Sufficiente,0,0,0,2,12.4317,41.845,-1,2,Autovettura privata,In marcia / fermata / arresto,Conducente,F,Illeso,0,,,,
4000183,4,21/09/2018 10:45:00,Strada Urbana,VIA NOMENTANA,da specificare,,,,di fronte al civ. 889,Scontro frontale/laterale DX fra veicoli in marcia,Rettilineo,Una carreggiata a doppio senso,Asciutto,Asfaltata,Verticale ed orizzontale,Sereno,Normale,Buona,Ore Diurne,1,0,0,1,12.5728,41.9579,-1,1,Autovettura privata,In marcia / fermata / arresto,Conducente,M,Illeso,0,,,,
4000183,4,21/09/2018 10:45:00,Strada Urbana,VIA NOMENTANA,da specificare,,,,di fronte al civ. 889,Scontro frontale/laterale DX fra veicoli in marcia,Rettilineo,Una carreggiata a doppio senso,Asciutto,Asfaltata,Verticale ed orizzontale,Sereno,Normale,Buona,Ore Diurne,1,0,0,1,12.5728,41.9579,-1,2,Motociclo a solo,In marcia / fermata / arresto,Conducente,M,Rimandato,0,NON DECEDUTO,,,
4000227,8,21/09/2018 15:15:00,,VIA DI CASAL MONTANI,da specificare,,,,50 mt da via Fontana Candida,Veicolo in marcia contro ostacolo fisso,,,,,,,,,,0,0,0,1,12.7118,41.838,0,1,Autovettura privata,In marcia / fermata / arresto,Conducente,M,Illeso,0,,,,
4000296,4,21/09/2018 19:50:00,Strada Urbana,VIA DELLA BUFALOTTA,da specificare,,,,FRONTE CIV. 73,Investimento di pedone,Rettilineo,Una carreggiata a doppio senso,Bagnato (umidit� in atto),Asfaltata,Verticale ed orizzontale,Nuvoloso,Normale,Buona,Sufficiente,1,0,0,1,12.5499,41.9676,0,,,,Pedone,M,Rimandato,0,NON DECEDUTO,,,
4000296,4,21/09/2018 19:50:00,Strada Urbana,VIA DELLA BUFALOTTA,da specificare,,,,FRONTE CIV. 73,Investimento di pedone,Rettilineo,Una carreggiata a doppio senso,Bagnato (umidit� in atto),Asfaltata,Verticale ed orizzontale,Nuvoloso,Normale,Buona,Sufficiente,1,0,0,1,12.5499,41.9676,0,1,Autovettura privata,In marcia / fermata / arresto,Conducente,F,Illeso,0,,,,
4000310,23,21/09/2018 16:00:00,Strada Urbana,VIA CRISTOFORO COLOMBO,in corrispondenza,,del civico n.,2455,,Scontro laterale fra veicoli in marcia,Rettilineo,Pi� di due carreggiate,Asciutto,Asfaltata,Verticale ed orizzontale,Nuvoloso,Normale,Buona,Ore Diurne,2,0,0,0,12.3408,41.7325,-1,1,Autovettura privata,In marcia / fermata / arresto,Conducente,F,Rimandato,0,NON DECEDUTO,Non accertato,Esploso,
4000310,23,21/09/2018 16:00:00,Strada Urbana,VIA CRISTOFORO COLOMBO,in corrispondenza,,del civico n.,2455,,Scontro laterale fra veicoli in marcia,Rettilineo,Pi� di due carreggiate,Asciutto,Asfaltata,Verticale ed orizzontale,Nuvoloso,Normale,Buona,Ore Diurne,2,0,0,0,12.3408,41.7325,-1,2,Autovettura privata,In marcia / fermata / arresto,Conducente,M,Rifiuta cure immediate,0,NON DECEDUTO,Non accertato,Esploso,
4000343,2,22/09/2018 05:08:00,Strada Urbana,VIALE MARESCIALLO PILSUDSKI,da specificare,,,,fronte civico 138,Veicolo in marcia contro ostacolo fisso,Rettilineo,Una carreggiata a doppio senso,Bagnato (umidit� in atto),Asfaltata,Verticale ed orizzontale,Sereno,Scarso,Sufficiente,Sufficiente,1,0,0,0,12.4815,41.9284,-1,1,Autovettura privata,In marcia / fermata / arresto,Conducente,M,Rimandato,0,NON DECEDUTO,,,
4000389,4,21/09/2018 13:00:00,Strada Urbana,VIA DI CASAL BOCCONE,in prossimit�,,del civico n.,208,,Veicolo in marcia contro ostacolo fisso,Curva a visuale libera,Due carreggiate,Asciutto,Asfaltata,Orizzontale,Sereno,Scarso,Buona,Ore Diurne,1,0,0,0,12.5562,41.9601,-1,1,Autovettura privata,In marcia / fermata / arresto,Conducente,F,Rimandato,0,NON DECEDUTO,,,
4000471,23,11/09/2018 10:15:00,Strada Urbana,VIA CARLO CATTANEO,in corrispondenza,,del civico n.,31,,Veicolo in marcia contro ostacolo accidentale,Rettilineo,Una carreggiata a senso unico di marcia,Asciutto,Asfaltata,Verticale ed orizzontale,Sereno,Normale,Buona,Ore Diurne,0,0,0,1,12.5027,41.8986,-1,1,Autovettura privata,In marcia / fermata / arresto,Conducente,F,Illeso,0,,Non accertato,Inesploso,
4000476,4,21/09/2018 23:00:00,Strada Urbana,VIA VILLA DI FAONTE,da specificare,,,,fronte civ. 20,Veicolo in marcia contro ostacolo fisso,Curva senza visuale libera,Una carreggiata a doppio senso,Bagnato (umidit� in atto),Asfaltata,Verticale ed orizzontale,Sereno,Scarso,Sufficiente,Sufficiente,0,0,0,1,12.5403,41.95,0,1,Autovettura privata,In marcia / fermata / arresto,Conducente,M,Illeso,0,,Non accertato,,
4000527,4,22/09/2018 04:30:00,Statale,VIA FLAMINIA,da specificare,,,,all'altezza dello svincolo per il GRA,Veicolo in marcia contro ostacolo fisso,Rettilineo,Due carreggiate,Bagnato (umidit� in atto),Asfaltata,Verticale ed orizzontale,Sereno,Scarso,Insufficiente,Insufficiente,0,0,0,1,12.4272,41.9749,-1,1,Autovettura privata,In marcia / fermata / arresto,Conducente,F,Illeso,0,,Non accertato,,
4000611,1,20/09/2018 07:05:00,Strada Urbana,VIA DEL CASTRO PRETORIO,da specificare,,,,PROX VIA DEI MILLE,Investimento di pedone,Rettilineo,Una carreggiata a doppio senso,Bagnato (pioggia),Asfaltata,Verticale ed orizzontale,Pioggia in atto,Normale,Buona,Ore Diurne,2,0,0,1,12.5057,41.9018,-1,,,,Pedone,M,Rimandato,0,NON DECEDUTO,,,
4000611,1,20/09/2018 07:05:00,Strada Urbana,VIA DEL CASTRO PRETORIO,da specificare,,,,PROX VIA DEI MILLE,Investimento di pedone,Rettilineo,Una carreggiata a doppio senso,Bagnato (pioggia),Asfaltata,Verticale ed orizzontale,Pioggia in atto,Normale,Buona,Ore Diurne,2,0,0,1,12.5057,41.9018,-1,,,,Pedone,M,Rimandato,0,NON DECEDUTO,,,
4000611,1,20/09/2018 07:05:00,Strada Urbana,VIA DEL CASTRO PRETORIO,da specificare,,,,PROX VIA DEI MILLE,Investimento di pedone,Rettilineo,Una carreggiata a doppio senso,Bagnato (pioggia),Asfaltata,Verticale ed orizzontale,Pioggia in atto,Normale,Buona,Ore Diurne,2,0,0,1,12.5057,41.9018,-1,1,Motociclo a solo,In marcia / fermata / arresto,Conducente,M,Illeso,0,,Non accertato,,
4000621,20,22/09/2018 13:10:00,Strada Urbana,CORSO DI FRANCIA,all'intersezione con,VIA CIVITA CASTELLANA,VIA CIVITA CASTELLANA,,,Scontro frontale/laterale SX fra veicoli in marcia,Incrocio,Due carreggiate,Asciutto,Asfaltata,Verticale ed orizzontale,Sereno,Scarso,Buona,Ore Diurne,0,0,0,3,12.4708,41.9374,-1,1,Autovettura privata,In marcia / fermata / arresto,Conducente,M,Illeso,0,,Non accertato,Inesploso,
4000621,20,22/09/2018 13:10:00,Strada Urbana,CORSO DI FRANCIA,all'intersezione con,VIA CIVITA CASTELLANA,VIA CIVITA CASTELLANA,,,Scontro frontale/laterale SX fra veicoli in marcia,Incrocio,Due carreggiate,Asciutto,Asfaltata,Verticale ed orizzontale,Sereno,Scarso,Buona,Ore Diurne,0,0,0,3,12.4708,41.9374,-1,1,Autovettura privata,In marcia / fermata / arresto,Passeggero,M,Illeso,0,,Non accertato,Inesploso,
4000621,20,22/09/2018 13:10:00,Strada Urbana,CORSO DI FRANCIA,all'intersezione con,VIA CIVITA CASTELLANA,VIA CIVITA CASTELLANA,,,Scontro frontale/laterale SX fra veicoli in marcia,Incrocio,Due carreggiate,Asciutto,Asfaltata,Verticale ed orizzontale,Sereno,Scarso,Buona,Ore Diurne,0,0,0,3,12.4708,41.9374,-1,2,Autobus di linea,In marcia / fermata / arresto,Conducente,M,Illeso,0,,Non accertato,Inesistente,
4000635,1,20/09/2018 09:50:00,Strada Urbana,VIA VITTORIO VENETO,all'intersezione con,VIA SICILIA,VIA SICILIA,,,Scontro frontale/laterale SX fra veicoli in marcia,Incrocio,Una carreggiata a doppio senso,Bagnato (pioggia),Asfaltata,Verticale ed orizzontale,Nuvoloso,Normale,Buona,Ore Diurne,1,0,0,2,12.4895,41.9061,-1,1,Motociclo a solo,In marcia / fermata / arresto,Conducente,M,Rifiuta cure immediate,0,NON DECEDUTO,Non accertato,,
4000635,1,20/09/2018 09:50:00,Strada Urbana,VIA VITTORIO VENETO,all'intersezione con,VIA SICILIA,VIA SICILIA,,,Scontro frontale/laterale SX fra veicoli in marcia,Incrocio,Una carreggiata a doppio senso,Bagnato (pioggia),Asfaltata,Verticale ed orizzontale,Nuvoloso,Normale,Buona,Ore Diurne,1,0,0,2,12.4895,41.9061,-1,2,Autovettura privata,In marcia / fermata / arresto,Conducente,M,Illeso,0,,Non accertato,,
4000635,1,20/09/2018 09:50:00,Strada Urbana,VIA VITTORIO VENETO,all'intersezione con,VIA SICILIA,VIA SICILIA,,,Scontro frontale/laterale SX fra veicoli in marcia,Incrocio,Una carreggiata a doppio senso,Bagnato (pioggia),Asfaltata,Verticale ed orizzontale,Nuvoloso,Normale,Buona,Ore Diurne,1,0,0,2,12.4895,41.9061,-1,2,Autovettura privata,In marcia / fermata / arresto,Passeggero,F,Illeso,0,,Non accertato,,
4000690,1,20/09/2018 09:40:00,Strada Urbana,PIAZZA DI PORTA S. GIOVANNI,in prossimit�,,del civico n.,10,,Infortunio per sola frenata improvvisa,Rettilineo,Una carreggiata a doppio senso,Bagnato (pioggia),Asfaltata,Orizzontale,Nuvoloso,Normale,Buona,Ore Diurne,0,0,0,2,,,0,1,Autovettura pubblica,In marcia / fermata / arresto,Conducente,M,Illeso,0,,Non accertato,,
4000690,1,20/09/2018 09:40:00,Strada Urbana,PIAZZA DI PORTA S. GIOVANNI,in prossimit�,,del civico n.,10,,Infortunio per sola frenata improvvisa,Rettilineo,Una carreggiata a doppio senso,Bagnato (pioggia),Asfaltata,Orizzontale,Nuvoloso,Normale,Buona,Ore Diurne,0,0,0,2,,,0,2,Motociclo a solo,In marcia / fermata / arresto,Conducente,,Illeso,0,,,,
4000700,20,22/09/2018 14:30:00,Strada Urbana,LUNGOTEVERE MARESCIALLO CADORNA,in corrispondenza,,del palo luce n.,24,,Tamponamento,Rettilineo,Una carreggiata a doppio senso,Asciutto,Asfaltata,Verticale ed orizzontale,Sereno,Normale,Buona,Ore Diurne,1,0,0,1,12.4582,41.9279,-1,1,Autovettura privata,In marcia / fermata / arresto,Conducente,M,Illeso,0,,Non accertato,Inesploso,
4000700,20,22/09/2018 14:30:00,Strada Urbana,LUNGOTEVERE MARESCIALLO CADORNA,in corrispondenza,,del palo luce n.,24,,Tamponamento,Rettilineo,Una carreggiata a doppio senso,Asciutto,Asfaltata,Verticale ed orizzontale,Sereno,Normale,Buona,Ore Diurne,1,0,0,1,12.4582,41.9279,-1,2,Motociclo a solo,In marcia / fermata / arresto,Conducente,M,Ricoverato,0,NON DECEDUTO,Non accertato,,
4000707,1,21/09/2018 01:00:00,Strada Urbana,VIA STATILIA,all'intersezione con,VIA SAN QUINTINO,VIA SAN QUINTINO,,,Veicolo in marcia contro veicoli in sosta,Incrocio,Una carreggiata a senso unico di marcia,Bagnato (umidit� in atto),In cubetti di porfido,Verticale ed orizzontale,Nuvoloso,Scarso,Buona,Sufficiente,0,0,0,1,12.5103,41.8899,-1,1,Autovettura privata,In marcia / fermata / arresto,Conducente,M,Illeso,0,,Non accertato,Inesploso,
4000718,1,21/09/2018 09:25:00,Strada Urbana,PIAZZA DELLA REPUBBLICA,in corrispondenza,,del civico n.,FR. 52,,Scontro laterale fra veicoli in marcia,Rettilineo,Una carreggiata a doppio senso,Asciutto,In cubetti di porfido,Verticale ed orizzontale,Sereno,Intenso,Buona,Ore Diurne,0,0,0,2,,,0,1,Autovettura pubblica,In marcia / fermata / arresto,Conducente,M,Illeso,0,,Non accertato,,
4000718,1,21/09/2018 09:25:00,Strada Urbana,PIAZZA DELLA REPUBBLICA,in corrispondenza,,del civico n.,FR. 52,,Scontro laterale fra veicoli in marcia,Rettilineo,Una carreggiata a doppio senso,Asciutto,In cubetti di porfido,Verticale ed orizzontale,Sereno,Intenso,Buona,Ore Diurne,0,0,0,2,,,0,2,Motociclo a solo,In marcia / fermata / arresto,Conducente,M,Illeso,0,,,,
4000722,1,21/09/2018 10:45:00,Strada Urbana,VIA VENTI SETTEMBRE,in prossimit�,,del civico n.,1,,Scontro laterale fra veicoli in marcia,Rettilineo,Una carreggiata a doppio senso,Asciutto,Asfaltata,Verticale ed orizzontale,Sereno,Normale,Buona,Ore Diurne,1,0,0,1,12.4911,41.9022,-1,1,Autovettura privata,In marcia / fermata / arresto,Conducente,M,Illeso,0,,Non accertato,,
4000722,1,21/09/2018 10:45:00,Strada Urbana,VIA VENTI SETTEMBRE,in prossimit�,,del civico n.,1,,Scontro laterale fra veicoli in marcia,Rettilineo,Una carreggiata a doppio senso,Asciutto,Asfaltata,Verticale ed orizzontale,Sereno,Normale,Buona,Ore Diurne,1,0,0,1,12.4911,41.9022,-1,2,Motociclo a solo,In marcia / fermata / arresto,Conducente,M,Rimandato,0,NON DECEDUTO,Non accertato,,
4000735,1,21/09/2018 12:20:00,Strada Urbana,PIAZZA DI S. LORENZO IN LUCINA,in corrispondenza,,del civico n.,27,,Investimento di pedone,Rettilineo,Una carreggiata a senso unico di marcia,Asciutto,In cubetti di porfido,Verticale ed orizzontale,Nuvoloso,Normale,Buona,Ore Diurne,1,0,0,1,12.4786,41.9037,-1,,,,Pedone,M,Rimandato,0,NON DECEDUTO,,,
4000735,1,21/09/2018 12:20:00,Strada Urbana,PIAZZA DI S. LORENZO IN LUCINA,in corrispondenza,,del civico n.,27,,Investimento di pedone,Rettilineo,Una carreggiata a senso unico di marcia,Asciutto,In cubetti di porfido,Verticale ed orizzontale,Nuvoloso,Normale,Buona,Ore Diurne,1,0,0,1,12.4786,41.9037,-1,1,Autovettura pubblica,In marcia / fermata / arresto,Conducente,M,Illeso,0,,Non accertato,Inesploso,
4000747,1,21/09/2018 15:10:00,Strada Urbana,PIAZZA DI S. GIOVANNI IN LATERANO,all'intersezione semaforizzata con,VIA MERULANA,VIA MERULANA,,,Scontro laterale fra veicoli in marcia,Intersezione semaforizzata,Una carreggiata a doppio senso,Asciutto,Asfaltata,Verticale ed orizzontale,Nuvoloso,Normale,Buona,Ore Diurne,0,0,0,2,12.5046,41.8872,-1,1,Autovettura pubblica,In marcia / fermata / arresto,Conducente,M,Illeso,0,,Non accertato,Inesploso,