Protocollo,Gruppo,DataOraIncidente,Localizzazione1,STRADA1,Localizzazione2,STRADA2,Strada02,Chilometrica,DaSpecificare,NaturaIncidente,particolaritastrade,TipoStrada,FondoStradale,Pavimentazione,Segnaletica,CondizioneAtmosferica,Traffico,Visibilita,Illuminazione,NUM_FERITI,NUM_RISERVATA,NUM_MORTI,NUM_ILLESI,Longitudine,Latitudine,Confermato,Progressivo,TipoVeicolo,StatoVeicolo,TipoPersona,Sesso,Tipolesione,Deceduto,DecedutoDopo,CinturaCascoUtilizzato,Airbag,
4000747,1,21/09/2018 15:10:00,Strada Urbana,PIAZZA DI S. GIOVANNI IN LATERANO,all'intersezione semaforizzata con,VIA MERULANA,VIA MERULANA,,,Scontro laterale fra veicoli in marcia,Intersezione semaforizzata,Una carreggiata a doppio senso,Asciutto,Asfaltata,Verticale ed orizzontale,Nuvoloso,Normale,Buona,Ore Diurne,0,0,0,2,12.5046,41.8872,-1,2,Motociclo a solo,In marcia / fermata / arresto,Conducente,M,Illeso,0,,Non accertato,,
4000749,4,22/09/2018 06:50:00,Strada Urbana,VIA MONTE GRIMANO,in prossimit�,,del civico n.,24,,Veicolo in marcia contro veicoli in sosta,Rettilineo,Due carreggiate,Asciutto,Asfaltata,Verticale ed orizzontale,Sereno,Scarso,Buona,Ore Diurne,0,0,0,1,12.5194,41.9795,-1,1,Autovettura privata,In marcia / fermata / arresto,Conducente,M,Illeso,0,,Non accertato,,
4000756,1,21/09/2018 15:20:00,Strada Urbana,VIA MERULANA,in corrispondenza,,del civico n.,139,,Infortunio per sola frenata improvvisa,Rettilineo,Una carreggiata a doppio senso,Asciutto,Asfaltata,Verticale ed orizzontale,Nuvoloso,Normale,Buona,Ore Diurne,1,0,0,0,12.5045,41.8874,-1,1,Motociclo a solo,In marcia / fermata / arresto,Conducente,M,Rimandato,0,NON DECEDUTO,Non accertato,,
4000770,1,21/09/2018 17:40:00,Strada Urbana,VIALE DELLE TERME DI CARACALLA,all'intersezione semaforizzata con,LARGO CAVALIERI DI COLOMBO,LARGO CAVALIERI DI COLOMBO,,,Scontro frontale/laterale SX fra veicoli in marcia,Intersezione semaforizzata,Pi� di due carreggiate,Asciutto,Asfaltata,Verticale ed orizzontale,Sereno,Intenso,Buona,Ore Diurne,1,0,0,1,12.4952,41.8789,-1,1,Autovettura privata,In marcia / fermata / arresto,Conducente,M,Illeso,0,,Non accertato,Inesploso,
4000770,1,21/09/2018 17:40:00,Strada Urbana,VIALE DELLE TERME DI CARACALLA,all'intersezione semaforizzata con,LARGO CAVALIERI DI COLOMBO,LARGO CAVALIERI DI COLOMBO,,,Scontro frontale/laterale SX fra veicoli in marcia,Intersezione semaforizzata,Pi� di due carreggiate,Asciutto,Asfaltata,Verticale ed orizzontale,Sereno,Intenso,Buona,Ore Diurne,1,0,0,1,12.4952,41.8789,-1,2,Motociclo a solo,In marcia / fermata / arresto,Conducente,M,Rimandato,0,NON DECEDUTO,Non accertato,,
4000779,1,21/09/2018 18:50:00,Strada Urbana,PIAZZA DELLA REPUBBLICA,da specificare,,,,ALT. VIA TERME DI DIOCLEZIANO,Scontro laterale fra veicoli in marcia,Rotatoria,Una carreggiata a doppio senso,Bagnato (umidit� in atto),Acciotolata,Verticale ed orizzontale,Nuvoloso,Normale,Sufficiente,Sufficiente,0,0,0,2,12.4958,41.9022,-1,1,Motociclo a solo,In marcia / fermata / arresto,Conducente,M,Illeso,0,,Non accertato,,
4000779,1,21/09/2018 18:50:00,Strada Urbana,PIAZZA DELLA REPUBBLICA,da specificare,,,,ALT. VIA TERME DI DIOCLEZIANO,Scontro laterale fra veicoli in marcia,Rotatoria,Una carreggiata a doppio senso,Bagnato (umidit� in atto),Acciotolata,Verticale ed orizzontale,Nuvoloso,Normale,Sufficiente,Sufficiente,0,0,0,2,12.4958,41.9022,-1,2,Autobus turistico,In marcia / fermata / arresto,Conducente,M,Illeso,0,,Non accertato,,
4000799,1,21/09/2018 21:20:00,Strada Urbana,LUNGOTEVERE RIPA,all'intersezione con,VIA DEL PORTO,VIA DEL PORTO,,,Scontro frontale/laterale DX fra veicoli in marcia,Intersezione non regolata/non segnalata,Una carreggiata a senso unico di marcia,Asciutto,Asfaltata,Assente,Sereno,Normale,Sufficiente,Sufficiente,0,0,0,2,,,0,1,Autovettura privata,In marcia / fermata / arresto,Conducente,,Illeso,0,,,,
4000799,1,21/09/2018 21:20:00,Strada Urbana,LUNGOTEVERE RIPA,all'intersezione con,VIA DEL PORTO,VIA DEL PORTO,,,Scontro frontale/laterale DX fra veicoli in marcia,Intersezione non regolata/non segnalata,Una carreggiata a senso unico di marcia,Asciutto,Asfaltata,Assente,Sereno,Normale,Sufficiente,Sufficiente,0,0,0,2,,,0,1,Autovettura privata,In marcia / fermata / arresto,Passeggero,F,Illeso,0,,Non accertato,,
4000799,1,21/09/2018 21:20:00,Strada Urbana,LUNGOTEVERE RIPA,all'intersezione con,VIA DEL PORTO,VIA DEL PORTO,,,Scontro frontale/laterale DX fra veicoli in marcia,Intersezione non regolata/non segnalata,Una carreggiata a senso unico di marcia,Asciutto,Asfaltata,Assente,Sereno,Normale,Sufficiente,Sufficiente,0,0,0,2,,,0,2,Motociclo a solo,In marcia / fermata / arresto,Conducente,,Illeso,0,,,,
4000800,4,22/09/2018 11:15:00,Strada Urbana,VIA ARTURO GRAF,in corrispondenza,,del civico n.,20,,Investimento di pedone,Rettilineo,Due carreggiate,Asciutto,Asfaltata,Verticale,Sereno,Normale,Buona,Ore Diurne,0,0,0,2,12.5527,41.9416,-1,,,,Pedone,M,Illeso,0,,,,
4000800,4,22/09/2018 11:15:00,Strada Urbana,VIA ARTURO GRAF,in corrispondenza,,del civico n.,20,,Investimento di pedone,Rettilineo,Due carreggiate,Asciutto,Asfaltata,Verticale,Sereno,Normale,Buona,Ore Diurne,0,0,0,2,12.5527,41.9416,-1,1,Autovettura privata,In marcia / fermata / arresto,Conducente,F,Illeso,0,,Non accertato,Inesploso,
4000809,1,21/09/2018 22:50:00,Strada Urbana,VIA DI PROPAGANDA,in corrispondenza,,del civico n.,FR 8/A,,Veicolo in marcia contro ostacolo accidentale,Rettilineo,Una carreggiata a senso unico di marcia,Asciutto,Asfaltata,Verticale ed orizzontale,Sereno,Scarso,Buona,Sufficiente,0,0,0,3,12.4832,41.9043,-1,1,Autocarro inferiore 35 q.,In marcia / fermata / arresto,Conducente,F,Illeso,0,,Non accertato,,
4000809,1,21/09/2018 22:50:00,Strada Urbana,VIA DI PROPAGANDA,in corrispondenza,,del civico n.,FR 8/A,,Veicolo in marcia contro ostacolo accidentale,Rettilineo,Una carreggiata a senso unico di marcia,Asciutto,Asfaltata,Verticale ed orizzontale,Sereno,Scarso,Buona,Sufficiente,0,0,0,3,12.4832,41.9043,-1,2,Autovettura pubblica,In marcia / fermata / arresto,Conducente,M,Illeso,0,,,,
4000809,1,21/09/2018 22:50:00,Strada Urbana,VIA DI PROPAGANDA,in corrispondenza,,del civico n.,FR 8/A,,Veicolo in marcia contro ostacolo accidentale,Rettilineo,Una carreggiata a senso unico di marcia,Asciutto,Asfaltata,Verticale ed orizzontale,Sereno,Scarso,Buona,Sufficiente,0,0,0,3,12.4832,41.9043,-1,2,Autovettura pubblica,In marcia / fermata / arresto,Passeggero,M,Illeso,0,,Non accertato,,
4000820,1,22/09/2018 03:15:00,Strada Urbana,PIAZZA DI PORTA MAGGIORE,da specificare,,,,ALT. VIA STATILIA,Scontro laterale fra veicoli in marcia,Rettilineo,Due carreggiate,Asciutto,Asfaltata,Verticale ed orizzontale,Sereno,Normale,Buona,Sufficiente,0,0,0,1,,,0,1,Autovettura privata,In marcia / fermata / arresto,Conducente,M,Illeso,0,,Non accertato,,
4000844,2,22/09/2018 16:00:00,Strada Urbana,VIA DEI CAMPI SPORTIVI,all'intersezione con,VIA DEL FORO ITALICO,VIA DEL FORO ITALICO,,,Scontro frontale/laterale SX fra veicoli in marcia,Incrocio,Una carreggiata a doppio senso,Asciutto,Asfaltata,Verticale,Sereno,Normale,Buona,Ore Diurne,0,0,0,3,12.4913,41.939,-1,1,Autovettura privata,In marcia / fermata / arresto,Conducente,M,Illeso,0,,,,
4000844,2,22/09/2018 16:00:00,Strada Urbana,VIA DEI CAMPI SPORTIVI,all'intersezione con,VIA DEL FORO ITALICO,VIA DEL FORO ITALICO,,,Scontro frontale/laterale SX fra veicoli in marcia,Incrocio,Una carreggiata a doppio senso,Asciutto,Asfaltata,Verticale,Sereno,Normale,Buona,Ore Diurne,0,0,0,3,12.4913,41.939,-1,1,Autovettura privata,In marcia / fermata / arresto,Passeggero,F,Illeso,0,,,,
4000844,2,22/09/2018 16:00:00,Strada Urbana,VIA DEI CAMPI SPORTIVI,all'intersezione con,VIA DEL FORO ITALICO,VIA DEL FORO ITALICO,,,Scontro frontale/laterale SX fra veicoli in marcia,Incrocio,Una carreggiata a doppio senso,Asciutto,Asfaltata,Verticale,Sereno,Normale,Buona,Ore Diurne,0,0,0,3,12.4913,41.939,-1,2,Autovettura privata,In marcia / fermata / arresto,Conducente,F,Illeso,0,,,,
4000845,1,22/09/2018 10:20:00,Strada Urbana,VIA DEL TEMPIO,all'intersezione con,LUNGOTEVERE DE' CENCI,LUNGOTEVERE DE' CENCI,,,Veicolo in marcia contro ostacolo accidentale,Incrocio,Una carreggiata a senso unico di marcia,Asciutto,Asfaltata,Verticale ed orizzontale,Sereno,Normale,Buona,Ore Diurne,0,0,0,2,,,0,1,Autovettura privata,In marcia / fermata / arresto,Conducente,,Illeso,0,,,,
4000845,1,22/09/2018 10:20:00,Strada Urbana,VIA DEL TEMPIO,all'intersezione con,LUNGOTEVERE DE' CENCI,LUNGOTEVERE DE' CENCI,,,Veicolo in marcia contro ostacolo accidentale,Incrocio,Una carreggiata a senso unico di marcia,Asciutto,Asfaltata,Verticale ed orizzontale,Sereno,Normale,Buona,Ore Diurne,0,0,0,2,,,0,1,Autovettura privata,In marcia / fermata / arresto,Passeggero,M,Illeso,0,,Non accertato,,
4000864,1,22/09/2018 11:45:00,Strada Urbana,VIA NAPOLEONE III,in corrispondenza,,del civico n.,33,,Scontro laterale fra veicoli in marcia,Rettilineo,Una carreggiata a doppio senso,Asciutto,Asfaltata,Verticale ed orizzontale,Sereno,Scarso,Buona,Ore Diurne,0,0,0,3,12.5018,41.8969,-1,1,Autocarro inferiore 35 q.,In marcia / fermata / arresto,Conducente,M,Illeso,0,,Non accertato,Inesploso,
4000864,1,22/09/2018 11:45:00,Strada Urbana,VIA NAPOLEONE III,in corrispondenza,,del civico n.,33,,Scontro laterale fra veicoli in marcia,Rettilineo,Una carreggiata a doppio senso,Asciutto,Asfaltata,Verticale ed orizzontale,Sereno,Scarso,Buona,Ore Diurne,0,0,0,3,12.5018,41.8969,-1,1,Autocarro inferiore 35 q.,In marcia / fermata / arresto,Passeggero,M,Illeso,0,,Non accertato,Inesploso,
4000864,1,22/09/2018 11:45:00,Strada Urbana,VIA NAPOLEONE III,in corrispondenza,,del civico n.,33,,Scontro laterale fra veicoli in marcia,Rettilineo,Una carreggiata a doppio senso,Asciutto,Asfaltata,Verticale ed orizzontale,Sereno,Scarso,Buona,Ore Diurne,0,0,0,3,12.5018,41.8969,-1,2,Autovettura privata,In marcia / fermata / arresto,Conducente,M,Illeso,0,,Esente,Inesploso,
4000878,1,22/09/2018 15:00:00,Strada Urbana,VIA DELLA GRECA,in corrispondenza,,del civico n.,5,,Scontro laterale fra veicoli in marcia,Rettilineo,Una carreggiata a doppio senso,Asciutto,Asfaltata,Verticale ed orizzontale,Sereno,Normale,Buona,Ore Diurne,1,0,0,1,12.4821,41.8876,-1,1,Autovettura privata,In marcia / fermata / arresto,Conducente,M,Rifiuta cure immediate,0,NON DECEDUTO,Non accertato,,
4000878,1,22/09/2018 15:00:00,Strada Urbana,VIA DELLA GRECA,in corrispondenza,,del civico n.,5,,Scontro laterale fra veicoli in marcia,Rettilineo,Una carreggiata a doppio senso,Asciutto,Asfaltata,Verticale ed orizzontale,Sereno,Normale,Buona,Ore Diurne,1,0,0,1,12.4821,41.8876,-1,2,Autovettura privata,In marcia / fermata / arresto,Conducente,F,Illeso,0,,Non accertato,,
4000888,1,22/09/2018 11:30:00,Strada Urbana,VIALE DELLE TERME DI CARACALLA,all'intersezione semaforizzata con,LARGO CAVALIERI DI COLOMBO,LARGO CAVALIERI DI COLOMBO,,,Scontro laterale fra veicoli in marcia,Incrocio,Una carreggiata a doppio senso,Asciutto,Asfaltata,Verticale ed orizzontale,Sereno,Normale,Buona,Ore Diurne,2,0,0,2,12.4932,41.8817,-1,1,Motociclo con passeggero,In marcia / fermata / arresto,Conducente,M,Rimandato,0,NON DECEDUTO,,,
4000888,1,22/09/2018 11:30:00,Strada Urbana,VIALE DELLE TERME DI CARACALLA,all'intersezione semaforizzata con,LARGO CAVALIERI DI COLOMBO,LARGO CAVALIERI DI COLOMBO,,,Scontro laterale fra veicoli in marcia,Incrocio,Una carreggiata a doppio senso,Asciutto,Asfaltata,Verticale ed orizzontale,Sereno,Normale,Buona,Ore Diurne,2,0,0,2,12.4932,41.8817,-1,1,Motociclo con passeggero,In marcia / fermata / arresto,Passeggero,M,Rimandato,0,NON DECEDUTO,Non accertato,,
4000888,1,22/09/2018 11:30:00,Strada Urbana,VIALE DELLE TERME DI CARACALLA,all'intersezione semaforizzata con,LARGO CAVALIERI DI COLOMBO,LARGO CAVALIERI DI COLOMBO,,,Scontro laterale fra veicoli in marcia,Incrocio,Una carreggiata a doppio senso,Asciutto,Asfaltata,Verticale ed orizzontale,Sereno,Normale,Buona,Ore Diurne,2,0,0,2,12.4932,41.8817,-1,2,Autovettura privata,In marcia / fermata / arresto,Conducente,M,Illeso,0,,Non accertato,,
4000888,1,22/09/2018 11:30:00,Strada Urbana,VIALE DELLE TERME DI CARACALLA,all'intersezione semaforizzata con,LARGO CAVALIERI DI COLOMBO,LARGO CAVALIERI DI COLOMBO,,,Scontro laterale fra veicoli in marcia,Incrocio,Una carreggiata a doppio senso,Asciutto,Asfaltata,Verticale ed orizzontale,Sereno,Normale,Buona,Ore Diurne,2,0,0,2,12.4932,41.8817,-1,2,Autovettura privata,In marcia / fermata / arresto,Passeggero,F,Illeso,0,,Non accertato,,
4000936,3,20/09/2018 17:00:00,Strada Urbana,VIA CATANIA,all'intersezione con,VIA AREZZO,VIA AREZZO,,,Scontro frontale/laterale SX fra veicoli in marcia,Intersezione semaforizzata,Pi� di due carreggiate,Bagnato (pioggia),Asfaltata,Verticale ed orizzontale,Pioggia in atto,Normale,Buona,Ore Diurne,0,0,0,3,12.5182,41.9103,0,1,Autovettura privata,In marcia / fermata / arresto,Conducente,M,Illeso,0,,,Inesploso,
4000936,3,20/09/2018 17:00:00,Strada Urbana,VIA CATANIA,all'intersezione con,VIA AREZZO,VIA AREZZO,,,Scontro frontale/laterale SX fra veicoli in marcia,Intersezione semaforizzata,Pi� di due carreggiate,Bagnato (pioggia),Asfaltata,Verticale ed orizzontale,Pioggia in atto,Normale,Buona,Ore Diurne,0,0,0,3,12.5182,41.9103,0,2,Autocarro inferiore 35 q.,In marcia / fermata / arresto,Conducente,M,Illeso,0,,,Inesploso,
4000936,3,20/09/2018 17:00:00,Strada Urbana,VIA CATANIA,all'intersezione con,VIA AREZZO,VIA AREZZO,,,Scontro frontale/laterale SX fra veicoli in marcia,Intersezione semaforizzata,Pi� di due carreggiate,Bagnato (pioggia),Asfaltata,Verticale ed orizzontale,Pioggia in atto,Normale,Buona,Ore Diurne,0,0,0,3,12.5182,41.9103,0,2,Autocarro inferiore 35 q.,In marcia / fermata / arresto,Passeggero,M,Illeso,0,,,Inesploso,
4000948,3,21/09/2018 14:00:00,Strada Urbana,VIALE DELLE PROVINCIE,in prossimit�,,del civico n.,116,,Tamponamento Multiplo,Rettilineo,Una carreggiata a senso unico di marcia,Asciutto,Asfaltata,Verticale ed orizzontale,Sereno,Normale,Buona,Ore Diurne,2,0,0,2,12.521,41.9101,-1,1,Autovettura privata,In marcia / fermata / arresto,Conducente,M,Illeso,0,,,,
4000948,3,21/09/2018 14:00:00,Strada Urbana,VIALE DELLE PROVINCIE,in prossimit�,,del civico n.,116,,Tamponamento Multiplo,Rettilineo,Una carreggiata a senso unico di marcia,Asciutto,Asfaltata,Verticale ed orizzontale,Sereno,Normale,Buona,Ore Diurne,2,0,0,2,12.521,41.9101,-1,1,Autovettura privata,In marcia / fermata / arresto,Passeggero,M,Illeso,0,,,,
4000948,3,21/09/2018 14:00:00,Strada Urbana,VIALE DELLE PROVINCIE,in prossimit�,,del civico n.,116,,Tamponamento Multiplo,Rettilineo,Una carreggiata a senso unico di marcia,Asciutto,Asfaltata,Verticale ed orizzontale,Sereno,Normale,Buona,Ore Diurne,2,0,0,2,12.521,41.9101,-1,2,Autovettura privata,In marcia / fermata / arresto,Conducente,M,Rimandato,0,NON DECEDUTO,,,
4000948,3,21/09/2018 14:00:00,Strada Urbana,VIALE DELLE PROVINCIE,in prossimit�,,del civico n.,116,,Tamponamento Multiplo,Rettilineo,Una carreggiata a senso unico di marcia,Asciutto,Asfaltata,Verticale ed orizzontale,Sereno,Normale,Buona,Ore Diurne,2,0,0,2,12.521,41.9101,-1,3,Autovettura privata,In marcia / fermata / arresto,Conducente,M,Rifiuta cure immediate,0,NON DECEDUTO,,,
4001415,10,21/09/2018 18:00:00,Strada Urbana,VIA PONZIO COMINIO,in corrispondenza,,del civico n.,23,,Tamponamento,Rettilineo,Due carreggiate,Bagnato (umidit� in atto),Asfaltata,Verticale ed orizzontale,Nuvoloso,Normale,Buona,Ore Diurne,0,0,0,2,12.5576,41.8605,-1,1,Autovettura privata,In marcia / fermata / arresto,Conducente,F,Illeso,0,,Non accertato,Inesploso,
4001415,10,21/09/2018 18:00:00,Strada Urbana,VIA PONZIO COMINIO,in corrispondenza,,del civico n.,23,,Tamponamento,Rettilineo,Due carreggiate,Bagnato (umidit� in atto),Asfaltata,Verticale ed orizzontale,Nuvoloso,Normale,Buona,Ore Diurne,0,0,0,2,12.5576,41.8605,-1,2,Autovettura privata,In marcia / fermata / arresto,Conducente,F,Illeso,0,,Non accertato,Inesploso,
4001422,10,22/09/2018 01:40:00,Strada Urbana,VIA TUSCOLANA,da specificare,,,,prossimit� via Demetriade,Veicolo in marcia contro ostacolo fisso,Curva a visuale libera,Una carreggiata a senso unico di marcia,Asciutto,Asfaltata,Orizzontale,Nuvoloso,Scarso,Sufficiente,Sufficiente,1,0,0,0,12.5424,41.8647,-1,1,Autovettura privata,In marcia / fermata / arresto,Conducente,F,Rifiuta cure immediate,0,NON DECEDUTO,Non accertato,Inesploso,
4001426,10,22/09/2018 11:05:00,Strada Urbana,VIA DEL FONTANILE TUSCOLANO,in corrispondenza,,del civico n.,64,,Veicolo in marcia contro ostacolo accidentale,Rettilineo,Una carreggiata a doppio senso,Asciutto,Asfaltata,Verticale ed orizzontale,Sereno,Scarso,Buona,Ore Diurne,0,0,0,1,12.6069,41.8137,-1,1,Autovettura privata,In marcia / fermata / arresto,Conducente,F,Illeso,0,,Non accertato,Inesploso,
4001434,10,22/09/2018 12:10:00,Strada Urbana,VIA ANAGNINA,da specificare,,,,in pprossimit� via Bellicia,Tamponamento,Rettilineo,Due carreggiate,Asciutto,Asfaltata,Verticale ed orizzontale,Sereno,Normale,Buona,Ore Diurne,2,0,0,1,12.6072,41.8227,-1,1,Autovettura privata,In marcia / fermata / arresto,Conducente,F,Illeso,0,,Non accertato,Inesploso,
4001434,10,22/09/2018 12:10:00,Strada Urbana,VIA ANAGNINA,da specificare,,,,in pprossimit� via Bellicia,Tamponamento,Rettilineo,Due carreggiate,Asciutto,Asfaltata,Verticale ed orizzontale,Sereno,Normale,Buona,Ore Diurne,2,0,0,1,12.6072,41.8227,-1,1,Autovettura privata,In marcia / fermata / arresto,Passeggero,F,Rimandato,0,NON DECEDUTO,Non accertato,Inesploso,
4001434,10,22/09/2018 12:10:00,Strada Urbana,VIA ANAGNINA,da specificare,,,,in pprossimit� via Bellicia,Tamponamento,Rettilineo,Due carreggiate,Asciutto,Asfaltata,Verticale ed orizzontale,Sereno,Normale,Buona,Ore Diurne,2,0,0,1,12.6072,41.8227,-1,2,Motociclo con passeggero,In marcia / fermata / arresto,Conducente,M,Rimandato,0,NON DECEDUTO,Non accertato,,
4001441,10,22/09/2018 13:35:00,Strada Urbana,VIA DELL'AEROPORTO,all'intersezione con,VIA FLAVIO STILICONE,VIA FLAVIO STILICONE,,,Scontro frontale/laterale DX fra veicoli in marcia,Incrocio,Una carreggiata a senso unico di marcia,Asciutto,Asfaltata,Verticale ed orizzontale,Sereno,Normale,Buona,Ore Diurne,3,0,0,1,12.5556,41.8618,-1,1,Autobus urbano,In marcia / fermata / arresto,Conducente,M,Illeso,0,,Non accertato,Inesploso,
4001441,10,22/09/2018 13:35:00,Strada Urbana,VIA DELL'AEROPORTO,all'intersezione con,VIA FLAVIO STILICONE,VIA FLAVIO STILICONE,,,Scontro frontale/laterale DX fra veicoli in marcia,Incrocio,Una carreggiata a senso unico di marcia,Asciutto,Asfaltata,Verticale ed orizzontale,Sereno,Normale,Buona,Ore Diurne,3,0,0,1,12.5556,41.8618,-1,2,Autovettura privata,In marcia / fermata / arresto,Conducente,M,Rimandato,0,NON DECEDUTO,Non accertato,Inesploso,
4001441,10,22/09/2018 13:35:00,Strada Urbana,VIA DELL'AEROPORTO,all'intersezione con,VIA FLAVIO STILICONE,VIA FLAVIO STILICONE,,,Scontro frontale/laterale DX fra veicoli in marcia,Incrocio,Una carreggiata a senso unico di marcia,Asciutto,Asfaltata,Verticale ed orizzontale,Sereno,Normale,Buona,Ore Diurne,3,0,0,1,12.5556,41.8618,-1,2,Autovettura privata,In marcia / fermata / arresto,Passeggero,F,Rimandato,0,NON DECEDUTO,Non accertato,Inesploso,
4001441,10,22/09/2018 13:35:00,Strada Urbana,VIA DELL'AEROPORTO,all'intersezione con,VIA FLAVIO STILICONE,VIA FLAVIO STILICONE,,,Scontro frontale/laterale DX fra veicoli in marcia,Incrocio,Una carreggiata a senso unico di marcia,Asciutto,Asfaltata,Verticale ed orizzontale,Sereno,Normale,Buona,Ore Diurne,3,0,0,1,12.5556,41.8618,-1,2,Autovettura privata,In marcia / fermata / arresto,Passeggero,M,Rimandato,0,NON DECEDUTO,Non accertato,Inesploso,
4001445,9,21/09/2018 13:35:00,Strada Urbana,VIA CERVETERI,da specificare,,,,pross VIA POMEZIA,Investimento di pedone,Rettilineo,Due carreggiate,Asciutto,Asfaltata,Orizzontale,Nuvoloso,Normale,Buona,Ore Diurne,2,0,0,0,,,0,,,,Pedone,M,Rimandato,0,NON DECEDUTO,,,
4001445,9,21/09/2018 13:35:00,Strada Urbana,VIA CERVETERI,da specificare,,,,pross VIA POMEZIA,Investimento di pedone,Rettilineo,Due carreggiate,Asciutto,Asfaltata,Orizzontale,Nuvoloso,Normale,Buona,Ore Diurne,2,0,0,0,,,0,1,Motociclo a solo,In marcia / fermata / arresto,Conducente,M,Rimandato,0,NON DECEDUTO,Non accertato,,
4001450,10,22/09/2018 18:20:00,Strada Urbana,VIALE PALMIRO TOGLIATTI,in corrispondenza,,del civico n.,239,,Veicolo in marcia contro veicoli in sosta,Rettilineo,Una carreggiata a senso unico di marcia,Asciutto,Asfaltata,Verticale ed orizzontale,Sereno,Normale,Buona,Ore Diurne,1,0,0,0,12.569,41.8622,-1,1,Autovettura privata,In marcia / fermata / arresto,Conducente,F,Rimandato,0,NON DECEDUTO,Non accertato,Inesploso,
4001458,9,22/09/2018 11:00:00,Strada Urbana,VIA AMEDEO CRIVELLUCCI,in corrispondenza,,del civico n.,8,,Investimento di pedone,Rettilineo,Una carreggiata a senso unico di marcia,Asciutto,Asfaltata,Assente,Sereno,Normale,Buona,Ore Diurne,1,0,0,1,12.5263,41.868,-1,,,,Pedone,F,Rimandato,0,NON DECEDUTO,,,
4001458,9,22/09/2018 11:00:00,Strada Urbana,VIA AMEDEO CRIVELLUCCI,in corrispondenza,,del civico n.,8,,Investimento di pedone,Rettilineo,Una carreggiata a senso unico di marcia,Asciutto,Asfaltata,Assente,Sereno,Normale,Buona,Ore Diurne,1,0,0,1,12.5263,41.868,-1,1,Autovettura privata,In marcia / fermata / arresto,Conducente,M,Illeso,0,,Non accertato,Inesploso,
4001462,10,23/09/2018 04:45:00,Strada Urbana,VIA TUSCOLANA,all'intersezione semaforizzata con,VIA DELL'ARCO DI TRAVERTINO,VIA DELL'ARCO DI TRAVERTINO,,,Tamponamento,Intersezione semaforizzata,Due carreggiate,Asciutto,Asfaltata,Verticale ed orizzontale,Sereno,Scarso,Buona,Sufficiente,0,0,0,3,12.5378,41.8692,-1,1,Autovettura privata,In marcia / fermata / arresto,Conducente,M,Illeso,0,,Non accertato,Inesploso,
4001462,10,23/09/2018 04:45:00,Strada Urbana,VIA TUSCOLANA,all'intersezione semaforizzata con,VIA DELL'ARCO DI TRAVERTINO,VIA DELL'ARCO DI TRAVERTINO,,,Tamponamento,Intersezione semaforizzata,Due carreggiate,Asciutto,Asfaltata,Verticale ed orizzontale,Sereno,Scarso,Buona,Sufficiente,0,0,0,3,12.5378,41.8692,-1,2,Autovettura privata,In marcia / fermata / arresto,Conducente,M,Illeso,0,,Non accertato,Inesploso,
4001462,10,23/09/2018 04:45:00,Strada Urbana,VIA TUSCOLANA,all'intersezione semaforizzata con,VIA DELL'ARCO DI TRAVERTINO,VIA DELL'ARCO DI TRAVERTINO,,,Tamponamento,Intersezione semaforizzata,Due carreggiate,Asciutto,Asfaltata,Verticale ed orizzontale,Sereno,Scarso,Buona,Sufficiente,0,0,0,3,12.5378,41.8692,-1,2,Autovettura privata,In marcia / fermata / arresto,Passeggero,M,Illeso,0,,Non accertato,Inesploso,
4001464,2,21/09/2018 18:55:00,Strada Urbana,LUNGOTEVERE DELLE NAVI,da specificare,,,,prossimit� P.le Belle Arti,Scontro laterale fra veicoli in marcia,Rettilineo,Una carreggiata a senso unico di marcia,Asciutto,Asfaltata,Verticale ed orizzontale,Nuvoloso,Normale,Buona,Ore Diurne,0,0,0,3,12.4716,41.9168,-1,1,Motociclo a solo,In marcia / fermata / arresto,Conducente,M,Illeso,0,,Non utilizzato,,
4001464,2,21/09/2018 18:55:00,Strada Urbana,LUNGOTEVERE DELLE NAVI,da specificare,,,,prossimit� P.le Belle Arti,Scontro laterale fra veicoli in marcia,Rettilineo,Una carreggiata a senso unico di marcia,Asciutto,Asfaltata,Verticale ed orizzontale,Nuvoloso,Normale,Buona,Ore Diurne,0,0,0,3,12.4716,41.9168,-1,2,Autovettura privata,In marcia / fermata / arresto,Conducente,M,Illeso,0,,Non accertato,Inesploso,
4001464,2,21/09/2018 18:55:00,Strada Urbana,LUNGOTEVERE DELLE NAVI,da specificare,,,,prossimit� P.le Belle Arti,Scontro laterale fra veicoli in marcia,Rettilineo,Una carreggiata a senso unico di marcia,Asciutto,Asfaltata,Verticale ed orizzontale,Nuvoloso,Normale,Buona,Ore Diurne,0,0,0,3,12.4716,41.9168,-1,2,Autovettura privata,In marcia / fermata / arresto,Passeggero,F,Illeso,0,,Non accertato,Inesploso,
4001488,9,22/09/2018 05:50:00,Strada Urbana,VIA ACAIA,all'intersezione con,VIA SATRICO,VIA SATRICO,,,Scontro frontale/laterale SX fra veicoli in marcia,Intersezione semaforizzata,Una carreggiata a doppio senso,Asciutto,Asfaltata,Verticale ed orizzontale,Sereno,Scarso,Buona,Sufficiente,0,0,0,2,12.5082,41.8768,-1,1,Autovettura privata,In marcia / fermata / arresto,Conducente,M,Illeso,0,,Non accertato,Inesploso,