Protocollo,Gruppo,DataOraIncidente,Localizzazione1,STRADA1,Localizzazione2,STRADA2,Strada02,Chilometrica,DaSpecificare,NaturaIncidente,particolaritastrade,TipoStrada,FondoStradale,Pavimentazione,Segnaletica,CondizioneAtmosferica,Traffico,Visibilita,Illuminazione,NUM_FERITI,NUM_RISERVATA,NUM_MORTI,NUM_ILLESI,Longitudine,Latitudine,Confermato,Progressivo,TipoVeicolo,StatoVeicolo,TipoPersona,Sesso,Tipolesione,Deceduto,DecedutoDopo,CinturaCascoUtilizzato,Airbag,
4001488,9,22/09/2018 05:50:00,Strada Urbana,VIA ACAIA,all'intersezione con,VIA SATRICO,VIA SATRICO,,,Scontro frontale/laterale SX fra veicoli in marcia,Intersezione semaforizzata,Una carreggiata a doppio senso,Asciutto,Asfaltata,Verticale ed orizzontale,Sereno,Scarso,Buona,Sufficiente,0,0,0,2,12.5082,41.8768,-1,2,Autovettura privata,In marcia / fermata / arresto,Conducente,M,Illeso,0,,Non accertato,Inesploso,
4001506,2,21/09/2018 13:00:00,Strada Urbana,VIA PINCIANA,da specificare,,,,altezza palo Acea n. 36,Veicolo in marcia contro veicolo arresto,Rettilineo,Una carreggiata a senso unico di marcia,Asciutto,Asfaltata,Assente,Nuvoloso,Intenso,Buona,Ore Diurne,0,0,0,3,12.4924,41.9124,-1,1,Autovettura privata,In marcia / fermata / arresto,Conducente,F,Illeso,0,,,,
4001506,2,21/09/2018 13:00:00,Strada Urbana,VIA PINCIANA,da specificare,,,,altezza palo Acea n. 36,Veicolo in marcia contro veicolo arresto,Rettilineo,Una carreggiata a senso unico di marcia,Asciutto,Asfaltata,Assente,Nuvoloso,Intenso,Buona,Ore Diurne,0,0,0,3,12.4924,41.9124,-1,2,Autovettura di polizia,In marcia / fermata / arresto,Conducente,M,Illeso,0,,,,
4001506,2,21/09/2018 13:00:00,Strada Urbana,VIA PINCIANA,da specificare,,,,altezza palo Acea n. 36,Veicolo in marcia contro veicolo arresto,Rettilineo,Una carreggiata a senso unico di marcia,Asciutto,Asfaltata,Assente,Nuvoloso,Intenso,Buona,Ore Diurne,0,0,0,3,12.4924,41.9124,-1,2,Autovettura di polizia,In marcia / fermata / arresto,Passeggero,M,Illeso,0,,,,
4001521,20,23/09/2018 10:00:00,Strada Urbana,LUNGOTEVERE MARESCIALLO DIAZ,da specificare,,,,in prossimit� di Ponte Milvio,Scontro laterale fra veicoli in marcia,Curva a visuale libera,Due carreggiate,Asciutto,Asfaltata,Verticale ed orizzontale,Sereno,Normale,Buona,Ore Diurne,0,0,0,5,12.4662,41.9366,-1,1,Autovettura privata,In marcia / fermata / arresto,Conducente,M,Illeso,0,,Non accertato,Inesploso,
4001521,20,23/09/2018 10:00:00,Strada Urbana,LUNGOTEVERE MARESCIALLO DIAZ,da specificare,,,,in prossimit� di Ponte Milvio,Scontro laterale fra veicoli in marcia,Curva a visuale libera,Due carreggiate,Asciutto,Asfaltata,Verticale ed orizzontale,Sereno,Normale,Buona,Ore Diurne,0,0,0,5,12.4662,41.9366,-1,1,Autovettura privata,In marcia / fermata / arresto,Passeggero,M,Illeso,0,,Non accertato,Inesploso,
4001521,20,23/09/2018 10:00:00,Strada Urbana,LUNGOTEVERE MARESCIALLO DIAZ,da specificare,,,,in prossimit� di Ponte Milvio,Scontro laterale fra veicoli in marcia,Curva a visuale libera,Due carreggiate,Asciutto,Asfaltata,Verticale ed orizzontale,Sereno,Normale,Buona,Ore Diurne,0,0,0,5,12.4662,41.9366,-1,2,Autovettura privata,In marcia / fermata / arresto,Conducente,M,Illeso,0,,Non accertato,Inesploso,
4001521,20,23/09/2018 10:00:00,Strada Urbana,LUNGOTEVERE MARESCIALLO DIAZ,da specificare,,,,in prossimit� di Ponte Milvio,Scontro laterale fra veicoli in marcia,Curva a visuale libera,Due carreggiate,Asciutto,Asfaltata,Verticale ed orizzontale,Sereno,Normale,Buona,Ore Diurne,0,0,0,5,12.4662,41.9366,-1,2,Autovettura privata,In marcia / fermata / arresto,Passeggero,F,Illeso,0,,Non accertato,Inesploso,
4001521,20,23/09/2018 10:00:00,Strada Urbana,LUNGOTEVERE MARESCIALLO DIAZ,da specificare,,,,in prossimit� di Ponte Milvio,Scontro laterale fra veicoli in marcia,Curva a visuale libera,Due carreggiate,Asciutto,Asfaltata,Verticale ed orizzontale,Sereno,Normale,Buona,Ore Diurne,0,0,0,5,12.4662,41.9366,-1,2,Autovettura privata,In marcia / fermata / arresto,Passeggero,F,Illeso,0,,Non accertato,Inesploso,
4001522,10,23/09/2018 07:15:00,Strada Urbana,VIA ANAGNINA,da specificare,,,,dir.Grottaferrata prox svincolo inver.marcia - GRA,Scontro frontale/laterale DX fra veicoli in marcia,Rettilineo,Una carreggiata a senso unico di marcia,Asciutto,Asfaltata,Verticale ed orizzontale,Sereno,Normale,Buona,Ore Diurne,0,0,0,1,12.5896,41.8386,-1,1,Autovettura privata,In marcia / fermata / arresto,Conducente,M,Illeso,0,,Non accertato,Inesploso,
4001549,2,21/09/2018 13:30:00,Strada Urbana,VIA LARIANA,all'intersezione con,VIA TARO,VIA TARO,,,Scontro frontale/laterale DX fra veicoli in marcia,Intersezione stradale segnalata,Una carreggiata a senso unico di marcia,Asciutto,Asfaltata,Verticale ed orizzontale,Sereno,Scarso,Sufficiente,Ore Diurne,0,0,0,3,12.5051,41.9244,-1,1,Quadriciclo leggero,In marcia / fermata / arresto,Conducente,M,Illeso,0,,Non accertato,Inesploso,
4001549,2,21/09/2018 13:30:00,Strada Urbana,VIA LARIANA,all'intersezione con,VIA TARO,VIA TARO,,,Scontro frontale/laterale DX fra veicoli in marcia,Intersezione stradale segnalata,Una carreggiata a senso unico di marcia,Asciutto,Asfaltata,Verticale ed orizzontale,Sereno,Scarso,Sufficiente,Ore Diurne,0,0,0,3,12.5051,41.9244,-1,2,Autovettura privata,In marcia / fermata / arresto,Conducente,M,Illeso,0,,Non accertato,Inesploso,
4001549,2,21/09/2018 13:30:00,Strada Urbana,VIA LARIANA,all'intersezione con,VIA TARO,VIA TARO,,,Scontro frontale/laterale DX fra veicoli in marcia,Intersezione stradale segnalata,Una carreggiata a senso unico di marcia,Asciutto,Asfaltata,Verticale ed orizzontale,Sereno,Scarso,Sufficiente,Ore Diurne,0,0,0,3,12.5051,41.9244,-1,2,Autovettura privata,In marcia / fermata / arresto,Passeggero,F,Illeso,0,,Non accertato,Inesploso,
4001632,9,23/09/2018 09:00:00,,VIALE CASTRENSE,da specificare,,,,FR. VIA CALTAGIRONE,Scontro laterale fra veicoli in marcia,,,,,,,,,,0,0,0,2,,,0,1,Autovettura privata,In marcia / fermata / arresto,Conducente,M,Illeso,0,,,,
4001632,9,23/09/2018 09:00:00,,VIALE CASTRENSE,da specificare,,,,FR. VIA CALTAGIRONE,Scontro laterale fra veicoli in marcia,,,,,,,,,,0,0,0,2,,,0,1,Autovettura privata,In marcia / fermata / arresto,Passeggero,M,Illeso,0,,,,
4001652,9,23/09/2018 10:05:00,Strada Urbana,VIA FOLIGNO,all'intersezione con,VIA VOGHERA,VIA VOGHERA,,,Scontro frontale/laterale SX fra veicoli in marcia,Incrocio,Due carreggiate,Asciutto,Asfaltata,Verticale ed orizzontale,Sereno,Normale,Buona,Ore Diurne,1,0,0,2,,,0,1,Autovettura privata,In marcia / fermata / arresto,Conducente,M,Rimandato,0,NON DECEDUTO,Non accertato,Inesploso,
4001652,9,23/09/2018 10:05:00,Strada Urbana,VIA FOLIGNO,all'intersezione con,VIA VOGHERA,VIA VOGHERA,,,Scontro frontale/laterale SX fra veicoli in marcia,Incrocio,Due carreggiate,Asciutto,Asfaltata,Verticale ed orizzontale,Sereno,Normale,Buona,Ore Diurne,1,0,0,2,,,0,2,Autovettura privata,In marcia / fermata / arresto,Conducente,M,Illeso,0,,Non accertato,Inesploso,
4001652,9,23/09/2018 10:05:00,Strada Urbana,VIA FOLIGNO,all'intersezione con,VIA VOGHERA,VIA VOGHERA,,,Scontro frontale/laterale SX fra veicoli in marcia,Incrocio,Due carreggiate,Asciutto,Asfaltata,Verticale ed orizzontale,Sereno,Normale,Buona,Ore Diurne,1,0,0,2,,,0,2,Autovettura privata,In marcia / fermata / arresto,Passeggero,F,Illeso,0,,Non accertato,Inesploso,
4001663,9,21/09/2018 21:50:00,Strada Urbana,VIA TUSCOLANA,all'intersezione con,VIA DI PORTA FURBA,VIA DI PORTA FURBA,,,Scontro laterale fra veicoli in marcia,Intersezione semaforizzata,Due carreggiate,Asciutto,Asfaltata,Verticale ed orizzontale,Sereno,Normale,Buona,Sufficiente,2,0,0,0,12.5378,41.8693,-1,1,Autovettura pubblica,In marcia / fermata / arresto,Conducente,M,Rimandato,0,NON DECEDUTO,Non accertato,Inesploso,
4001663,9,21/09/2018 21:50:00,Strada Urbana,VIA TUSCOLANA,all'intersezione con,VIA DI PORTA FURBA,VIA DI PORTA FURBA,,,Scontro laterale fra veicoli in marcia,Intersezione semaforizzata,Due carreggiate,Asciutto,Asfaltata,Verticale ed orizzontale,Sereno,Normale,Buona,Sufficiente,2,0,0,0,12.5378,41.8693,-1,2,Autovettura privata,In marcia / fermata / arresto,Conducente,M,Rimandato,0,NON DECEDUTO,Non accertato,Inesploso,
4001671,7,21/09/2018 18:20:00,Strada Urbana,VIALE DELLA BELLA VILLA,all'intersezione con,VIALE ALESSANDRINO,VIALE ALESSANDRINO,,,Scontro laterale fra veicoli in marcia,Incrocio,Una carreggiata a doppio senso,Bagnato (pioggia),Asfaltata,Orizzontale,Pioggia in atto,Normale,Buona,Ore Diurne,0,0,0,5,12.5798,41.8728,-1,1,Autovettura privata,In marcia / fermata / arresto,Conducente,M,Illeso,0,,Non accertato,Inesploso,
4001671,7,21/09/2018 18:20:00,Strada Urbana,VIALE DELLA BELLA VILLA,all'intersezione con,VIALE ALESSANDRINO,VIALE ALESSANDRINO,,,Scontro laterale fra veicoli in marcia,Incrocio,Una carreggiata a doppio senso,Bagnato (pioggia),Asfaltata,Orizzontale,Pioggia in atto,Normale,Buona,Ore Diurne,0,0,0,5,12.5798,41.8728,-1,1,Autovettura privata,In marcia / fermata / arresto,Passeggero,M,Illeso,0,,Non accertato,Inesploso,
4001671,7,21/09/2018 18:20:00,Strada Urbana,VIALE DELLA BELLA VILLA,all'intersezione con,VIALE ALESSANDRINO,VIALE ALESSANDRINO,,,Scontro laterale fra veicoli in marcia,Incrocio,Una carreggiata a doppio senso,Bagnato (pioggia),Asfaltata,Orizzontale,Pioggia in atto,Normale,Buona,Ore Diurne,0,0,0,5,12.5798,41.8728,-1,1,Autovettura privata,In marcia / fermata / arresto,Passeggero,M,Illeso,0,,Non accertato,Inesploso,
4001671,7,21/09/2018 18:20:00,Strada Urbana,VIALE DELLA BELLA VILLA,all'intersezione con,VIALE ALESSANDRINO,VIALE ALESSANDRINO,,,Scontro laterale fra veicoli in marcia,Incrocio,Una carreggiata a doppio senso,Bagnato (pioggia),Asfaltata,Orizzontale,Pioggia in atto,Normale,Buona,Ore Diurne,0,0,0,5,12.5798,41.8728,-1,1,Autovettura privata,In marcia / fermata / arresto,Passeggero,M,Illeso,0,,Non accertato,Inesploso,
4001671,7,21/09/2018 18:20:00,Strada Urbana,VIALE DELLA BELLA VILLA,all'intersezione con,VIALE ALESSANDRINO,VIALE ALESSANDRINO,,,Scontro laterale fra veicoli in marcia,Incrocio,Una carreggiata a doppio senso,Bagnato (pioggia),Asfaltata,Orizzontale,Pioggia in atto,Normale,Buona,Ore Diurne,0,0,0,5,12.5798,41.8728,-1,2,Autovettura privata,In marcia / fermata / arresto,Conducente,M,Illeso,0,,Non accertato,Inesploso,
4001719,6,22/09/2018 12:35:00,Strada Urbana,VIA DI ACQUA BULLICANTE,in corrispondenza,,del civico n.,97,,Tamponamento,Rettilineo,Una carreggiata a doppio senso,Asciutto,Asfaltata,Verticale ed orizzontale,Sereno,Normale,Buona,Ore Diurne,1,0,0,3,12.5432,41.883,-1,1,Autovettura privata,In marcia / fermata / arresto,Conducente,M,Rifiuta cure immediate,0,NON DECEDUTO,,,
4001719,6,22/09/2018 12:35:00,Strada Urbana,VIA DI ACQUA BULLICANTE,in corrispondenza,,del civico n.,97,,Tamponamento,Rettilineo,Una carreggiata a doppio senso,Asciutto,Asfaltata,Verticale ed orizzontale,Sereno,Normale,Buona,Ore Diurne,1,0,0,3,12.5432,41.883,-1,1,Autovettura privata,In marcia / fermata / arresto,Passeggero,M,Illeso,0,,,,
4001719,6,22/09/2018 12:35:00,Strada Urbana,VIA DI ACQUA BULLICANTE,in corrispondenza,,del civico n.,97,,Tamponamento,Rettilineo,Una carreggiata a doppio senso,Asciutto,Asfaltata,Verticale ed orizzontale,Sereno,Normale,Buona,Ore Diurne,1,0,0,3,12.5432,41.883,-1,2,Autovettura privata,In marcia / fermata / arresto,Conducente,M,Illeso,0,,,,
4001719,6,22/09/2018 12:35:00,Strada Urbana,VIA DI ACQUA BULLICANTE,in corrispondenza,,del civico n.,97,,Tamponamento,Rettilineo,Una carreggiata a doppio senso,Asciutto,Asfaltata,Verticale ed orizzontale,Sereno,Normale,Buona,Ore Diurne,1,0,0,3,12.5432,41.883,-1,2,Autovettura privata,In marcia / fermata / arresto,Passeggero,M,Illeso,0,,,,
4001724,7,22/09/2018 23:50:00,Strada Urbana,VIA ROLANDO LANARI,in prossimit�,,del civico n.,x,,Tamponamento,Rettilineo,Una carreggiata a doppio senso,Asciutto,Asfaltata,Assente,Sereno,Scarso,Insufficiente,Inesistente,0,0,0,2,12.5945,41.8808,-1,1,Autovettura di polizia,In marcia / fermata / arresto,Conducente,M,Illeso,0,,Non accertato,Inesploso,
4001724,7,22/09/2018 23:50:00,Strada Urbana,VIA ROLANDO LANARI,in prossimit�,,del civico n.,x,,Tamponamento,Rettilineo,Una carreggiata a doppio senso,Asciutto,Asfaltata,Assente,Sereno,Scarso,Insufficiente,Inesistente,0,0,0,2,12.5945,41.8808,-1,1,Autovettura di polizia,In marcia / fermata / arresto,Passeggero,M,Illeso,0,,Non accertato,Inesploso,
4001727,15,22/09/2018 18:40:00,Strada Urbana,VIA AVICENNA,all'intersezione con,VIA GUIDO CASTELNUOVO,VIA GUIDO CASTELNUOVO,,,Scontro frontale/laterale DX fra veicoli in marcia,Incrocio,Una carreggiata a senso unico di marcia,Asciutto,Asfaltata,Verticale ed orizzontale,Sereno,Scarso,Buona,Ore Diurne,0,0,0,4,12.472,41.8633,-1,1,Autovettura privata,In marcia / fermata / arresto,Conducente,M,Illeso,0,,Utilizzato,Inesploso,
4001727,15,22/09/2018 18:40:00,Strada Urbana,VIA AVICENNA,all'intersezione con,VIA GUIDO CASTELNUOVO,VIA GUIDO CASTELNUOVO,,,Scontro frontale/laterale DX fra veicoli in marcia,Incrocio,Una carreggiata a senso unico di marcia,Asciutto,Asfaltata,Verticale ed orizzontale,Sereno,Scarso,Buona,Ore Diurne,0,0,0,4,12.472,41.8633,-1,1,Autovettura privata,In marcia / fermata / arresto,Passeggero,M,Illeso,0,,Utilizzato,Inesploso,
4001727,15,22/09/2018 18:40:00,Strada Urbana,VIA AVICENNA,all'intersezione con,VIA GUIDO CASTELNUOVO,VIA GUIDO CASTELNUOVO,,,Scontro frontale/laterale DX fra veicoli in marcia,Incrocio,Una carreggiata a senso unico di marcia,Asciutto,Asfaltata,Verticale ed orizzontale,Sereno,Scarso,Buona,Ore Diurne,0,0,0,4,12.472,41.8633,-1,1,Autovettura privata,In marcia / fermata / arresto,Passeggero,F,Illeso,0,,Utilizzato,Inesploso,
4001727,15,22/09/2018 18:40:00,Strada Urbana,VIA AVICENNA,all'intersezione con,VIA GUIDO CASTELNUOVO,VIA GUIDO CASTELNUOVO,,,Scontro frontale/laterale DX fra veicoli in marcia,Incrocio,Una carreggiata a senso unico di marcia,Asciutto,Asfaltata,Verticale ed orizzontale,Sereno,Scarso,Buona,Ore Diurne,0,0,0,4,12.472,41.8633,-1,2,Autovettura privata,In marcia / fermata / arresto,Conducente,M,Illeso,0,,,,
4001730,7,22/09/2018 07:35:00,Strada Urbana,VIA CASILINA,in corrispondenza,,del civico n.,925,,Scontro laterale fra veicoli in marcia,Rettilineo,Una carreggiata a senso unico di marcia,Asciutto,Asfaltata,Verticale ed orizzontale,Sereno,Normale,Buona,Ore Diurne,1,0,0,2,12.5714,41.8741,-1,1,Autovettura privata,In marcia / fermata / arresto,Conducente,M,Illeso,0,,Non accertato,Inesploso,
4001730,7,22/09/2018 07:35:00,Strada Urbana,VIA CASILINA,in corrispondenza,,del civico n.,925,,Scontro laterale fra veicoli in marcia,Rettilineo,Una carreggiata a senso unico di marcia,Asciutto,Asfaltata,Verticale ed orizzontale,Sereno,Normale,Buona,Ore Diurne,1,0,0,2,12.5714,41.8741,-1,2,Motociclo con passeggero,In marcia / fermata / arresto,Conducente,M,Illeso,0,,Non accertato,,
4001730,7,22/09/2018 07:35:00,Strada Urbana,VIA CASILINA,in corrispondenza,,del civico n.,925,,Scontro laterale fra veicoli in marcia,Rettilineo,Una carreggiata a senso unico di marcia,Asciutto,Asfaltata,Verticale ed orizzontale,Sereno,Normale,Buona,Ore Diurne,1,0,0,2,12.5714,41.8741,-1,2,Motociclo con passeggero,In marcia / fermata / arresto,Passeggero,F,Rimandato,0,NON DECEDUTO,Non accertato,,
4001731,6,22/09/2018 13:20:00,Strada Urbana,CIRCONVALLAZIONE CASILINA,all'intersezione con,PIAZZALE PRENESTINO,PIAZZALE PRENESTINO,,,Scontro laterale fra veicoli in marcia,Incrocio,Una carreggiata a senso unico di marcia,Asciutto,Asfaltata,Verticale ed orizzontale,Sereno,Normale,Buona,Ore Diurne,0,0,0,3,12.5274,41.8912,-1,1,Autovettura privata,In marcia / fermata / arresto,Conducente,M,Illeso,0,,,,
4001731,6,22/09/2018 13:20:00,Strada Urbana,CIRCONVALLAZIONE CASILINA,all'intersezione con,PIAZZALE PRENESTINO,PIAZZALE PRENESTINO,,,Scontro laterale fra veicoli in marcia,Incrocio,Una carreggiata a senso unico di marcia,Asciutto,Asfaltata,Verticale ed orizzontale,Sereno,Normale,Buona,Ore Diurne,0,0,0,3,12.5274,41.8912,-1,2,Autovettura di polizia,In marcia / fermata / arresto,Conducente,M,Illeso,0,,,,
4001731,6,22/09/2018 13:20:00,Strada Urbana,CIRCONVALLAZIONE CASILINA,all'intersezione con,PIAZZALE PRENESTINO,PIAZZALE PRENESTINO,,,Scontro laterale fra veicoli in marcia,Incrocio,Una carreggiata a senso unico di marcia,Asciutto,Asfaltata,Verticale ed orizzontale,Sereno,Normale,Buona,Ore Diurne,0,0,0,3,12.5274,41.8912,-1,2,Autovettura di polizia,In marcia / fermata / arresto,Passeggero,M,Illeso,0,,,,
4001733,15,22/09/2018 14:30:00,Strada Urbana,VIA PORTUENSE,da specificare,,,,prossimit� Via Arzana,Scontro frontale/laterale SX fra veicoli in marcia,Rettilineo,Una carreggiata a senso unico di marcia,Asciutto,Asfaltata,Assente,Sereno,Scarso,Buona,Ore Diurne,3,0,0,1,12.414,41.847,-1,1,Autovettura privata,In marcia / fermata / arresto,Conducente,M,Rifiuta cure immediate,0,NON DECEDUTO,Utilizzato,Esploso,
4001733,15,22/09/2018 14:30:00,Strada Urbana,VIA PORTUENSE,da specificare,,,,prossimit� Via Arzana,Scontro frontale/laterale SX fra veicoli in marcia,Rettilineo,Una carreggiata a senso unico di marcia,Asciutto,Asfaltata,Assente,Sereno,Scarso,Buona,Ore Diurne,3,0,0,1,12.414,41.847,-1,1,Autovettura privata,In marcia / fermata / arresto,Passeggero,F,Rimandato,0,NON DECEDUTO,Utilizzato,Inesploso,
4001733,15,22/09/2018 14:30:00,Strada Urbana,VIA PORTUENSE,da specificare,,,,prossimit� Via Arzana,Scontro frontale/laterale SX fra veicoli in marcia,Rettilineo,Una carreggiata a senso unico di marcia,Asciutto,Asfaltata,Assente,Sereno,Scarso,Buona,Ore Diurne,3,0,0,1,12.414,41.847,-1,1,Autovettura privata,In marcia / fermata / arresto,Passeggero,F,Rimandato,0,NON DECEDUTO,Utilizzato,Esploso,
4001733,15,22/09/2018 14:30:00,Strada Urbana,VIA PORTUENSE,da specificare,,,,prossimit� Via Arzana,Scontro frontale/laterale SX fra veicoli in marcia,Rettilineo,Una carreggiata a senso unico di marcia,Asciutto,Asfaltata,Assente,Sereno,Scarso,Buona,Ore Diurne,3,0,0,1,12.414,41.847,-1,2,Autovettura privata,In marcia / fermata / arresto,Conducente,M,Illeso,0,,Utilizzato,Inesploso,
4001739,15,22/09/2018 12:30:00,Strada Urbana,VIA DELLA MAGLIANA,in prossimit�,,del civico n.,100,,Scontro frontale/laterale SX fra veicoli in marcia,Rettilineo,Due carreggiate,Asciutto,Asfaltata,Verticale ed orizzontale,Sereno,Normale,Buona,Ore Diurne,1,0,0,1,12.4584,41.8556,-1,1,Autovettura privata,In marcia / fermata / arresto,Conducente,M,Illeso,0,,Utilizzato,Inesploso,
4001739,15,22/09/2018 12:30:00,Strada Urbana,VIA DELLA MAGLIANA,in prossimit�,,del civico n.,100,,Scontro frontale/laterale SX fra veicoli in marcia,Rettilineo,Due carreggiate,Asciutto,Asfaltata,Verticale ed orizzontale,Sereno,Normale,Buona,Ore Diurne,1,0,0,1,12.4584,41.8556,-1,2,Motociclo a solo,In marcia / fermata / arresto,Conducente,M,Rimandato,0,NON DECEDUTO,Non accertato,,
4001743,15,23/09/2018 10:00:00,Strada Urbana,VIA DEL PONTE PISANO,da specificare,,,,fronte palo Acea 35 dir Via della Pisana,Tamponamento,Rettilineo,Una carreggiata a doppio senso,Asciutto,Con buche,Verticale ed orizzontale,Sereno,Normale,Buona,Ore Diurne,0,0,0,2,12.4023,41.8499,-1,1,Autovettura privata,In marcia / fermata / arresto,Conducente,F,Illeso,0,,Utilizzato,Inesploso,
4001743,15,23/09/2018 10:00:00,Strada Urbana,VIA DEL PONTE PISANO,da specificare,,,,fronte palo Acea 35 dir Via della Pisana,Tamponamento,Rettilineo,Una carreggiata a doppio senso,Asciutto,Con buche,Verticale ed orizzontale,Sereno,Normale,Buona,Ore Diurne,0,0,0,2,12.4023,41.8499,-1,2,Velocipede,In marcia / fermata / arresto,Conducente,M,Illeso,0,,Esente,,
4001760,6,22/09/2018 22:25:00,Strada Urbana,VIA ANAGNI,all'intersezione semaforizzata con,VIA TOR DE' SCHIAVI,VIA TOR DE' SCHIAVI,,,Scontro laterale fra veicoli in marcia,Intersezione semaforizzata,Due carreggiate,Asciutto,Asfaltata,Verticale ed orizzontale,Sereno,Scarso,Buona,Sufficiente,1,0,0,0,12.5604,41.8906,0,2,Velocipede,In marcia / fermata / arresto,Conducente,F,Rimandato,0,NON DECEDUTO,Esente,,
4001770,6,23/09/2018 12:20:00,Strada Urbana,VIA TEANO,all'intersezione con,VIA CORI,VIA CORI,,,Scontro frontale fra veicoli in marcia,Incrocio,Una carreggiata a doppio senso,Asciutto,Asfaltata,Orizzontale,Sereno,Scarso,Buona,Ore Diurne,0,0,0,5,12.5493,41.8894,-1,1,Autovettura privata,In marcia / fermata / arresto,Conducente,M,Illeso,0,,,,
4001770,6,23/09/2018 12:20:00,Strada Urbana,VIA TEANO,all'intersezione con,VIA CORI,VIA CORI,,,Scontro frontale fra veicoli in marcia,Incrocio,Una carreggiata a doppio senso,Asciutto,Asfaltata,Orizzontale,Sereno,Scarso,Buona,Ore Diurne,0,0,0,5,12.5493,41.8894,-1,1,Autovettura privata,In marcia / fermata / arresto,Passeggero,F,Illeso,0,,,,
4001770,6,23/09/2018 12:20:00,Strada Urbana,VIA TEANO,all'intersezione con,VIA CORI,VIA CORI,,,Scontro frontale fra veicoli in marcia,Incrocio,Una carreggiata a doppio senso,Asciutto,Asfaltata,Orizzontale,Sereno,Scarso,Buona,Ore Diurne,0,0,0,5,12.5493,41.8894,-1,1,Autovettura privata,In marcia / fermata / arresto,Passeggero,M,Illeso,0,,,,
4001770,6,23/09/2018 12:20:00,Strada Urbana,VIA TEANO,all'intersezione con,VIA CORI,VIA CORI,,,Scontro frontale fra veicoli in marcia,Incrocio,Una carreggiata a doppio senso,Asciutto,Asfaltata,Orizzontale,Sereno,Scarso,Buona,Ore Diurne,0,0,0,5,12.5493,41.8894,-1,2,Autovettura privata,In marcia / fermata / arresto,Conducente,M,Illeso,0,,,,
4001770,6,23/09/2018 12:20:00,Strada Urbana,VIA TEANO,all'intersezione con,VIA CORI,VIA CORI,,,Scontro frontale fra veicoli in marcia,Incrocio,Una carreggiata a doppio senso,Asciutto,Asfaltata,Orizzontale,Sereno,Scarso,Buona,Ore Diurne,0,0,0,5,12.5493,41.8894,-1,2,Autovettura privata,In marcia / fermata / arresto,Passeggero,M,Illeso,0,,,,
4001784,7,22/09/2018 12:05:00,Strada Urbana,VIA CASILINA,all'intersezione con,VIALE PALMIRO TOGLIATTI,VIALE PALMIRO TOGLIATTI,,,Scontro frontale/laterale DX fra veicoli in marcia,Incrocio,Due carreggiate,Asciutto,Asfaltata,Verticale ed orizzontale,Sereno,Scarso,Buona,Ore Diurne,1,0,0,2,12.5698,41.8742,-1,1,Autovettura privata,In marcia / fermata / arresto,Conducente,M,Illeso,0,,Non accertato,Inesploso,
4001784,7,22/09/2018 12:05:00,Strada Urbana,VIA CASILINA,all'intersezione con,VIALE PALMIRO TOGLIATTI,VIALE PALMIRO TOGLIATTI,,,Scontro frontale/laterale DX fra veicoli in marcia,Incrocio,Due carreggiate,Asciutto,Asfaltata,Verticale ed orizzontale,Sereno,Scarso,Buona,Ore Diurne,1,0,0,2,12.5698,41.8742,-1,2,Autovettura privata,In marcia / fermata / arresto,Conducente,M,Rimandato,0,NON DECEDUTO,Non accertato,Inesploso,
4001784,7,22/09/2018 12:05:00,Strada Urbana,VIA CASILINA,all'intersezione con,VIALE PALMIRO TOGLIATTI,VIALE PALMIRO TOGLIATTI,,,Scontro frontale/laterale DX fra veicoli in marcia,Incrocio,Due carreggiate,Asciutto,Asfaltata,Verticale ed orizzontale,Sereno,Scarso,Buona,Ore Diurne,1,0,0,2,12.5698,41.8742,-1,2,Autovettura privata,In marcia / fermata / arresto,Passeggero,F,Illeso,0,,Non accertato,Inesploso,
4001803,2,23/09/2018 13:40:00,Strada Urbana,LUNGOTEVERE FLAMINIO,all'intersezione semaforizzata con,PONTE DUCA D'AOSTA,PONTE DUCA D'AOSTA,,,Veicolo in marcia contro ostacolo accidentale,Intersezione semaforizzata,Due carreggiate,Asciutto,Asfaltata,Verticale ed orizzontale,Sereno,Normale,Buona,Ore Diurne,0,0,0,1,12.4623,41.9305,-1,1,Autovettura privata,In marcia / fermata / arresto,Conducente,M,Illeso,0,,,,
4001816,18,21/09/2018 11:20:00,Strada Urbana,VIA SISTO IV,in corrispondenza,,del civico n.,169,,Veicolo in marcia contro veicolo in sosta,Rettilineo,Una carreggiata a senso unico di marcia,Asciutto,Asfaltata,Verticale ed orizzontale,Sereno,Scarso,Buona,Ore Diurne,0,0,0,1,12.4191,41.9088,0,2,Autovettura privata,In marcia / fermata / arresto,Conducente,M,Illeso,0,,,,
4001856,17,23/09/2018 14:40:00,Strada Urbana,VIA TEULADA,in prossimit�,,del civico n.,72,,Veicolo in marcia contro veicolo in sosta,Pendenza,Due carreggiate,Asciutto,Asfaltata,Verticale ed orizzontale,Sereno,Scarso,Buona,Ore Diurne,0,0,0,1,12.4548,41.9199,-1,1,Autovettura privata,In marcia / fermata / arresto,Conducente,M,Illeso,0,,,,