Protocollo,Gruppo,DataOraIncidente,Localizzazione1,STRADA1,Localizzazione2,STRADA2,Strada02,Chilometrica,DaSpecificare,NaturaIncidente,particolaritastrade,TipoStrada,FondoStradale,Pavimentazione,Segnaletica,CondizioneAtmosferica,Traffico,Visibilita,Illuminazione,NUM_FERITI,NUM_RISERVATA,NUM_MORTI,NUM_ILLESI,Longitudine,Latitudine,Confermato,Progressivo,TipoVeicolo,StatoVeicolo,TipoPersona,Sesso,Tipolesione,Deceduto,DecedutoDopo,CinturaCascoUtilizzato,Airbag,
4001865,17,23/09/2018 00:10:00,Strada Urbana,VIA TRIONFALE,all'intersezione con,CIRCONVALLAZIONE CLODIA,CIRCONVALLAZIONE CLODIA,,,Scontro laterale fra veicoli in marcia,Incrocio,Una carreggiata a doppio senso,Asciutto,Asfaltata,Verticale ed orizzontale,Sereno,Scarso,Buona,Sufficiente,0,0,0,3,12.4512,41.9138,-1,1,Motociclo a solo,In marcia / fermata / arresto,Conducente,M,Illeso,0,,,,
4001865,17,23/09/2018 00:10:00,Strada Urbana,VIA TRIONFALE,all'intersezione con,CIRCONVALLAZIONE CLODIA,CIRCONVALLAZIONE CLODIA,,,Scontro laterale fra veicoli in marcia,Incrocio,Una carreggiata a doppio senso,Asciutto,Asfaltata,Verticale ed orizzontale,Sereno,Scarso,Buona,Sufficiente,0,0,0,3,12.4512,41.9138,-1,2,Autovettura privata,In marcia / fermata / arresto,Conducente,M,Illeso,0,,,,
4001865,17,23/09/2018 00:10:00,Strada Urbana,VIA TRIONFALE,all'intersezione con,CIRCONVALLAZIONE CLODIA,CIRCONVALLAZIONE CLODIA,,,Scontro laterale fra veicoli in marcia,Incrocio,Una carreggiata a doppio senso,Asciutto,Asfaltata,Verticale ed orizzontale,Sereno,Scarso,Buona,Sufficiente,0,0,0,3,12.4512,41.9138,-1,2,Autovettura privata,In marcia / fermata / arresto,Passeggero,F,Illeso,0,,,,
4001932,6,23/09/2018 16:25:00,Strada Urbana,VIALE DELLA PRIMAVERA,da specificare,,,,fronte via del trifoglio,Scontro laterale fra veicoli in marcia,Rettilineo,Due carreggiate,Asciutto,Asfaltata,Orizzontale,Sereno,Scarso,Buona,Ore Diurne,1,0,0,1,12.5611,41.885,-1,1,Motociclo a solo,In marcia / fermata / arresto,Conducente,M,Rimandato,0,NON DECEDUTO,,,
4001932,6,23/09/2018 16:25:00,Strada Urbana,VIALE DELLA PRIMAVERA,da specificare,,,,fronte via del trifoglio,Scontro laterale fra veicoli in marcia,Rettilineo,Due carreggiate,Asciutto,Asfaltata,Orizzontale,Sereno,Scarso,Buona,Ore Diurne,1,0,0,1,12.5611,41.885,-1,2,Autovettura privata,In marcia / fermata / arresto,Conducente,M,Illeso,0,,,,
4001934,7,23/09/2018 17:05:00,Strada Urbana,VIA DELLE CILIEGIE,in corrispondenza,,del civico n.,205,,Veicolo in marcia contro ostacolo accidentale,Rettilineo,Una carreggiata a senso unico di marcia,Asciutto,Con buche,Assente,Sereno,Scarso,Buona,Ore Diurne,0,0,0,2,12.5745,41.8896,-1,1,Autovettura privata,In marcia / fermata / arresto,Conducente,M,Illeso,0,,Non accertato,Inesploso,
4001934,7,23/09/2018 17:05:00,Strada Urbana,VIA DELLE CILIEGIE,in corrispondenza,,del civico n.,205,,Veicolo in marcia contro ostacolo accidentale,Rettilineo,Una carreggiata a senso unico di marcia,Asciutto,Con buche,Assente,Sereno,Scarso,Buona,Ore Diurne,0,0,0,2,12.5745,41.8896,-1,1,Autovettura privata,In marcia / fermata / arresto,Passeggero,M,Illeso,0,,Non accertato,Inesploso,
4002107,12,23/09/2018 23:10:00,Strada Urbana,VIA DELLA MAGLIANA,all'intersezione con,VIA DI S. PASSERA,VIA DI S. PASSERA,,,Scontro frontale/laterale SX fra veicoli in marcia,Intersezione non regolata/non segnalata,Una carreggiata a doppio senso,Asciutto,Asfaltata,Verticale ed orizzontale,Sereno,Scarso,Sufficiente,Sufficiente,0,1,0,2,12.4599,41.8586,-1,1,Autovettura privata,In marcia / fermata / arresto,Conducente,M,Illeso,0,,Non accertato,Inesploso,
4002107,12,23/09/2018 23:10:00,Strada Urbana,VIA DELLA MAGLIANA,all'intersezione con,VIA DI S. PASSERA,VIA DI S. PASSERA,,,Scontro frontale/laterale SX fra veicoli in marcia,Intersezione non regolata/non segnalata,Una carreggiata a doppio senso,Asciutto,Asfaltata,Verticale ed orizzontale,Sereno,Scarso,Sufficiente,Sufficiente,0,1,0,2,12.4599,41.8586,-1,1,Autovettura privata,In marcia / fermata / arresto,Passeggero,M,Illeso,0,,Non accertato,Inesploso,
4002107,12,23/09/2018 23:10:00,Strada Urbana,VIA DELLA MAGLIANA,all'intersezione con,VIA DI S. PASSERA,VIA DI S. PASSERA,,,Scontro frontale/laterale SX fra veicoli in marcia,Intersezione non regolata/non segnalata,Una carreggiata a doppio senso,Asciutto,Asfaltata,Verticale ed orizzontale,Sereno,Scarso,Sufficiente,Sufficiente,0,1,0,2,12.4599,41.8586,-1,2,Motociclo a solo,In marcia / fermata / arresto,Conducente,M,Prognosi riservata,0,NON DECEDUTO,Utilizzato,,
4002282,9,23/09/2018 22:55:00,Strada Urbana,VIA APPIA NUOVA,da specificare,,,,fronte civ.520,Scontro laterale fra veicoli in marcia,Rettilineo,Due carreggiate,Asciutto,Asfaltata,Verticale ed orizzontale,Sereno,Scarso,Buona,Sufficiente,2,0,0,1,12.5299,41.8692,-1,1,Motociclo a solo,In marcia / fermata / arresto,Conducente,M,Illeso,0,,Non accertato,,
4002282,9,23/09/2018 22:55:00,Strada Urbana,VIA APPIA NUOVA,da specificare,,,,fronte civ.520,Scontro laterale fra veicoli in marcia,Rettilineo,Due carreggiate,Asciutto,Asfaltata,Verticale ed orizzontale,Sereno,Scarso,Buona,Sufficiente,2,0,0,1,12.5299,41.8692,-1,2,Motociclo a solo,In marcia / fermata / arresto,Conducente,M,Rimandato,0,NON DECEDUTO,Non accertato,,
4002282,9,23/09/2018 22:55:00,Strada Urbana,VIA APPIA NUOVA,da specificare,,,,fronte civ.520,Scontro laterale fra veicoli in marcia,Rettilineo,Due carreggiate,Asciutto,Asfaltata,Verticale ed orizzontale,Sereno,Scarso,Buona,Sufficiente,2,0,0,1,12.5299,41.8692,-1,2,Motociclo a solo,In marcia / fermata / arresto,Passeggero,M,Rimandato,0,NON DECEDUTO,Non accertato,,
4002289,11,22/09/2018 10:15:00,Strada Urbana,VIA CRISTOFORO COLOMBO,all'intersezione con,VIA GIOVANNI GENOCCHI,VIA GIOVANNI GENOCCHI,,,Scontro frontale/laterale SX fra veicoli in marcia,Incrocio,Due carreggiate,Asciutto,Asfaltata,Verticale ed orizzontale,Sereno,Normale,Buona,Ore Diurne,1,0,0,1,12.4963,41.8587,-1,1,Autovettura privata,In marcia / fermata / arresto,Conducente,F,Illeso,0,,,,
4002289,11,22/09/2018 10:15:00,Strada Urbana,VIA CRISTOFORO COLOMBO,all'intersezione con,VIA GIOVANNI GENOCCHI,VIA GIOVANNI GENOCCHI,,,Scontro frontale/laterale SX fra veicoli in marcia,Incrocio,Due carreggiate,Asciutto,Asfaltata,Verticale ed orizzontale,Sereno,Normale,Buona,Ore Diurne,1,0,0,1,12.4963,41.8587,-1,2,Motociclo a solo,In marcia / fermata / arresto,Conducente,M,Rimandato,0,NON DECEDUTO,Utilizzato,,
4002291,8,22/09/2018 14:50:00,Strada Urbana,VIALE DEI ROMANISTI,all'intersezione con,VIA GIOVANNI CAMILLO PERESIO,VIA GIOVANNI CAMILLO PERESIO,,,Scontro frontale fra veicoli in marcia,Intersezione semaforizzata,Due carreggiate,Asciutto,Asfaltata,Verticale ed orizzontale,Sereno,Scarso,Buona,Ore Diurne,2,0,0,0,12.5774,41.8675,0,1,Autovettura privata,In marcia / fermata / arresto,Conducente,M,Rifiuta cure immediate,0,NON DECEDUTO,Non accertato,,
4002291,8,22/09/2018 14:50:00,Strada Urbana,VIALE DEI ROMANISTI,all'intersezione con,VIA GIOVANNI CAMILLO PERESIO,VIA GIOVANNI CAMILLO PERESIO,,,Scontro frontale fra veicoli in marcia,Intersezione semaforizzata,Due carreggiate,Asciutto,Asfaltata,Verticale ed orizzontale,Sereno,Scarso,Buona,Ore Diurne,2,0,0,0,12.5774,41.8675,0,2,Autovettura privata,In marcia / fermata / arresto,Conducente,M,Ricoverato,0,NON DECEDUTO,Non accertato,,
4002294,11,22/09/2018 15:45:00,Strada Urbana,VIALE GIUSTINIANO IMPERATORE,all'intersezione con,VIA GALBA,VIA GALBA,,,Scontro frontale/laterale DX fra veicoli in marcia,Intersezione stradale segnalata,Due carreggiate,Asciutto,Asfaltata,Verticale ed orizzontale,Sereno,Scarso,Buona,Ore Diurne,0,0,0,2,12.4869,41.8554,-1,1,Autovettura privata,In marcia / fermata / arresto,Conducente,F,Illeso,0,,Non accertato,,
4002294,11,22/09/2018 15:45:00,Strada Urbana,VIALE GIUSTINIANO IMPERATORE,all'intersezione con,VIA GALBA,VIA GALBA,,,Scontro frontale/laterale DX fra veicoli in marcia,Intersezione stradale segnalata,Due carreggiate,Asciutto,Asfaltata,Verticale ed orizzontale,Sereno,Scarso,Buona,Ore Diurne,0,0,0,2,12.4869,41.8554,-1,2,Motociclo a solo,In marcia / fermata / arresto,Conducente,F,Illeso,0,,Non accertato,,
4002298,11,22/09/2018 21:30:00,Strada Urbana,VIA COSTANTINO,da specificare,,,,v della VILLA DI LUCINA,Investimento di pedone,Rettilineo,Una carreggiata a doppio senso,Asciutto,Asfaltata,Verticale ed orizzontale,Sereno,Scarso,Insufficiente,Ore Diurne,1,0,0,2,12.4862,41.857,-1,,,,Pedone,M,Rimandato,0,NON DECEDUTO,,,
4002298,11,22/09/2018 21:30:00,Strada Urbana,VIA COSTANTINO,da specificare,,,,v della VILLA DI LUCINA,Investimento di pedone,Rettilineo,Una carreggiata a doppio senso,Asciutto,Asfaltata,Verticale ed orizzontale,Sereno,Scarso,Insufficiente,Ore Diurne,1,0,0,2,12.4862,41.857,-1,1,Autovettura privata,In marcia / fermata / arresto,Conducente,M,Illeso,0,,Non accertato,,
4002298,11,22/09/2018 21:30:00,Strada Urbana,VIA COSTANTINO,da specificare,,,,v della VILLA DI LUCINA,Investimento di pedone,Rettilineo,Una carreggiata a doppio senso,Asciutto,Asfaltata,Verticale ed orizzontale,Sereno,Scarso,Insufficiente,Ore Diurne,1,0,0,2,12.4862,41.857,-1,1,Autovettura privata,In marcia / fermata / arresto,Passeggero,M,Illeso,0,,Non accertato,,
4002305,8,22/09/2018 10:30:00,Statale entro l'abitato,VIA CASILINA,all'intersezione con,VIA DELLA MASSA CALCIANA,VIA DELLA MASSA CALCIANA,,,Scontro frontale/laterale SX fra veicoli in marcia,Incrocio,Una carreggiata a doppio senso,Asciutto,Asfaltata,Orizzontale,Sereno,Normale,Buona,Ore Diurne,1,0,0,1,12.6194,41.8629,-1,1,Autovettura privata,In marcia / fermata / arresto,Conducente,M,Illeso,0,,Non accertato,Inesploso,
4002305,8,22/09/2018 10:30:00,Statale entro l'abitato,VIA CASILINA,all'intersezione con,VIA DELLA MASSA CALCIANA,VIA DELLA MASSA CALCIANA,,,Scontro frontale/laterale SX fra veicoli in marcia,Incrocio,Una carreggiata a doppio senso,Asciutto,Asfaltata,Orizzontale,Sereno,Normale,Buona,Ore Diurne,1,0,0,1,12.6194,41.8629,-1,2,Motociclo a solo,In marcia / fermata / arresto,Conducente,M,Rimandato,0,NON DECEDUTO,Non accertato,,
4002312,8,22/09/2018 21:30:00,Strada Urbana,VIA BORGHESIANA,all'intersezione con,VIA DAVOLI,VIA DAVOLI,,,Scontro frontale/laterale SX fra veicoli in marcia,Intersezione non regolata/non segnalata,Una carreggiata a doppio senso,Asciutto,Asfaltata,Assente,Sereno,Scarso,Buona,Sufficiente,1,0,0,2,12.6725,41.8726,-1,1,Autovettura privata,In marcia / fermata / arresto,Conducente,M,Rifiuta cure immediate,0,NON DECEDUTO,,,
4002312,8,22/09/2018 21:30:00,Strada Urbana,VIA BORGHESIANA,all'intersezione con,VIA DAVOLI,VIA DAVOLI,,,Scontro frontale/laterale SX fra veicoli in marcia,Intersezione non regolata/non segnalata,Una carreggiata a doppio senso,Asciutto,Asfaltata,Assente,Sereno,Scarso,Buona,Sufficiente,1,0,0,2,12.6725,41.8726,-1,1,Autovettura privata,In marcia / fermata / arresto,Passeggero,M,Illeso,0,,,,
4002312,8,22/09/2018 21:30:00,Strada Urbana,VIA BORGHESIANA,all'intersezione con,VIA DAVOLI,VIA DAVOLI,,,Scontro frontale/laterale SX fra veicoli in marcia,Intersezione non regolata/non segnalata,Una carreggiata a doppio senso,Asciutto,Asfaltata,Assente,Sereno,Scarso,Buona,Sufficiente,1,0,0,2,12.6725,41.8726,-1,2,Autovettura privata,In marcia / fermata / arresto,Conducente,M,Illeso,0,,,,
4002319,5,21/09/2018 07:55:00,Strada Urbana,VIALE PALMIRO TOGLIATTI,da specificare,,,,altezza VIALE SACCO E VANZETTI,Scontro laterale fra veicoli in marcia,Rettilineo,Due carreggiate,Asciutto,Asfaltata,Verticale ed orizzontale,Sereno,Intenso,Buona,Ore Diurne,0,0,0,4,12.572,41.9105,-1,1,Autovettura privata,In marcia / fermata / arresto,Conducente,F,Illeso,0,,Non accertato,Inesploso,
4002319,5,21/09/2018 07:55:00,Strada Urbana,VIALE PALMIRO TOGLIATTI,da specificare,,,,altezza VIALE SACCO E VANZETTI,Scontro laterale fra veicoli in marcia,Rettilineo,Due carreggiate,Asciutto,Asfaltata,Verticale ed orizzontale,Sereno,Intenso,Buona,Ore Diurne,0,0,0,4,12.572,41.9105,-1,1,Autovettura privata,In marcia / fermata / arresto,Passeggero,F,Illeso,0,,Non accertato,Inesploso,
4002319,5,21/09/2018 07:55:00,Strada Urbana,VIALE PALMIRO TOGLIATTI,da specificare,,,,altezza VIALE SACCO E VANZETTI,Scontro laterale fra veicoli in marcia,Rettilineo,Due carreggiate,Asciutto,Asfaltata,Verticale ed orizzontale,Sereno,Intenso,Buona,Ore Diurne,0,0,0,4,12.572,41.9105,-1,2,Motociclo a solo,In marcia / fermata / arresto,Conducente,M,Illeso,0,,Non accertato,,
4002319,5,21/09/2018 07:55:00,Strada Urbana,VIALE PALMIRO TOGLIATTI,da specificare,,,,altezza VIALE SACCO E VANZETTI,Scontro laterale fra veicoli in marcia,Rettilineo,Due carreggiate,Asciutto,Asfaltata,Verticale ed orizzontale,Sereno,Intenso,Buona,Ore Diurne,0,0,0,4,12.572,41.9105,-1,3,Autovettura privata,In marcia / fermata / arresto,Conducente,M,Illeso,0,,Non accertato,Inesploso,
4002324,6,23/09/2018 19:40:00,Strada Urbana,VIA DI PASSOLOMBARDO,all'intersezione con,VIA DEL CASALE ANTONIONI,VIA DEL CASALE ANTONIONI,,,Scontro frontale/laterale SX fra veicoli in marcia,Incrocio,Una carreggiata a doppio senso,Asciutto,Asfaltata,Verticale ed orizzontale,Sereno,Scarso,Insufficiente,Inesistente,1,0,0,1,12.6347,41.8327,-1,1,Autovettura privata,In marcia / fermata / arresto,Conducente,M,Illeso,0,,Non accertato,Esploso,
4002324,6,23/09/2018 19:40:00,Strada Urbana,VIA DI PASSOLOMBARDO,all'intersezione con,VIA DEL CASALE ANTONIONI,VIA DEL CASALE ANTONIONI,,,Scontro frontale/laterale SX fra veicoli in marcia,Incrocio,Una carreggiata a doppio senso,Asciutto,Asfaltata,Verticale ed orizzontale,Sereno,Scarso,Insufficiente,Inesistente,1,0,0,1,12.6347,41.8327,-1,2,Autovettura privata,In marcia / fermata / arresto,Conducente,M,Rimandato,0,NON DECEDUTO,,,
4002328,17,23/09/2018 20:15:00,Strada Urbana,LARGO GIOVANNI XXIII,all'intersezione con,LUNGOTEVERE VATICANO,LUNGOTEVERE VATICANO,,,Scontro laterale fra veicoli in marcia,Incrocio,Due carreggiate,Asciutto,Asfaltata,Orizzontale,Sereno,Normale,Sufficiente,Sufficiente,1,0,0,2,12.4644,41.9022,-1,1,Autovettura privata,In marcia / fermata / arresto,Conducente,M,Illeso,0,,,,
4002328,17,23/09/2018 20:15:00,Strada Urbana,LARGO GIOVANNI XXIII,all'intersezione con,LUNGOTEVERE VATICANO,LUNGOTEVERE VATICANO,,,Scontro laterale fra veicoli in marcia,Incrocio,Due carreggiate,Asciutto,Asfaltata,Orizzontale,Sereno,Normale,Sufficiente,Sufficiente,1,0,0,2,12.4644,41.9022,-1,1,Autovettura privata,In marcia / fermata / arresto,Passeggero,F,Illeso,0,,,,
4002328,17,23/09/2018 20:15:00,Strada Urbana,LARGO GIOVANNI XXIII,all'intersezione con,LUNGOTEVERE VATICANO,LUNGOTEVERE VATICANO,,,Scontro laterale fra veicoli in marcia,Incrocio,Due carreggiate,Asciutto,Asfaltata,Orizzontale,Sereno,Normale,Sufficiente,Sufficiente,1,0,0,2,12.4644,41.9022,-1,2,Motociclo con passeggero,In marcia / fermata / arresto,Conducente,F,Rifiuta cure immediate,0,NON DECEDUTO,,,
4002332,8,23/09/2018 05:40:00,Provinciale,VIA COLLATINA,in corrispondenza,,del palo luce n.,575,,Veicolo in marcia contro ostacolo fisso,Curva a visuale libera,Una carreggiata a doppio senso,Bagnato (brina),Asfaltata,Verticale ed orizzontale,Sereno,Scarso,Buona,Sufficiente,1,0,0,0,,,0,1,Autovettura privata,In marcia / fermata / arresto,Conducente,M,Rifiuta cure immediate,0,NON DECEDUTO,Non accertato,Esploso,
4002334,8,23/09/2018 20:40:00,Strada Urbana,VIA DEL FUOCO SACRO,all'intersezione con,VIA ALESSANDRO NELLI,VIA ALESSANDRO NELLI,,,Veicolo in marcia contro ostacolo fisso,Incrocio,Una carreggiata a doppio senso,Asciutto,Asfaltata,Verticale,Sereno,Normale,Buona,Insufficiente,0,0,0,1,12.6435,41.8658,-1,1,Autovettura privata,In marcia / fermata / arresto,Conducente,M,Illeso,0,,Non accertato,Inesploso,
4002338,8,23/09/2018 10:50:00,Strada Urbana,VIALE DEI ROMANISTI,in prossimit�,,del civico n.,43,,Veicolo in marcia contro ostacolo accidentale,Curva senza visuale libera,Due carreggiate,Asciutto,Asfaltata,Orizzontale,Sereno,Normale,Buona,Ore Diurne,0,0,0,3,12.5816,41.865,-1,1,Autovettura privata,In marcia / fermata / arresto,Conducente,M,Illeso,0,,Non accertato,Inesploso,
4002338,8,23/09/2018 10:50:00,Strada Urbana,VIALE DEI ROMANISTI,in prossimit�,,del civico n.,43,,Veicolo in marcia contro ostacolo accidentale,Curva senza visuale libera,Due carreggiate,Asciutto,Asfaltata,Orizzontale,Sereno,Normale,Buona,Ore Diurne,0,0,0,3,12.5816,41.865,-1,1,Autovettura privata,In marcia / fermata / arresto,Passeggero,F,Illeso,0,,Non accertato,Inesploso,
4002338,8,23/09/2018 10:50:00,Strada Urbana,VIALE DEI ROMANISTI,in prossimit�,,del civico n.,43,,Veicolo in marcia contro ostacolo accidentale,Curva senza visuale libera,Due carreggiate,Asciutto,Asfaltata,Orizzontale,Sereno,Normale,Buona,Ore Diurne,0,0,0,3,12.5816,41.865,-1,1,Autovettura privata,In marcia / fermata / arresto,Passeggero,F,Illeso,0,,Non accertato,Inesploso,
4002340,11,22/09/2018 14:10:00,Strada Urbana,VIA OSTIENSE,in corrispondenza,,del civico n.,395,,Tamponamento,Rettilineo,Una carreggiata a doppio senso,Asciutto,Asfaltata,Verticale ed orizzontale,Sereno,Normale,Buona,Ore Diurne,1,0,0,1,12.4767,41.8529,0,1,Autovettura privata,In marcia / fermata / arresto,Conducente,M,Illeso,0,,,,
4002340,11,22/09/2018 14:10:00,Strada Urbana,VIA OSTIENSE,in corrispondenza,,del civico n.,395,,Tamponamento,Rettilineo,Una carreggiata a doppio senso,Asciutto,Asfaltata,Verticale ed orizzontale,Sereno,Normale,Buona,Ore Diurne,1,0,0,1,12.4767,41.8529,0,2,Autogru,In marcia / fermata / arresto,Conducente,M,Rifiuta cure immediate,0,NON DECEDUTO,Non accertato,,
4002343,8,23/09/2018 13:30:00,Strada Urbana,VIA POLENSE,all'intersezione semaforizzata con,VIA CAVUCCIO,VIA CAVUCCIO,,,Scontro laterale fra veicoli in marcia,Intersezione semaforizzata,Una carreggiata a doppio senso,Asciutto,Asfaltata,Verticale ed orizzontale,Sereno,Normale,Buona,Ore Diurne,0,0,0,5,12.7105,41.9054,-1,1,Autovettura privata,In marcia / fermata / arresto,Conducente,M,Illeso,0,,Non accertato,,
4002343,8,23/09/2018 13:30:00,Strada Urbana,VIA POLENSE,all'intersezione semaforizzata con,VIA CAVUCCIO,VIA CAVUCCIO,,,Scontro laterale fra veicoli in marcia,Intersezione semaforizzata,Una carreggiata a doppio senso,Asciutto,Asfaltata,Verticale ed orizzontale,Sereno,Normale,Buona,Ore Diurne,0,0,0,5,12.7105,41.9054,-1,1,Autovettura privata,In marcia / fermata / arresto,Passeggero,F,Illeso,0,,,,
4002343,8,23/09/2018 13:30:00,Strada Urbana,VIA POLENSE,all'intersezione semaforizzata con,VIA CAVUCCIO,VIA CAVUCCIO,,,Scontro laterale fra veicoli in marcia,Intersezione semaforizzata,Una carreggiata a doppio senso,Asciutto,Asfaltata,Verticale ed orizzontale,Sereno,Normale,Buona,Ore Diurne,0,0,0,5,12.7105,41.9054,-1,2,Autovettura privata,In marcia / fermata / arresto,Conducente,M,Illeso,0,,,,
4002343,8,23/09/2018 13:30:00,Strada Urbana,VIA POLENSE,all'intersezione semaforizzata con,VIA CAVUCCIO,VIA CAVUCCIO,,,Scontro laterale fra veicoli in marcia,Intersezione semaforizzata,Una carreggiata a doppio senso,Asciutto,Asfaltata,Verticale ed orizzontale,Sereno,Normale,Buona,Ore Diurne,0,0,0,5,12.7105,41.9054,-1,2,Autovettura privata,In marcia / fermata / arresto,Passeggero,F,Illeso,0,,,Inesploso,
4002343,8,23/09/2018 13:30:00,Strada Urbana,VIA POLENSE,all'intersezione semaforizzata con,VIA CAVUCCIO,VIA CAVUCCIO,,,Scontro laterale fra veicoli in marcia,Intersezione semaforizzata,Una carreggiata a doppio senso,Asciutto,Asfaltata,Verticale ed orizzontale,Sereno,Normale,Buona,Ore Diurne,0,0,0,5,12.7105,41.9054,-1,2,Autovettura privata,In marcia / fermata / arresto,Passeggero,F,Illeso,0,,,,
4002351,8,23/09/2018 20:15:00,Strada Urbana,VIA CASILINA,da specificare,,,,ALT. CIV 1665 (COMPLANARE DIR. ROMA),Veicolo in marcia contro ostacolo fisso,Rettilineo,Una carreggiata a senso unico di marcia,Asciutto,Asfaltata,Orizzontale,Sereno,Normale,Buona,Sufficiente,1,0,0,0,,,0,1,Autovettura privata,In marcia / fermata / arresto,Conducente,M,Rimandato,0,NON DECEDUTO,Non utilizzato,Inesploso,
4002352,11,22/09/2018 09:30:00,Strada Urbana,VIA CRISTOFORO COLOMBO,da specificare,,,,alt. VIA COSTANTINO,Scontro laterale fra veicoli in marcia,Rettilineo,Pi� di due carreggiate,Asciutto,Asfaltata,Verticale ed orizzontale,Sereno,Normale,Buona,Ore Diurne,0,0,0,6,12.4896,41.8537,-1,1,Autovettura privata,In marcia / fermata / arresto,Conducente,M,Illeso,0,,Non accertato,,
4002352,11,22/09/2018 09:30:00,Strada Urbana,VIA CRISTOFORO COLOMBO,da specificare,,,,alt. VIA COSTANTINO,Scontro laterale fra veicoli in marcia,Rettilineo,Pi� di due carreggiate,Asciutto,Asfaltata,Verticale ed orizzontale,Sereno,Normale,Buona,Ore Diurne,0,0,0,6,12.4896,41.8537,-1,1,Autovettura privata,In marcia / fermata / arresto,Passeggero,M,Illeso,0,,,,
4002352,11,22/09/2018 09:30:00,Strada Urbana,VIA CRISTOFORO COLOMBO,da specificare,,,,alt. VIA COSTANTINO,Scontro laterale fra veicoli in marcia,Rettilineo,Pi� di due carreggiate,Asciutto,Asfaltata,Verticale ed orizzontale,Sereno,Normale,Buona,Ore Diurne,0,0,0,6,12.4896,41.8537,-1,1,Autovettura privata,In marcia / fermata / arresto,Passeggero,M,Illeso,0,,,,
4002352,11,22/09/2018 09:30:00,Strada Urbana,VIA CRISTOFORO COLOMBO,da specificare,,,,alt. VIA COSTANTINO,Scontro laterale fra veicoli in marcia,Rettilineo,Pi� di due carreggiate,Asciutto,Asfaltata,Verticale ed orizzontale,Sereno,Normale,Buona,Ore Diurne,0,0,0,6,12.4896,41.8537,-1,1,Autovettura privata,In marcia / fermata / arresto,Passeggero,M,Illeso,0,,,,
4002352,11,22/09/2018 09:30:00,Strada Urbana,VIA CRISTOFORO COLOMBO,da specificare,,,,alt. VIA COSTANTINO,Scontro laterale fra veicoli in marcia,Rettilineo,Pi� di due carreggiate,Asciutto,Asfaltata,Verticale ed orizzontale,Sereno,Normale,Buona,Ore Diurne,0,0,0,6,12.4896,41.8537,-1,2,Autovettura privata,In marcia / fermata / arresto,Conducente,F,Illeso,0,,Non accertato,,
4002352,11,22/09/2018 09:30:00,Strada Urbana,VIA CRISTOFORO COLOMBO,da specificare,,,,alt. VIA COSTANTINO,Scontro laterale fra veicoli in marcia,Rettilineo,Pi� di due carreggiate,Asciutto,Asfaltata,Verticale ed orizzontale,Sereno,Normale,Buona,Ore Diurne,0,0,0,6,12.4896,41.8537,-1,2,Autovettura privata,In marcia / fermata / arresto,Passeggero,F,Illeso,0,,,,
4002364,5,21/09/2018 09:15:00,Strada Urbana,VIA TIBURTINA,da specificare,,,,PROSSIMITA' VIA RUBELLIA,Scontro laterale fra veicoli in marcia,Rettilineo,Due carreggiate,Asciutto,Asfaltata,Verticale ed orizzontale,Sereno,Intenso,Buona,Ore Diurne,0,0,0,3,12.624,41.9383,-1,1,Autoarticolato,In marcia / fermata / arresto,Conducente,M,Illeso,0,,Non accertato,Inesploso,
4002364,5,21/09/2018 09:15:00,Strada Urbana,VIA TIBURTINA,da specificare,,,,PROSSIMITA' VIA RUBELLIA,Scontro laterale fra veicoli in marcia,Rettilineo,Due carreggiate,Asciutto,Asfaltata,Verticale ed orizzontale,Sereno,Intenso,Buona,Ore Diurne,0,0,0,3,12.624,41.9383,-1,2,Autovettura privata,In marcia / fermata / arresto,Conducente,M,Illeso,0,,Non accertato,Inesploso,
4002364,5,21/09/2018 09:15:00,Strada Urbana,VIA TIBURTINA,da specificare,,,,PROSSIMITA' VIA RUBELLIA,Scontro laterale fra veicoli in marcia,Rettilineo,Due carreggiate,Asciutto,Asfaltata,Verticale ed orizzontale,Sereno,Intenso,Buona,Ore Diurne,0,0,0,3,12.624,41.9383,-1,2,Autovettura privata,In marcia / fermata / arresto,Passeggero,M,Illeso,0,,Utilizzato,Inesploso,
4002371,11,23/09/2018 13:25:00,Strada Urbana,VIA DEL PORTO FLUVIALE,in corrispondenza,,del civico n.,67,,Tamponamento,Rettilineo,Una carreggiata a doppio senso,Asciutto,Asfaltata,Verticale ed orizzontale,Sereno,Normale,Buona,Ore Diurne,1,0,0,2,,,0,1,Autovettura privata,In marcia / fermata / arresto,Conducente,F,Illeso,0,,Non accertato,,
4002371,11,23/09/2018 13:25:00,Strada Urbana,VIA DEL PORTO FLUVIALE,in corrispondenza,,del civico n.,67,,Tamponamento,Rettilineo,Una carreggiata a doppio senso,Asciutto,Asfaltata,Verticale ed orizzontale,Sereno,Normale,Buona,Ore Diurne,1,0,0,2,,,0,1,Autovettura privata,In marcia / fermata / arresto,Passeggero,F,Illeso,0,,Non accertato,,
4002371,11,23/09/2018 13:25:00,Strada Urbana,VIA DEL PORTO FLUVIALE,in corrispondenza,,del civico n.,67,,Tamponamento,Rettilineo,Una carreggiata a doppio senso,Asciutto,Asfaltata,Verticale ed orizzontale,Sereno,Normale,Buona,Ore Diurne,1,0,0,2,,,0,2,Motociclo a solo,In marcia / fermata / arresto,Conducente,M,Rimandato,0,NON DECEDUTO,Non accertato,,