Protocollo,Gruppo,DataOraIncidente,Localizzazione1,STRADA1,Localizzazione2,STRADA2,Strada02,Chilometrica,DaSpecificare,NaturaIncidente,particolaritastrade,TipoStrada,FondoStradale,Pavimentazione,Segnaletica,CondizioneAtmosferica,Traffico,Visibilita,Illuminazione,NUM_FERITI,NUM_RISERVATA,NUM_MORTI,NUM_ILLESI,Longitudine,Latitudine,Confermato,Progressivo,TipoVeicolo,StatoVeicolo,TipoPersona,Sesso,Tipolesione,Deceduto,DecedutoDopo,CinturaCascoUtilizzato,Airbag,
4002380,20,21/09/2018 15:00:00,Regionale entro l'abitato,VIA FLAMINIA,in prossimit�,,del civico n.,735,,Scontro laterale fra veicoli in marcia,Rettilineo,Una carreggiata a doppio senso,Asciutto,Asfaltata,Orizzontale,Sereno,Normale,Buona,Ore Diurne,0,0,0,2,12.4762,41.9479,-1,1,Autocarro inferiore 35 q.,In marcia / fermata / arresto,Conducente,M,Illeso,0,,Non accertato,,
4002380,20,21/09/2018 15:00:00,Regionale entro l'abitato,VIA FLAMINIA,in prossimit�,,del civico n.,735,,Scontro laterale fra veicoli in marcia,Rettilineo,Una carreggiata a doppio senso,Asciutto,Asfaltata,Orizzontale,Sereno,Normale,Buona,Ore Diurne,0,0,0,2,12.4762,41.9479,-1,2,Autovettura privata,In marcia / fermata / arresto,Conducente,M,Illeso,0,,Non accertato,,
4002390,20,21/09/2018 15:15:00,Strada Urbana,VIA FLAMINIA NUOVA,in corrispondenza,,della chilometrica,7.5,,Scontro laterale fra veicoli in marcia,Rettilineo,Una carreggiata a doppio senso,Asciutto,Asfaltata,Verticale ed orizzontale,Nuvoloso,Intenso,Buona,Ore Diurne,2,0,0,1,12.4734,41.9533,-1,1,Autovettura privata,In marcia / fermata / arresto,Conducente,M,Illeso,0,,,,
4002390,20,21/09/2018 15:15:00,Strada Urbana,VIA FLAMINIA NUOVA,in corrispondenza,,della chilometrica,7.5,,Scontro laterale fra veicoli in marcia,Rettilineo,Una carreggiata a doppio senso,Asciutto,Asfaltata,Verticale ed orizzontale,Nuvoloso,Intenso,Buona,Ore Diurne,2,0,0,1,12.4734,41.9533,-1,2,Motociclo con passeggero,In marcia / fermata / arresto,Conducente,M,Rimandato,0,NON DECEDUTO,,,
4002390,20,21/09/2018 15:15:00,Strada Urbana,VIA FLAMINIA NUOVA,in corrispondenza,,della chilometrica,7.5,,Scontro laterale fra veicoli in marcia,Rettilineo,Una carreggiata a doppio senso,Asciutto,Asfaltata,Verticale ed orizzontale,Nuvoloso,Intenso,Buona,Ore Diurne,2,0,0,1,12.4734,41.9533,-1,2,Motociclo con passeggero,In marcia / fermata / arresto,Passeggero,F,Rimandato,0,NON DECEDUTO,,,
4002391,11,23/09/2018 15:00:00,Strada Urbana,VIA CRISTOFORO COLOMBO,da specificare,,,,prossimit� tangenziale via Cilicia,Scontro frontale/laterale SX fra veicoli in marcia,Rettilineo,Pi� di due carreggiate,Asciutto,Asfaltata,Verticale ed orizzontale,Sereno,Normale,Buona,Ore Diurne,0,0,0,2,12.4967,41.8714,-1,1,Autobus turistico,In marcia / fermata / arresto,Conducente,M,Illeso,0,,Non accertato,,
4002391,11,23/09/2018 15:00:00,Strada Urbana,VIA CRISTOFORO COLOMBO,da specificare,,,,prossimit� tangenziale via Cilicia,Scontro frontale/laterale SX fra veicoli in marcia,Rettilineo,Pi� di due carreggiate,Asciutto,Asfaltata,Verticale ed orizzontale,Sereno,Normale,Buona,Ore Diurne,0,0,0,2,12.4967,41.8714,-1,2,Autovettura privata,In marcia / fermata / arresto,Conducente,F,Illeso,0,,Non accertato,,
4002392,5,22/09/2018 05:30:00,Strada Urbana,VIA DEI PIOPPI,in corrispondenza,,del civico n.,20,,Veicolo in marcia contro veicolo in sosta,Rettilineo,Due carreggiate,Asciutto,Asfaltata,Verticale ed orizzontale,Sereno,Scarso,Buona,Sufficiente,0,0,0,1,12.5686,41.8774,-1,1,Autovettura privata,In marcia / fermata / arresto,Conducente,M,Illeso,0,,Non accertato,,
4002394,20,23/09/2018 08:30:00,Strada Urbana,VIA NEMEA,da specificare,,,,prossimit� PIAZZA DEI GIUOCHI DELFICI,Veicolo in marcia contro veicolo in sosta,Rettilineo,Una carreggiata a senso unico di marcia,Asciutto,Asfaltata,Orizzontale,Sereno,Normale,Buona,Ore Diurne,0,0,0,1,12.4585,41.9468,-1,2,Autovettura privata,In marcia / fermata / arresto,Conducente,M,Illeso,0,,Non accertato,Inesploso,
4002395,10,23/09/2018 11:10:00,Strada Urbana,VIA ANAGNINA,in corrispondenza,,del civico n.,19,,Scontro frontale/laterale SX fra veicoli in marcia,Rettilineo,Una carreggiata a senso unico di marcia,Asciutto,Asfaltata,Orizzontale,Sereno,Normale,Buona,Ore Diurne,0,0,0,2,12.5892,41.839,-1,1,Autovettura privata,In marcia / fermata / arresto,Conducente,M,Illeso,0,,Non accertato,Inesploso,
4002395,10,23/09/2018 11:10:00,Strada Urbana,VIA ANAGNINA,in corrispondenza,,del civico n.,19,,Scontro frontale/laterale SX fra veicoli in marcia,Rettilineo,Una carreggiata a senso unico di marcia,Asciutto,Asfaltata,Orizzontale,Sereno,Normale,Buona,Ore Diurne,0,0,0,2,12.5892,41.839,-1,2,Autovettura privata,In marcia / fermata / arresto,Conducente,M,Illeso,0,,Non accertato,Esploso,
4002396,5,23/09/2018 19:30:00,,VIA DI SALONE,in prossimit�,,del civico n.,122,,Veicolo in marcia contro ostacolo accidentale,,,,,,,,,,0,0,0,1,12.6269,41.9352,0,1,Motociclo a solo,In marcia / fermata / arresto,Conducente,M,Illeso,0,,,,
4002406,5,23/09/2018 20:20:00,Strada Urbana,VIA BELMONTE IN SABINA,da specificare,,,,circa 100 mt prima della Centrale del Latte,Veicolo in marcia contro ostacolo accidentale,Rettilineo,Due carreggiate,Asciutto,Asfaltata,Orizzontale,Sereno,Normale,Sufficiente,Sufficiente,0,0,0,2,12.5999,41.9505,-1,1,Autovettura privata,In marcia / fermata / arresto,Conducente,M,Illeso,0,,Non accertato,,
4002406,5,23/09/2018 20:20:00,Strada Urbana,VIA BELMONTE IN SABINA,da specificare,,,,circa 100 mt prima della Centrale del Latte,Veicolo in marcia contro ostacolo accidentale,Rettilineo,Due carreggiate,Asciutto,Asfaltata,Orizzontale,Sereno,Normale,Sufficiente,Sufficiente,0,0,0,2,12.5999,41.9505,-1,1,Autovettura privata,In marcia / fermata / arresto,Passeggero,F,Illeso,0,,Non accertato,,
4002413,10,23/09/2018 12:00:00,Strada Urbana,VIA TUSCOLANA,da specificare,,,,direz. GRA  20 mt. dopo via delle Capannelle,Tamponamento,Rettilineo,Due carreggiate,Asciutto,Asfaltata,Verticale ed orizzontale,Sereno,Intenso,Buona,Ore Diurne,1,0,0,1,12.5783,41.8466,-1,1,Autovettura privata,In marcia / fermata / arresto,Conducente,M,Illeso,0,,Non accertato,Inesploso,
4002413,10,23/09/2018 12:00:00,Strada Urbana,VIA TUSCOLANA,da specificare,,,,direz. GRA  20 mt. dopo via delle Capannelle,Tamponamento,Rettilineo,Due carreggiate,Asciutto,Asfaltata,Verticale ed orizzontale,Sereno,Intenso,Buona,Ore Diurne,1,0,0,1,12.5783,41.8466,-1,2,Motociclo a solo,In marcia / fermata / arresto,Conducente,M,Rimandato,0,NON DECEDUTO,Non accertato,,
4002419,5,23/09/2018 20:30:00,,VIA BELMONTE IN SABINA,da specificare,,,,in prossimita' del civico 262,Veicolo in marcia contro ostacolo accidentale,,,,,,,,,,0,0,0,1,12.5972,41.9483,0,1,Autovettura privata,In marcia / fermata / arresto,Conducente,M,Illeso,0,,,,
4002420,5,23/09/2018 00:30:00,Strada Urbana,VIA LIVORNO,da specificare,,,,ALTEZZA CIVICO 47/49,Scontro laterale fra veicoli in marcia,Rettilineo,Una carreggiata a doppio senso,Asciutto,Asfaltata,Verticale ed orizzontale,Sereno,Scarso,Buona,Sufficiente,0,0,0,2,12.5245,41.9157,-1,1,Autovettura pubblica,In marcia / fermata / arresto,Conducente,M,Illeso,0,,Non accertato,Inesploso,
4002420,5,23/09/2018 00:30:00,Strada Urbana,VIA LIVORNO,da specificare,,,,ALTEZZA CIVICO 47/49,Scontro laterale fra veicoli in marcia,Rettilineo,Una carreggiata a doppio senso,Asciutto,Asfaltata,Verticale ed orizzontale,Sereno,Scarso,Buona,Sufficiente,0,0,0,2,12.5245,41.9157,-1,2,Autovettura privata,In marcia / fermata / arresto,Conducente,M,Illeso,0,,Non accertato,Inesploso,
4002425,10,23/09/2018 17:25:00,Strada Urbana,VIA DEI SETTE METRI,all'intersezione con,VIA DI TORRE MORENA,VIA DI TORRE MORENA,,,Scontro frontale/laterale SX fra veicoli in marcia,Incrocio,Una carreggiata a doppio senso,Asciutto,Asfaltata,Verticale ed orizzontale,Sereno,Normale,Buona,Ore Diurne,1,0,0,3,12.6069,41.8154,-1,1,Autovettura privata,In marcia / fermata / arresto,Conducente,M,Illeso,0,,Non accertato,Inesploso,
4002425,10,23/09/2018 17:25:00,Strada Urbana,VIA DEI SETTE METRI,all'intersezione con,VIA DI TORRE MORENA,VIA DI TORRE MORENA,,,Scontro frontale/laterale SX fra veicoli in marcia,Incrocio,Una carreggiata a doppio senso,Asciutto,Asfaltata,Verticale ed orizzontale,Sereno,Normale,Buona,Ore Diurne,1,0,0,3,12.6069,41.8154,-1,1,Autovettura privata,In marcia / fermata / arresto,Passeggero,F,Illeso,0,,Non accertato,Inesploso,
4002425,10,23/09/2018 17:25:00,Strada Urbana,VIA DEI SETTE METRI,all'intersezione con,VIA DI TORRE MORENA,VIA DI TORRE MORENA,,,Scontro frontale/laterale SX fra veicoli in marcia,Incrocio,Una carreggiata a doppio senso,Asciutto,Asfaltata,Verticale ed orizzontale,Sereno,Normale,Buona,Ore Diurne,1,0,0,3,12.6069,41.8154,-1,1,Autovettura privata,In marcia / fermata / arresto,Passeggero,M,Illeso,0,,Non accertato,Inesploso,
4002425,10,23/09/2018 17:25:00,Strada Urbana,VIA DEI SETTE METRI,all'intersezione con,VIA DI TORRE MORENA,VIA DI TORRE MORENA,,,Scontro frontale/laterale SX fra veicoli in marcia,Incrocio,Una carreggiata a doppio senso,Asciutto,Asfaltata,Verticale ed orizzontale,Sereno,Normale,Buona,Ore Diurne,1,0,0,3,12.6069,41.8154,-1,2,Quadriciclo leggero,In marcia / fermata / arresto,Conducente,F,Rimandato,0,NON DECEDUTO,Non accertato,Inesistente,
4002426,20,22/09/2018 19:20:00,Strada Urbana,VIA DELL'ISOLA FARNESE,all'intersezione con,VIA RISERVA CAMPETTI,VIA RISERVA CAMPETTI,,,Veicolo in marcia contro ostacolo fisso,Intersezione stradale segnalata,Una carreggiata a doppio senso,Asciutto,Asfaltata,Verticale ed orizzontale,Sereno,Normale,Buona,Ore Diurne,1,0,0,0,12.3869,42.0183,-1,1,Autovettura privata,In marcia / fermata / arresto,Conducente,M,Rimandato,0,NON DECEDUTO,Non accertato,Esploso,
4002428,19,21/09/2018 15:50:00,Strada Urbana,VIA DELLA PINETA SACCHETTI,in corrispondenza,,del civico n.,203,,Scontro laterale fra veicoli in marcia,Rettilineo,Una carreggiata a senso unico di marcia,Asciutto,Asfaltata,Assente,Sereno,Normale,Buona,Ore Diurne,1,0,0,3,12.4262,41.9284,-1,1,Autovettura privata,In marcia / fermata / arresto,Conducente,F,Illeso,0,,,,
4002428,19,21/09/2018 15:50:00,Strada Urbana,VIA DELLA PINETA SACCHETTI,in corrispondenza,,del civico n.,203,,Scontro laterale fra veicoli in marcia,Rettilineo,Una carreggiata a senso unico di marcia,Asciutto,Asfaltata,Assente,Sereno,Normale,Buona,Ore Diurne,1,0,0,3,12.4262,41.9284,-1,1,Autovettura privata,In marcia / fermata / arresto,Passeggero,M,Illeso,0,,,,
4002428,19,21/09/2018 15:50:00,Strada Urbana,VIA DELLA PINETA SACCHETTI,in corrispondenza,,del civico n.,203,,Scontro laterale fra veicoli in marcia,Rettilineo,Una carreggiata a senso unico di marcia,Asciutto,Asfaltata,Assente,Sereno,Normale,Buona,Ore Diurne,1,0,0,3,12.4262,41.9284,-1,2,Motociclo a solo,In marcia / fermata / arresto,Conducente,M,Illeso,0,,,,
4002428,19,21/09/2018 15:50:00,Strada Urbana,VIA DELLA PINETA SACCHETTI,in corrispondenza,,del civico n.,203,,Scontro laterale fra veicoli in marcia,Rettilineo,Una carreggiata a senso unico di marcia,Asciutto,Asfaltata,Assente,Sereno,Normale,Buona,Ore Diurne,1,0,0,3,12.4262,41.9284,-1,2,Motociclo a solo,In marcia / fermata / arresto,Passeggero,F,Rimandato,0,NON DECEDUTO,,,
4002431,10,23/09/2018 14:30:00,Statale entro l'abitato,VIA TUSCOLANA,da specificare,,,,discesa cavalcavia direzione GRA,Tamponamento Multiplo,Rettilineo,Due carreggiate,Asciutto,Asfaltata,Verticale ed orizzontale,Sereno,Normale,Buona,Ore Diurne,0,0,0,4,12.5861,41.8413,-1,1,Autovettura privata,In marcia / fermata / arresto,Conducente,F,Illeso,0,,Non accertato,Inesploso,
4002431,10,23/09/2018 14:30:00,Statale entro l'abitato,VIA TUSCOLANA,da specificare,,,,discesa cavalcavia direzione GRA,Tamponamento Multiplo,Rettilineo,Due carreggiate,Asciutto,Asfaltata,Verticale ed orizzontale,Sereno,Normale,Buona,Ore Diurne,0,0,0,4,12.5861,41.8413,-1,2,Autovettura privata,In marcia / fermata / arresto,Conducente,M,Illeso,0,,Non accertato,Inesploso,
4002431,10,23/09/2018 14:30:00,Statale entro l'abitato,VIA TUSCOLANA,da specificare,,,,discesa cavalcavia direzione GRA,Tamponamento Multiplo,Rettilineo,Due carreggiate,Asciutto,Asfaltata,Verticale ed orizzontale,Sereno,Normale,Buona,Ore Diurne,0,0,0,4,12.5861,41.8413,-1,2,Autovettura privata,In marcia / fermata / arresto,Passeggero,F,Illeso,0,,Non accertato,Inesploso,
4002431,10,23/09/2018 14:30:00,Statale entro l'abitato,VIA TUSCOLANA,da specificare,,,,discesa cavalcavia direzione GRA,Tamponamento Multiplo,Rettilineo,Due carreggiate,Asciutto,Asfaltata,Verticale ed orizzontale,Sereno,Normale,Buona,Ore Diurne,0,0,0,4,12.5861,41.8413,-1,3,Autovettura privata,In marcia / fermata / arresto,Conducente,F,Illeso,0,,Non accertato,Inesploso,
4002432,5,23/09/2018 21:20:00,,VIA BELMONTE IN SABINA,in prossimit�,,del civico n.,262,,Veicolo in marcia contro ostacolo accidentale,,,,,,,,,,0,0,0,1,12.5945,41.9469,0,1,Autovettura privata,In marcia / fermata / arresto,Conducente,M,Illeso,0,,,,
4002433,20,23/09/2018 13:50:00,Regionale entro l'abitato,VIA FLAMINIA,in corrispondenza,,del civico n.,475,,Veicolo in marcia contro veicolo in sosta,Curva a visuale libera,Una carreggiata a senso unico di marcia,Asciutto,Asfaltata,Verticale ed orizzontale,Sereno,Scarso,Buona,Ore Diurne,0,0,0,1,12.4681,41.9381,-1,1,Autovettura privata,In marcia / fermata / arresto,Conducente,M,Illeso,0,,Non accertato,Inesploso,
4002436,13,21/09/2018 19:40:00,Strada Urbana,VIA DEL MARE,in corrispondenza,,della chilometrica,23.7,,Scontro frontale fra veicoli in marcia,Rettilineo,Una carreggiata a doppio senso,Asciutto,Asfaltata,Orizzontale,Sereno,Intenso,Sufficiente,Sufficiente,0,0,0,5,12.4632,41.8403,-1,1,Autovettura privata,In marcia / fermata / arresto,Conducente,F,Illeso,0,,Non accertato,Inesploso,
4002436,13,21/09/2018 19:40:00,Strada Urbana,VIA DEL MARE,in corrispondenza,,della chilometrica,23.7,,Scontro frontale fra veicoli in marcia,Rettilineo,Una carreggiata a doppio senso,Asciutto,Asfaltata,Orizzontale,Sereno,Intenso,Sufficiente,Sufficiente,0,0,0,5,12.4632,41.8403,-1,1,Autovettura privata,In marcia / fermata / arresto,Passeggero,M,Illeso,0,,,,
4002436,13,21/09/2018 19:40:00,Strada Urbana,VIA DEL MARE,in corrispondenza,,della chilometrica,23.7,,Scontro frontale fra veicoli in marcia,Rettilineo,Una carreggiata a doppio senso,Asciutto,Asfaltata,Orizzontale,Sereno,Intenso,Sufficiente,Sufficiente,0,0,0,5,12.4632,41.8403,-1,1,Autovettura privata,In marcia / fermata / arresto,Passeggero,F,Illeso,0,,,,
4002436,13,21/09/2018 19:40:00,Strada Urbana,VIA DEL MARE,in corrispondenza,,della chilometrica,23.7,,Scontro frontale fra veicoli in marcia,Rettilineo,Una carreggiata a doppio senso,Asciutto,Asfaltata,Orizzontale,Sereno,Intenso,Sufficiente,Sufficiente,0,0,0,5,12.4632,41.8403,-1,2,Motociclo a solo,In marcia / fermata / arresto,Conducente,M,Illeso,0,,Non accertato,,
4002436,13,21/09/2018 19:40:00,Strada Urbana,VIA DEL MARE,in corrispondenza,,della chilometrica,23.7,,Scontro frontale fra veicoli in marcia,Rettilineo,Una carreggiata a doppio senso,Asciutto,Asfaltata,Orizzontale,Sereno,Intenso,Sufficiente,Sufficiente,0,0,0,5,12.4632,41.8403,-1,3,Autovettura privata,In marcia / fermata / arresto,Conducente,M,Illeso,0,,Non accertato,Inesploso,
4002445,5,24/09/2018 02:10:00,,VIA DI TOR CERVARA,in prossimit�,,del civico n.,225,,Veicolo in marcia contro ostacolo fisso,,,,,,,,,,1,0,0,0,12.5912,41.914,0,1,Autovettura privata,In marcia / fermata / arresto,Conducente,M,Rimandato,0,NON DECEDUTO,,,
4002457,4,22/09/2018 23:50:00,Strada Urbana,VIA DEI PRATI FISCALI,in prossimit�,,del civico n.,185,,Scontro laterale fra veicoli in marcia,Rettilineo,Due carreggiate,Asciutto,Asfaltata,Verticale ed orizzontale,Sereno,Normale,Buona,Sufficiente,0,0,0,4,12.5199,41.9461,-1,1,Autovettura privata,In marcia / fermata / arresto,Conducente,F,Illeso,0,,Non accertato,,
4002457,4,22/09/2018 23:50:00,Strada Urbana,VIA DEI PRATI FISCALI,in prossimit�,,del civico n.,185,,Scontro laterale fra veicoli in marcia,Rettilineo,Due carreggiate,Asciutto,Asfaltata,Verticale ed orizzontale,Sereno,Normale,Buona,Sufficiente,0,0,0,4,12.5199,41.9461,-1,1,Autovettura privata,In marcia / fermata / arresto,Passeggero,F,Illeso,0,,,,
4002457,4,22/09/2018 23:50:00,Strada Urbana,VIA DEI PRATI FISCALI,in prossimit�,,del civico n.,185,,Scontro laterale fra veicoli in marcia,Rettilineo,Due carreggiate,Asciutto,Asfaltata,Verticale ed orizzontale,Sereno,Normale,Buona,Sufficiente,0,0,0,4,12.5199,41.9461,-1,2,Autovettura privata,In marcia / fermata / arresto,Conducente,F,Illeso,0,,,,
4002457,4,22/09/2018 23:50:00,Strada Urbana,VIA DEI PRATI FISCALI,in prossimit�,,del civico n.,185,,Scontro laterale fra veicoli in marcia,Rettilineo,Due carreggiate,Asciutto,Asfaltata,Verticale ed orizzontale,Sereno,Normale,Buona,Sufficiente,0,0,0,4,12.5199,41.9461,-1,2,Autovettura privata,In marcia / fermata / arresto,Passeggero,M,Illeso,0,,,,
4002463,19,22/09/2018 16:10:00,Strada Urbana,VIA CESIRA FIORI,in corrispondenza,,del civico n.,8,,Scontro frontale/laterale SX fra veicoli in marcia,Curva a visuale libera,Una carreggiata a senso unico alternato,Asciutto,Asfaltata,Orizzontale,Sereno,Scarso,Buona,Ore Diurne,0,0,0,3,12.3981,41.9583,-1,1,Autovettura privata,In marcia / fermata / arresto,Conducente,F,Illeso,0,,,,
4002463,19,22/09/2018 16:10:00,Strada Urbana,VIA CESIRA FIORI,in corrispondenza,,del civico n.,8,,Scontro frontale/laterale SX fra veicoli in marcia,Curva a visuale libera,Una carreggiata a senso unico alternato,Asciutto,Asfaltata,Orizzontale,Sereno,Scarso,Buona,Ore Diurne,0,0,0,3,12.3981,41.9583,-1,2,Autovettura privata,In marcia / fermata / arresto,Conducente,M,Illeso,0,,,,
4002463,19,22/09/2018 16:10:00,Strada Urbana,VIA CESIRA FIORI,in corrispondenza,,del civico n.,8,,Scontro frontale/laterale SX fra veicoli in marcia,Curva a visuale libera,Una carreggiata a senso unico alternato,Asciutto,Asfaltata,Orizzontale,Sereno,Scarso,Buona,Ore Diurne,0,0,0,3,12.3981,41.9583,-1,2,Autovettura privata,In marcia / fermata / arresto,Passeggero,M,Illeso,0,,,,
4002464,20,22/09/2018 00:10:00,Strada Urbana,VIA ANTONIO CONTI,da specificare,,,,prossimit� ingresso Via Olgiata,Scontro laterale fra veicoli in marcia,Rettilineo,Una carreggiata a doppio senso,Asciutto,Asfaltata,Orizzontale,Sereno,Scarso,Insufficiente,Insufficiente,0,0,0,2,12.3713,42.0208,-1,1,Autovettura privata,In marcia / fermata / arresto,Conducente,M,Illeso,0,,Non accertato,,
4002464,20,22/09/2018 00:10:00,Strada Urbana,VIA ANTONIO CONTI,da specificare,,,,prossimit� ingresso Via Olgiata,Scontro laterale fra veicoli in marcia,Rettilineo,Una carreggiata a doppio senso,Asciutto,Asfaltata,Orizzontale,Sereno,Scarso,Insufficiente,Insufficiente,0,0,0,2,12.3713,42.0208,-1,2,Autovettura privata,In marcia / fermata / arresto,Conducente,M,Illeso,0,,Non accertato,,
4002465,4,23/09/2018 07:47:00,,VIA SALARIA,in corrispondenza,,del civico n.,1970,,Ribaltamento senza urto contro ostacolo fisso,,,,,,,,,,1,0,0,0,,,0,1,Autovettura privata,In marcia / fermata / arresto,Conducente,M,Rifiuta cure immediate,0,NON DECEDUTO,Non accertato,,
4002467,16,21/09/2018 09:10:00,Strada Urbana,VIA QUIRINO MAJORANA,da specificare,,,,altezza Via del Fornetto direzione Marconi,Scontro laterale fra veicoli in marcia,Rettilineo,Due carreggiate,Asciutto,Asfaltata,Verticale ed orizzontale,Sereno,Normale,Buona,Ore Diurne,0,0,0,2,12.4621,41.8685,-1,1,Autovettura privata,In marcia / fermata / arresto,Conducente,M,Illeso,0,,Non accertato,Inesploso,
4002467,16,21/09/2018 09:10:00,Strada Urbana,VIA QUIRINO MAJORANA,da specificare,,,,altezza Via del Fornetto direzione Marconi,Scontro laterale fra veicoli in marcia,Rettilineo,Due carreggiate,Asciutto,Asfaltata,Verticale ed orizzontale,Sereno,Normale,Buona,Ore Diurne,0,0,0,2,12.4621,41.8685,-1,2,Autovettura privata,In marcia / fermata / arresto,Conducente,F,Illeso,0,,Non accertato,Inesploso,
4002470,4,23/09/2018 16:15:00,,VIA NOMENTANA,all'intersezione con,VIA PRATO LAURO,VIA PRATO LAURO,,,Veicolo in marcia contro ostacolo fisso,,,,,,,,,,2,0,0,0,,,0,1,Autovettura privata,In marcia / fermata / arresto,Conducente,M,Rifiuta cure immediate,0,NON DECEDUTO,,,
4002470,4,23/09/2018 16:15:00,,VIA NOMENTANA,all'intersezione con,VIA PRATO LAURO,VIA PRATO LAURO,,,Veicolo in marcia contro ostacolo fisso,,,,,,,,,,2,0,0,0,,,0,1,Autovettura privata,In marcia / fermata / arresto,Passeggero,F,Rifiuta cure immediate,0,NON DECEDUTO,,,
4002471,20,23/09/2018 20:00:00,Strada Urbana,VIALE CORTINA D'AMPEZZO,da specificare,,,,prossimit� VIA VAL DI SOLE,Investimento di pedone,Rettilineo,Una carreggiata a doppio senso,Asciutto,Asfaltata,Verticale ed orizzontale,Sereno,Scarso,Buona,Sufficiente,2,0,0,1,12.4437,41.9478,-1,,,,Pedone,F,Rimandato,0,NON DECEDUTO,,,
4002471,20,23/09/2018 20:00:00,Strada Urbana,VIALE CORTINA D'AMPEZZO,da specificare,,,,prossimit� VIA VAL DI SOLE,Investimento di pedone,Rettilineo,Una carreggiata a doppio senso,Asciutto,Asfaltata,Verticale ed orizzontale,Sereno,Scarso,Buona,Sufficiente,2,0,0,1,12.4437,41.9478,-1,,,,Pedone,M,Rimandato,0,NON DECEDUTO,,,
4002471,20,23/09/2018 20:00:00,Strada Urbana,VIALE CORTINA D'AMPEZZO,da specificare,,,,prossimit� VIA VAL DI SOLE,Investimento di pedone,Rettilineo,Una carreggiata a doppio senso,Asciutto,Asfaltata,Verticale ed orizzontale,Sereno,Scarso,Buona,Sufficiente,2,0,0,1,12.4437,41.9478,-1,1,Autovettura privata,In marcia / fermata / arresto,Conducente,M,Illeso,0,,Non accertato,Inesploso,
4002472,4,22/09/2018 23:00:00,Statale,VIA SALARIA,in prossimit�,,del civico n.,1027,,Veicolo in marcia contro veicolo arresto,Rettilineo,Due carreggiate,Asciutto,Asfaltata,Verticale ed orizzontale,Sereno,Normale,Buona,Sufficiente,0,0,0,2,12.505,41.9712,0,1,Autovettura privata,Allontanatosi,Conducente,M,Illeso,0,,Non accertato,,
4002472,4,22/09/2018 23:00:00,Statale,VIA SALARIA,in prossimit�,,del civico n.,1027,,Veicolo in marcia contro veicolo arresto,Rettilineo,Due carreggiate,Asciutto,Asfaltata,Verticale ed orizzontale,Sereno,Normale,Buona,Sufficiente,0,0,0,2,12.505,41.9712,0,2,Autovettura privata,In marcia / fermata / arresto,Conducente,M,Illeso,0,,,,
4002473,19,22/09/2018 17:25:00,Strada Urbana,VIA DELLA PINETA SACCHETTI,all'intersezione con,VIA LUIGI ARBIB PASCUCCI,VIA LUIGI ARBIB PASCUCCI,,,Tamponamento,Incrocio,Due carreggiate,Asciutto,Asfaltata,Verticale ed orizzontale,Sereno,Scarso,Buona,Ore Diurne,0,0,0,2,12.425,41.924,-1,1,Autovettura privata,In marcia / fermata / arresto,Conducente,M,Illeso,0,,,,
4002473,19,22/09/2018 17:25:00,Strada Urbana,VIA DELLA PINETA SACCHETTI,all'intersezione con,VIA LUIGI ARBIB PASCUCCI,VIA LUIGI ARBIB PASCUCCI,,,Tamponamento,Incrocio,Due carreggiate,Asciutto,Asfaltata,Verticale ed orizzontale,Sereno,Scarso,Buona,Ore Diurne,0,0,0,2,12.425,41.924,-1,2,Autovettura privata,In marcia / fermata / arresto,Conducente,M,Illeso,0,,,,
4002484,16,21/09/2018 09:35:00,,VIA DELLA PISANA,da specificare,,,,fronte civico 4,Veicolo in marcia contro veicolo fermo,,,,,,,,,,0,0,0,2,,,0,1,Autovettura privata,In marcia / fermata / arresto,Conducente,F,Illeso,0,,,,
4002484,16,21/09/2018 09:35:00,,VIA DELLA PISANA,da specificare,,,,fronte civico 4,Veicolo in marcia contro veicolo fermo,,,,,,,,,,0,0,0,2,,,0,2,Autocarro inferiore 35 q.,In marcia / fermata / arresto,Conducente,M,Illeso,0,,,,
4002494,20,22/09/2018 04:05:00,Strada Urbana,PIAZZALE DELLA FARNESINA,da specificare,,,,in prossimit� di Via Bonelli,Investimento di pedone,Rettilineo,Una carreggiata a doppio senso,Asciutto,Asfaltata,Orizzontale,Sereno,Scarso,Sufficiente,Sufficiente,1,0,0,1,12.4607,41.9366,-1,,,,Pedone,F,Rimandato,0,NON DECEDUTO,,,
4002494,20,22/09/2018 04:05:00,Strada Urbana,PIAZZALE DELLA FARNESINA,da specificare,,,,in prossimit� di Via Bonelli,Investimento di pedone,Rettilineo,Una carreggiata a doppio senso,Asciutto,Asfaltata,Orizzontale,Sereno,Scarso,Sufficiente,Sufficiente,1,0,0,1,12.4607,41.9366,-1,1,Autovettura privata,In marcia / fermata / arresto,Conducente,M,Illeso,0,,Non accertato,,
4002501,19,22/09/2018 14:35:00,Strada Urbana,VIA DELLA PINETA SACCHETTI,all'intersezione con,VIA LA NEBBIA,VIA LA NEBBIA,,,Scontro laterale fra veicoli in marcia,Incrocio,Una carreggiata a senso unico di marcia,Asciutto,Asfaltata,Orizzontale,Sereno,Normale,Buona,Ore Diurne,1,0,0,1,12.4264,41.9269,-1,1,Motociclo a solo,In marcia / fermata / arresto,Conducente,M,Rimandato,0,NON DECEDUTO,,,