Protocollo,Gruppo,DataOraIncidente,Localizzazione1,STRADA1,Localizzazione2,STRADA2,Strada02,Chilometrica,DaSpecificare,NaturaIncidente,particolaritastrade,TipoStrada,FondoStradale,Pavimentazione,Segnaletica,CondizioneAtmosferica,Traffico,Visibilita,Illuminazione,NUM_FERITI,NUM_RISERVATA,NUM_MORTI,NUM_ILLESI,Longitudine,Latitudine,Confermato,Progressivo,TipoVeicolo,StatoVeicolo,TipoPersona,Sesso,Tipolesione,Deceduto,DecedutoDopo,CinturaCascoUtilizzato,Airbag,
4002501,19,22/09/2018 14:35:00,Strada Urbana,VIA DELLA PINETA SACCHETTI,all'intersezione con,VIA LA NEBBIA,VIA LA NEBBIA,,,Scontro laterale fra veicoli in marcia,Incrocio,Una carreggiata a senso unico di marcia,Asciutto,Asfaltata,Orizzontale,Sereno,Normale,Buona,Ore Diurne,1,0,0,1,12.4264,41.9269,-1,2,Motociclo a solo,In marcia / fermata / arresto,Conducente,M,Illeso,0,,,,
4002507,20,22/09/2018 10:45:00,Regionale,VIA FLAMINIA,in corrispondenza,,della chilometrica,15.95,,Scontro frontale/laterale SX fra veicoli in marcia,Rettilineo,Una carreggiata a doppio senso,Asciutto,Asfaltata,Verticale ed orizzontale,Sereno,Normale,Buona,Ore Diurne,3,0,0,0,12.4718,41.9419,-1,1,Autovettura privata,In marcia / fermata / arresto,Conducente,M,Rimandato,0,NON DECEDUTO,Non accertato,Inesploso,
4002507,20,22/09/2018 10:45:00,Regionale,VIA FLAMINIA,in corrispondenza,,della chilometrica,15.95,,Scontro frontale/laterale SX fra veicoli in marcia,Rettilineo,Una carreggiata a doppio senso,Asciutto,Asfaltata,Verticale ed orizzontale,Sereno,Normale,Buona,Ore Diurne,3,0,0,0,12.4718,41.9419,-1,2,Autovettura privata,In marcia / fermata / arresto,Conducente,M,Rifiuta cure immediate,0,NON DECEDUTO,Non accertato,Esploso,
4002507,20,22/09/2018 10:45:00,Regionale,VIA FLAMINIA,in corrispondenza,,della chilometrica,15.95,,Scontro frontale/laterale SX fra veicoli in marcia,Rettilineo,Una carreggiata a doppio senso,Asciutto,Asfaltata,Verticale ed orizzontale,Sereno,Normale,Buona,Ore Diurne,3,0,0,0,12.4718,41.9419,-1,2,Autovettura privata,In marcia / fermata / arresto,Passeggero,F,Rimandato,0,NON DECEDUTO,Non accertato,Inesploso,
4002523,1,22/09/2018 06:10:00,Strada Urbana,VIA NAZIONALE,in corrispondenza,,del civico n.,212,,Veicolo in marcia contro ostacolo fisso,Rettilineo,Una carreggiata a doppio senso,Asciutto,Acciotolata,Verticale ed orizzontale,Sereno,Normale,Buona,Ore Diurne,0,0,0,1,12.4926,41.9004,-1,1,Autocarro superiore 35 q.,In marcia / fermata / arresto,Conducente,F,Illeso,0,,Non accertato,,
4002528,18,22/09/2018 11:30:00,Strada Urbana,VIA NAZARETH,in prossimit�,,del civico n.,307,,Scontro frontale/laterale DX fra veicoli in marcia,Rettilineo,Una carreggiata a doppio senso,Asciutto,Asfaltata,Orizzontale,Sereno,Normale,Buona,Ore Diurne,1,0,0,2,12.4003,41.9015,-1,1,Autovettura privata,In marcia / fermata / arresto,Conducente,M,Illeso,0,,,,
4002528,18,22/09/2018 11:30:00,Strada Urbana,VIA NAZARETH,in prossimit�,,del civico n.,307,,Scontro frontale/laterale DX fra veicoli in marcia,Rettilineo,Una carreggiata a doppio senso,Asciutto,Asfaltata,Orizzontale,Sereno,Normale,Buona,Ore Diurne,1,0,0,2,12.4003,41.9015,-1,2,Autovettura privata,In marcia / fermata / arresto,Conducente,M,Illeso,0,,,,
4002528,18,22/09/2018 11:30:00,Strada Urbana,VIA NAZARETH,in prossimit�,,del civico n.,307,,Scontro frontale/laterale DX fra veicoli in marcia,Rettilineo,Una carreggiata a doppio senso,Asciutto,Asfaltata,Orizzontale,Sereno,Normale,Buona,Ore Diurne,1,0,0,2,12.4003,41.9015,-1,3,Autovettura pubblica,In marcia / fermata / arresto,Conducente,M,Rimandato,0,NON DECEDUTO,,,
4002531,19,23/09/2018 20:00:00,Strada Urbana,VIA GIUSEPPE MOSCATI,in corrispondenza,,del civico n.,3,,Tamponamento,Rettilineo,Una carreggiata a doppio senso,Asciutto,Asfaltata,Verticale ed orizzontale,Sereno,Scarso,Sufficiente,Sufficiente,0,0,0,2,12.4294,41.9269,-1,1,Autovettura privata,In marcia / fermata / arresto,Conducente,F,Illeso,0,,,,
4002531,19,23/09/2018 20:00:00,Strada Urbana,VIA GIUSEPPE MOSCATI,in corrispondenza,,del civico n.,3,,Tamponamento,Rettilineo,Una carreggiata a doppio senso,Asciutto,Asfaltata,Verticale ed orizzontale,Sereno,Scarso,Sufficiente,Sufficiente,0,0,0,2,12.4294,41.9269,-1,2,Autovettura privata,Allontanatosi,Conducente,M,Illeso,0,,,,
4002569,1,23/09/2018 12:50:00,Strada Urbana,PIAZZA DI PORTA MAGGIORE,da specificare,,,,in prossimit� del civ. 13,Scontro laterale fra veicoli in marcia,Rotatoria,Una carreggiata a senso unico di marcia,Asciutto,Asfaltata,Verticale ed orizzontale,Sereno,Normale,Buona,Ore Diurne,1,0,0,1,12.5145,41.8912,-1,1,Ciclomotore,In marcia / fermata / arresto,Conducente,M,Rimandato,0,NON DECEDUTO,Non accertato,,
4002569,1,23/09/2018 12:50:00,Strada Urbana,PIAZZA DI PORTA MAGGIORE,da specificare,,,,in prossimit� del civ. 13,Scontro laterale fra veicoli in marcia,Rotatoria,Una carreggiata a senso unico di marcia,Asciutto,Asfaltata,Verticale ed orizzontale,Sereno,Normale,Buona,Ore Diurne,1,0,0,1,12.5145,41.8912,-1,2,Autovettura privata,In marcia / fermata / arresto,Conducente,F,Illeso,0,,Non accertato,,
4002570,19,23/09/2018 21:30:00,Comunale extraurbana,VIA DI S. MARIA DI GALERIA,in prossimit�,,del civico n.,471,,Veicolo in marcia contro ostacolo accidentale,Rettilineo,Una carreggiata a doppio senso,Asciutto,Asfaltata,Assente,Sereno,Scarso,Insufficiente,Inesistente,0,0,0,2,12.3147,42.0002,-1,1,Autovettura privata,In marcia / fermata / arresto,Conducente,M,Illeso,0,,Non accertato,Inesploso,
4002570,19,23/09/2018 21:30:00,Comunale extraurbana,VIA DI S. MARIA DI GALERIA,in prossimit�,,del civico n.,471,,Veicolo in marcia contro ostacolo accidentale,Rettilineo,Una carreggiata a doppio senso,Asciutto,Asfaltata,Assente,Sereno,Scarso,Insufficiente,Inesistente,0,0,0,2,12.3147,42.0002,-1,1,Autovettura privata,In marcia / fermata / arresto,Passeggero,F,Illeso,0,,Non accertato,Inesploso,
4002578,2,23/09/2018 13:40:00,Strada Urbana,VIALE LIEGI,da specificare,,,,fr civ. 41,Tamponamento,Rettilineo,Una carreggiata a doppio senso,Asciutto,Asfaltata,Verticale ed orizzontale,Sereno,Scarso,Buona,Ore Diurne,0,0,0,4,12.4935,41.922,-1,1,Autovettura privata,In marcia / fermata / arresto,Conducente,F,Illeso,0,,,,
4002578,2,23/09/2018 13:40:00,Strada Urbana,VIALE LIEGI,da specificare,,,,fr civ. 41,Tamponamento,Rettilineo,Una carreggiata a doppio senso,Asciutto,Asfaltata,Verticale ed orizzontale,Sereno,Scarso,Buona,Ore Diurne,0,0,0,4,12.4935,41.922,-1,1,Autovettura privata,In marcia / fermata / arresto,Passeggero,F,Illeso,0,,,,
4002578,2,23/09/2018 13:40:00,Strada Urbana,VIALE LIEGI,da specificare,,,,fr civ. 41,Tamponamento,Rettilineo,Una carreggiata a doppio senso,Asciutto,Asfaltata,Verticale ed orizzontale,Sereno,Scarso,Buona,Ore Diurne,0,0,0,4,12.4935,41.922,-1,1,Autovettura privata,In marcia / fermata / arresto,Passeggero,F,Illeso,0,,,,
4002578,2,23/09/2018 13:40:00,Strada Urbana,VIALE LIEGI,da specificare,,,,fr civ. 41,Tamponamento,Rettilineo,Una carreggiata a doppio senso,Asciutto,Asfaltata,Verticale ed orizzontale,Sereno,Scarso,Buona,Ore Diurne,0,0,0,4,12.4935,41.922,-1,2,Autovettura privata,In marcia / fermata / arresto,Conducente,F,Illeso,0,,,,
4002582,2,22/09/2018 20:30:00,Strada Urbana,VIALE DEL MURO TORTO,da specificare,,,,dir. P.zza Fiume pross. palo ACEA n. 11,Tamponamento Multiplo,Rettilineo,Due carreggiate,Asciutto,Asfaltata,Verticale ed orizzontale,Sereno,Normale,Buona,Sufficiente,1,0,0,3,12.4817,41.9107,-1,1,Autovettura privata,In marcia / fermata / arresto,Conducente,M,Illeso,0,,Non accertato,Inesploso,
4002582,2,22/09/2018 20:30:00,Strada Urbana,VIALE DEL MURO TORTO,da specificare,,,,dir. P.zza Fiume pross. palo ACEA n. 11,Tamponamento Multiplo,Rettilineo,Due carreggiate,Asciutto,Asfaltata,Verticale ed orizzontale,Sereno,Normale,Buona,Sufficiente,1,0,0,3,12.4817,41.9107,-1,2,Autovettura privata,In marcia / fermata / arresto,Conducente,F,Rimandato,0,NON DECEDUTO,,,
4002582,2,22/09/2018 20:30:00,Strada Urbana,VIALE DEL MURO TORTO,da specificare,,,,dir. P.zza Fiume pross. palo ACEA n. 11,Tamponamento Multiplo,Rettilineo,Due carreggiate,Asciutto,Asfaltata,Verticale ed orizzontale,Sereno,Normale,Buona,Sufficiente,1,0,0,3,12.4817,41.9107,-1,3,Autovettura privata,In marcia / fermata / arresto,Conducente,F,Illeso,0,,Non accertato,Inesploso,
4002582,2,22/09/2018 20:30:00,Strada Urbana,VIALE DEL MURO TORTO,da specificare,,,,dir. P.zza Fiume pross. palo ACEA n. 11,Tamponamento Multiplo,Rettilineo,Due carreggiate,Asciutto,Asfaltata,Verticale ed orizzontale,Sereno,Normale,Buona,Sufficiente,1,0,0,3,12.4817,41.9107,-1,3,Autovettura privata,In marcia / fermata / arresto,Passeggero,M,Illeso,0,,Non accertato,Inesploso,
4002583,2,22/09/2018 19:45:00,,VIA ULISSE ALDROVANDI,in corrispondenza,,del civico n.,2,,Veicolo in marcia contro ostacolo fisso,,,,,,,,,,1,0,0,0,,,0,1,Autovettura privata,In marcia / fermata / arresto,Conducente,M,Rimandato,0,NON DECEDUTO,,,
4002585,16,21/09/2018 15:50:00,Strada Urbana,VIA DI MONTE VERDE,all'intersezione con,PIAZZALE ENRICO DUNANT,PIAZZALE ENRICO DUNANT,,,Scontro laterale fra veicoli in marcia,Intersezione non regolata/non segnalata,Una carreggiata a senso unico di marcia,Asciutto,Asfaltata,Verticale ed orizzontale,Sereno,Normale,Buona,Ore Diurne,0,0,0,3,12.4492,41.8712,-1,1,Autovettura privata,In marcia / fermata / arresto,Conducente,M,Illeso,0,,Non accertato,Inesploso,
4002585,16,21/09/2018 15:50:00,Strada Urbana,VIA DI MONTE VERDE,all'intersezione con,PIAZZALE ENRICO DUNANT,PIAZZALE ENRICO DUNANT,,,Scontro laterale fra veicoli in marcia,Intersezione non regolata/non segnalata,Una carreggiata a senso unico di marcia,Asciutto,Asfaltata,Verticale ed orizzontale,Sereno,Normale,Buona,Ore Diurne,0,0,0,3,12.4492,41.8712,-1,1,Autovettura privata,In marcia / fermata / arresto,Passeggero,M,Illeso,0,,Non accertato,Inesploso,
4002585,16,21/09/2018 15:50:00,Strada Urbana,VIA DI MONTE VERDE,all'intersezione con,PIAZZALE ENRICO DUNANT,PIAZZALE ENRICO DUNANT,,,Scontro laterale fra veicoli in marcia,Intersezione non regolata/non segnalata,Una carreggiata a senso unico di marcia,Asciutto,Asfaltata,Verticale ed orizzontale,Sereno,Normale,Buona,Ore Diurne,0,0,0,3,12.4492,41.8712,-1,2,Autovettura privata,In marcia / fermata / arresto,Conducente,F,Illeso,0,,Non accertato,Inesploso,
4002600,2,22/09/2018 22:10:00,Strada Urbana,VIA NOMENTANA,all'intersezione con,VIA TEMBIEN,VIA TEMBIEN,,,Tamponamento,Incrocio,Due carreggiate,Asciutto,Asfaltata,Verticale ed orizzontale,Sereno,Normale,Sufficiente,Sufficiente,2,0,0,1,12.5728,41.9579,-1,1,Motociclo con passeggero,In marcia / fermata / arresto,Conducente,M,Rifiuta cure immediate,0,NON DECEDUTO,,,
4002600,2,22/09/2018 22:10:00,Strada Urbana,VIA NOMENTANA,all'intersezione con,VIA TEMBIEN,VIA TEMBIEN,,,Tamponamento,Incrocio,Due carreggiate,Asciutto,Asfaltata,Verticale ed orizzontale,Sereno,Normale,Sufficiente,Sufficiente,2,0,0,1,12.5728,41.9579,-1,1,Motociclo con passeggero,In marcia / fermata / arresto,Passeggero,F,Rifiuta cure immediate,0,NON DECEDUTO,,,
4002600,2,22/09/2018 22:10:00,Strada Urbana,VIA NOMENTANA,all'intersezione con,VIA TEMBIEN,VIA TEMBIEN,,,Tamponamento,Incrocio,Due carreggiate,Asciutto,Asfaltata,Verticale ed orizzontale,Sereno,Normale,Sufficiente,Sufficiente,2,0,0,1,12.5728,41.9579,-1,2,Autovettura privata,In marcia / fermata / arresto,Conducente,M,Illeso,0,,,,
4002602,2,23/09/2018 00:55:00,,VIA ALESSANDRIA,in prossimit�,,del civico n.,222,,Ribaltamento senza urto contro ostacolo fisso,,,,,,,,,,1,0,0,0,12.507,41.9147,0,1,Motociclo a solo,In marcia / fermata / arresto,Conducente,M,Rimandato,0,NON DECEDUTO,,,
4002606,4,23/09/2018 02:00:00,Strada Urbana,VIA MONTASIO,da specificare,,,,altezza Via Isola Bella,Scontro frontale/laterale SX fra veicoli in marcia,Curva senza visuale libera,Una carreggiata a doppio senso,Asciutto,Asfaltata,Verticale,Sereno,Scarso,Buona,Sufficiente,0,0,0,2,12.5387,41.9382,-1,1,Autovettura privata,In marcia / fermata / arresto,Conducente,M,Illeso,0,,Non accertato,Inesploso,
4002606,4,23/09/2018 02:00:00,Strada Urbana,VIA MONTASIO,da specificare,,,,altezza Via Isola Bella,Scontro frontale/laterale SX fra veicoli in marcia,Curva senza visuale libera,Una carreggiata a doppio senso,Asciutto,Asfaltata,Verticale,Sereno,Scarso,Buona,Sufficiente,0,0,0,2,12.5387,41.9382,-1,2,Autovettura privata,In marcia / fermata / arresto,Conducente,M,Illeso,0,,,,
4002607,18,21/09/2018 15:45:00,Strada Urbana,LARGO DI BOCCEA,in prossimit�,,del civico n.,8,,Scontro frontale/laterale SX fra veicoli in marcia,Rettilineo,Una carreggiata a doppio senso,Asciutto,Asfaltata,Verticale ed orizzontale,Sereno,Normale,Buona,Ore Diurne,1,0,0,1,12.4269,41.9017,-1,1,Autovettura privata,In marcia / fermata / arresto,Conducente,M,Illeso,0,,,,
4002607,18,21/09/2018 15:45:00,Strada Urbana,LARGO DI BOCCEA,in prossimit�,,del civico n.,8,,Scontro frontale/laterale SX fra veicoli in marcia,Rettilineo,Una carreggiata a doppio senso,Asciutto,Asfaltata,Verticale ed orizzontale,Sereno,Normale,Buona,Ore Diurne,1,0,0,1,12.4269,41.9017,-1,2,Motociclo a solo,In marcia / fermata / arresto,Conducente,F,Rifiuta cure immediate,0,NON DECEDUTO,,,
4002610,19,23/09/2018 03:00:00,Strada Urbana,VIALE REGINA MARGHERITA,in corrispondenza,,del civico n.,182,,Veicolo in marcia contro ostacolo fisso,Rettilineo,Una carreggiata a senso unico di marcia,Asciutto,Asfaltata,Verticale,Sereno,Scarso,Buona,Sufficiente,2,0,0,0,12.504,41.9149,-1,1,Motociclo a solo,In marcia / fermata / arresto,Conducente,M,Ricoverato,0,NON DECEDUTO,,,
4002610,19,23/09/2018 03:00:00,Strada Urbana,VIALE REGINA MARGHERITA,in corrispondenza,,del civico n.,182,,Veicolo in marcia contro ostacolo fisso,Rettilineo,Una carreggiata a senso unico di marcia,Asciutto,Asfaltata,Verticale,Sereno,Scarso,Buona,Sufficiente,2,0,0,0,12.504,41.9149,-1,1,Motociclo a solo,In marcia / fermata / arresto,Passeggero,M,Rimandato,0,NON DECEDUTO,,,
4002616,4,24/09/2018 00:50:00,Strada Urbana,VIA DELLE ISOLE CURZOLANE,all'intersezione con,VIA MONTE PETROSO,VIA MONTE PETROSO,,,Scontro frontale/laterale DX fra veicoli in marcia,Incrocio,Due carreggiate,Asciutto,Asfaltata,Verticale,Sereno,Scarso,Sufficiente,Sufficiente,0,0,0,7,12.5316,41.9489,-1,1,Autovettura privata,In marcia / fermata / arresto,Conducente,M,Illeso,0,,Non accertato,,
4002616,4,24/09/2018 00:50:00,Strada Urbana,VIA DELLE ISOLE CURZOLANE,all'intersezione con,VIA MONTE PETROSO,VIA MONTE PETROSO,,,Scontro frontale/laterale DX fra veicoli in marcia,Incrocio,Due carreggiate,Asciutto,Asfaltata,Verticale,Sereno,Scarso,Sufficiente,Sufficiente,0,0,0,7,12.5316,41.9489,-1,1,Autovettura privata,In marcia / fermata / arresto,Passeggero,M,Illeso,0,,Non accertato,,
4002616,4,24/09/2018 00:50:00,Strada Urbana,VIA DELLE ISOLE CURZOLANE,all'intersezione con,VIA MONTE PETROSO,VIA MONTE PETROSO,,,Scontro frontale/laterale DX fra veicoli in marcia,Incrocio,Due carreggiate,Asciutto,Asfaltata,Verticale,Sereno,Scarso,Sufficiente,Sufficiente,0,0,0,7,12.5316,41.9489,-1,1,Autovettura privata,In marcia / fermata / arresto,Passeggero,F,Illeso,0,,Non accertato,,
4002616,4,24/09/2018 00:50:00,Strada Urbana,VIA DELLE ISOLE CURZOLANE,all'intersezione con,VIA MONTE PETROSO,VIA MONTE PETROSO,,,Scontro frontale/laterale DX fra veicoli in marcia,Incrocio,Due carreggiate,Asciutto,Asfaltata,Verticale,Sereno,Scarso,Sufficiente,Sufficiente,0,0,0,7,12.5316,41.9489,-1,1,Autovettura privata,In marcia / fermata / arresto,Passeggero,F,Illeso,0,,Non accertato,,
4002616,4,24/09/2018 00:50:00,Strada Urbana,VIA DELLE ISOLE CURZOLANE,all'intersezione con,VIA MONTE PETROSO,VIA MONTE PETROSO,,,Scontro frontale/laterale DX fra veicoli in marcia,Incrocio,Due carreggiate,Asciutto,Asfaltata,Verticale,Sereno,Scarso,Sufficiente,Sufficiente,0,0,0,7,12.5316,41.9489,-1,2,Autovettura privata,In marcia / fermata / arresto,Conducente,M,Illeso,0,,Non accertato,,
4002616,4,24/09/2018 00:50:00,Strada Urbana,VIA DELLE ISOLE CURZOLANE,all'intersezione con,VIA MONTE PETROSO,VIA MONTE PETROSO,,,Scontro frontale/laterale DX fra veicoli in marcia,Incrocio,Due carreggiate,Asciutto,Asfaltata,Verticale,Sereno,Scarso,Sufficiente,Sufficiente,0,0,0,7,12.5316,41.9489,-1,2,Autovettura privata,In marcia / fermata / arresto,Passeggero,M,Illeso,0,,Non accertato,,
4002633,5,24/09/2018 08:15:00,Strada Urbana,VIA DI S. ALESSANDRO,da specificare,,,,dir. via Tiburtina prossimit� stazione elettrica,Scontro laterale fra veicoli in marcia,Rettilineo,Una carreggiata a doppio senso,Asciutto,Strada pavimentata dissestata,Assente,Nuvoloso,Normale,Buona,Ore Diurne,1,0,0,1,12.5934,41.9516,-1,1,Autovettura privata,In marcia / fermata / arresto,Conducente,F,Rimandato,0,NON DECEDUTO,Non accertato,,
4002633,5,24/09/2018 08:15:00,Strada Urbana,VIA DI S. ALESSANDRO,da specificare,,,,dir. via Tiburtina prossimit� stazione elettrica,Scontro laterale fra veicoli in marcia,Rettilineo,Una carreggiata a doppio senso,Asciutto,Strada pavimentata dissestata,Assente,Nuvoloso,Normale,Buona,Ore Diurne,1,0,0,1,12.5934,41.9516,-1,2,Autovettura privata,In marcia / fermata / arresto,Conducente,F,Illeso,0,,Non accertato,,
4002636,18,22/09/2018 19:15:00,Strada Urbana,VIA DI BOCCEA,in prossimit�,,del civico n.,643,,Scontro frontale/laterale DX fra veicoli in marcia,Rettilineo,Una carreggiata a doppio senso,Asciutto,Asfaltata,Verticale ed orizzontale,Sereno,Intenso,Buona,Ore Diurne,0,0,0,2,12.3758,41.9214,-1,1,Autovettura privata,In marcia / fermata / arresto,Conducente,M,Illeso,0,,,,
4002636,18,22/09/2018 19:15:00,Strada Urbana,VIA DI BOCCEA,in prossimit�,,del civico n.,643,,Scontro frontale/laterale DX fra veicoli in marcia,Rettilineo,Una carreggiata a doppio senso,Asciutto,Asfaltata,Verticale ed orizzontale,Sereno,Intenso,Buona,Ore Diurne,0,0,0,2,12.3758,41.9214,-1,2,Autovettura privata,In marcia / fermata / arresto,Conducente,M,Illeso,0,,,,
4002663,15,24/09/2018 07:15:00,Strada Urbana,VIA DELLA CASETTA MATTEI,all'intersezione con,VIA DEI BUONVISI,VIA DEI BUONVISI,,,Scontro frontale/laterale SX fra veicoli in marcia,Incrocio,Una carreggiata a doppio senso,Bagnato (pioggia),Asfaltata,Orizzontale,Nuvoloso,Normale,Buona,Ore Diurne,1,0,0,1,12.4196,41.8579,-1,1,Motociclo a solo,In marcia / fermata / arresto,Conducente,M,Rimandato,0,NON DECEDUTO,,,
4002663,15,24/09/2018 07:15:00,Strada Urbana,VIA DELLA CASETTA MATTEI,all'intersezione con,VIA DEI BUONVISI,VIA DEI BUONVISI,,,Scontro frontale/laterale SX fra veicoli in marcia,Incrocio,Una carreggiata a doppio senso,Bagnato (pioggia),Asfaltata,Orizzontale,Nuvoloso,Normale,Buona,Ore Diurne,1,0,0,1,12.4196,41.8579,-1,2,Autovettura privata,In marcia / fermata / arresto,Conducente,M,Illeso,0,,Utilizzato,Inesploso,
4002672,1,23/09/2018 19:30:00,Altra strada,PIAZZA DEI CINQUECENTO,da specificare,,,,ALL'INTERNO DEL PARCHEGGIO HOTEL NH COLLECTION,Scontro frontale/laterale SX fra veicoli in marcia,,,Asciutto,Asfaltata,Assente,Sereno,Scarso,Buona,Sufficiente,0,0,0,4,,,0,1,Autovettura privata,In marcia / fermata / arresto,Conducente,M,Illeso,0,,Non accertato,,
4002672,1,23/09/2018 19:30:00,Altra strada,PIAZZA DEI CINQUECENTO,da specificare,,,,ALL'INTERNO DEL PARCHEGGIO HOTEL NH COLLECTION,Scontro frontale/laterale SX fra veicoli in marcia,,,Asciutto,Asfaltata,Assente,Sereno,Scarso,Buona,Sufficiente,0,0,0,4,,,0,2,Autovettura privata,In marcia / fermata / arresto,Conducente,M,Illeso,0,,Non accertato,,
4002672,1,23/09/2018 19:30:00,Altra strada,PIAZZA DEI CINQUECENTO,da specificare,,,,ALL'INTERNO DEL PARCHEGGIO HOTEL NH COLLECTION,Scontro frontale/laterale SX fra veicoli in marcia,,,Asciutto,Asfaltata,Assente,Sereno,Scarso,Buona,Sufficiente,0,0,0,4,,,0,2,Autovettura privata,In marcia / fermata / arresto,Passeggero,F,Illeso,0,,Non accertato,,
4002672,1,23/09/2018 19:30:00,Altra strada,PIAZZA DEI CINQUECENTO,da specificare,,,,ALL'INTERNO DEL PARCHEGGIO HOTEL NH COLLECTION,Scontro frontale/laterale SX fra veicoli in marcia,,,Asciutto,Asfaltata,Assente,Sereno,Scarso,Buona,Sufficiente,0,0,0,4,,,0,2,Autovettura privata,In marcia / fermata / arresto,Passeggero,F,Illeso,0,,Non accertato,,
4002675,1,22/09/2018 05:30:00,Statale entro l'abitato,VIA DELLA GRECA,in prossimit�,,del civico n.,11,,Scontro frontale/laterale DX fra veicoli in marcia,Dosso,Due carreggiate,Sdrucciolevole (fango),Bitumata,Orizzontale,Pioggia in atto,Normale,Sufficiente,Insufficiente,0,0,0,2,12.482,41.8875,-1,1,Autovettura pubblica,In marcia / fermata / arresto,Conducente,M,Illeso,0,,,,
4002675,1,22/09/2018 05:30:00,Statale entro l'abitato,VIA DELLA GRECA,in prossimit�,,del civico n.,11,,Scontro frontale/laterale DX fra veicoli in marcia,Dosso,Due carreggiate,Sdrucciolevole (fango),Bitumata,Orizzontale,Pioggia in atto,Normale,Sufficiente,Insufficiente,0,0,0,2,12.482,41.8875,-1,2,Autovettura privata,In marcia / fermata / arresto,Conducente,M,Illeso,0,,,,
4002685,18,22/09/2018 14:20:00,Strada Urbana,VIA MATTIA BATTISTINI,da specificare,,,,fronte civico 30/A,Tamponamento,Rettilineo,Una carreggiata a doppio senso,Asciutto,Asfaltata,Verticale ed orizzontale,Sereno,Scarso,Buona,Ore Diurne,1,0,0,3,12.4184,41.9139,-1,1,Autovettura privata,In marcia / fermata / arresto,Conducente,M,Illeso,0,,,,
4002685,18,22/09/2018 14:20:00,Strada Urbana,VIA MATTIA BATTISTINI,da specificare,,,,fronte civico 30/A,Tamponamento,Rettilineo,Una carreggiata a doppio senso,Asciutto,Asfaltata,Verticale ed orizzontale,Sereno,Scarso,Buona,Ore Diurne,1,0,0,3,12.4184,41.9139,-1,1,Autovettura privata,In marcia / fermata / arresto,Passeggero,M,Illeso,0,,,,
4002685,18,22/09/2018 14:20:00,Strada Urbana,VIA MATTIA BATTISTINI,da specificare,,,,fronte civico 30/A,Tamponamento,Rettilineo,Una carreggiata a doppio senso,Asciutto,Asfaltata,Verticale ed orizzontale,Sereno,Scarso,Buona,Ore Diurne,1,0,0,3,12.4184,41.9139,-1,2,Motociclo con passeggero,In marcia / fermata / arresto,Conducente,M,Rimandato,0,NON DECEDUTO,,,
4002685,18,22/09/2018 14:20:00,Strada Urbana,VIA MATTIA BATTISTINI,da specificare,,,,fronte civico 30/A,Tamponamento,Rettilineo,Una carreggiata a doppio senso,Asciutto,Asfaltata,Verticale ed orizzontale,Sereno,Scarso,Buona,Ore Diurne,1,0,0,3,12.4184,41.9139,-1,2,Motociclo con passeggero,In marcia / fermata / arresto,Passeggero,F,Illeso,0,,,,
4002695,11,24/09/2018 05:40:00,Strada Urbana,VIA DELL'ACCADEMIA PELORITANA,all'intersezione con,VIALE DELLE ACCADEMIE,VIALE DELLE ACCADEMIE,,,Scontro frontale fra veicoli in marcia,Incrocio,Due carreggiate,Asciutto,Asfaltata,Verticale ed orizzontale,Sereno,Scarso,Buona,Sufficiente,1,0,0,0,12.4905,41.8522,-1,1,Motociclo con passeggero,In marcia / fermata / arresto,Conducente,M,Rifiuta cure immediate,0,NON DECEDUTO,Non accertato,,
4002711,20,22/09/2018 18:20:00,Strada Urbana,VIA DEI PRATI DELLA FARNESINA,in corrispondenza,,del civico n.,f.c. 61,,Scontro frontale/laterale SX fra veicoli in marcia,Rettilineo,Una carreggiata a senso unico di marcia,Asciutto,Asfaltata,Verticale ed orizzontale,Sereno,Scarso,Buona,Ore Diurne,0,0,0,2,12.4653,41.937,-1,1,Quadriciclo leggero,In marcia / fermata / arresto,Conducente,F,Illeso,0,,,,
4002711,20,22/09/2018 18:20:00,Strada Urbana,VIA DEI PRATI DELLA FARNESINA,in corrispondenza,,del civico n.,f.c. 61,,Scontro frontale/laterale SX fra veicoli in marcia,Rettilineo,Una carreggiata a senso unico di marcia,Asciutto,Asfaltata,Verticale ed orizzontale,Sereno,Scarso,Buona,Ore Diurne,0,0,0,2,12.4653,41.937,-1,2,Autovettura privata,In marcia / fermata / arresto,Conducente,M,Illeso,0,,,,
4002730,13,22/09/2018 11:25:00,Strada Urbana,VIA MANUEL DE FALLA,all'intersezione con,VIA MAURICE RAVEL,VIA MAURICE RAVEL,,,Scontro frontale/laterale DX fra veicoli in marcia,Incrocio,Una carreggiata a doppio senso,Asciutto,Asfaltata,Verticale ed orizzontale,Sereno,Normale,Buona,Ore Diurne,1,0,0,3,12.3729,41.7505,-1,1,Autovettura privata,In marcia / fermata / arresto,Conducente,M,Ricoverato,0,NON DECEDUTO,Non accertato,,