Protocollo,Gruppo,DataOraIncidente,Localizzazione1,STRADA1,Localizzazione2,STRADA2,Strada02,Chilometrica,DaSpecificare,NaturaIncidente,particolaritastrade,TipoStrada,FondoStradale,Pavimentazione,Segnaletica,CondizioneAtmosferica,Traffico,Visibilita,Illuminazione,NUM_FERITI,NUM_RISERVATA,NUM_MORTI,NUM_ILLESI,Longitudine,Latitudine,Confermato,Progressivo,TipoVeicolo,StatoVeicolo,TipoPersona,Sesso,Tipolesione,Deceduto,DecedutoDopo,CinturaCascoUtilizzato,Airbag,
4002730,13,22/09/2018 11:25:00,Strada Urbana,VIA MANUEL DE FALLA,all'intersezione con,VIA MAURICE RAVEL,VIA MAURICE RAVEL,,,Scontro frontale/laterale DX fra veicoli in marcia,Incrocio,Una carreggiata a doppio senso,Asciutto,Asfaltata,Verticale ed orizzontale,Sereno,Normale,Buona,Ore Diurne,1,0,0,3,12.3729,41.7505,-1,2,Autovettura privata,In marcia / fermata / arresto,Conducente,F,Illeso,0,,Non accertato,Inesploso,
4002730,13,22/09/2018 11:25:00,Strada Urbana,VIA MANUEL DE FALLA,all'intersezione con,VIA MAURICE RAVEL,VIA MAURICE RAVEL,,,Scontro frontale/laterale DX fra veicoli in marcia,Incrocio,Una carreggiata a doppio senso,Asciutto,Asfaltata,Verticale ed orizzontale,Sereno,Normale,Buona,Ore Diurne,1,0,0,3,12.3729,41.7505,-1,2,Autovettura privata,In marcia / fermata / arresto,Passeggero,F,Illeso,0,,Non accertato,Inesploso,
4002730,13,22/09/2018 11:25:00,Strada Urbana,VIA MANUEL DE FALLA,all'intersezione con,VIA MAURICE RAVEL,VIA MAURICE RAVEL,,,Scontro frontale/laterale DX fra veicoli in marcia,Incrocio,Una carreggiata a doppio senso,Asciutto,Asfaltata,Verticale ed orizzontale,Sereno,Normale,Buona,Ore Diurne,1,0,0,3,12.3729,41.7505,-1,2,Autovettura privata,In marcia / fermata / arresto,Passeggero,F,Illeso,0,,Non accertato,Inesploso,
4002731,16,20/09/2018 18:00:00,Strada Urbana,LARGO GIUSEPPE LETI,in prossimit�,,del civico n.,5,,Veicolo in marcia contro veicolo in sosta,Rettilineo,Una carreggiata a senso unico di marcia,Asciutto,Asfaltata,Verticale ed orizzontale,Sereno,Normale,Sufficiente,Ore Diurne,0,0,0,1,12.4601,41.878,0,2,Autovettura privata,In marcia / fermata / arresto,Conducente,F,Illeso,0,,Non accertato,Inesploso,
4002803,12,21/09/2018 11:00:00,Altra strada,VIA PONTECORVO,da specificare,,,,AREA DI PARCHEGGIO LEROY MERLIN,Scontro laterale fra veicoli in marcia,Rettilineo,Una carreggiata a senso unico di marcia,Asciutto,Asfaltata,Verticale ed orizzontale,Sereno,Scarso,Buona,Ore Diurne,0,0,0,2,12.4839,41.7948,-1,1,Autocarro inferiore 35 q.,In marcia / fermata / arresto,Conducente,M,Illeso,0,,Utilizzato,,
4002803,12,21/09/2018 11:00:00,Altra strada,VIA PONTECORVO,da specificare,,,,AREA DI PARCHEGGIO LEROY MERLIN,Scontro laterale fra veicoli in marcia,Rettilineo,Una carreggiata a senso unico di marcia,Asciutto,Asfaltata,Verticale ed orizzontale,Sereno,Scarso,Buona,Ore Diurne,0,0,0,2,12.4839,41.7948,-1,2,Autocarro inferiore 35 q.,In marcia / fermata / arresto,Conducente,M,Illeso,0,,Utilizzato,,
4002804,10,24/09/2018 10:15:00,Strada Urbana,VIA DEI SERGII,all'intersezione con,VIA DEI LATERENSI,VIA DEI LATERENSI,,,Scontro frontale/laterale SX fra veicoli in marcia,Incrocio,Una carreggiata a senso unico di marcia,Asciutto,Asfaltata,Verticale,Sereno,Scarso,Buona,Ore Diurne,1,0,0,1,12.5485,41.8604,-1,1,Autocarro inferiore 35 q.,In marcia / fermata / arresto,Conducente,M,Illeso,0,,Non accertato,Inesploso,
4002804,10,24/09/2018 10:15:00,Strada Urbana,VIA DEI SERGII,all'intersezione con,VIA DEI LATERENSI,VIA DEI LATERENSI,,,Scontro frontale/laterale SX fra veicoli in marcia,Incrocio,Una carreggiata a senso unico di marcia,Asciutto,Asfaltata,Verticale,Sereno,Scarso,Buona,Ore Diurne,1,0,0,1,12.5485,41.8604,-1,2,Motociclo a solo,In marcia / fermata / arresto,Conducente,F,Rimandato,0,NON DECEDUTO,Non accertato,,
4002811,12,23/09/2018 22:15:00,Strada Urbana,VIA DI MEZZOCAMMINO,in prossimit�,,del civico n.,157,,Veicolo in marcia contro veicoli in sosta,Curva a visuale libera,Una carreggiata a senso unico di marcia,Asciutto,Asfaltata,Verticale ed orizzontale,Nuvoloso,Scarso,Sufficiente,Sufficiente,0,0,0,1,12.4306,41.7852,-1,1,Autovettura privata,In marcia / fermata / arresto,Conducente,F,Illeso,0,,Utilizzato,Inesploso,
4002812,16,21/09/2018 22:40:00,Strada Urbana,VIA GIOELE SOLARI,in corrispondenza,,del civico n.,36,,Veicolo in marcia contro veicolo in sosta,Rettilineo,Una carreggiata a doppio senso,Asciutto,Asfaltata,Assente,Sereno,Scarso,Buona,Sufficiente,0,0,0,1,12.3612,41.8725,-1,1,Autovettura privata,In marcia / fermata / arresto,Conducente,M,Illeso,0,,Non accertato,Inesploso,
4002816,20,22/09/2018 08:50:00,Strada Urbana,PONTE DUCA D'AOSTA,all'intersezione con,LUNGOTEVERE MARESCIALLO CADORNA,LUNGOTEVERE MARESCIALLO CADORNA,,,Scontro frontale/laterale DX fra veicoli in marcia,Intersezione semaforizzata,Una carreggiata a doppio senso,Asciutto,Asfaltata,Verticale ed orizzontale,Sereno,Intenso,Buona,Ore Diurne,1,0,0,1,12.4606,41.9312,-1,1,Autovettura privata,In marcia / fermata / arresto,Conducente,F,Illeso,0,,Non accertato,,
4002816,20,22/09/2018 08:50:00,Strada Urbana,PONTE DUCA D'AOSTA,all'intersezione con,LUNGOTEVERE MARESCIALLO CADORNA,LUNGOTEVERE MARESCIALLO CADORNA,,,Scontro frontale/laterale DX fra veicoli in marcia,Intersezione semaforizzata,Una carreggiata a doppio senso,Asciutto,Asfaltata,Verticale ed orizzontale,Sereno,Intenso,Buona,Ore Diurne,1,0,0,1,12.4606,41.9312,-1,2,Motociclo a solo,In marcia / fermata / arresto,Conducente,M,Rimandato,0,NON DECEDUTO,,,
4002830,12,23/09/2018 18:00:00,Strada Urbana,VIALE DEGLI EROI DI RODI,all'intersezione con,VIA ARMANDO BUSSI,VIA ARMANDO BUSSI,,,Scontro laterale fra veicoli in marcia,Incrocio,Una carreggiata a senso unico di marcia,Asciutto,Asfaltata,Verticale ed orizzontale,Sereno,Scarso,Buona,Ore Diurne,0,0,0,3,12.4359,41.7826,-1,1,Autovettura privata,In marcia / fermata / arresto,Conducente,F,Illeso,0,,,,
4002830,12,23/09/2018 18:00:00,Strada Urbana,VIALE DEGLI EROI DI RODI,all'intersezione con,VIA ARMANDO BUSSI,VIA ARMANDO BUSSI,,,Scontro laterale fra veicoli in marcia,Incrocio,Una carreggiata a senso unico di marcia,Asciutto,Asfaltata,Verticale ed orizzontale,Sereno,Scarso,Buona,Ore Diurne,0,0,0,3,12.4359,41.7826,-1,2,Autovettura privata,In marcia / fermata / arresto,Conducente,M,Illeso,0,,,,
4002830,12,23/09/2018 18:00:00,Strada Urbana,VIALE DEGLI EROI DI RODI,all'intersezione con,VIA ARMANDO BUSSI,VIA ARMANDO BUSSI,,,Scontro laterale fra veicoli in marcia,Incrocio,Una carreggiata a senso unico di marcia,Asciutto,Asfaltata,Verticale ed orizzontale,Sereno,Scarso,Buona,Ore Diurne,0,0,0,3,12.4359,41.7826,-1,2,Autovettura privata,In marcia / fermata / arresto,Passeggero,F,Illeso,0,,Utilizzato,,
4002842,20,23/09/2018 04:50:00,Strada Urbana,LUNGOTEVERE MARESCIALLO DIAZ,da specificare,,,,pross. Ponte Duca D'Aosta,Tamponamento,Rettilineo,Una carreggiata a senso unico di marcia,Asciutto,Asfaltata,Verticale ed orizzontale,Sereno,Scarso,Sufficiente,Sufficiente,0,0,0,6,12.4595,41.9317,-1,1,Autovettura privata,In marcia / fermata / arresto,Conducente,M,Illeso,0,,,,
4002842,20,23/09/2018 04:50:00,Strada Urbana,LUNGOTEVERE MARESCIALLO DIAZ,da specificare,,,,pross. Ponte Duca D'Aosta,Tamponamento,Rettilineo,Una carreggiata a senso unico di marcia,Asciutto,Asfaltata,Verticale ed orizzontale,Sereno,Scarso,Sufficiente,Sufficiente,0,0,0,6,12.4595,41.9317,-1,1,Autovettura privata,In marcia / fermata / arresto,Passeggero,M,Illeso,0,,,,
4002842,20,23/09/2018 04:50:00,Strada Urbana,LUNGOTEVERE MARESCIALLO DIAZ,da specificare,,,,pross. Ponte Duca D'Aosta,Tamponamento,Rettilineo,Una carreggiata a senso unico di marcia,Asciutto,Asfaltata,Verticale ed orizzontale,Sereno,Scarso,Sufficiente,Sufficiente,0,0,0,6,12.4595,41.9317,-1,1,Autovettura privata,In marcia / fermata / arresto,Passeggero,M,Illeso,0,,,,
4002842,20,23/09/2018 04:50:00,Strada Urbana,LUNGOTEVERE MARESCIALLO DIAZ,da specificare,,,,pross. Ponte Duca D'Aosta,Tamponamento,Rettilineo,Una carreggiata a senso unico di marcia,Asciutto,Asfaltata,Verticale ed orizzontale,Sereno,Scarso,Sufficiente,Sufficiente,0,0,0,6,12.4595,41.9317,-1,1,Autovettura privata,In marcia / fermata / arresto,Passeggero,F,Illeso,0,,,,
4002842,20,23/09/2018 04:50:00,Strada Urbana,LUNGOTEVERE MARESCIALLO DIAZ,da specificare,,,,pross. Ponte Duca D'Aosta,Tamponamento,Rettilineo,Una carreggiata a senso unico di marcia,Asciutto,Asfaltata,Verticale ed orizzontale,Sereno,Scarso,Sufficiente,Sufficiente,0,0,0,6,12.4595,41.9317,-1,2,Autovettura privata,In marcia / fermata / arresto,Conducente,F,Illeso,0,,,,
4002842,20,23/09/2018 04:50:00,Strada Urbana,LUNGOTEVERE MARESCIALLO DIAZ,da specificare,,,,pross. Ponte Duca D'Aosta,Tamponamento,Rettilineo,Una carreggiata a senso unico di marcia,Asciutto,Asfaltata,Verticale ed orizzontale,Sereno,Scarso,Sufficiente,Sufficiente,0,0,0,6,12.4595,41.9317,-1,2,Autovettura privata,In marcia / fermata / arresto,Passeggero,F,Illeso,0,,,,
4002844,16,23/09/2018 02:20:00,Strada Urbana,VIALE DEI QUATTRO VENTI,all'intersezione semaforizzata con,VIA ORESTE REGNOLI,VIA ORESTE REGNOLI,,,Scontro frontale/laterale DX fra veicoli in marcia,Intersezione semaforizzata,Una carreggiata a doppio senso,Asciutto,Asfaltata,Verticale ed orizzontale,Sereno,Scarso,Buona,Sufficiente,2,0,0,2,12.4585,41.8799,-1,1,Motociclo a solo,In marcia / fermata / arresto,Conducente,M,Rimandato,0,NON DECEDUTO,Non accertato,,
4002844,16,23/09/2018 02:20:00,Strada Urbana,VIALE DEI QUATTRO VENTI,all'intersezione semaforizzata con,VIA ORESTE REGNOLI,VIA ORESTE REGNOLI,,,Scontro frontale/laterale DX fra veicoli in marcia,Intersezione semaforizzata,Una carreggiata a doppio senso,Asciutto,Asfaltata,Verticale ed orizzontale,Sereno,Scarso,Buona,Sufficiente,2,0,0,2,12.4585,41.8799,-1,1,Motociclo a solo,In marcia / fermata / arresto,Passeggero,F,Rimandato,0,NON DECEDUTO,Non accertato,,
4002844,16,23/09/2018 02:20:00,Strada Urbana,VIALE DEI QUATTRO VENTI,all'intersezione semaforizzata con,VIA ORESTE REGNOLI,VIA ORESTE REGNOLI,,,Scontro frontale/laterale DX fra veicoli in marcia,Intersezione semaforizzata,Una carreggiata a doppio senso,Asciutto,Asfaltata,Verticale ed orizzontale,Sereno,Scarso,Buona,Sufficiente,2,0,0,2,12.4585,41.8799,-1,2,Autovettura privata,In marcia / fermata / arresto,Conducente,M,Illeso,0,,Non accertato,,
4002844,16,23/09/2018 02:20:00,Strada Urbana,VIALE DEI QUATTRO VENTI,all'intersezione semaforizzata con,VIA ORESTE REGNOLI,VIA ORESTE REGNOLI,,,Scontro frontale/laterale DX fra veicoli in marcia,Intersezione semaforizzata,Una carreggiata a doppio senso,Asciutto,Asfaltata,Verticale ed orizzontale,Sereno,Scarso,Buona,Sufficiente,2,0,0,2,12.4585,41.8799,-1,2,Autovettura privata,In marcia / fermata / arresto,Passeggero,F,Illeso,0,,Non accertato,,
4002849,18,22/09/2018 17:45:00,Strada Urbana,VIA DI CASAL SELCE,all'intersezione con,VIA AURELIA,VIA AURELIA,,,Tamponamento,Intersezione stradale segnalata,Una carreggiata a doppio senso,Asciutto,Asfaltata,Verticale ed orizzontale,Sereno,Normale,Buona,Ore Diurne,0,0,0,4,12.3471,41.9055,-1,1,Autovettura privata,In marcia / fermata / arresto,Conducente,M,Illeso,0,,Non accertato,Inesploso,
4002849,18,22/09/2018 17:45:00,Strada Urbana,VIA DI CASAL SELCE,all'intersezione con,VIA AURELIA,VIA AURELIA,,,Tamponamento,Intersezione stradale segnalata,Una carreggiata a doppio senso,Asciutto,Asfaltata,Verticale ed orizzontale,Sereno,Normale,Buona,Ore Diurne,0,0,0,4,12.3471,41.9055,-1,2,Autovettura privata,In marcia / fermata / arresto,Conducente,M,Illeso,0,,Non accertato,Inesploso,
4002849,18,22/09/2018 17:45:00,Strada Urbana,VIA DI CASAL SELCE,all'intersezione con,VIA AURELIA,VIA AURELIA,,,Tamponamento,Intersezione stradale segnalata,Una carreggiata a doppio senso,Asciutto,Asfaltata,Verticale ed orizzontale,Sereno,Normale,Buona,Ore Diurne,0,0,0,4,12.3471,41.9055,-1,2,Autovettura privata,In marcia / fermata / arresto,Passeggero,M,Illeso,0,,Non accertato,Inesploso,
4002849,18,22/09/2018 17:45:00,Strada Urbana,VIA DI CASAL SELCE,all'intersezione con,VIA AURELIA,VIA AURELIA,,,Tamponamento,Intersezione stradale segnalata,Una carreggiata a doppio senso,Asciutto,Asfaltata,Verticale ed orizzontale,Sereno,Normale,Buona,Ore Diurne,0,0,0,4,12.3471,41.9055,-1,2,Autovettura privata,In marcia / fermata / arresto,Passeggero,M,Illeso,0,,Non accertato,Inesploso,
4002854,12,23/09/2018 13:05:00,Strada Urbana,VIALE IGNAZIO SILONE,all'intersezione con,VIA GUIDO DA VERONA,VIA GUIDO DA VERONA,,,Scontro frontale/laterale DX fra veicoli in marcia,Intersezione stradale segnalata,Una carreggiata a senso unico di marcia,Asciutto,Asfaltata,Assente,Sereno,Scarso,Buona,Ore Diurne,2,0,0,1,12.4739,41.8126,-1,1,Autovettura privata,In marcia / fermata / arresto,Conducente,M,Illeso,0,,,,
4002854,12,23/09/2018 13:05:00,Strada Urbana,VIALE IGNAZIO SILONE,all'intersezione con,VIA GUIDO DA VERONA,VIA GUIDO DA VERONA,,,Scontro frontale/laterale DX fra veicoli in marcia,Intersezione stradale segnalata,Una carreggiata a senso unico di marcia,Asciutto,Asfaltata,Assente,Sereno,Scarso,Buona,Ore Diurne,2,0,0,1,12.4739,41.8126,-1,2,Motociclo con passeggero,In marcia / fermata / arresto,Conducente,M,Ricoverato,0,NON DECEDUTO,Utilizzato,,
4002854,12,23/09/2018 13:05:00,Strada Urbana,VIALE IGNAZIO SILONE,all'intersezione con,VIA GUIDO DA VERONA,VIA GUIDO DA VERONA,,,Scontro frontale/laterale DX fra veicoli in marcia,Intersezione stradale segnalata,Una carreggiata a senso unico di marcia,Asciutto,Asfaltata,Assente,Sereno,Scarso,Buona,Ore Diurne,2,0,0,1,12.4739,41.8126,-1,2,Motociclo con passeggero,In marcia / fermata / arresto,Passeggero,F,Rimandato,0,NON DECEDUTO,,,
4002861,13,22/09/2018 18:10:00,Strada Urbana,VIA DI SAPONARA,da specificare,,,,prossimit� via bonichi,Investimento di pedone,Rettilineo,Una carreggiata a doppio senso,Asciutto,Asfaltata,Assente,Sereno,Scarso,Buona,Ore Diurne,1,0,0,1,12.3573,41.7785,-1,,,,Pedone,F,Rifiuta cure immediate,0,NON DECEDUTO,,,
4002861,13,22/09/2018 18:10:00,Strada Urbana,VIA DI SAPONARA,da specificare,,,,prossimit� via bonichi,Investimento di pedone,Rettilineo,Una carreggiata a doppio senso,Asciutto,Asfaltata,Assente,Sereno,Scarso,Buona,Ore Diurne,1,0,0,1,12.3573,41.7785,-1,2,Autovettura privata,In marcia / fermata / arresto,Conducente,M,Illeso,0,,,,
4002865,12,23/09/2018 16:41:00,Strada Urbana,PIAZZA GUGLIELMO MARCONI,all'intersezione con,VIA CRISTOFORO COLOMBO,VIA CRISTOFORO COLOMBO,,,Scontro laterale fra veicoli in marcia,Rotatoria,Una carreggiata a senso unico di marcia,Asciutto,Asfaltata,Verticale ed orizzontale,Sereno,Normale,Buona,Ore Diurne,0,0,0,2,12.4705,41.8336,-1,1,Autovettura privata,In marcia / fermata / arresto,Conducente,F,Illeso,0,,Utilizzato,,
4002865,12,23/09/2018 16:41:00,Strada Urbana,PIAZZA GUGLIELMO MARCONI,all'intersezione con,VIA CRISTOFORO COLOMBO,VIA CRISTOFORO COLOMBO,,,Scontro laterale fra veicoli in marcia,Rotatoria,Una carreggiata a senso unico di marcia,Asciutto,Asfaltata,Verticale ed orizzontale,Sereno,Normale,Buona,Ore Diurne,0,0,0,2,12.4705,41.8336,-1,2,Autovettura privata,In marcia / fermata / arresto,Conducente,M,Illeso,0,,Utilizzato,,
4002880,12,22/09/2018 15:00:00,Strada Urbana,VIA CRISTOFORO COLOMBO,da specificare,,,,laterale dir. Centro alt. palo acea n� 339,Veicolo in marcia contro ostacolo accidentale,Rettilineo,Pi� di due carreggiate,Asciutto,Asfaltata,Verticale ed orizzontale,Sereno,Normale,Buona,Ore Diurne,0,0,0,1,12.4641,41.8198,-1,1,Autovettura privata,In marcia / fermata / arresto,Conducente,M,Illeso,0,,Utilizzato,Inesploso,
4002899,12,24/09/2018 07:30:00,Regionale,VIA LAURENTINA,da specificare,,,,prossimit� Via Bruno de Finetti,Scontro laterale fra veicoli in marcia,Pendenza,Due carreggiate,Asciutto,Asfaltata,Orizzontale,Nuvoloso,Intenso,Buona,Ore Diurne,0,0,0,4,12.4809,41.793,-1,1,Autocarro superiore 35 q.,In marcia / fermata / arresto,Conducente,M,Illeso,0,,Non accertato,Inesploso,
4002899,12,24/09/2018 07:30:00,Regionale,VIA LAURENTINA,da specificare,,,,prossimit� Via Bruno de Finetti,Scontro laterale fra veicoli in marcia,Pendenza,Due carreggiate,Asciutto,Asfaltata,Orizzontale,Nuvoloso,Intenso,Buona,Ore Diurne,0,0,0,4,12.4809,41.793,-1,2,Autovettura privata,In marcia / fermata / arresto,Conducente,M,Illeso,0,,Non accertato,Inesploso,
4002899,12,24/09/2018 07:30:00,Regionale,VIA LAURENTINA,da specificare,,,,prossimit� Via Bruno de Finetti,Scontro laterale fra veicoli in marcia,Pendenza,Due carreggiate,Asciutto,Asfaltata,Orizzontale,Nuvoloso,Intenso,Buona,Ore Diurne,0,0,0,4,12.4809,41.793,-1,2,Autovettura privata,In marcia / fermata / arresto,Passeggero,F,Illeso,0,,Non accertato,Inesploso,
4002899,12,24/09/2018 07:30:00,Regionale,VIA LAURENTINA,da specificare,,,,prossimit� Via Bruno de Finetti,Scontro laterale fra veicoli in marcia,Pendenza,Due carreggiate,Asciutto,Asfaltata,Orizzontale,Nuvoloso,Intenso,Buona,Ore Diurne,0,0,0,4,12.4809,41.793,-1,2,Autovettura privata,In marcia / fermata / arresto,Passeggero,M,Illeso,0,,Non accertato,Inesistente,
4002900,12,21/09/2018 20:15:00,Strada Urbana,VIA DI TRIGORIA,in corrispondenza,,del civico n.,69,,Veicolo in marcia contro ostacolo fisso,Rettilineo,Una carreggiata a doppio senso,Asciutto,Asfaltata,Verticale ed orizzontale,Sereno,Normale,Sufficiente,Sufficiente,0,0,0,1,12.4789,41.769,-1,1,Autovettura privata,In marcia / fermata / arresto,Conducente,M,Illeso,0,,,Inesploso,
4002901,13,23/09/2018 11:30:00,Strada Urbana,VIA DELLE TARTANE,all'intersezione con,VIA DELLA TOLDA,VIA DELLA TOLDA,,,Scontro frontale/laterale DX fra veicoli in marcia,Incrocio,Due carreggiate,Asciutto,Asfaltata,Verticale ed orizzontale,Sereno,Normale,Buona,Ore Diurne,0,0,0,2,12.2938,41.7253,-1,1,Autovettura privata,In marcia / fermata / arresto,Conducente,M,Illeso,0,,,,
4002901,13,23/09/2018 11:30:00,Strada Urbana,VIA DELLE TARTANE,all'intersezione con,VIA DELLA TOLDA,VIA DELLA TOLDA,,,Scontro frontale/laterale DX fra veicoli in marcia,Incrocio,Due carreggiate,Asciutto,Asfaltata,Verticale ed orizzontale,Sereno,Normale,Buona,Ore Diurne,0,0,0,2,12.2938,41.7253,-1,2,Autovettura privata,In marcia / fermata / arresto,Conducente,M,Illeso,0,,,,
4002903,13,22/09/2018 15:20:00,Strada Urbana,VIALE DI CASTEL PORZIANO,all'intersezione con,VIA FRANCESCO CILEA,VIA FRANCESCO CILEA,,,Scontro frontale/laterale DX fra veicoli in marcia,Incrocio,Una carreggiata a doppio senso,Asciutto,Asfaltata,Verticale ed orizzontale,Sereno,Normale,Buona,Ore Diurne,1,0,0,2,12.3756,41.7384,-1,1,Autovettura privata,In marcia / fermata / arresto,Conducente,M,Illeso,0,,Non accertato,Inesploso,
4002903,13,22/09/2018 15:20:00,Strada Urbana,VIALE DI CASTEL PORZIANO,all'intersezione con,VIA FRANCESCO CILEA,VIA FRANCESCO CILEA,,,Scontro frontale/laterale DX fra veicoli in marcia,Incrocio,Una carreggiata a doppio senso,Asciutto,Asfaltata,Verticale ed orizzontale,Sereno,Normale,Buona,Ore Diurne,1,0,0,2,12.3756,41.7384,-1,2,Autovettura privata,In marcia / fermata / arresto,Conducente,M,Illeso,0,,Non accertato,Inesploso,
4002903,13,22/09/2018 15:20:00,Strada Urbana,VIALE DI CASTEL PORZIANO,all'intersezione con,VIA FRANCESCO CILEA,VIA FRANCESCO CILEA,,,Scontro frontale/laterale DX fra veicoli in marcia,Incrocio,Una carreggiata a doppio senso,Asciutto,Asfaltata,Verticale ed orizzontale,Sereno,Normale,Buona,Ore Diurne,1,0,0,2,12.3756,41.7384,-1,3,Autovettura privata,In marcia / fermata / arresto,Conducente,M,Rimandato,0,NON DECEDUTO,Non accertato,Inesploso,
4002925,18,22/09/2018 18:20:00,Strada Urbana,VIA DI BOCCEA,in prossimit�,,del civico n.,474,,Tamponamento,Rettilineo,Due carreggiate,Asciutto,Asfaltata,Verticale,Sereno,Normale,Buona,Ore Diurne,0,0,0,5,12.4007,41.9099,-1,1,Autovettura privata,In marcia / fermata / arresto,Conducente,M,Illeso,0,,,,
4002925,18,22/09/2018 18:20:00,Strada Urbana,VIA DI BOCCEA,in prossimit�,,del civico n.,474,,Tamponamento,Rettilineo,Due carreggiate,Asciutto,Asfaltata,Verticale,Sereno,Normale,Buona,Ore Diurne,0,0,0,5,12.4007,41.9099,-1,2,Autovettura privata,In marcia / fermata / arresto,Conducente,F,Illeso,0,,,,
4002925,18,22/09/2018 18:20:00,Strada Urbana,VIA DI BOCCEA,in prossimit�,,del civico n.,474,,Tamponamento,Rettilineo,Due carreggiate,Asciutto,Asfaltata,Verticale,Sereno,Normale,Buona,Ore Diurne,0,0,0,5,12.4007,41.9099,-1,2,Autovettura privata,In marcia / fermata / arresto,Passeggero,F,Illeso,0,,,,
4002925,18,22/09/2018 18:20:00,Strada Urbana,VIA DI BOCCEA,in prossimit�,,del civico n.,474,,Tamponamento,Rettilineo,Due carreggiate,Asciutto,Asfaltata,Verticale,Sereno,Normale,Buona,Ore Diurne,0,0,0,5,12.4007,41.9099,-1,2,Autovettura privata,In marcia / fermata / arresto,Passeggero,F,Illeso,0,,,,
4002925,18,22/09/2018 18:20:00,Strada Urbana,VIA DI BOCCEA,in prossimit�,,del civico n.,474,,Tamponamento,Rettilineo,Due carreggiate,Asciutto,Asfaltata,Verticale,Sereno,Normale,Buona,Ore Diurne,0,0,0,5,12.4007,41.9099,-1,2,Autovettura privata,In marcia / fermata / arresto,Passeggero,M,Illeso,0,,,,
4002928,13,23/09/2018 12:45:00,Regionale,VIA DI TOR BOACCIANA,da specificare,,,,alt km 4,300,Scontro frontale/laterale SX fra veicoli in marcia,Rettilineo,Una carreggiata a doppio senso,Asciutto,Asfaltata,Verticale ed orizzontale,Sereno,Intenso,Buona,Ore Diurne,1,0,0,2,12.2896,41.7513,-1,1,Autocarro inferiore 35 q.,In marcia / fermata / arresto,Conducente,M,Illeso,0,,,
4002928,13,23/09/2018 12:45:00,Regionale,VIA DI TOR BOACCIANA,da specificare,,,,alt km 4,300,Scontro frontale/laterale SX fra veicoli in marcia,Rettilineo,Una carreggiata a doppio senso,Asciutto,Asfaltata,Verticale ed orizzontale,Sereno,Intenso,Buona,Ore Diurne,1,0,0,2,12.2896,41.7513,-1,1,Autocarro inferiore 35 q.,In marcia / fermata / arresto,Passeggero,M,Illeso,0,,,
4002928,13,23/09/2018 12:45:00,Regionale,VIA DI TOR BOACCIANA,da specificare,,,,alt km 4,300,Scontro frontale/laterale SX fra veicoli in marcia,Rettilineo,Una carreggiata a doppio senso,Asciutto,Asfaltata,Verticale ed orizzontale,Sereno,Intenso,Buona,Ore Diurne,1,0,0,2,12.2896,41.7513,-1,2,Motociclo a solo,In marcia / fermata / arresto,Conducente,M,Rimandato,0,NON DECEDUTO,,
4002935,13,23/09/2018 13:20:00,Strada Urbana,VIALE DI CASTEL PORZIANO,all'intersezione con,VIA TORCEGNO,VIA TORCEGNO,,,Scontro frontale/laterale DX fra veicoli in marcia,Incrocio,Una carreggiata a doppio senso,Asciutto,Asfaltata,Verticale ed orizzontale,Sereno,Scarso,Buona,Ore Diurne,1,0,0,2,12.3491,41.7308,-1,1,Autovettura privata,In marcia / fermata / arresto,Conducente,F,Illeso,0,,,,
4002935,13,23/09/2018 13:20:00,Strada Urbana,VIALE DI CASTEL PORZIANO,all'intersezione con,VIA TORCEGNO,VIA TORCEGNO,,,Scontro frontale/laterale DX fra veicoli in marcia,Incrocio,Una carreggiata a doppio senso,Asciutto,Asfaltata,Verticale ed orizzontale,Sereno,Scarso,Buona,Ore Diurne,1,0,0,2,12.3491,41.7308,-1,1,Autovettura privata,In marcia / fermata / arresto,Passeggero,F,Illeso,0,,,,
4002935,13,23/09/2018 13:20:00,Strada Urbana,VIALE DI CASTEL PORZIANO,all'intersezione con,VIA TORCEGNO,VIA TORCEGNO,,,Scontro frontale/laterale DX fra veicoli in marcia,Incrocio,Una carreggiata a doppio senso,Asciutto,Asfaltata,Verticale ed orizzontale,Sereno,Scarso,Buona,Ore Diurne,1,0,0,2,12.3491,41.7308,-1,2,Autovettura privata,In marcia / fermata / arresto,Conducente,M,Rimandato,0,NON DECEDUTO,,,
4002937,6,24/09/2018 12:00:00,Strada Urbana,VIA SAMPIERO DI BASTELICA,all'intersezione con,VIA RENZO DA CERI,VIA RENZO DA CERI,,,Tamponamento,Incrocio,Una carreggiata a senso unico di marcia,Asciutto,Asfaltata,Orizzontale,Sereno,Normale,Buona,Ore Diurne,0,0,0,1,12.5386,41.8907,-1,1,Autovettura privata,In marcia / fermata / arresto,Conducente,F,Illeso,0,,Non accertato,Inesploso,
4002965,12,24/09/2018 10:10:00,Strada Urbana,VIALE AFRICA,all'intersezione semaforizzata con,LARGO SRI LANKA,LARGO SRI LANKA,,,Tamponamento,Intersezione semaforizzata,Una carreggiata a doppio senso,Asciutto,Asfaltata,Verticale ed orizzontale,Sereno,Normale,Buona,Ore Diurne,0,0,0,2,12.4737,41.825,-1,1,Autovettura privata,In marcia / fermata / arresto,Conducente,F,Illeso,0,,Non accertato,Inesploso,
4002965,12,24/09/2018 10:10:00,Strada Urbana,VIALE AFRICA,all'intersezione semaforizzata con,LARGO SRI LANKA,LARGO SRI LANKA,,,Tamponamento,Intersezione semaforizzata,Una carreggiata a doppio senso,Asciutto,Asfaltata,Verticale ed orizzontale,Sereno,Normale,Buona,Ore Diurne,0,0,0,2,12.4737,41.825,-1,2,Autovettura privata,In marcia / fermata / arresto,Conducente,F,Illeso,0,,Non accertato,Inesploso,