Protocollo,Gruppo,DataOraIncidente,Localizzazione1,STRADA1,Localizzazione2,STRADA2,Strada02,Chilometrica,DaSpecificare,NaturaIncidente,particolaritastrade,TipoStrada,FondoStradale,Pavimentazione,Segnaletica,CondizioneAtmosferica,Traffico,Visibilita,Illuminazione,NUM_FERITI,NUM_RISERVATA,NUM_MORTI,NUM_ILLESI,Longitudine,Latitudine,Confermato,Progressivo,TipoVeicolo,StatoVeicolo,TipoPersona,Sesso,Tipolesione,Deceduto,DecedutoDopo,CinturaCascoUtilizzato,Airbag,
4002982,18,22/09/2018 18:40:00,Strada Urbana,VIA DI TORREVECCHIA,in corrispondenza,,del civico n.,906,,Scontro laterale fra veicoli in marcia,Rettilineo,Una carreggiata a doppio senso,Asciutto,Asfaltata,Assente,Sereno,Normale,Buona,Sufficiente,0,0,0,2,12.4067,41.9157,-1,1,Autovettura privata,In marcia / fermata / arresto,Conducente,F,Illeso,0,,Non accertato,Inesploso,
4002982,18,22/09/2018 18:40:00,Strada Urbana,VIA DI TORREVECCHIA,in corrispondenza,,del civico n.,906,,Scontro laterale fra veicoli in marcia,Rettilineo,Una carreggiata a doppio senso,Asciutto,Asfaltata,Assente,Sereno,Normale,Buona,Sufficiente,0,0,0,2,12.4067,41.9157,-1,2,Autovettura privata,In marcia / fermata / arresto,Conducente,M,Illeso,0,,Non accertato,Inesploso,
4002996,5,19/09/2018 22:10:00,Strada Urbana,VIA BELMONTE IN SABINA,da specificare,,,,ALTEZZA INVERSIONE DI MARCIA,Scontro frontale/laterale DX fra veicoli in marcia,Rettilineo,Due carreggiate,Bagnato (pioggia),Asfaltata,Verticale ed orizzontale,Pioggia in atto,Normale,Sufficiente,Insufficiente,0,0,0,2,12.5938,41.9464,-1,1,Autovettura privata,In marcia / fermata / arresto,Conducente,M,Illeso,0,,Non accertato,Inesploso,
4002996,5,19/09/2018 22:10:00,Strada Urbana,VIA BELMONTE IN SABINA,da specificare,,,,ALTEZZA INVERSIONE DI MARCIA,Scontro frontale/laterale DX fra veicoli in marcia,Rettilineo,Due carreggiate,Bagnato (pioggia),Asfaltata,Verticale ed orizzontale,Pioggia in atto,Normale,Sufficiente,Insufficiente,0,0,0,2,12.5938,41.9464,-1,2,Autovettura privata,In marcia / fermata / arresto,Conducente,M,Illeso,0,,Non accertato,Inesploso,
4003001,12,21/09/2018 16:20:00,Strada Urbana,VIA CRISTOFORO COLOMBO,in prossimit�,,del palo luce n.,376,,Scontro laterale fra veicoli in marcia,Rettilineo,Due carreggiate,Asciutto,Asfaltata,Verticale ed orizzontale,Sereno,Normale,Buona,Ore Diurne,1,0,0,1,12.4121,41.786,0,1,Motociclo a solo,In marcia / fermata / arresto,Conducente,M,Rimandato,0,NON DECEDUTO,Non accertato,,
4003001,12,21/09/2018 16:20:00,Strada Urbana,VIA CRISTOFORO COLOMBO,in prossimit�,,del palo luce n.,376,,Scontro laterale fra veicoli in marcia,Rettilineo,Due carreggiate,Asciutto,Asfaltata,Verticale ed orizzontale,Sereno,Normale,Buona,Ore Diurne,1,0,0,1,12.4121,41.786,0,2,Autovettura privata,In marcia / fermata / arresto,Conducente,M,Illeso,0,,Non accertato,Inesploso,
4003008,18,22/09/2018 21:10:00,Strada Urbana,VIA DI BOCCEA,all'intersezione con,VIA VINOVO,VIA VINOVO,,,Scontro frontale/laterale DX fra veicoli in marcia,Intersezione stradale segnalata,Una carreggiata a doppio senso,Asciutto,Asfaltata,Verticale ed orizzontale,Sereno,Normale,Buona,Sufficiente,1,0,0,1,12.3847,41.9149,-1,1,Autovettura privata,In marcia / fermata / arresto,Conducente,M,Illeso,0,,,,
4003008,18,22/09/2018 21:10:00,Strada Urbana,VIA DI BOCCEA,all'intersezione con,VIA VINOVO,VIA VINOVO,,,Scontro frontale/laterale DX fra veicoli in marcia,Intersezione stradale segnalata,Una carreggiata a doppio senso,Asciutto,Asfaltata,Verticale ed orizzontale,Sereno,Normale,Buona,Sufficiente,1,0,0,1,12.3847,41.9149,-1,2,Motociclo a solo,In marcia / fermata / arresto,Conducente,M,Rimandato,0,NON DECEDUTO,,,
4003045,12,21/09/2018 21:00:00,Strada Urbana,VIALE DELL'OCEANO INDIANO,in prossimit�,,del civico n.,57,,Scontro frontale/laterale SX fra veicoli in marcia,Rettilineo,Una carreggiata a doppio senso,Asciutto,Asfaltata,Verticale ed orizzontale,Nuvoloso,Normale,Sufficiente,Insufficiente,1,0,0,4,12.4448,41.8217,-1,1,Autovettura privata,In marcia / fermata / arresto,Conducente,F,Illeso,0,,Utilizzato,Inesploso,
4003045,12,21/09/2018 21:00:00,Strada Urbana,VIALE DELL'OCEANO INDIANO,in prossimit�,,del civico n.,57,,Scontro frontale/laterale SX fra veicoli in marcia,Rettilineo,Una carreggiata a doppio senso,Asciutto,Asfaltata,Verticale ed orizzontale,Nuvoloso,Normale,Sufficiente,Insufficiente,1,0,0,4,12.4448,41.8217,-1,1,Autovettura privata,In marcia / fermata / arresto,Passeggero,M,Illeso,0,,Utilizzato,Inesploso,
4003045,12,21/09/2018 21:00:00,Strada Urbana,VIALE DELL'OCEANO INDIANO,in prossimit�,,del civico n.,57,,Scontro frontale/laterale SX fra veicoli in marcia,Rettilineo,Una carreggiata a doppio senso,Asciutto,Asfaltata,Verticale ed orizzontale,Nuvoloso,Normale,Sufficiente,Insufficiente,1,0,0,4,12.4448,41.8217,-1,1,Autovettura privata,In marcia / fermata / arresto,Passeggero,M,Illeso,0,,Utilizzato,Inesploso,
4003045,12,21/09/2018 21:00:00,Strada Urbana,VIALE DELL'OCEANO INDIANO,in prossimit�,,del civico n.,57,,Scontro frontale/laterale SX fra veicoli in marcia,Rettilineo,Una carreggiata a doppio senso,Asciutto,Asfaltata,Verticale ed orizzontale,Nuvoloso,Normale,Sufficiente,Insufficiente,1,0,0,4,12.4448,41.8217,-1,1,Autovettura privata,In marcia / fermata / arresto,Passeggero,F,Illeso,0,,Utilizzato,Inesploso,
4003045,12,21/09/2018 21:00:00,Strada Urbana,VIALE DELL'OCEANO INDIANO,in prossimit�,,del civico n.,57,,Scontro frontale/laterale SX fra veicoli in marcia,Rettilineo,Una carreggiata a doppio senso,Asciutto,Asfaltata,Verticale ed orizzontale,Nuvoloso,Normale,Sufficiente,Insufficiente,1,0,0,4,12.4448,41.8217,-1,2,Motociclo a solo,In marcia / fermata / arresto,Conducente,M,Rimandato,0,NON DECEDUTO,Utilizzato,,
4003046,6,24/09/2018 12:20:00,Statale entro l'abitato,VIA CASILINA,in corrispondenza,,del civico n.,370,,Tamponamento,Rettilineo,Due carreggiate,Asciutto,Asfaltata,Orizzontale,Sereno,Intenso,Buona,Ore Diurne,0,0,0,3,12.5412,41.8805,-1,1,Autovettura privata,In marcia / fermata / arresto,Conducente,F,Illeso,0,,Non accertato,Inesploso,
4003046,6,24/09/2018 12:20:00,Statale entro l'abitato,VIA CASILINA,in corrispondenza,,del civico n.,370,,Tamponamento,Rettilineo,Due carreggiate,Asciutto,Asfaltata,Orizzontale,Sereno,Intenso,Buona,Ore Diurne,0,0,0,3,12.5412,41.8805,-1,1,Autovettura privata,In marcia / fermata / arresto,Passeggero,F,Illeso,0,,Non accertato,Inesploso,
4003046,6,24/09/2018 12:20:00,Statale entro l'abitato,VIA CASILINA,in corrispondenza,,del civico n.,370,,Tamponamento,Rettilineo,Due carreggiate,Asciutto,Asfaltata,Orizzontale,Sereno,Intenso,Buona,Ore Diurne,0,0,0,3,12.5412,41.8805,-1,2,Autovettura privata,In marcia / fermata / arresto,Conducente,F,Illeso,0,,Non accertato,Inesploso,
4003055,18,23/09/2018 16:30:00,Strada Urbana,VIA GREGORIO VII,da specificare,,,,prossimita' Via Leone XIII,Scontro laterale fra veicoli in marcia,Rettilineo,Pi� di due carreggiate,Sdrucciolevole (pietrisco),Asfaltata,Verticale ed orizzontale,Sereno,Normale,Buona,Ore Diurne,1,0,0,2,12.4371,41.8938,-1,1,Autovettura pubblica,In marcia / fermata / arresto,Conducente,M,Illeso,0,,,,
4003055,18,23/09/2018 16:30:00,Strada Urbana,VIA GREGORIO VII,da specificare,,,,prossimita' Via Leone XIII,Scontro laterale fra veicoli in marcia,Rettilineo,Pi� di due carreggiate,Sdrucciolevole (pietrisco),Asfaltata,Verticale ed orizzontale,Sereno,Normale,Buona,Ore Diurne,1,0,0,2,12.4371,41.8938,-1,1,Autovettura pubblica,In marcia / fermata / arresto,Passeggero,F,Illeso,0,,,,
4003055,18,23/09/2018 16:30:00,Strada Urbana,VIA GREGORIO VII,da specificare,,,,prossimita' Via Leone XIII,Scontro laterale fra veicoli in marcia,Rettilineo,Pi� di due carreggiate,Sdrucciolevole (pietrisco),Asfaltata,Verticale ed orizzontale,Sereno,Normale,Buona,Ore Diurne,1,0,0,2,12.4371,41.8938,-1,2,Motociclo a solo,In marcia / fermata / arresto,Conducente,M,Rimandato,0,NON DECEDUTO,,,
4003126,13,23/09/2018 20:45:00,Strada Urbana,VIA ERNESTO BOEZI,all'intersezione con,VIA LEOPOLDO MUGNONE,VIA LEOPOLDO MUGNONE,,,Scontro frontale/laterale SX fra veicoli in marcia,Incrocio,Una carreggiata a doppio senso,Asciutto,Asfaltata,Assente,Sereno,Scarso,Buona,Sufficiente,0,0,0,2,12.3678,41.7385,-1,1,Autovettura privata,In marcia / fermata / arresto,Conducente,F,Illeso,0,,Non accertato,Inesploso,
4003126,13,23/09/2018 20:45:00,Strada Urbana,VIA ERNESTO BOEZI,all'intersezione con,VIA LEOPOLDO MUGNONE,VIA LEOPOLDO MUGNONE,,,Scontro frontale/laterale SX fra veicoli in marcia,Incrocio,Una carreggiata a doppio senso,Asciutto,Asfaltata,Assente,Sereno,Scarso,Buona,Sufficiente,0,0,0,2,12.3678,41.7385,-1,2,Autovettura privata,In marcia / fermata / arresto,Conducente,M,Illeso,0,,Non accertato,Inesploso,
4003151,18,21/09/2018 16:10:00,Strada Urbana,VIA DI BOCCEA,in corrispondenza,,del civico n.,154,,Veicolo in marcia contro veicolo in sosta,Rettilineo,Una carreggiata a doppio senso,Asciutto,Asfaltata,Verticale ed orizzontale,Nuvoloso,Intenso,Buona,Ore Diurne,0,0,0,1,12.4239,41.9028,-1,1,Autovettura privata,In marcia / fermata / arresto,Conducente,M,Illeso,0,,,,
4003167,18,24/09/2018 13:30:00,Strada Urbana,VIA FRANCESCO AZZURRI,all'intersezione con,VIA TEMISTOCLE CALISTI,VIA TEMISTOCLE CALISTI,,,Scontro frontale/laterale DX fra veicoli in marcia,Intersezione stradale segnalata,Una carreggiata a senso unico di marcia,Asciutto,Asfaltata,Verticale,Sereno,Scarso,Buona,Ore Diurne,2,0,0,2,12.3919,41.9071,-1,1,Autovettura privata,In marcia / fermata / arresto,Conducente,M,Rimandato,0,NON DECEDUTO,,,
4003167,18,24/09/2018 13:30:00,Strada Urbana,VIA FRANCESCO AZZURRI,all'intersezione con,VIA TEMISTOCLE CALISTI,VIA TEMISTOCLE CALISTI,,,Scontro frontale/laterale DX fra veicoli in marcia,Intersezione stradale segnalata,Una carreggiata a senso unico di marcia,Asciutto,Asfaltata,Verticale,Sereno,Scarso,Buona,Ore Diurne,2,0,0,2,12.3919,41.9071,-1,1,Autovettura privata,In marcia / fermata / arresto,Passeggero,F,Rimandato,0,NON DECEDUTO,,,
4003167,18,24/09/2018 13:30:00,Strada Urbana,VIA FRANCESCO AZZURRI,all'intersezione con,VIA TEMISTOCLE CALISTI,VIA TEMISTOCLE CALISTI,,,Scontro frontale/laterale DX fra veicoli in marcia,Intersezione stradale segnalata,Una carreggiata a senso unico di marcia,Asciutto,Asfaltata,Verticale,Sereno,Scarso,Buona,Ore Diurne,2,0,0,2,12.3919,41.9071,-1,2,Autovettura privata,In marcia / fermata / arresto,Conducente,M,Illeso,0,,Non accertato,Inesploso,
4003167,18,24/09/2018 13:30:00,Strada Urbana,VIA FRANCESCO AZZURRI,all'intersezione con,VIA TEMISTOCLE CALISTI,VIA TEMISTOCLE CALISTI,,,Scontro frontale/laterale DX fra veicoli in marcia,Intersezione stradale segnalata,Una carreggiata a senso unico di marcia,Asciutto,Asfaltata,Verticale,Sereno,Scarso,Buona,Ore Diurne,2,0,0,2,12.3919,41.9071,-1,2,Autovettura privata,In marcia / fermata / arresto,Passeggero,F,Illeso,0,,,,
4003173,18,21/09/2018 17:00:00,Strada Urbana,VIA AURELIA,all'intersezione con,VIA AGOSTINO RICHELMY,VIA AGOSTINO RICHELMY,,,Scontro frontale/laterale DX fra veicoli in marcia,Incrocio,Una carreggiata a doppio senso,Asciutto,Asfaltata,Verticale ed orizzontale,Nuvoloso,Normale,Buona,Ore Diurne,0,0,0,4,12.4015,41.8862,-1,1,Motociclo a solo,In marcia / fermata / arresto,Conducente,M,Illeso,0,,,,
4003173,18,21/09/2018 17:00:00,Strada Urbana,VIA AURELIA,all'intersezione con,VIA AGOSTINO RICHELMY,VIA AGOSTINO RICHELMY,,,Scontro frontale/laterale DX fra veicoli in marcia,Incrocio,Una carreggiata a doppio senso,Asciutto,Asfaltata,Verticale ed orizzontale,Nuvoloso,Normale,Buona,Ore Diurne,0,0,0,4,12.4015,41.8862,-1,2,Autovettura privata,In marcia / fermata / arresto,Conducente,F,Illeso,0,,,,
4003173,18,21/09/2018 17:00:00,Strada Urbana,VIA AURELIA,all'intersezione con,VIA AGOSTINO RICHELMY,VIA AGOSTINO RICHELMY,,,Scontro frontale/laterale DX fra veicoli in marcia,Incrocio,Una carreggiata a doppio senso,Asciutto,Asfaltata,Verticale ed orizzontale,Nuvoloso,Normale,Buona,Ore Diurne,0,0,0,4,12.4015,41.8862,-1,2,Autovettura privata,In marcia / fermata / arresto,Passeggero,F,Illeso,0,,,,
4003173,18,21/09/2018 17:00:00,Strada Urbana,VIA AURELIA,all'intersezione con,VIA AGOSTINO RICHELMY,VIA AGOSTINO RICHELMY,,,Scontro frontale/laterale DX fra veicoli in marcia,Incrocio,Una carreggiata a doppio senso,Asciutto,Asfaltata,Verticale ed orizzontale,Nuvoloso,Normale,Buona,Ore Diurne,0,0,0,4,12.4015,41.8862,-1,2,Autovettura privata,In marcia / fermata / arresto,Passeggero,F,Illeso,0,,,,
4003201,15,24/09/2018 14:05:00,Strada Urbana,VIA DELLA MAGLIANA,da specificare,,,,FRONTE CIVICO  238,Scontro frontale/laterale SX fra veicoli in marcia,Rettilineo,Una carreggiata a doppio senso,Asciutto,Asfaltata,Orizzontale,Sereno,Normale,Buona,Ore Diurne,1,0,0,1,12.4196,41.8317,-1,1,Autovettura privata,In marcia / fermata / arresto,Conducente,M,Illeso,0,,Non accertato,Inesploso,
4003201,15,24/09/2018 14:05:00,Strada Urbana,VIA DELLA MAGLIANA,da specificare,,,,FRONTE CIVICO  238,Scontro frontale/laterale SX fra veicoli in marcia,Rettilineo,Una carreggiata a doppio senso,Asciutto,Asfaltata,Orizzontale,Sereno,Normale,Buona,Ore Diurne,1,0,0,1,12.4196,41.8317,-1,2,Motociclo a solo,In marcia / fermata / arresto,Conducente,M,Rimandato,0,NON DECEDUTO,Non accertato,,
4003216,5,24/09/2018 13:00:00,Strada Urbana,VIA GIUSEPPE ANTONIO ANDRIULLI,da specificare,,,,direz. Prenestina alt. Inversione di marcia,Scontro laterale fra veicoli in marcia,Rettilineo,Due carreggiate,Asciutto,Asfaltata,Verticale ed orizzontale,Sereno,Normale,Sufficiente,Ore Diurne,2,0,0,2,12.5571,41.9018,-1,1,Autovettura privata,In marcia / fermata / arresto,Conducente,M,Illeso,0,,Non accertato,,
4003216,5,24/09/2018 13:00:00,Strada Urbana,VIA GIUSEPPE ANTONIO ANDRIULLI,da specificare,,,,direz. Prenestina alt. Inversione di marcia,Scontro laterale fra veicoli in marcia,Rettilineo,Due carreggiate,Asciutto,Asfaltata,Verticale ed orizzontale,Sereno,Normale,Sufficiente,Ore Diurne,2,0,0,2,12.5571,41.9018,-1,1,Autovettura privata,In marcia / fermata / arresto,Passeggero,F,Illeso,0,,Non accertato,,
4003216,5,24/09/2018 13:00:00,Strada Urbana,VIA GIUSEPPE ANTONIO ANDRIULLI,da specificare,,,,direz. Prenestina alt. Inversione di marcia,Scontro laterale fra veicoli in marcia,Rettilineo,Due carreggiate,Asciutto,Asfaltata,Verticale ed orizzontale,Sereno,Normale,Sufficiente,Ore Diurne,2,0,0,2,12.5571,41.9018,-1,2,Ciclomotore,In marcia / fermata / arresto,Conducente,M,Rimandato,0,NON DECEDUTO,Non accertato,,
4003216,5,24/09/2018 13:00:00,Strada Urbana,VIA GIUSEPPE ANTONIO ANDRIULLI,da specificare,,,,direz. Prenestina alt. Inversione di marcia,Scontro laterale fra veicoli in marcia,Rettilineo,Due carreggiate,Asciutto,Asfaltata,Verticale ed orizzontale,Sereno,Normale,Sufficiente,Ore Diurne,2,0,0,2,12.5571,41.9018,-1,2,Ciclomotore,In marcia / fermata / arresto,Passeggero,M,Rimandato,0,NON DECEDUTO,Non accertato,,
4003220,12,23/09/2018 16:55:00,Strada Urbana,VIALE EGEO,all'intersezione con,VIA MONTE DEL FINOCCHIO,VIA MONTE DEL FINOCCHIO,,,Scontro frontale/laterale DX fra veicoli in marcia,Intersezione semaforizzata,Una carreggiata a doppio senso,Asciutto,Asfaltata,Verticale ed orizzontale,Sereno,Normale,Buona,Sufficiente,2,0,0,1,12.4565,41.8312,-1,1,Autovettura privata,In marcia / fermata / arresto,Conducente,M,Rimandato,0,NON DECEDUTO,Utilizzato,Esploso,
4003220,12,23/09/2018 16:55:00,Strada Urbana,VIALE EGEO,all'intersezione con,VIA MONTE DEL FINOCCHIO,VIA MONTE DEL FINOCCHIO,,,Scontro frontale/laterale DX fra veicoli in marcia,Intersezione semaforizzata,Una carreggiata a doppio senso,Asciutto,Asfaltata,Verticale ed orizzontale,Sereno,Normale,Buona,Sufficiente,2,0,0,1,12.4565,41.8312,-1,1,Autovettura privata,In marcia / fermata / arresto,Passeggero,M,Rimandato,0,NON DECEDUTO,Non accertato,Inesploso,
4003220,12,23/09/2018 16:55:00,Strada Urbana,VIALE EGEO,all'intersezione con,VIA MONTE DEL FINOCCHIO,VIA MONTE DEL FINOCCHIO,,,Scontro frontale/laterale DX fra veicoli in marcia,Intersezione semaforizzata,Una carreggiata a doppio senso,Asciutto,Asfaltata,Verticale ed orizzontale,Sereno,Normale,Buona,Sufficiente,2,0,0,1,12.4565,41.8312,-1,2,Autovettura privata,In marcia / fermata / arresto,Conducente,F,Illeso,0,,Non accertato,Esploso,
4003230,10,24/09/2018 14:40:00,Strada Urbana,PIAZZA DEI CONSOLI,all'intersezione con,VIALE S. GIOVANNI BOSCO,VIALE S. GIOVANNI BOSCO,,,Scontro laterale fra veicoli in marcia,Intersezione stradale segnalata,Pi� di due carreggiate,Asciutto,Asfaltata,Verticale ed orizzontale,Sereno,Normale,Buona,Ore Diurne,0,0,0,2,12.5563,41.8626,-1,1,Autovettura privata,In marcia / fermata / arresto,Conducente,M,Illeso,0,,Non accertato,Inesploso,
4003230,10,24/09/2018 14:40:00,Strada Urbana,PIAZZA DEI CONSOLI,all'intersezione con,VIALE S. GIOVANNI BOSCO,VIALE S. GIOVANNI BOSCO,,,Scontro laterale fra veicoli in marcia,Intersezione stradale segnalata,Pi� di due carreggiate,Asciutto,Asfaltata,Verticale ed orizzontale,Sereno,Normale,Buona,Ore Diurne,0,0,0,2,12.5563,41.8626,-1,2,Autovettura privata,In marcia / fermata / arresto,Conducente,F,Illeso,0,,Non accertato,Inesploso,
4003270,18,21/09/2018 22:05:00,Strada Urbana,VIA S. DAMASO,in corrispondenza,,del civico n.,16,,Scontro laterale fra veicoli in marcia,Rettilineo,Una carreggiata a doppio senso,Asciutto,Asfaltata,Verticale ed orizzontale,Sereno,Scarso,Buona,Sufficiente,1,0,0,1,12.4447,41.8951,0,1,Motociclo con passeggero,In marcia / fermata / arresto,Conducente,M,Illeso,0,,,,
4003270,18,21/09/2018 22:05:00,Strada Urbana,VIA S. DAMASO,in corrispondenza,,del civico n.,16,,Scontro laterale fra veicoli in marcia,Rettilineo,Una carreggiata a doppio senso,Asciutto,Asfaltata,Verticale ed orizzontale,Sereno,Scarso,Buona,Sufficiente,1,0,0,1,12.4447,41.8951,0,1,Motociclo con passeggero,In marcia / fermata / arresto,Passeggero,F,Rimandato,0,NON DECEDUTO,,,
4003397,9,24/09/2018 13:30:00,Strada Urbana,VIA GALLIA,da specificare,,,,in prossimit� VIA APULIA,Tamponamento,Rettilineo,Una carreggiata a doppio senso,Asciutto,Asfaltata,Verticale ed orizzontale,Sereno,Normale,Buona,Ore Diurne,0,0,0,2,12.5045,41.881,-1,1,Autocarro superiore 35 q.,In marcia / fermata / arresto,Conducente,M,Illeso,0,,Non accertato,Inesploso,
4003397,9,24/09/2018 13:30:00,Strada Urbana,VIA GALLIA,da specificare,,,,in prossimit� VIA APULIA,Tamponamento,Rettilineo,Una carreggiata a doppio senso,Asciutto,Asfaltata,Verticale ed orizzontale,Sereno,Normale,Buona,Ore Diurne,0,0,0,2,12.5045,41.881,-1,2,Autobus turistico,In marcia / fermata / arresto,Conducente,M,Illeso,0,,Non accertato,Inesploso,
4003486,9,22/09/2018 02:00:00,Strada Urbana,VIA ETRURIA,da specificare,,,,PROSS. VIA ALBALONGA,Infortunio per sola frenata improvvisa,Rettilineo,Una carreggiata a senso unico di marcia,Asciutto,Asfaltata,Orizzontale,Sereno,Scarso,Buona,Sufficiente,1,0,0,0,12.5125,41.8791,0,1,Motociclo a solo,In marcia / fermata / arresto,Conducente,M,Rimandato,0,NON DECEDUTO,Utilizzato,,
4003492,20,24/09/2018 15:10:00,Strada Urbana,VIA CASSIA,da specificare,,,,All'interno di parcheggio privato,Scontro frontale/laterale DX fra veicoli in marcia,Rettilineo,Una carreggiata a doppio senso,Asciutto,Strada pavimentata dissestata,Assente,Sereno,Normale,Buona,Ore Diurne,0,0,0,2,12.4139,41.9827,-1,1,Autovettura privata,In marcia / fermata / arresto,Conducente,M,Illeso,0,,Non accertato,Inesploso,
4003492,20,24/09/2018 15:10:00,Strada Urbana,VIA CASSIA,da specificare,,,,All'interno di parcheggio privato,Scontro frontale/laterale DX fra veicoli in marcia,Rettilineo,Una carreggiata a doppio senso,Asciutto,Strada pavimentata dissestata,Assente,Sereno,Normale,Buona,Ore Diurne,0,0,0,2,12.4139,41.9827,-1,2,Autovettura privata,In marcia / fermata / arresto,Conducente,M,Illeso,0,,Non accertato,Inesploso,
4003504,19,24/09/2018 16:10:00,Strada Urbana,VIA DELLA TENUTA DI S. AGATA,in corrispondenza,,del civico n.,22b,,Veicolo in marcia contro veicolo fermo,Rettilineo,Una carreggiata a doppio senso,Asciutto,Asfaltata,Assente,Sereno,Scarso,Buona,Ore Diurne,0,0,0,3,12.4296,41.9395,-1,1,Autovettura privata,In marcia / fermata / arresto,Conducente,M,Illeso,0,,Non accertato,Inesploso,
4003504,19,24/09/2018 16:10:00,Strada Urbana,VIA DELLA TENUTA DI S. AGATA,in corrispondenza,,del civico n.,22b,,Veicolo in marcia contro veicolo fermo,Rettilineo,Una carreggiata a doppio senso,Asciutto,Asfaltata,Assente,Sereno,Scarso,Buona,Ore Diurne,0,0,0,3,12.4296,41.9395,-1,2,Autovettura privata,In marcia / fermata / arresto,Conducente,M,Illeso,0,,Non accertato,Inesploso,
4003504,19,24/09/2018 16:10:00,Strada Urbana,VIA DELLA TENUTA DI S. AGATA,in corrispondenza,,del civico n.,22b,,Veicolo in marcia contro veicolo fermo,Rettilineo,Una carreggiata a doppio senso,Asciutto,Asfaltata,Assente,Sereno,Scarso,Buona,Ore Diurne,0,0,0,3,12.4296,41.9395,-1,2,Autovettura privata,In marcia / fermata / arresto,Passeggero,M,Illeso,0,,Non accertato,Inesploso,
4003512,16,24/09/2018 09:00:00,Strada Urbana,VIA BERNARDINO RAMAZZINI,in corrispondenza,,del civico n.,153,,Investimento di pedone,Rettilineo,Una carreggiata a doppio senso,Asciutto,Asfaltata,Assente,Nuvoloso,Normale,Buona,Ore Diurne,1,0,0,1,12.4531,41.87,-1,,,,Pedone,M,Rimandato,0,NON DECEDUTO,,,
4003512,16,24/09/2018 09:00:00,Strada Urbana,VIA BERNARDINO RAMAZZINI,in corrispondenza,,del civico n.,153,,Investimento di pedone,Rettilineo,Una carreggiata a doppio senso,Asciutto,Asfaltata,Assente,Nuvoloso,Normale,Buona,Ore Diurne,1,0,0,1,12.4531,41.87,-1,1,Autovettura privata,In marcia / fermata / arresto,Conducente,F,Illeso,0,,Non accertato,,
4003520,17,24/09/2018 13:35:00,Strada Urbana,PIAZZA COLA DI RIENZO,all'intersezione con,VIA EZIO,VIA EZIO,,,Tamponamento,Incrocio,Una carreggiata a doppio senso,Asciutto,Asfaltata,Orizzontale,Nuvoloso,Normale,Buona,Ore Diurne,1,0,0,2,12.4679,41.9084,-1,1,Autovettura privata,In marcia / fermata / arresto,Conducente,F,Illeso,0,,Non accertato,Inesploso,
4003520,17,24/09/2018 13:35:00,Strada Urbana,PIAZZA COLA DI RIENZO,all'intersezione con,VIA EZIO,VIA EZIO,,,Tamponamento,Incrocio,Una carreggiata a doppio senso,Asciutto,Asfaltata,Orizzontale,Nuvoloso,Normale,Buona,Ore Diurne,1,0,0,2,12.4679,41.9084,-1,1,Autovettura privata,In marcia / fermata / arresto,Passeggero,F,Illeso,0,,Utilizzato,Inesploso,
4003520,17,24/09/2018 13:35:00,Strada Urbana,PIAZZA COLA DI RIENZO,all'intersezione con,VIA EZIO,VIA EZIO,,,Tamponamento,Incrocio,Una carreggiata a doppio senso,Asciutto,Asfaltata,Orizzontale,Nuvoloso,Normale,Buona,Ore Diurne,1,0,0,2,12.4679,41.9084,-1,2,Ciclomotore,In marcia / fermata / arresto,Conducente,F,Rimandato,0,NON DECEDUTO,Utilizzato,,
4003522,18,24/09/2018 16:40:00,Strada Urbana,VIA S. MELCHIADE PAPA,all'intersezione con,VIA MATTIA BATTISTINI,VIA MATTIA BATTISTINI,,,Scontro laterale fra veicoli in marcia,Intersezione stradale segnalata,Una carreggiata a senso unico di marcia,Asciutto,Asfaltata,Verticale,Sereno,Normale,Buona,Ore Diurne,0,0,0,2,12.4187,41.9116,-1,1,Autovettura privata,In marcia / fermata / arresto,Conducente,M,Illeso,0,,Non accertato,Inesploso,
4003522,18,24/09/2018 16:40:00,Strada Urbana,VIA S. MELCHIADE PAPA,all'intersezione con,VIA MATTIA BATTISTINI,VIA MATTIA BATTISTINI,,,Scontro laterale fra veicoli in marcia,Intersezione stradale segnalata,Una carreggiata a senso unico di marcia,Asciutto,Asfaltata,Verticale,Sereno,Normale,Buona,Ore Diurne,0,0,0,2,12.4187,41.9116,-1,2,Autovettura privata,In marcia / fermata / arresto,Conducente,M,Illeso,0,,Non accertato,Inesploso,
4003527,16,24/09/2018 09:35:00,Strada Urbana,VIA EDOARDO JENNER,in corrispondenza,,del civico n.,64,,Scontro frontale/laterale SX fra veicoli in marcia,Rettilineo,Una carreggiata a doppio senso,Asciutto,Asfaltata,Verticale ed orizzontale,Nuvoloso,Normale,Buona,Ore Diurne,1,0,0,2,12.4447,41.8719,-1,1,Motociclo a solo,In marcia / fermata / arresto,Conducente,M,Rimandato,0,NON DECEDUTO,Non accertato,,