Protocollo,Gruppo,DataOraIncidente,Localizzazione1,STRADA1,Localizzazione2,STRADA2,Strada02,Chilometrica,DaSpecificare,NaturaIncidente,particolaritastrade,TipoStrada,FondoStradale,Pavimentazione,Segnaletica,CondizioneAtmosferica,Traffico,Visibilita,Illuminazione,NUM_FERITI,NUM_RISERVATA,NUM_MORTI,NUM_ILLESI,Longitudine,Latitudine,Confermato,Progressivo,TipoVeicolo,StatoVeicolo,TipoPersona,Sesso,Tipolesione,Deceduto,DecedutoDopo,CinturaCascoUtilizzato,Airbag,
4003527,16,24/09/2018 09:35:00,Strada Urbana,VIA EDOARDO JENNER,in corrispondenza,,del civico n.,64,,Scontro frontale/laterale SX fra veicoli in marcia,Rettilineo,Una carreggiata a doppio senso,Asciutto,Asfaltata,Verticale ed orizzontale,Nuvoloso,Normale,Buona,Ore Diurne,1,0,0,2,12.4447,41.8719,-1,2,Autovettura privata,In marcia / fermata / arresto,Conducente,F,Illeso,0,,Non accertato,,
4003527,16,24/09/2018 09:35:00,Strada Urbana,VIA EDOARDO JENNER,in corrispondenza,,del civico n.,64,,Scontro frontale/laterale SX fra veicoli in marcia,Rettilineo,Una carreggiata a doppio senso,Asciutto,Asfaltata,Verticale ed orizzontale,Nuvoloso,Normale,Buona,Ore Diurne,1,0,0,2,12.4447,41.8719,-1,2,Autovettura privata,In marcia / fermata / arresto,Passeggero,M,Illeso,0,,Non accertato,,
4003544,19,24/09/2018 17:05:00,Strada Urbana,VIA PIEVE DI CADORE,in corrispondenza,,del civico n.,15,,Tamponamento,Rettilineo,Una carreggiata a senso unico di marcia,Asciutto,Asfaltata,Verticale ed orizzontale,Sereno,Normale,Buona,Ore Diurne,0,0,0,3,12.4391,41.9399,-1,1,Autovettura privata,In marcia / fermata / arresto,Conducente,F,Illeso,0,,Non accertato,Inesploso,
4003544,19,24/09/2018 17:05:00,Strada Urbana,VIA PIEVE DI CADORE,in corrispondenza,,del civico n.,15,,Tamponamento,Rettilineo,Una carreggiata a senso unico di marcia,Asciutto,Asfaltata,Verticale ed orizzontale,Sereno,Normale,Buona,Ore Diurne,0,0,0,3,12.4391,41.9399,-1,1,Autovettura privata,In marcia / fermata / arresto,Passeggero,M,Illeso,0,,Non accertato,Inesploso,
4003544,19,24/09/2018 17:05:00,Strada Urbana,VIA PIEVE DI CADORE,in corrispondenza,,del civico n.,15,,Tamponamento,Rettilineo,Una carreggiata a senso unico di marcia,Asciutto,Asfaltata,Verticale ed orizzontale,Sereno,Normale,Buona,Ore Diurne,0,0,0,3,12.4391,41.9399,-1,2,Autovettura privata,In marcia / fermata / arresto,Conducente,M,Illeso,0,,Non accertato,Inesploso,
4003606,15,24/09/2018 17:30:00,Strada Urbana,VIA PORTUENSE,da specificare,,,,FRONTE CIVICO 485,Scontro frontale/laterale SX fra veicoli in marcia,Rettilineo,Una carreggiata a doppio senso,Asciutto,Asfaltata,Verticale,Sereno,Normale,Buona,Ore Diurne,1,0,0,1,12.414,41.847,-1,1,Autovettura privata,In marcia / fermata / arresto,Conducente,M,Illeso,0,,Non accertato,Inesploso,
4003606,15,24/09/2018 17:30:00,Strada Urbana,VIA PORTUENSE,da specificare,,,,FRONTE CIVICO 485,Scontro frontale/laterale SX fra veicoli in marcia,Rettilineo,Una carreggiata a doppio senso,Asciutto,Asfaltata,Verticale,Sereno,Normale,Buona,Ore Diurne,1,0,0,1,12.414,41.847,-1,2,Motociclo a solo,In marcia / fermata / arresto,Conducente,M,Rimandato,0,NON DECEDUTO,Non accertato,,
4003645,10,24/09/2018 18:20:00,Strada Urbana,VIA SANDRO PENNA,all'intersezione con,VIA GIOVANNI CENSORI,VIA GIOVANNI CENSORI,,,Tamponamento Multiplo,Intersezione stradale segnalata,Una carreggiata a doppio senso,Asciutto,Asfaltata,Verticale ed orizzontale,Sereno,Normale,Buona,Ore Diurne,0,0,0,6,12.6236,41.8418,-1,1,Autovettura privata,In marcia / fermata / arresto,Conducente,F,Illeso,0,,Non accertato,Inesploso,
4003645,10,24/09/2018 18:20:00,Strada Urbana,VIA SANDRO PENNA,all'intersezione con,VIA GIOVANNI CENSORI,VIA GIOVANNI CENSORI,,,Tamponamento Multiplo,Intersezione stradale segnalata,Una carreggiata a doppio senso,Asciutto,Asfaltata,Verticale ed orizzontale,Sereno,Normale,Buona,Ore Diurne,0,0,0,6,12.6236,41.8418,-1,1,Autovettura privata,In marcia / fermata / arresto,Passeggero,M,Illeso,0,,Non accertato,Inesploso,
4003645,10,24/09/2018 18:20:00,Strada Urbana,VIA SANDRO PENNA,all'intersezione con,VIA GIOVANNI CENSORI,VIA GIOVANNI CENSORI,,,Tamponamento Multiplo,Intersezione stradale segnalata,Una carreggiata a doppio senso,Asciutto,Asfaltata,Verticale ed orizzontale,Sereno,Normale,Buona,Ore Diurne,0,0,0,6,12.6236,41.8418,-1,1,Autovettura privata,In marcia / fermata / arresto,Passeggero,F,Illeso,0,,Non accertato,Inesploso,
4003645,10,24/09/2018 18:20:00,Strada Urbana,VIA SANDRO PENNA,all'intersezione con,VIA GIOVANNI CENSORI,VIA GIOVANNI CENSORI,,,Tamponamento Multiplo,Intersezione stradale segnalata,Una carreggiata a doppio senso,Asciutto,Asfaltata,Verticale ed orizzontale,Sereno,Normale,Buona,Ore Diurne,0,0,0,6,12.6236,41.8418,-1,2,Autocarro superiore 35 q.,In marcia / fermata / arresto,Conducente,M,Illeso,0,,Non accertato,Inesploso,
4003645,10,24/09/2018 18:20:00,Strada Urbana,VIA SANDRO PENNA,all'intersezione con,VIA GIOVANNI CENSORI,VIA GIOVANNI CENSORI,,,Tamponamento Multiplo,Intersezione stradale segnalata,Una carreggiata a doppio senso,Asciutto,Asfaltata,Verticale ed orizzontale,Sereno,Normale,Buona,Ore Diurne,0,0,0,6,12.6236,41.8418,-1,2,Autocarro superiore 35 q.,In marcia / fermata / arresto,Passeggero,M,Illeso,0,,Non accertato,Inesploso,
4003645,10,24/09/2018 18:20:00,Strada Urbana,VIA SANDRO PENNA,all'intersezione con,VIA GIOVANNI CENSORI,VIA GIOVANNI CENSORI,,,Tamponamento Multiplo,Intersezione stradale segnalata,Una carreggiata a doppio senso,Asciutto,Asfaltata,Verticale ed orizzontale,Sereno,Normale,Buona,Ore Diurne,0,0,0,6,12.6236,41.8418,-1,3,Autovettura privata,In marcia / fermata / arresto,Conducente,M,Illeso,0,,Non accertato,Inesploso,
4003647,20,24/09/2018 16:40:00,Strada Urbana,VIA CASSIA,in prossimit�,,del civico n.,1694,,Scontro laterale fra veicoli in marcia,Curva a visuale libera,Una carreggiata a doppio senso,Asciutto,Asfaltata,Orizzontale,Nuvoloso,Normale,Buona,Ore Diurne,0,0,0,7,12.3811,42.0046,-1,1,Autovettura privata,In marcia / fermata / arresto,Conducente,M,Illeso,0,,Non accertato,Inesploso,
4003647,20,24/09/2018 16:40:00,Strada Urbana,VIA CASSIA,in prossimit�,,del civico n.,1694,,Scontro laterale fra veicoli in marcia,Curva a visuale libera,Una carreggiata a doppio senso,Asciutto,Asfaltata,Orizzontale,Nuvoloso,Normale,Buona,Ore Diurne,0,0,0,7,12.3811,42.0046,-1,1,Autovettura privata,In marcia / fermata / arresto,Passeggero,F,Illeso,0,,Non accertato,Inesploso,
4003647,20,24/09/2018 16:40:00,Strada Urbana,VIA CASSIA,in prossimit�,,del civico n.,1694,,Scontro laterale fra veicoli in marcia,Curva a visuale libera,Una carreggiata a doppio senso,Asciutto,Asfaltata,Orizzontale,Nuvoloso,Normale,Buona,Ore Diurne,0,0,0,7,12.3811,42.0046,-1,1,Autovettura privata,In marcia / fermata / arresto,Passeggero,M,Illeso,0,,Non accertato,Inesploso,
4003647,20,24/09/2018 16:40:00,Strada Urbana,VIA CASSIA,in prossimit�,,del civico n.,1694,,Scontro laterale fra veicoli in marcia,Curva a visuale libera,Una carreggiata a doppio senso,Asciutto,Asfaltata,Orizzontale,Nuvoloso,Normale,Buona,Ore Diurne,0,0,0,7,12.3811,42.0046,-1,1,Autovettura privata,In marcia / fermata / arresto,Passeggero,M,Illeso,0,,Non accertato,Inesploso,
4003647,20,24/09/2018 16:40:00,Strada Urbana,VIA CASSIA,in prossimit�,,del civico n.,1694,,Scontro laterale fra veicoli in marcia,Curva a visuale libera,Una carreggiata a doppio senso,Asciutto,Asfaltata,Orizzontale,Nuvoloso,Normale,Buona,Ore Diurne,0,0,0,7,12.3811,42.0046,-1,2,Autovettura privata,In marcia / fermata / arresto,Conducente,F,Illeso,0,,Non accertato,Inesploso,
4003647,20,24/09/2018 16:40:00,Strada Urbana,VIA CASSIA,in prossimit�,,del civico n.,1694,,Scontro laterale fra veicoli in marcia,Curva a visuale libera,Una carreggiata a doppio senso,Asciutto,Asfaltata,Orizzontale,Nuvoloso,Normale,Buona,Ore Diurne,0,0,0,7,12.3811,42.0046,-1,2,Autovettura privata,In marcia / fermata / arresto,Passeggero,M,Illeso,0,,Non accertato,Inesploso,
4003651,17,24/09/2018 15:00:00,Strada Urbana,VIA PREMUDA,in prossimit�,,del civico n.,14,,Veicolo in marcia contro veicoli in sosta,Rettilineo,Una carreggiata a senso unico di marcia,Asciutto,Asfaltata,Verticale ed orizzontale,Sereno,Normale,Buona,Ore Diurne,0,0,0,1,12.453,41.9138,-1,2,Autovettura privata,In marcia / fermata / arresto,Conducente,M,Illeso,0,,,,
4003682,6,24/09/2018 16:00:00,Strada Urbana,VIA DI ACQUA BULLICANTE,all'intersezione con,VIA FORMIA,VIA FORMIA,,,Scontro frontale/laterale SX fra veicoli in marcia,Intersezione non regolata/non segnalata,Una carreggiata a doppio senso,Asciutto,Asfaltata,Verticale ed orizzontale,Sereno,Normale,Buona,Ore Diurne,0,0,0,3,12.5433,41.886,-1,1,Autovettura privata,In marcia / fermata / arresto,Conducente,F,Illeso,0,,,,
4003682,6,24/09/2018 16:00:00,Strada Urbana,VIA DI ACQUA BULLICANTE,all'intersezione con,VIA FORMIA,VIA FORMIA,,,Scontro frontale/laterale SX fra veicoli in marcia,Intersezione non regolata/non segnalata,Una carreggiata a doppio senso,Asciutto,Asfaltata,Verticale ed orizzontale,Sereno,Normale,Buona,Ore Diurne,0,0,0,3,12.5433,41.886,-1,1,Autovettura privata,In marcia / fermata / arresto,Passeggero,M,Illeso,0,,,,
4003682,6,24/09/2018 16:00:00,Strada Urbana,VIA DI ACQUA BULLICANTE,all'intersezione con,VIA FORMIA,VIA FORMIA,,,Scontro frontale/laterale SX fra veicoli in marcia,Intersezione non regolata/non segnalata,Una carreggiata a doppio senso,Asciutto,Asfaltata,Verticale ed orizzontale,Sereno,Normale,Buona,Ore Diurne,0,0,0,3,12.5433,41.886,-1,2,Autovettura privata,In marcia / fermata / arresto,Conducente,M,Illeso,0,,,,
4003694,9,24/09/2018 18:20:00,Strada Urbana,VIA AMEDEO CRIVELLUCCI,da specificare,,,,in corrispondenza VIA GIULIO CESARE CORDARA,Scontro laterale fra veicoli in marcia,Rettilineo,Una carreggiata a senso unico di marcia,Asciutto,Asfaltata,Verticale ed orizzontale,Sereno,Normale,Buona,Ore Diurne,0,0,0,3,12.5249,41.8689,-1,1,Autovettura privata,In marcia / fermata / arresto,Conducente,F,Illeso,0,,Non accertato,Inesploso,
4003694,9,24/09/2018 18:20:00,Strada Urbana,VIA AMEDEO CRIVELLUCCI,da specificare,,,,in corrispondenza VIA GIULIO CESARE CORDARA,Scontro laterale fra veicoli in marcia,Rettilineo,Una carreggiata a senso unico di marcia,Asciutto,Asfaltata,Verticale ed orizzontale,Sereno,Normale,Buona,Ore Diurne,0,0,0,3,12.5249,41.8689,-1,1,Autovettura privata,In marcia / fermata / arresto,Passeggero,F,Illeso,0,,Non accertato,Inesploso,
4003694,9,24/09/2018 18:20:00,Strada Urbana,VIA AMEDEO CRIVELLUCCI,da specificare,,,,in corrispondenza VIA GIULIO CESARE CORDARA,Scontro laterale fra veicoli in marcia,Rettilineo,Una carreggiata a senso unico di marcia,Asciutto,Asfaltata,Verticale ed orizzontale,Sereno,Normale,Buona,Ore Diurne,0,0,0,3,12.5249,41.8689,-1,2,Autovettura privata,In marcia / fermata / arresto,Conducente,M,Illeso,0,,Non accertato,Inesploso,
4003751,15,24/09/2018 16:15:00,Strada Urbana,VIA DELLA CASETTA MATTEI,all'intersezione con,VIA PORTUENSE,VIA PORTUENSE,,,Investimento di pedone,Intersezione semaforizzata,Due carreggiate,Asciutto,Asfaltata,Verticale ed orizzontale,Sereno,Normale,Buona,Ore Diurne,1,0,0,1,12.4196,41.8579,-1,,,,Pedone,F,Rimandato,0,NON DECEDUTO,,,
4003751,15,24/09/2018 16:15:00,Strada Urbana,VIA DELLA CASETTA MATTEI,all'intersezione con,VIA PORTUENSE,VIA PORTUENSE,,,Investimento di pedone,Intersezione semaforizzata,Due carreggiate,Asciutto,Asfaltata,Verticale ed orizzontale,Sereno,Normale,Buona,Ore Diurne,1,0,0,1,12.4196,41.8579,-1,1,Autocarro inferiore 35 q.,In marcia / fermata / arresto,Conducente,M,Illeso,0,,Utilizzato,Inesploso,
4003853,15,24/09/2018 19:10:00,Strada Urbana,VIA DELL'IMBRECCIATO,all'intersezione con,VIA LENIN,VIA LENIN,,,Scontro frontale/laterale DX fra veicoli in marcia,Incrocio,Una carreggiata a doppio senso,Asciutto,Asfaltata,Verticale ed orizzontale,Sereno,Normale,Buona,Sufficiente,1,0,0,1,,,0,1,Autovettura privata,In marcia / fermata / arresto,Conducente,F,Illeso,0,,Utilizzato,,
4003853,15,24/09/2018 19:10:00,Strada Urbana,VIA DELL'IMBRECCIATO,all'intersezione con,VIA LENIN,VIA LENIN,,,Scontro frontale/laterale DX fra veicoli in marcia,Incrocio,Una carreggiata a doppio senso,Asciutto,Asfaltata,Verticale ed orizzontale,Sereno,Normale,Buona,Sufficiente,1,0,0,1,,,0,2,Motociclo a solo,In marcia / fermata / arresto,Conducente,M,Rimandato,0,NON DECEDUTO,Utilizzato,,
4003859,15,24/09/2018 22:40:00,Strada Urbana,VIA DELLA CASETTA MATTEI,da specificare,,,,prossimit� fronte civ. 279,Scontro frontale/laterale SX fra veicoli in marcia,Rettilineo,Una carreggiata a doppio senso,Asciutto,Asfaltata,Orizzontale,Nuvoloso,Scarso,Sufficiente,Sufficiente,1,0,0,1,12.4196,41.8579,-1,1,Autovettura privata,In marcia / fermata / arresto,Conducente,F,Illeso,0,,Utilizzato,Inesploso,
4003859,15,24/09/2018 22:40:00,Strada Urbana,VIA DELLA CASETTA MATTEI,da specificare,,,,prossimit� fronte civ. 279,Scontro frontale/laterale SX fra veicoli in marcia,Rettilineo,Una carreggiata a doppio senso,Asciutto,Asfaltata,Orizzontale,Nuvoloso,Scarso,Sufficiente,Sufficiente,1,0,0,1,12.4196,41.8579,-1,2,Motociclo a solo,In marcia / fermata / arresto,Conducente,M,Rimandato,0,NON DECEDUTO,Utilizzato,,
4004017,11,24/09/2018 17:45:00,Strada Urbana,VIALE GUGLIELMO MARCONI,da specificare,,,,PROSSIMITA' F.C. 455,Scontro laterale fra veicoli in marcia,Rettilineo,Due carreggiate,Asciutto,Asfaltata,Verticale ed orizzontale,Sereno,Normale,Buona,Ore Diurne,0,0,0,3,12.472,41.8556,-1,1,Autovettura privata,In marcia / fermata / arresto,Conducente,M,Illeso,0,,Non accertato,,
4004017,11,24/09/2018 17:45:00,Strada Urbana,VIALE GUGLIELMO MARCONI,da specificare,,,,PROSSIMITA' F.C. 455,Scontro laterale fra veicoli in marcia,Rettilineo,Due carreggiate,Asciutto,Asfaltata,Verticale ed orizzontale,Sereno,Normale,Buona,Ore Diurne,0,0,0,3,12.472,41.8556,-1,1,Autovettura privata,In marcia / fermata / arresto,Passeggero,F,Illeso,0,,Non accertato,,
4004017,11,24/09/2018 17:45:00,Strada Urbana,VIALE GUGLIELMO MARCONI,da specificare,,,,PROSSIMITA' F.C. 455,Scontro laterale fra veicoli in marcia,Rettilineo,Due carreggiate,Asciutto,Asfaltata,Verticale ed orizzontale,Sereno,Normale,Buona,Ore Diurne,0,0,0,3,12.472,41.8556,-1,2,Motociclo a solo,In marcia / fermata / arresto,Conducente,M,Illeso,0,,Non accertato,,
4004034,6,24/09/2018 21:00:00,Strada Urbana,VIA DI TOR BELLA MONACA,da specificare,,,,altezza VIA V. CAMBELLOTTI,Veicolo in marcia contro ostacolo accidentale,Rettilineo,Due carreggiate,Asciutto,Asfaltata,Verticale ed orizzontale,Nuvoloso,Scarso,Sufficiente,Sufficiente,0,0,0,1,12.6333,41.8705,-1,1,Autovettura privata,In marcia / fermata / arresto,Conducente,M,Illeso,0,,,,
4004035,13,24/09/2018 07:20:00,Strada Urbana,CORSO DUCA DI GENOVA,in prossimit�,,del civico n.,129,,Scontro laterale fra veicoli in marcia,Rettilineo,Una carreggiata a doppio senso,Bagnato (pioggia),Asfaltata,Verticale ed orizzontale,Nuvoloso,Normale,Buona,Ore Diurne,0,0,0,4,12.2741,41.733,0,1,Autovettura privata,In marcia / fermata / arresto,Conducente,F,Illeso,0,,Non accertato,Inesploso,
4004035,13,24/09/2018 07:20:00,Strada Urbana,CORSO DUCA DI GENOVA,in prossimit�,,del civico n.,129,,Scontro laterale fra veicoli in marcia,Rettilineo,Una carreggiata a doppio senso,Bagnato (pioggia),Asfaltata,Verticale ed orizzontale,Nuvoloso,Normale,Buona,Ore Diurne,0,0,0,4,12.2741,41.733,0,1,Autovettura privata,In marcia / fermata / arresto,Passeggero,F,Illeso,0,,Non accertato,Inesploso,
4004035,13,24/09/2018 07:20:00,Strada Urbana,CORSO DUCA DI GENOVA,in prossimit�,,del civico n.,129,,Scontro laterale fra veicoli in marcia,Rettilineo,Una carreggiata a doppio senso,Bagnato (pioggia),Asfaltata,Verticale ed orizzontale,Nuvoloso,Normale,Buona,Ore Diurne,0,0,0,4,12.2741,41.733,0,1,Autovettura privata,In marcia / fermata / arresto,Passeggero,M,Illeso,0,,Non accertato,Inesploso,
4004035,13,24/09/2018 07:20:00,Strada Urbana,CORSO DUCA DI GENOVA,in prossimit�,,del civico n.,129,,Scontro laterale fra veicoli in marcia,Rettilineo,Una carreggiata a doppio senso,Bagnato (pioggia),Asfaltata,Verticale ed orizzontale,Nuvoloso,Normale,Buona,Ore Diurne,0,0,0,4,12.2741,41.733,0,2,Autovettura di polizia,In marcia / fermata / arresto,Conducente,M,Illeso,0,,Non accertato,Inesploso,
4004039,11,24/09/2018 13:10:00,Strada Urbana,VIA CRISTOFORO COLOMBO,in prossimit�,,del palo luce n.,27,,Tamponamento,Rettilineo,Pi� di due carreggiate,Asciutto,Asfaltata,Verticale ed orizzontale,Sereno,Normale,Buona,Ore Diurne,0,0,0,2,12.4121,41.786,-1,1,Autovettura privata,In marcia / fermata / arresto,Conducente,M,Illeso,0,,Non accertato,,
4004039,11,24/09/2018 13:10:00,Strada Urbana,VIA CRISTOFORO COLOMBO,in prossimit�,,del palo luce n.,27,,Tamponamento,Rettilineo,Pi� di due carreggiate,Asciutto,Asfaltata,Verticale ed orizzontale,Sereno,Normale,Buona,Ore Diurne,0,0,0,2,12.4121,41.786,-1,2,Autovettura privata,In marcia / fermata / arresto,Conducente,M,Illeso,0,,Non accertato,,
4004047,13,24/09/2018 12:00:00,Strada Urbana,VIA ALBERTO GALLI,all'intersezione con,VIA CESARE MACCARI,VIA CESARE MACCARI,,,Scontro frontale/laterale DX fra veicoli in marcia,Intersezione stradale segnalata,Una carreggiata a doppio senso,Asciutto,Asfaltata,Verticale,Nuvoloso,Scarso,Buona,Ore Diurne,1,0,0,2,12.3562,41.7765,-1,1,Autocarro inferiore 35 q.,In marcia / fermata / arresto,Conducente,M,Illeso,0,,Non accertato,Inesploso,
4004047,13,24/09/2018 12:00:00,Strada Urbana,VIA ALBERTO GALLI,all'intersezione con,VIA CESARE MACCARI,VIA CESARE MACCARI,,,Scontro frontale/laterale DX fra veicoli in marcia,Intersezione stradale segnalata,Una carreggiata a doppio senso,Asciutto,Asfaltata,Verticale,Nuvoloso,Scarso,Buona,Ore Diurne,1,0,0,2,12.3562,41.7765,-1,2,Autovettura privata,In marcia / fermata / arresto,Conducente,M,Illeso,0,,Non accertato,Inesploso,
4004047,13,24/09/2018 12:00:00,Strada Urbana,VIA ALBERTO GALLI,all'intersezione con,VIA CESARE MACCARI,VIA CESARE MACCARI,,,Scontro frontale/laterale DX fra veicoli in marcia,Intersezione stradale segnalata,Una carreggiata a doppio senso,Asciutto,Asfaltata,Verticale,Nuvoloso,Scarso,Buona,Ore Diurne,1,0,0,2,12.3562,41.7765,-1,2,Autovettura privata,In marcia / fermata / arresto,Passeggero,F,Rimandato,0,NON DECEDUTO,Non accertato,Inesploso,
4004049,8,24/09/2018 14:00:00,Strada Urbana,VIA BATTISTA PANZERA,da specificare,,,,prossimit� L.GO D. DELLE GRECHE,Veicolo in marcia contro ostacolo accidentale,Rettilineo,Una carreggiata a senso unico alternato,Asciutto,Asfaltata,Assente,Sereno,Scarso,Buona,Ore Diurne,0,0,0,1,12.6273,41.874,-1,1,Autovettura privata,In marcia / fermata / arresto,Conducente,M,Illeso,0,,Non accertato,Inesploso,
4004057,13,24/09/2018 02:00:00,Strada Urbana,VIA MANUEL DE FALLA,all'intersezione con,VIA MAURICE RAVEL,VIA MAURICE RAVEL,,,Scontro frontale/laterale DX fra veicoli in marcia,Incrocio,Una carreggiata a doppio senso,Asciutto,Asfaltata,Verticale,Sereno,Normale,Buona,Sufficiente,4,0,0,0,12.3729,41.7504,-1,1,Autovettura privata,In marcia / fermata / arresto,Conducente,F,Rimandato,0,NON DECEDUTO,Non accertato,Inesploso,
4004057,13,24/09/2018 02:00:00,Strada Urbana,VIA MANUEL DE FALLA,all'intersezione con,VIA MAURICE RAVEL,VIA MAURICE RAVEL,,,Scontro frontale/laterale DX fra veicoli in marcia,Incrocio,Una carreggiata a doppio senso,Asciutto,Asfaltata,Verticale,Sereno,Normale,Buona,Sufficiente,4,0,0,0,12.3729,41.7504,-1,1,Autovettura privata,In marcia / fermata / arresto,Passeggero,F,Rimandato,0,NON DECEDUTO,Non accertato,Inesploso,
4004057,13,24/09/2018 02:00:00,Strada Urbana,VIA MANUEL DE FALLA,all'intersezione con,VIA MAURICE RAVEL,VIA MAURICE RAVEL,,,Scontro frontale/laterale DX fra veicoli in marcia,Incrocio,Una carreggiata a doppio senso,Asciutto,Asfaltata,Verticale,Sereno,Normale,Buona,Sufficiente,4,0,0,0,12.3729,41.7504,-1,1,Autovettura privata,In marcia / fermata / arresto,Passeggero,F,Rimandato,0,NON DECEDUTO,Non accertato,Inesploso,
4004057,13,24/09/2018 02:00:00,Strada Urbana,VIA MANUEL DE FALLA,all'intersezione con,VIA MAURICE RAVEL,VIA MAURICE RAVEL,,,Scontro frontale/laterale DX fra veicoli in marcia,Incrocio,Una carreggiata a doppio senso,Asciutto,Asfaltata,Verticale,Sereno,Normale,Buona,Sufficiente,4,0,0,0,12.3729,41.7504,-1,2,Autovettura privata,In marcia / fermata / arresto,Conducente,M,Rimandato,0,NON DECEDUTO,Non accertato,Inesploso,
4004059,20,25/09/2018 07:15:00,Provinciale,VIA FLAMINIA,in prossimit�,,del civico n.,1113,,Scontro laterale fra veicoli in marcia,Rettilineo,Due carreggiate,Asciutto,Asfaltata,Verticale ed orizzontale,Sereno,Intenso,Buona,Ore Diurne,0,0,0,2,12.4843,41.9537,-1,1,Autocarro superiore 35 q.,In marcia / fermata / arresto,Conducente,M,Illeso,0,,Non accertato,Inesistente,
4004059,20,25/09/2018 07:15:00,Provinciale,VIA FLAMINIA,in prossimit�,,del civico n.,1113,,Scontro laterale fra veicoli in marcia,Rettilineo,Due carreggiate,Asciutto,Asfaltata,Verticale ed orizzontale,Sereno,Intenso,Buona,Ore Diurne,0,0,0,2,12.4843,41.9537,-1,2,Autovettura privata,In marcia / fermata / arresto,Conducente,M,Illeso,0,,Non accertato,Inesploso,
4004064,7,24/09/2018 10:20:00,Strada Urbana,VIALE DELLA PRIMAVERA,da specificare,,,,in corrispondenza di Via Casilna,Scontro laterale fra veicoli in marcia,Rettilineo,Due carreggiate,Asciutto,Asfaltata,Verticale ed orizzontale,Sereno,Normale,Buona,Ore Diurne,0,0,0,1,12.5574,41.8757,-1,1,Autovettura privata,In marcia / fermata / arresto,Conducente,M,Illeso,0,,Non accertato,Inesploso,
4004077,8,24/09/2018 20:30:00,Strada Urbana,VIA STEFANO DELLA BELLA,in prossimit�,,del civico n.,7,,Veicolo in marcia contro ostacolo accidentale,Rettilineo,Una carreggiata a senso unico di marcia,Bagnato (pioggia),Con buche,Verticale,Pioggia in atto,Scarso,Buona,Sufficiente,0,0,0,1,12.5999,41.8574,-1,1,Autovettura privata,In marcia / fermata / arresto,Conducente,M,Illeso,0,,Non accertato,Inesploso,
4004083,18,25/09/2018 07:00:00,Strada Urbana,LARGO S. PIO V,in corrispondenza,,del civico n.,21,,Tamponamento,Rettilineo,Due carreggiate,Asciutto,Asfaltata,Verticale ed orizzontale,Sereno,Normale,Buona,Ore Diurne,0,0,0,2,12.4317,41.8964,-1,1,Autovettura privata,In marcia / fermata / arresto,Conducente,M,Illeso,0,,Non accertato,Inesploso,
4004083,18,25/09/2018 07:00:00,Strada Urbana,LARGO S. PIO V,in corrispondenza,,del civico n.,21,,Tamponamento,Rettilineo,Due carreggiate,Asciutto,Asfaltata,Verticale ed orizzontale,Sereno,Normale,Buona,Ore Diurne,0,0,0,2,12.4317,41.8964,-1,2,Autovettura privata,In marcia / fermata / arresto,Conducente,M,Illeso,0,,Non accertato,Inesploso,
4004088,19,24/09/2018 23:30:00,Strada Urbana,VIA DI TRAGLIATELLA,da specificare,,,,fronte civ. 120,Veicolo in marcia contro ostacolo fisso,Rettilineo,Una carreggiata a doppio senso,Asciutto,Asfaltata,Verticale ed orizzontale,Nuvoloso,Scarso,Buona,Sufficiente,1,0,0,0,12.2407,42.0176,-1,1,Autovettura privata,In marcia / fermata / arresto,Conducente,F,Rifiuta cure immediate,0,NON DECEDUTO,,Esploso,
4004096,16,24/09/2018 13:30:00,Strada Urbana,VIALE DELLE MURA PORTUENSI,in prossimit�,,del civico n.,19,,Veicolo in marcia contro veicolo fermo,Curva a visuale libera,Una carreggiata a doppio senso,Asciutto,Asfaltata,Assente,Sereno,Normale,Buona,Ore Diurne,0,0,0,2,12.4712,41.8841,-1,1,Autocarro inferiore 35 q.,In marcia / fermata / arresto,Conducente,M,Illeso,0,,Non accertato,Inesploso,
4004096,16,24/09/2018 13:30:00,Strada Urbana,VIALE DELLE MURA PORTUENSI,in prossimit�,,del civico n.,19,,Veicolo in marcia contro veicolo fermo,Curva a visuale libera,Una carreggiata a doppio senso,Asciutto,Asfaltata,Assente,Sereno,Normale,Buona,Ore Diurne,0,0,0,2,12.4712,41.8841,-1,2,Autovettura privata,In marcia / fermata / arresto,Conducente,M,Illeso,0,,Non accertato,Inesploso,
4004097,5,24/09/2018 08:25:00,Strada Urbana,VIA DI PORTONACCIO,da specificare,,,,fronte civico 11,Scontro laterale fra veicoli in marcia,Rettilineo,Una carreggiata a doppio senso,Asciutto,Asfaltata,Verticale ed orizzontale,Sereno,Intenso,Buona,Ore Diurne,0,0,0,2,12.5374,41.9001,-1,1,Autovettura privata,In marcia / fermata / arresto,Conducente,M,Illeso,0,,Non accertato,,
4004097,5,24/09/2018 08:25:00,Strada Urbana,VIA DI PORTONACCIO,da specificare,,,,fronte civico 11,Scontro laterale fra veicoli in marcia,Rettilineo,Una carreggiata a doppio senso,Asciutto,Asfaltata,Verticale ed orizzontale,Sereno,Intenso,Buona,Ore Diurne,0,0,0,2,12.5374,41.9001,-1,2,Autovettura privata,In marcia / fermata / arresto,Conducente,F,Illeso,0,,Non accertato,,