Protocollo,Gruppo,DataOraIncidente,Localizzazione1,STRADA1,Localizzazione2,STRADA2,Strada02,Chilometrica,DaSpecificare,NaturaIncidente,particolaritastrade,TipoStrada,FondoStradale,Pavimentazione,Segnaletica,CondizioneAtmosferica,Traffico,Visibilita,Illuminazione,NUM_FERITI,NUM_RISERVATA,NUM_MORTI,NUM_ILLESI,Longitudine,Latitudine,Confermato,Progressivo,TipoVeicolo,StatoVeicolo,TipoPersona,Sesso,Tipolesione,Deceduto,DecedutoDopo,CinturaCascoUtilizzato,Airbag,
4004103,12,22/09/2018 05:10:00,Strada Urbana,VIA TOLOSA,in corrispondenza,,del civico n.,36,,Veicolo in marcia contro veicolo in sosta,Rettilineo,Una carreggiata a senso unico di marcia,Asciutto,Asfaltata,Verticale ed orizzontale,Sereno,Scarso,Sufficiente,Sufficiente,0,0,0,1,12.4558,41.818,-1,1,Autovettura privata,In marcia / fermata / arresto,Conducente,M,Illeso,0,,Non accertato,Inesploso,
4004108,20,24/09/2018 16:20:00,Strada Urbana,VIALE DI TOR DI QUINTO,in prossimit�,,del civico n.,119,,Tamponamento Multiplo,Curva a visuale libera,Una carreggiata a doppio senso,Asciutto,Asfaltata,Verticale ed orizzontale,Sereno,Intenso,Buona,Ore Diurne,0,0,0,3,12.4864,41.9452,-1,1,Autocarro inferiore 35 q.,In marcia / fermata / arresto,Conducente,M,Illeso,0,,,,
4004108,20,24/09/2018 16:20:00,Strada Urbana,VIALE DI TOR DI QUINTO,in prossimit�,,del civico n.,119,,Tamponamento Multiplo,Curva a visuale libera,Una carreggiata a doppio senso,Asciutto,Asfaltata,Verticale ed orizzontale,Sereno,Intenso,Buona,Ore Diurne,0,0,0,3,12.4864,41.9452,-1,2,Autovettura privata,In marcia / fermata / arresto,Conducente,M,Illeso,0,,,,
4004108,20,24/09/2018 16:20:00,Strada Urbana,VIALE DI TOR DI QUINTO,in prossimit�,,del civico n.,119,,Tamponamento Multiplo,Curva a visuale libera,Una carreggiata a doppio senso,Asciutto,Asfaltata,Verticale ed orizzontale,Sereno,Intenso,Buona,Ore Diurne,0,0,0,3,12.4864,41.9452,-1,3,Autovettura privata,In marcia / fermata / arresto,Conducente,M,Illeso,0,,,,
4004113,8,24/09/2018 11:00:00,Strada Urbana,VIA AMICO ASPERTINI,all'intersezione con,VIA DOMENICO PARASACCHI,VIA DOMENICO PARASACCHI,,,Scontro frontale/laterale SX fra veicoli in marcia,Intersezione stradale segnalata,Una carreggiata a doppio senso,Asciutto,Asfaltata,Verticale ed orizzontale,Nuvoloso,Normale,Buona,Ore Diurne,2,0,0,3,12.6299,41.8728,-1,1,Autovettura privata,In marcia / fermata / arresto,Conducente,F,Illeso,0,,Non accertato,Inesploso,
4004113,8,24/09/2018 11:00:00,Strada Urbana,VIA AMICO ASPERTINI,all'intersezione con,VIA DOMENICO PARASACCHI,VIA DOMENICO PARASACCHI,,,Scontro frontale/laterale SX fra veicoli in marcia,Intersezione stradale segnalata,Una carreggiata a doppio senso,Asciutto,Asfaltata,Verticale ed orizzontale,Nuvoloso,Normale,Buona,Ore Diurne,2,0,0,3,12.6299,41.8728,-1,1,Autovettura privata,In marcia / fermata / arresto,Passeggero,M,Illeso,0,,Non accertato,Inesploso,
4004113,8,24/09/2018 11:00:00,Strada Urbana,VIA AMICO ASPERTINI,all'intersezione con,VIA DOMENICO PARASACCHI,VIA DOMENICO PARASACCHI,,,Scontro frontale/laterale SX fra veicoli in marcia,Intersezione stradale segnalata,Una carreggiata a doppio senso,Asciutto,Asfaltata,Verticale ed orizzontale,Nuvoloso,Normale,Buona,Ore Diurne,2,0,0,3,12.6299,41.8728,-1,2,Autovettura privata,In marcia / fermata / arresto,Conducente,M,Illeso,0,,Non accertato,Inesploso,
4004113,8,24/09/2018 11:00:00,Strada Urbana,VIA AMICO ASPERTINI,all'intersezione con,VIA DOMENICO PARASACCHI,VIA DOMENICO PARASACCHI,,,Scontro frontale/laterale SX fra veicoli in marcia,Intersezione stradale segnalata,Una carreggiata a doppio senso,Asciutto,Asfaltata,Verticale ed orizzontale,Nuvoloso,Normale,Buona,Ore Diurne,2,0,0,3,12.6299,41.8728,-1,2,Autovettura privata,In marcia / fermata / arresto,Passeggero,F,Rimandato,0,NON DECEDUTO,Non accertato,Inesploso,
4004113,8,24/09/2018 11:00:00,Strada Urbana,VIA AMICO ASPERTINI,all'intersezione con,VIA DOMENICO PARASACCHI,VIA DOMENICO PARASACCHI,,,Scontro frontale/laterale SX fra veicoli in marcia,Intersezione stradale segnalata,Una carreggiata a doppio senso,Asciutto,Asfaltata,Verticale ed orizzontale,Nuvoloso,Normale,Buona,Ore Diurne,2,0,0,3,12.6299,41.8728,-1,2,Autovettura privata,In marcia / fermata / arresto,Passeggero,M,Rifiuta cure immediate,0,NON DECEDUTO,Non accertato,Inesploso,
4004118,5,24/09/2018 12:20:00,Strada Urbana,VIA EUGENIO CHECCHI,in prossimit�,,del civico n.,63,,Scontro laterale fra veicoli in marcia,Rettilineo,Una carreggiata a doppio senso,Asciutto,Asfaltata,Verticale ed orizzontale,Sereno,Normale,Buona,Ore Diurne,0,0,0,3,12.5446,41.9103,-1,1,Autovettura privata,In marcia / fermata / arresto,Conducente,F,Illeso,0,,Non accertato,Inesploso,
4004118,5,24/09/2018 12:20:00,Strada Urbana,VIA EUGENIO CHECCHI,in prossimit�,,del civico n.,63,,Scontro laterale fra veicoli in marcia,Rettilineo,Una carreggiata a doppio senso,Asciutto,Asfaltata,Verticale ed orizzontale,Sereno,Normale,Buona,Ore Diurne,0,0,0,3,12.5446,41.9103,-1,2,Autovettura privata,In marcia / fermata / arresto,Conducente,M,Illeso,0,,Non accertato,Inesploso,
4004118,5,24/09/2018 12:20:00,Strada Urbana,VIA EUGENIO CHECCHI,in prossimit�,,del civico n.,63,,Scontro laterale fra veicoli in marcia,Rettilineo,Una carreggiata a doppio senso,Asciutto,Asfaltata,Verticale ed orizzontale,Sereno,Normale,Buona,Ore Diurne,0,0,0,3,12.5446,41.9103,-1,2,Autovettura privata,In marcia / fermata / arresto,Passeggero,M,Illeso,0,,Non accertato,Inesploso,
4004133,8,24/09/2018 04:10:00,Strada Urbana,VIA DI TORRENOVA,in corrispondenza,,del civico n.,85,,Veicolo in marcia contro veicoli in sosta,Rettilineo,Una carreggiata a doppio senso,Asciutto,Asfaltata,Orizzontale,Sereno,Scarso,Sufficiente,Sufficiente,0,0,0,1,12.6165,41.8692,-1,1,Autovettura privata,In marcia / fermata / arresto,Conducente,M,Illeso,0,,Non accertato,Inesploso,
4004138,8,24/09/2018 06:05:00,Provinciale entro l'abitato,VIA PRENESTINA NUOVA,in corrispondenza,,della chilometrica,0.15,,Tamponamento Multiplo,Rettilineo,Una carreggiata a doppio senso,Asciutto,Asfaltata,Orizzontale,Sereno,Normale,Buona,Ore Diurne,1,0,0,2,12.7111,41.8855,-1,1,Autovettura privata,In marcia / fermata / arresto,Conducente,M,Rifiuta cure immediate,0,NON DECEDUTO,Non accertato,Inesploso,
4004138,8,24/09/2018 06:05:00,Provinciale entro l'abitato,VIA PRENESTINA NUOVA,in corrispondenza,,della chilometrica,0.15,,Tamponamento Multiplo,Rettilineo,Una carreggiata a doppio senso,Asciutto,Asfaltata,Orizzontale,Sereno,Normale,Buona,Ore Diurne,1,0,0,2,12.7111,41.8855,-1,2,Autovettura privata,In marcia / fermata / arresto,Conducente,M,Illeso,0,,Non accertato,Inesploso,
4004138,8,24/09/2018 06:05:00,Provinciale entro l'abitato,VIA PRENESTINA NUOVA,in corrispondenza,,della chilometrica,0.15,,Tamponamento Multiplo,Rettilineo,Una carreggiata a doppio senso,Asciutto,Asfaltata,Orizzontale,Sereno,Normale,Buona,Ore Diurne,1,0,0,2,12.7111,41.8855,-1,3,Autovettura privata,In marcia / fermata / arresto,Conducente,M,Illeso,0,,Non accertato,Inesploso,
4004140,8,24/09/2018 09:45:00,Strada Urbana,VIA DI TOR VERGATA,in prossimit�,,del civico n.,167A,,Veicolo in marcia contro veicolo in sosta,Rettilineo,Pi� di due carreggiate,Asciutto,Asfaltata,Verticale,Sereno,Normale,Buona,Ore Diurne,0,0,0,1,12.6253,41.85,-1,1,Autocarro inferiore 35 q.,In marcia / fermata / arresto,Conducente,M,Illeso,0,,Non accertato,Inesploso,
4004151,8,24/09/2018 16:30:00,Strada Urbana,VIA PRENESTINA,all'intersezione con,VIA CALABRITTO,VIA CALABRITTO,,,Scontro frontale/laterale DX fra veicoli in marcia,Incrocio,Una carreggiata a doppio senso,Asciutto,Asfaltata,Verticale ed orizzontale,Sereno,Intenso,Buona,Ore Diurne,1,0,0,1,12.6152,41.8933,-1,1,Autovettura privata,In marcia / fermata / arresto,Conducente,M,Illeso,0,,Non accertato,Inesploso,
4004151,8,24/09/2018 16:30:00,Strada Urbana,VIA PRENESTINA,all'intersezione con,VIA CALABRITTO,VIA CALABRITTO,,,Scontro frontale/laterale DX fra veicoli in marcia,Incrocio,Una carreggiata a doppio senso,Asciutto,Asfaltata,Verticale ed orizzontale,Sereno,Intenso,Buona,Ore Diurne,1,0,0,1,12.6152,41.8933,-1,2,Motociclo a solo,In marcia / fermata / arresto,Conducente,M,Rifiuta cure immediate,0,NON DECEDUTO,Utilizzato,,
4004158,16,24/09/2018 19:30:00,Strada Urbana,PIAZZA FONTEIANA,da specificare,,,,fronte civico 16,Veicolo in marcia contro veicolo fermo,Rettilineo,Una carreggiata a senso unico di marcia,Asciutto,Strada pavimentata dissestata,Verticale,Nuvoloso,Scarso,Buona,Sufficiente,0,0,0,4,12.4544,41.8806,-1,1,Autovettura privata,In marcia / fermata / arresto,Conducente,F,Illeso,0,,Non accertato,,
4004158,16,24/09/2018 19:30:00,Strada Urbana,PIAZZA FONTEIANA,da specificare,,,,fronte civico 16,Veicolo in marcia contro veicolo fermo,Rettilineo,Una carreggiata a senso unico di marcia,Asciutto,Strada pavimentata dissestata,Verticale,Nuvoloso,Scarso,Buona,Sufficiente,0,0,0,4,12.4544,41.8806,-1,1,Autovettura privata,In marcia / fermata / arresto,Passeggero,M,Illeso,0,,Non accertato,,
4004158,16,24/09/2018 19:30:00,Strada Urbana,PIAZZA FONTEIANA,da specificare,,,,fronte civico 16,Veicolo in marcia contro veicolo fermo,Rettilineo,Una carreggiata a senso unico di marcia,Asciutto,Strada pavimentata dissestata,Verticale,Nuvoloso,Scarso,Buona,Sufficiente,0,0,0,4,12.4544,41.8806,-1,2,Autovettura privata,In marcia / fermata / arresto,Conducente,M,Illeso,0,,Non accertato,,
4004158,16,24/09/2018 19:30:00,Strada Urbana,PIAZZA FONTEIANA,da specificare,,,,fronte civico 16,Veicolo in marcia contro veicolo fermo,Rettilineo,Una carreggiata a senso unico di marcia,Asciutto,Strada pavimentata dissestata,Verticale,Nuvoloso,Scarso,Buona,Sufficiente,0,0,0,4,12.4544,41.8806,-1,2,Autovettura privata,In marcia / fermata / arresto,Passeggero,M,Illeso,0,,Non accertato,,
4004162,17,25/09/2018 00:30:00,Strada Urbana,PIAZZA TRILUSSA,all'intersezione semaforizzata con,PONTE SISTO,PONTE SISTO,,,Investimento di pedone,Intersezione semaforizzata,Una carreggiata a senso unico di marcia,Asciutto,Asfaltata,Verticale ed orizzontale,Nuvoloso,Normale,Sufficiente,Sufficiente,1,1,0,0,12.4702,41.8919,-1,,,,Pedone,M,Prognosi riservata,0,NON DECEDUTO,,,
4004162,17,25/09/2018 00:30:00,Strada Urbana,PIAZZA TRILUSSA,all'intersezione semaforizzata con,PONTE SISTO,PONTE SISTO,,,Investimento di pedone,Intersezione semaforizzata,Una carreggiata a senso unico di marcia,Asciutto,Asfaltata,Verticale ed orizzontale,Nuvoloso,Normale,Sufficiente,Sufficiente,1,1,0,0,12.4702,41.8919,-1,1,Motociclo a solo,In marcia / fermata / arresto,Conducente,M,Rimandato,0,NON DECEDUTO,,,
4004165,18,25/09/2018 03:30:00,,VIA DELLA PINETA SACCHETTI,da specificare,,,,FRONTE VIA A. BOLOGNETTI ,Veicolo in marcia contro veicoli in sosta,,,,,,,,,,0,0,0,1,12.425,41.924,0,1,Autovettura privata,In marcia / fermata / arresto,Conducente,F,Illeso,0,,,,
4004167,10,25/09/2018 07:55:00,Strada Urbana,PIAZZA FABIO SABATINI,all'intersezione con,VIALE ANTONIO CIAMARRA,VIALE ANTONIO CIAMARRA,,,Scontro laterale fra veicoli in marcia,Rotatoria,Pi� di due carreggiate,Asciutto,Asfaltata,Verticale ed orizzontale,Nuvoloso,Normale,Sufficiente,Ore Diurne,0,0,0,2,12.5909,41.8471,-1,1,Autovettura privata,In marcia / fermata / arresto,Conducente,F,Illeso,0,,Non accertato,Inesploso,
4004167,10,25/09/2018 07:55:00,Strada Urbana,PIAZZA FABIO SABATINI,all'intersezione con,VIALE ANTONIO CIAMARRA,VIALE ANTONIO CIAMARRA,,,Scontro laterale fra veicoli in marcia,Rotatoria,Pi� di due carreggiate,Asciutto,Asfaltata,Verticale ed orizzontale,Nuvoloso,Normale,Sufficiente,Ore Diurne,0,0,0,2,12.5909,41.8471,-1,2,Autovettura privata,In marcia / fermata / arresto,Conducente,F,Illeso,0,,Non accertato,Inesploso,
4004173,5,24/09/2018 13:20:00,Strada Urbana,VIA DI SALONE,da specificare,,,,in corrispondenza del ponte A24,Scontro laterale fra veicoli in marcia,Curva senza visuale libera,Una carreggiata a doppio senso,Asciutto,Asfaltata,Verticale ed orizzontale,Sereno,Normale,Buona,Ore Diurne,1,0,0,1,12.63,41.9234,-1,1,Autocarro inferiore 35 q.,In marcia / fermata / arresto,Conducente,M,Illeso,0,,Non accertato,Inesploso,
4004173,5,24/09/2018 13:20:00,Strada Urbana,VIA DI SALONE,da specificare,,,,in corrispondenza del ponte A24,Scontro laterale fra veicoli in marcia,Curva senza visuale libera,Una carreggiata a doppio senso,Asciutto,Asfaltata,Verticale ed orizzontale,Sereno,Normale,Buona,Ore Diurne,1,0,0,1,12.63,41.9234,-1,2,Motociclo a solo,In marcia / fermata / arresto,Conducente,M,Rimandato,0,NON DECEDUTO,Non accertato,,
4004199,8,24/09/2018 15:30:00,Strada Urbana,VIA CASILINA,all'intersezione con,VIA DI PRATAPORCI,VIA DI PRATAPORCI,,,Scontro laterale fra veicoli in marcia,Incrocio,Una carreggiata a doppio senso,Asciutto,Asfaltata,Verticale ed orizzontale,Sereno,Normale,Buona,Ore Diurne,0,0,0,1,12.6194,41.8629,-1,1,Autovettura privata,In marcia / fermata / arresto,Conducente,F,Illeso,0,,Non accertato,Inesploso,
4004213,4,24/09/2018 13:40:00,Strada Urbana,VIA DELLA CISA,in prossimit�,,del civico n.,11,,Veicolo in marcia contro veicolo in sosta,Rettilineo,Una carreggiata a doppio senso,Asciutto,Asfaltata,Assente,Sereno,Normale,Buona,Ore Diurne,0,0,0,1,12.5392,41.9361,-1,1,Autovettura privata,In marcia / fermata / arresto,Conducente,F,Illeso,0,,,,
4004216,19,24/09/2018 19:55:00,Strada Urbana,LARGO DAMIANO CHIESA,all'intersezione con,VIA UGO DE CAROLIS,VIA UGO DE CAROLIS,,,Scontro frontale/laterale SX fra veicoli in marcia,Incrocio,Una carreggiata a doppio senso,Asciutto,Asfaltata,Verticale ed orizzontale,Sereno,Normale,Buona,Sufficiente,1,0,0,1,12.4382,41.9196,-1,1,Autovettura privata,In marcia / fermata / arresto,Conducente,F,Illeso,0,,Non accertato,Inesploso,
4004216,19,24/09/2018 19:55:00,Strada Urbana,LARGO DAMIANO CHIESA,all'intersezione con,VIA UGO DE CAROLIS,VIA UGO DE CAROLIS,,,Scontro frontale/laterale SX fra veicoli in marcia,Incrocio,Una carreggiata a doppio senso,Asciutto,Asfaltata,Verticale ed orizzontale,Sereno,Normale,Buona,Sufficiente,1,0,0,1,12.4382,41.9196,-1,2,Quadriciclo leggero,In marcia / fermata / arresto,Conducente,M,Rimandato,0,NON DECEDUTO,Non accertato,Inesploso,
4004222,5,24/09/2018 14:15:00,Strada Urbana,VIA ZOE FONTANA,da specificare,,,,in prossimit� via Monteflavio,Scontro frontale/laterale DX fra veicoli in marcia,Rettilineo,Una carreggiata a doppio senso,Asciutto,Asfaltata,Verticale,Sereno,Normale,Sufficiente,Ore Diurne,1,0,0,1,12.6091,41.9309,-1,1,Autovettura privata,In marcia / fermata / arresto,Conducente,F,Rimandato,0,NON DECEDUTO,Non accertato,,
4004222,5,24/09/2018 14:15:00,Strada Urbana,VIA ZOE FONTANA,da specificare,,,,in prossimit� via Monteflavio,Scontro frontale/laterale DX fra veicoli in marcia,Rettilineo,Una carreggiata a doppio senso,Asciutto,Asfaltata,Verticale,Sereno,Normale,Sufficiente,Ore Diurne,1,0,0,1,12.6091,41.9309,-1,2,Autovettura privata,In marcia / fermata / arresto,Conducente,M,Illeso,0,,Non accertato,,
4004238,4,24/09/2018 16:15:00,Strada Urbana,VIA RENATO FUCINI,all'intersezione con,VIA LUCIANO ZUCCOLI,VIA LUCIANO ZUCCOLI,,,Scontro laterale fra veicoli in marcia,Incrocio,Due carreggiate,Asciutto,Asfaltata,Assente,Sereno,Intenso,Buona,Ore Diurne,0,0,0,3,12.5464,41.9522,-1,1,Autovettura privata,In marcia / fermata / arresto,Conducente,M,Illeso,0,,,,
4004238,4,24/09/2018 16:15:00,Strada Urbana,VIA RENATO FUCINI,all'intersezione con,VIA LUCIANO ZUCCOLI,VIA LUCIANO ZUCCOLI,,,Scontro laterale fra veicoli in marcia,Incrocio,Due carreggiate,Asciutto,Asfaltata,Assente,Sereno,Intenso,Buona,Ore Diurne,0,0,0,3,12.5464,41.9522,-1,2,Autovettura privata,In marcia / fermata / arresto,Conducente,M,Illeso,0,,,,
4004238,4,24/09/2018 16:15:00,Strada Urbana,VIA RENATO FUCINI,all'intersezione con,VIA LUCIANO ZUCCOLI,VIA LUCIANO ZUCCOLI,,,Scontro laterale fra veicoli in marcia,Incrocio,Due carreggiate,Asciutto,Asfaltata,Assente,Sereno,Intenso,Buona,Ore Diurne,0,0,0,3,12.5464,41.9522,-1,2,Autovettura privata,In marcia / fermata / arresto,Passeggero,M,Illeso,0,,,,
4004242,8,24/09/2018 17:10:00,Strada Urbana,VIALE DUILIO CAMBELLOTTI,da specificare,,,,ALTEZZA VIA BALBIANI,Scontro laterale fra veicoli in marcia,Rettilineo,Una carreggiata a senso unico di marcia,Asciutto,Asfaltata,Verticale ed orizzontale,Sereno,Normale,Buona,Ore Diurne,2,0,0,3,12.6334,41.8689,0,1,Autovettura privata,In marcia / fermata / arresto,Conducente,M,Rimandato,0,NON DECEDUTO,Non accertato,Inesploso,
4004242,8,24/09/2018 17:10:00,Strada Urbana,VIALE DUILIO CAMBELLOTTI,da specificare,,,,ALTEZZA VIA BALBIANI,Scontro laterale fra veicoli in marcia,Rettilineo,Una carreggiata a senso unico di marcia,Asciutto,Asfaltata,Verticale ed orizzontale,Sereno,Normale,Buona,Ore Diurne,2,0,0,3,12.6334,41.8689,0,1,Autovettura privata,In marcia / fermata / arresto,Passeggero,M,Rimandato,0,NON DECEDUTO,Non accertato,Inesploso,
4004242,8,24/09/2018 17:10:00,Strada Urbana,VIALE DUILIO CAMBELLOTTI,da specificare,,,,ALTEZZA VIA BALBIANI,Scontro laterale fra veicoli in marcia,Rettilineo,Una carreggiata a senso unico di marcia,Asciutto,Asfaltata,Verticale ed orizzontale,Sereno,Normale,Buona,Ore Diurne,2,0,0,3,12.6334,41.8689,0,2,Autovettura privata,In marcia / fermata / arresto,Conducente,F,Illeso,0,,Non accertato,Inesploso,
4004242,8,24/09/2018 17:10:00,Strada Urbana,VIALE DUILIO CAMBELLOTTI,da specificare,,,,ALTEZZA VIA BALBIANI,Scontro laterale fra veicoli in marcia,Rettilineo,Una carreggiata a senso unico di marcia,Asciutto,Asfaltata,Verticale ed orizzontale,Sereno,Normale,Buona,Ore Diurne,2,0,0,3,12.6334,41.8689,0,2,Autovettura privata,In marcia / fermata / arresto,Passeggero,F,Illeso,0,,Non accertato,Inesploso,
4004242,8,24/09/2018 17:10:00,Strada Urbana,VIALE DUILIO CAMBELLOTTI,da specificare,,,,ALTEZZA VIA BALBIANI,Scontro laterale fra veicoli in marcia,Rettilineo,Una carreggiata a senso unico di marcia,Asciutto,Asfaltata,Verticale ed orizzontale,Sereno,Normale,Buona,Ore Diurne,2,0,0,3,12.6334,41.8689,0,3,Autovettura privata,In marcia / fermata / arresto,Conducente,M,Illeso,0,,Non accertato,Inesploso,
4004249,7,24/09/2018 12:00:00,Strada Urbana,LARGO AUGUSTO CORELLI,all'intersezione con,VIA DELLA RUSTICA,VIA DELLA RUSTICA,,,Veicolo in marcia contro veicolo in sosta,Incrocio,Una carreggiata a doppio senso,Asciutto,Asfaltata,Verticale ed orizzontale,Sereno,Normale,Buona,Ore Diurne,0,0,0,1,12.6102,41.9137,-1,2,Autocarro inferiore 35 q.,In marcia / fermata / arresto,Conducente,M,Illeso,0,,Non accertato,Inesploso,
4004257,5,24/09/2018 16:30:00,Strada Urbana,VIA DONATO MENICHELLA,all'intersezione con,VIA PIER SILVERIO LEICHT,VIA PIER SILVERIO LEICHT,,,Scontro frontale/laterale SX fra veicoli in marcia,Incrocio,Una carreggiata a doppio senso,Sdrucciolevole (fango),Asfaltata,Verticale ed orizzontale,Sereno,Normale,Buona,Ore Diurne,0,0,0,2,12.5841,41.9487,-1,1,Autovettura privata,In marcia / fermata / arresto,Conducente,M,Illeso,0,,Non accertato,,
4004257,5,24/09/2018 16:30:00,Strada Urbana,VIA DONATO MENICHELLA,all'intersezione con,VIA PIER SILVERIO LEICHT,VIA PIER SILVERIO LEICHT,,,Scontro frontale/laterale SX fra veicoli in marcia,Incrocio,Una carreggiata a doppio senso,Sdrucciolevole (fango),Asfaltata,Verticale ed orizzontale,Sereno,Normale,Buona,Ore Diurne,0,0,0,2,12.5841,41.9487,-1,2,Autovettura privata,In marcia / fermata / arresto,Conducente,F,Illeso,0,,Non accertato,,
4004258,6,25/09/2018 08:50:00,Strada Urbana,VIA GABRINO FONDULO,in prossimit�,,del civico n.,29,,Scontro frontale/laterale SX fra veicoli in marcia,Rettilineo,Una carreggiata a senso unico di marcia,Asciutto,Asfaltata,Orizzontale,Sereno,Scarso,Buona,Ore Diurne,0,0,0,2,12.5372,41.8867,-1,1,Autovettura privata,In marcia / fermata / arresto,Conducente,M,Illeso,0,,Non accertato,Inesploso,
4004258,6,25/09/2018 08:50:00,Strada Urbana,VIA GABRINO FONDULO,in prossimit�,,del civico n.,29,,Scontro frontale/laterale SX fra veicoli in marcia,Rettilineo,Una carreggiata a senso unico di marcia,Asciutto,Asfaltata,Orizzontale,Sereno,Scarso,Buona,Ore Diurne,0,0,0,2,12.5372,41.8867,-1,2,Autovettura privata,In marcia / fermata / arresto,Conducente,M,Illeso,0,,Non accertato,Inesploso,
4004289,7,24/09/2018 23:00:00,Strada Urbana,VIA CASILINA,all'intersezione semaforizzata con,VIALE PALMIRO TOGLIATTI,VIALE PALMIRO TOGLIATTI,,,Scontro frontale/laterale DX fra veicoli in marcia,Intersezione semaforizzata,Due carreggiate,Asciutto,Asfaltata,Verticale ed orizzontale,Sereno,Scarso,Buona,Sufficiente,0,0,0,6,12.57,41.874,-1,1,Autovettura privata,In marcia / fermata / arresto,Conducente,F,Illeso,0,,Utilizzato,Inesploso,
4004289,7,24/09/2018 23:00:00,Strada Urbana,VIA CASILINA,all'intersezione semaforizzata con,VIALE PALMIRO TOGLIATTI,VIALE PALMIRO TOGLIATTI,,,Scontro frontale/laterale DX fra veicoli in marcia,Intersezione semaforizzata,Due carreggiate,Asciutto,Asfaltata,Verticale ed orizzontale,Sereno,Scarso,Buona,Sufficiente,0,0,0,6,12.57,41.874,-1,1,Autovettura privata,In marcia / fermata / arresto,Passeggero,M,Illeso,0,,Non accertato,Inesploso,
4004289,7,24/09/2018 23:00:00,Strada Urbana,VIA CASILINA,all'intersezione semaforizzata con,VIALE PALMIRO TOGLIATTI,VIALE PALMIRO TOGLIATTI,,,Scontro frontale/laterale DX fra veicoli in marcia,Intersezione semaforizzata,Due carreggiate,Asciutto,Asfaltata,Verticale ed orizzontale,Sereno,Scarso,Buona,Sufficiente,0,0,0,6,12.57,41.874,-1,2,Autocarro inferiore 35 q.,In marcia / fermata / arresto,Conducente,M,Illeso,0,,Non accertato,Inesploso,
4004289,7,24/09/2018 23:00:00,Strada Urbana,VIA CASILINA,all'intersezione semaforizzata con,VIALE PALMIRO TOGLIATTI,VIALE PALMIRO TOGLIATTI,,,Scontro frontale/laterale DX fra veicoli in marcia,Intersezione semaforizzata,Due carreggiate,Asciutto,Asfaltata,Verticale ed orizzontale,Sereno,Scarso,Buona,Sufficiente,0,0,0,6,12.57,41.874,-1,2,Autocarro inferiore 35 q.,In marcia / fermata / arresto,Passeggero,F,Illeso,0,,Non accertato,Inesploso,
4004289,7,24/09/2018 23:00:00,Strada Urbana,VIA CASILINA,all'intersezione semaforizzata con,VIALE PALMIRO TOGLIATTI,VIALE PALMIRO TOGLIATTI,,,Scontro frontale/laterale DX fra veicoli in marcia,Intersezione semaforizzata,Due carreggiate,Asciutto,Asfaltata,Verticale ed orizzontale,Sereno,Scarso,Buona,Sufficiente,0,0,0,6,12.57,41.874,-1,2,Autocarro inferiore 35 q.,In marcia / fermata / arresto,Passeggero,F,Illeso,0,,Non accertato,Inesploso,
4004289,7,24/09/2018 23:00:00,Strada Urbana,VIA CASILINA,all'intersezione semaforizzata con,VIALE PALMIRO TOGLIATTI,VIALE PALMIRO TOGLIATTI,,,Scontro frontale/laterale DX fra veicoli in marcia,Intersezione semaforizzata,Due carreggiate,Asciutto,Asfaltata,Verticale ed orizzontale,Sereno,Scarso,Buona,Sufficiente,0,0,0,6,12.57,41.874,-1,2,Autocarro inferiore 35 q.,In marcia / fermata / arresto,Passeggero,M,Illeso,0,,Non accertato,Inesploso,
4004301,7,25/09/2018 08:50:00,Strada Urbana,VIA MURACCIO DI RISCHIARO,in prossimit�,,del civico n.,72,,Scontro laterale fra veicoli in marcia,Rettilineo,Una carreggiata a doppio senso,Asciutto,Asfaltata,Assente,Sereno,Scarso,Buona,Ore Diurne,0,0,0,2,12.6054,41.8879,-1,1,Autovettura privata,In marcia / fermata / arresto,Conducente,M,Illeso,0,,,,
4004301,7,25/09/2018 08:50:00,Strada Urbana,VIA MURACCIO DI RISCHIARO,in prossimit�,,del civico n.,72,,Scontro laterale fra veicoli in marcia,Rettilineo,Una carreggiata a doppio senso,Asciutto,Asfaltata,Assente,Sereno,Scarso,Buona,Ore Diurne,0,0,0,2,12.6054,41.8879,-1,2,Autovettura privata,In marcia / fermata / arresto,Conducente,M,Illeso,0,,,,
4004303,4,24/09/2018 11:40:00,Strada Urbana,VIALE JONIO,all'intersezione con,VIA MONTECASSINO,VIA MONTECASSINO,,,Investimento di pedone,Intersezione semaforizzata,Due carreggiate,Asciutto,Asfaltata,Orizzontale,Nuvoloso,Normale,Buona,Ore Diurne,1,0,0,1,12.5333,41.9454,-1,,,,Pedone,F,Rimandato,0,NON DECEDUTO,,,
4004303,4,24/09/2018 11:40:00,Strada Urbana,VIALE JONIO,all'intersezione con,VIA MONTECASSINO,VIA MONTECASSINO,,,Investimento di pedone,Intersezione semaforizzata,Due carreggiate,Asciutto,Asfaltata,Orizzontale,Nuvoloso,Normale,Buona,Ore Diurne,1,0,0,1,12.5333,41.9454,-1,1,Autovettura privata,In marcia / fermata / arresto,Conducente,F,Illeso,0,,,,