Protocollo,Gruppo,DataOraIncidente,Localizzazione1,STRADA1,Localizzazione2,STRADA2,Strada02,Chilometrica,DaSpecificare,NaturaIncidente,particolaritastrade,TipoStrada,FondoStradale,Pavimentazione,Segnaletica,CondizioneAtmosferica,Traffico,Visibilita,Illuminazione,NUM_FERITI,NUM_RISERVATA,NUM_MORTI,NUM_ILLESI,Longitudine,Latitudine,Confermato,Progressivo,TipoVeicolo,StatoVeicolo,TipoPersona,Sesso,Tipolesione,Deceduto,DecedutoDopo,CinturaCascoUtilizzato,Airbag,
4004307,3,23/09/2018 12:20:00,,VIA GAETANO MORONI,all'intersezione con,VIA LUIGI PIGORINI,VIA LUIGI PIGORINI,,,Scontro frontale fra veicoli in marcia,,,,,,,,,,0,0,0,2,,,0,1,Autovettura privata,In marcia / fermata / arresto,Conducente,M,Illeso,0,,,,
4004307,3,23/09/2018 12:20:00,,VIA GAETANO MORONI,all'intersezione con,VIA LUIGI PIGORINI,VIA LUIGI PIGORINI,,,Scontro frontale fra veicoli in marcia,,,,,,,,,,0,0,0,2,,,0,2,Autovettura privata,In marcia / fermata / arresto,Conducente,M,Illeso,0,,,,
4004313,4,24/09/2018 09:40:00,Strada Urbana,VIA LUIGI BERTELLI,all'intersezione con,VIA NICOLA MARCHESE,VIA NICOLA MARCHESE,,,Scontro frontale fra veicoli in marcia,Incrocio,Una carreggiata a doppio senso,Asciutto,Asfaltata,Verticale,Nuvoloso,Scarso,Buona,Ore Diurne,0,0,0,3,12.5418,41.9395,-1,1,Autovettura privata,In marcia / fermata / arresto,Conducente,F,Illeso,0,,,,
4004313,4,24/09/2018 09:40:00,Strada Urbana,VIA LUIGI BERTELLI,all'intersezione con,VIA NICOLA MARCHESE,VIA NICOLA MARCHESE,,,Scontro frontale fra veicoli in marcia,Incrocio,Una carreggiata a doppio senso,Asciutto,Asfaltata,Verticale,Nuvoloso,Scarso,Buona,Ore Diurne,0,0,0,3,12.5418,41.9395,-1,1,Autovettura privata,In marcia / fermata / arresto,Passeggero,F,Illeso,0,,,,
4004313,4,24/09/2018 09:40:00,Strada Urbana,VIA LUIGI BERTELLI,all'intersezione con,VIA NICOLA MARCHESE,VIA NICOLA MARCHESE,,,Scontro frontale fra veicoli in marcia,Incrocio,Una carreggiata a doppio senso,Asciutto,Asfaltata,Verticale,Nuvoloso,Scarso,Buona,Ore Diurne,0,0,0,3,12.5418,41.9395,-1,2,Motociclo a solo,In marcia / fermata / arresto,Conducente,M,Illeso,0,,,,
4004333,5,25/09/2018 05:40:00,Strada Urbana,VIA BELMONTE IN SABINA,da specificare,,,,invers. di marcia dalla carreggiata esterna GRA ,Scontro laterale fra veicoli in marcia,Rettilineo,Due carreggiate,Asciutto,Asfaltata,Verticale ed orizzontale,Nuvoloso,Normale,Insufficiente,Insufficiente,0,0,0,2,12.5937,41.9464,-1,1,Autovettura privata,In marcia / fermata / arresto,Conducente,M,Illeso,0,,Non accertato,Inesploso,
4004333,5,25/09/2018 05:40:00,Strada Urbana,VIA BELMONTE IN SABINA,da specificare,,,,invers. di marcia dalla carreggiata esterna GRA ,Scontro laterale fra veicoli in marcia,Rettilineo,Due carreggiate,Asciutto,Asfaltata,Verticale ed orizzontale,Nuvoloso,Normale,Insufficiente,Insufficiente,0,0,0,2,12.5937,41.9464,-1,2,Autovettura privata,In marcia / fermata / arresto,Conducente,M,Illeso,0,,Non accertato,Inesploso,
4004336,3,24/09/2018 01:15:00,,LARGO AMILCARE PONCHIELLI,in prossimit�,,del civico n.,4,,Veicolo in marcia contro ostacolo fisso,,,,,,,,,,0,0,0,1,,,0,1,Autovettura privata,In marcia / fermata / arresto,Conducente,M,Illeso,0,,,,
4004344,3,23/09/2018 16:10:00,,Tangenziale Est direzione S. Giovanni,da specificare,,,,altezza uscita batteria nomentana,Scontro frontale/laterale SX fra veicoli in marcia,,,,,,,,,,0,0,0,1,,,0,1,Autovettura privata,In marcia / fermata / arresto,Conducente,M,Illeso,0,,,,
4004352,3,22/09/2018 12:00:00,Strada Urbana,VIA TIBURTINA,da specificare,,,,altezza Via degli Umbri,Tamponamento,Rettilineo,Una carreggiata a doppio senso,Asciutto,Asfaltata,Verticale ed orizzontale,Sereno,Normale,Buona,Ore Diurne,0,0,0,3,,,0,1,Autocarro inferiore 35 q.,In marcia / fermata / arresto,Conducente,M,Illeso,0,,Non accertato,Inesploso,
4004352,3,22/09/2018 12:00:00,Strada Urbana,VIA TIBURTINA,da specificare,,,,altezza Via degli Umbri,Tamponamento,Rettilineo,Una carreggiata a doppio senso,Asciutto,Asfaltata,Verticale ed orizzontale,Sereno,Normale,Buona,Ore Diurne,0,0,0,3,,,0,2,Autovettura privata,In marcia / fermata / arresto,Conducente,M,Illeso,0,,Non accertato,Inesploso,
4004352,3,22/09/2018 12:00:00,Strada Urbana,VIA TIBURTINA,da specificare,,,,altezza Via degli Umbri,Tamponamento,Rettilineo,Una carreggiata a doppio senso,Asciutto,Asfaltata,Verticale ed orizzontale,Sereno,Normale,Buona,Ore Diurne,0,0,0,3,,,0,2,Autovettura privata,In marcia / fermata / arresto,Passeggero,M,Illeso,0,,Non accertato,Inesploso,
4004374,3,21/09/2018 18:00:00,Strada Urbana,VIA TIBURTINA,da specificare,,,,pross. Piazzale Stazione Tiburtina,Veicolo in marcia contro ostacolo fisso,Curva a visuale libera,Pi� di due carreggiate,Bagnato (pioggia),Asfaltata,Assente,Pioggia in atto,Normale,Insufficiente,Sufficiente,0,0,0,1,12.5299,41.9087,-1,1,Autovettura privata,In marcia / fermata / arresto,Conducente,M,Illeso,0,,,,
4004380,3,23/09/2018 05:20:00,Strada Urbana,VIA DEI MARSI,in prossimit�,,del civico n.,67,,Veicolo in marcia contro veicolo in sosta,Rettilineo,Una carreggiata a senso unico di marcia,Asciutto,Asfaltata,Verticale ed orizzontale,Sereno,Scarso,Buona,Sufficiente,0,0,0,1,12.5152,41.8962,-1,1,Autovettura privata,In marcia / fermata / arresto,Conducente,F,Illeso,0,,Non accertato,,
4004407,3,21/09/2018 20:25:00,Strada Urbana,VIA NOMENTANA,da specificare,,,,fronte civico 187,Scontro frontale fra veicoli in marcia,Rettilineo,Pi� di due carreggiate,Asciutto,Asfaltata,Verticale ed orizzontale,Sereno,Normale,Buona,Sufficiente,2,0,0,2,12.5062,41.9129,-1,1,Autovettura privata,In marcia / fermata / arresto,Conducente,M,Illeso,0,,Non accertato,,
4004407,3,21/09/2018 20:25:00,Strada Urbana,VIA NOMENTANA,da specificare,,,,fronte civico 187,Scontro frontale fra veicoli in marcia,Rettilineo,Pi� di due carreggiate,Asciutto,Asfaltata,Verticale ed orizzontale,Sereno,Normale,Buona,Sufficiente,2,0,0,2,12.5062,41.9129,-1,2,Autovettura privata,In marcia / fermata / arresto,Conducente,F,Illeso,0,,Non accertato,,
4004407,3,21/09/2018 20:25:00,Strada Urbana,VIA NOMENTANA,da specificare,,,,fronte civico 187,Scontro frontale fra veicoli in marcia,Rettilineo,Pi� di due carreggiate,Asciutto,Asfaltata,Verticale ed orizzontale,Sereno,Normale,Buona,Sufficiente,2,0,0,2,12.5062,41.9129,-1,3,Quadriciclo,In marcia / fermata / arresto,Conducente,F,Rimandato,0,NON DECEDUTO,Non accertato,,
4004407,3,21/09/2018 20:25:00,Strada Urbana,VIA NOMENTANA,da specificare,,,,fronte civico 187,Scontro frontale fra veicoli in marcia,Rettilineo,Pi� di due carreggiate,Asciutto,Asfaltata,Verticale ed orizzontale,Sereno,Normale,Buona,Sufficiente,2,0,0,2,12.5062,41.9129,-1,3,Quadriciclo,In marcia / fermata / arresto,Passeggero,M,Rimandato,0,NON DECEDUTO,Non accertato,,
4004465,2,24/09/2018 13:00:00,Strada Urbana,VIA BENACO,all'intersezione con,VIA TARO,VIA TARO,,,Scontro laterale fra veicoli in marcia,Incrocio,Due carreggiate,Asciutto,Asfaltata,Verticale ed orizzontale,Sereno,Scarso,Sufficiente,Ore Diurne,0,0,0,2,12.5051,41.9229,-1,1,Autovettura privata,In marcia / fermata / arresto,Conducente,M,Illeso,0,,,,
4004465,2,24/09/2018 13:00:00,Strada Urbana,VIA BENACO,all'intersezione con,VIA TARO,VIA TARO,,,Scontro laterale fra veicoli in marcia,Incrocio,Due carreggiate,Asciutto,Asfaltata,Verticale ed orizzontale,Sereno,Scarso,Sufficiente,Ore Diurne,0,0,0,2,12.5051,41.9229,-1,2,Autovettura privata,In marcia / fermata / arresto,Conducente,M,Illeso,0,,,,
4004477,19,25/09/2018 10:00:00,Strada Urbana,VIA DI BOCCEA,in corrispondenza,,del civico n.,903,,Scontro laterale fra veicoli in marcia,Rettilineo,Una carreggiata a doppio senso,Asciutto,Asfaltata,Orizzontale,Sereno,Normale,Buona,Ore Diurne,1,0,0,1,12.352,41.9279,-1,1,Autovettura privata,In marcia / fermata / arresto,Conducente,M,Illeso,0,,Non accertato,Inesploso,
4004477,19,25/09/2018 10:00:00,Strada Urbana,VIA DI BOCCEA,in corrispondenza,,del civico n.,903,,Scontro laterale fra veicoli in marcia,Rettilineo,Una carreggiata a doppio senso,Asciutto,Asfaltata,Orizzontale,Sereno,Normale,Buona,Ore Diurne,1,0,0,1,12.352,41.9279,-1,2,Motociclo a solo,In marcia / fermata / arresto,Conducente,M,Rimandato,0,NON DECEDUTO,Non accertato,,
4004482,2,24/09/2018 07:53:00,,VIA DI PONTE SALARIO,in prossimit�,,del civico n.,25,,Tamponamento,,,,,,,,,,1,0,0,2,,,0,1,Autovettura privata,In marcia / fermata / arresto,Conducente,F,Illeso,0,,,,
4004482,2,24/09/2018 07:53:00,,VIA DI PONTE SALARIO,in prossimit�,,del civico n.,25,,Tamponamento,,,,,,,,,,1,0,0,2,,,0,2,Motociclo a solo,In marcia / fermata / arresto,Conducente,M,Illeso,0,,,,
4004482,2,24/09/2018 07:53:00,,VIA DI PONTE SALARIO,in prossimit�,,del civico n.,25,,Tamponamento,,,,,,,,,,1,0,0,2,,,0,2,Motociclo a solo,In marcia / fermata / arresto,Passeggero,M,Rimandato,0,NON DECEDUTO,,,
4004485,2,24/09/2018 10:15:00,Strada Urbana,VIA ENDERTA',all'intersezione con,PIAZZA AMBA ALAGI,PIAZZA AMBA ALAGI,,,Veicolo in marcia contro veicolo in sosta,Intersezione stradale segnalata,Una carreggiata a senso unico di marcia,Asciutto,Asfaltata,Verticale ed orizzontale,Sereno,Normale,Buona,Ore Diurne,0,0,0,1,12.5245,41.93,-1,1,Autovettura privata,In marcia / fermata / arresto,Conducente,F,Illeso,0,,,,
4004490,2,24/09/2018 16:10:00,Strada Urbana,VIA SALARIA,da specificare,,,,direzione G.R.A. uscita   Prato della Signora.,Tamponamento Multiplo,Rettilineo,Una carreggiata a senso unico di marcia,Asciutto,Asfaltata,Verticale ed orizzontale,Sereno,Normale,Buona,Ore Diurne,1,0,0,3,13.0817,42.4178,-1,1,Autovettura privata,In marcia / fermata / arresto,Conducente,M,Rifiuta cure immediate,0,NON DECEDUTO,Non accertato,Inesploso,
4004490,2,24/09/2018 16:10:00,Strada Urbana,VIA SALARIA,da specificare,,,,direzione G.R.A. uscita   Prato della Signora.,Tamponamento Multiplo,Rettilineo,Una carreggiata a senso unico di marcia,Asciutto,Asfaltata,Verticale ed orizzontale,Sereno,Normale,Buona,Ore Diurne,1,0,0,3,13.0817,42.4178,-1,2,Autovettura privata,In marcia / fermata / arresto,Conducente,F,Illeso,0,,Non accertato,Inesploso,
4004490,2,24/09/2018 16:10:00,Strada Urbana,VIA SALARIA,da specificare,,,,direzione G.R.A. uscita   Prato della Signora.,Tamponamento Multiplo,Rettilineo,Una carreggiata a senso unico di marcia,Asciutto,Asfaltata,Verticale ed orizzontale,Sereno,Normale,Buona,Ore Diurne,1,0,0,3,13.0817,42.4178,-1,2,Autovettura privata,In marcia / fermata / arresto,Passeggero,F,Illeso,0,,,,
4004490,2,24/09/2018 16:10:00,Strada Urbana,VIA SALARIA,da specificare,,,,direzione G.R.A. uscita   Prato della Signora.,Tamponamento Multiplo,Rettilineo,Una carreggiata a senso unico di marcia,Asciutto,Asfaltata,Verticale ed orizzontale,Sereno,Normale,Buona,Ore Diurne,1,0,0,3,13.0817,42.4178,-1,3,Motociclo a solo,In marcia / fermata / arresto,Conducente,M,Illeso,0,,Non accertato,,
4004495,2,24/09/2018 17:55:00,Strada Urbana,LUNGOTEVERE GRANDE A.GLIO THAON DI REVEL,all'intersezione semaforizzata con,PONTE DUCA D'AOSTA,PONTE DUCA D'AOSTA,,,Veicolo in marcia contro ostacolo accidentale,Intersezione semaforizzata,Una carreggiata a senso unico di marcia,Asciutto,Asfaltata,Verticale ed orizzontale,Sereno,Normale,Buona,Ore Diurne,0,0,0,1,12.4645,41.9328,-1,1,Motociclo a solo,In marcia / fermata / arresto,Conducente,M,Illeso,0,,,,
4004499,2,24/09/2018 18:10:00,Strada Urbana,VIA DALMAZIA,in prossimit�,,del civico n.,28,,Investimento di pedone,Rettilineo,Una carreggiata a doppio senso,Asciutto,Asfaltata,Verticale ed orizzontale,Sereno,Normale,Buona,Ore Diurne,1,0,0,1,12.5047,41.915,0,,,,Pedone,F,Ricoverato,0,NON DECEDUTO,,,
4004499,2,24/09/2018 18:10:00,Strada Urbana,VIA DALMAZIA,in prossimit�,,del civico n.,28,,Investimento di pedone,Rettilineo,Una carreggiata a doppio senso,Asciutto,Asfaltata,Verticale ed orizzontale,Sereno,Normale,Buona,Ore Diurne,1,0,0,1,12.5047,41.915,0,1,Motociclo a solo,In marcia / fermata / arresto,Conducente,M,Illeso,0,,,,
4004598,23,24/09/2018 18:10:00,Strada Urbana,CORSO VITTORIO EMANUELE II,da specificare,,,,prossimit� PIAZZA S. PANTALEO direz. Tevere,Infortunio per sola frenata improvvisa,Rettilineo,Una carreggiata a doppio senso,Asciutto,Asfaltata,Verticale ed orizzontale,Sereno,Normale,Buona,Ore Diurne,1,0,0,0,12.4724,41.897,-1,1,Motociclo a solo,In marcia / fermata / arresto,Conducente,M,Rimandato,0,NON DECEDUTO,Utilizzato,,
4004736,7,25/09/2018 12:40:00,Altra strada,VIA CAMILLO PRAMPOLINI,in corrispondenza,,del civico n.,6,,Tamponamento,Rettilineo,Una carreggiata a doppio senso,Asciutto,Asfaltata,Orizzontale,Sereno,Scarso,Buona,Ore Diurne,0,0,0,3,12.5689,41.8956,-1,1,Autovettura privata,In marcia / fermata / arresto,Conducente,M,Illeso,0,,,,
4004736,7,25/09/2018 12:40:00,Altra strada,VIA CAMILLO PRAMPOLINI,in corrispondenza,,del civico n.,6,,Tamponamento,Rettilineo,Una carreggiata a doppio senso,Asciutto,Asfaltata,Orizzontale,Sereno,Scarso,Buona,Ore Diurne,0,0,0,3,12.5689,41.8956,-1,2,Autovettura privata,In marcia / fermata / arresto,Conducente,M,Illeso,0,,,,
4004736,7,25/09/2018 12:40:00,Altra strada,VIA CAMILLO PRAMPOLINI,in corrispondenza,,del civico n.,6,,Tamponamento,Rettilineo,Una carreggiata a doppio senso,Asciutto,Asfaltata,Orizzontale,Sereno,Scarso,Buona,Ore Diurne,0,0,0,3,12.5689,41.8956,-1,2,Autovettura privata,In marcia / fermata / arresto,Passeggero,F,Illeso,0,,Non accertato,Inesploso,
4004771,19,25/09/2018 12:50:00,Strada Urbana,VIA DI CASAL DEL MARMO,in corrispondenza,,del civico n.,178,,Scontro laterale fra veicoli in marcia,Rettilineo,Una carreggiata a doppio senso,Asciutto,Asfaltata,Orizzontale,Sereno,Normale,Buona,Ore Diurne,1,0,0,1,12.4041,41.9567,-1,1,Autovettura privata,In marcia / fermata / arresto,Conducente,F,Illeso,0,,Non accertato,Inesploso,
4004771,19,25/09/2018 12:50:00,Strada Urbana,VIA DI CASAL DEL MARMO,in corrispondenza,,del civico n.,178,,Scontro laterale fra veicoli in marcia,Rettilineo,Una carreggiata a doppio senso,Asciutto,Asfaltata,Orizzontale,Sereno,Normale,Buona,Ore Diurne,1,0,0,1,12.4041,41.9567,-1,2,Motociclo a solo,In marcia / fermata / arresto,Conducente,M,Rimandato,0,NON DECEDUTO,Non accertato,,
4004945,12,24/09/2018 17:30:00,Strada Urbana,VIALE DEL PATTINAGGIO,da specificare,,,,altezza svincolo Sheraton,Tamponamento,Curva senza visuale libera,Due carreggiate,Asciutto,Asfaltata,Assente,Sereno,Intenso,Buona,Ore Diurne,0,0,0,3,12.472,41.8417,-1,1,Autovettura privata,In marcia / fermata / arresto,Conducente,F,Illeso,0,,,,
4004945,12,24/09/2018 17:30:00,Strada Urbana,VIALE DEL PATTINAGGIO,da specificare,,,,altezza svincolo Sheraton,Tamponamento,Curva senza visuale libera,Due carreggiate,Asciutto,Asfaltata,Assente,Sereno,Intenso,Buona,Ore Diurne,0,0,0,3,12.472,41.8417,-1,2,Ciclomotore,In marcia / fermata / arresto,Conducente,F,Illeso,0,,,,
4004945,12,24/09/2018 17:30:00,Strada Urbana,VIALE DEL PATTINAGGIO,da specificare,,,,altezza svincolo Sheraton,Tamponamento,Curva senza visuale libera,Due carreggiate,Asciutto,Asfaltata,Assente,Sereno,Intenso,Buona,Ore Diurne,0,0,0,3,12.472,41.8417,-1,2,Ciclomotore,In marcia / fermata / arresto,Passeggero,M,Illeso,0,,Utilizzato,,
4004975,12,25/09/2018 01:00:00,Strada Urbana,VIA DELLE COSTELLAZIONI,da specificare,,,,altezza palo ACEA . 19,Fuoriuscita dalla sede stradale,Rettilineo,Una carreggiata a doppio senso,Bagnato (pioggia),Asfaltata,Verticale ed orizzontale,Pioggia in atto,Scarso,Buona,Sufficiente,0,0,0,4,12.4496,41.8147,-1,1,Autovettura privata,In marcia / fermata / arresto,Conducente,M,Illeso,0,,,,
4004975,12,25/09/2018 01:00:00,Strada Urbana,VIA DELLE COSTELLAZIONI,da specificare,,,,altezza palo ACEA . 19,Fuoriuscita dalla sede stradale,Rettilineo,Una carreggiata a doppio senso,Bagnato (pioggia),Asfaltata,Verticale ed orizzontale,Pioggia in atto,Scarso,Buona,Sufficiente,0,0,0,4,12.4496,41.8147,-1,1,Autovettura privata,In marcia / fermata / arresto,Passeggero,M,Illeso,0,,Utilizzato,Inesistente,
4004975,12,25/09/2018 01:00:00,Strada Urbana,VIA DELLE COSTELLAZIONI,da specificare,,,,altezza palo ACEA . 19,Fuoriuscita dalla sede stradale,Rettilineo,Una carreggiata a doppio senso,Bagnato (pioggia),Asfaltata,Verticale ed orizzontale,Pioggia in atto,Scarso,Buona,Sufficiente,0,0,0,4,12.4496,41.8147,-1,1,Autovettura privata,In marcia / fermata / arresto,Passeggero,M,Illeso,0,,Utilizzato,Inesistente,
4004977,18,25/09/2018 13:10:00,Strada Urbana,VIA ENNIO BONIFAZI,in prossimit�,,del civico n.,78,,Scontro laterale fra veicoli in marcia,Rettilineo,Una carreggiata a doppio senso,Asciutto,Asfaltata,Verticale ed orizzontale,Sereno,Normale,Buona,Ore Diurne,1,0,0,1,12.4159,41.9058,-1,1,Motociclo a solo,In marcia / fermata / arresto,Conducente,M,Rifiuta cure immediate,0,NON DECEDUTO,Non accertato,,
4004977,18,25/09/2018 13:10:00,Strada Urbana,VIA ENNIO BONIFAZI,in prossimit�,,del civico n.,78,,Scontro laterale fra veicoli in marcia,Rettilineo,Una carreggiata a doppio senso,Asciutto,Asfaltata,Verticale ed orizzontale,Sereno,Normale,Buona,Ore Diurne,1,0,0,1,12.4159,41.9058,-1,2,Autovettura privata,In marcia / fermata / arresto,Conducente,F,Illeso,0,,Non accertato,Inesploso,
4004986,12,25/09/2018 13:55:00,Regionale entro l'abitato,VIA LAURENTINA,all'intersezione semaforizzata con,VIA DEI CORAZZIERI,VIA DEI CORAZZIERI,,,Tamponamento,Intersezione semaforizzata,Due carreggiate,Asciutto,Asfaltata,Verticale ed orizzontale,Sereno,Intenso,Buona,Ore Diurne,0,0,0,2,12.4798,41.8225,-1,1,Autovettura privata,In marcia / fermata / arresto,Conducente,M,Illeso,0,,Non accertato,Inesploso,
4004986,12,25/09/2018 13:55:00,Regionale entro l'abitato,VIA LAURENTINA,all'intersezione semaforizzata con,VIA DEI CORAZZIERI,VIA DEI CORAZZIERI,,,Tamponamento,Intersezione semaforizzata,Due carreggiate,Asciutto,Asfaltata,Verticale ed orizzontale,Sereno,Intenso,Buona,Ore Diurne,0,0,0,2,12.4798,41.8225,-1,2,Autovettura privata,In marcia / fermata / arresto,Conducente,F,Illeso,0,,Non accertato,Inesploso,
4005101,1,25/09/2018 00:20:00,Strada Urbana,VIA ALFREDO CAPPELLINI,da specificare,,,,in prossimit� VIA GIOLITTI,Veicolo in marcia contro veicolo in sosta,Rettilineo,Una carreggiata a senso unico di marcia,Bagnato (pioggia),Asfaltata,Verticale ed orizzontale,Pioggia in atto,Scarso,Buona,Sufficiente,0,0,0,1,12.5051,41.8976,-1,1,Autovettura privata,In marcia / fermata / arresto,Conducente,M,Illeso,0,,Non accertato,Inesploso,
4005138,12,24/09/2018 19:30:00,Strada Urbana,VIA SARSINA,all'intersezione con,VIA SANT'ARCANGELO DI ROMAGNA,VIA SANT'ARCANGELO DI ROMAGNA,,,Investimento di pedone,Incrocio,Una carreggiata a senso unico di marcia,Asciutto,Asfaltata,Verticale ed orizzontale,Sereno,Normale,Sufficiente,Sufficiente,1,0,0,1,12.4076,41.7914,0,,,,Pedone,M,Ricoverato,0,NON DECEDUTO,,,
4005138,12,24/09/2018 19:30:00,Strada Urbana,VIA SARSINA,all'intersezione con,VIA SANT'ARCANGELO DI ROMAGNA,VIA SANT'ARCANGELO DI ROMAGNA,,,Investimento di pedone,Incrocio,Una carreggiata a senso unico di marcia,Asciutto,Asfaltata,Verticale ed orizzontale,Sereno,Normale,Sufficiente,Sufficiente,1,0,0,1,12.4076,41.7914,0,1,Autovettura privata,In marcia / fermata / arresto,Conducente,M,Illeso,0,,Non accertato,,
4005143,5,25/09/2018 14:45:00,Strada Urbana,PIAZZA URBANIA,da specificare,,,,altezza via San Benedetto del Tonto,Scontro laterale fra veicoli in marcia,Rettilineo,Una carreggiata a doppio senso,Asciutto,Asfaltata,Verticale,Sereno,Normale,Buona,Ore Diurne,1,0,0,2,12.5859,41.9426,-1,1,Autovettura privata,In marcia / fermata / arresto,Conducente,F,Illeso,0,,Non accertato,Inesploso,
4005143,5,25/09/2018 14:45:00,Strada Urbana,PIAZZA URBANIA,da specificare,,,,altezza via San Benedetto del Tonto,Scontro laterale fra veicoli in marcia,Rettilineo,Una carreggiata a doppio senso,Asciutto,Asfaltata,Verticale,Sereno,Normale,Buona,Ore Diurne,1,0,0,2,12.5859,41.9426,-1,2,Motociclo con passeggero,In marcia / fermata / arresto,Conducente,M,Rimandato,0,NON DECEDUTO,Non accertato,,
4005143,5,25/09/2018 14:45:00,Strada Urbana,PIAZZA URBANIA,da specificare,,,,altezza via San Benedetto del Tonto,Scontro laterale fra veicoli in marcia,Rettilineo,Una carreggiata a doppio senso,Asciutto,Asfaltata,Verticale,Sereno,Normale,Buona,Ore Diurne,1,0,0,2,12.5859,41.9426,-1,2,Motociclo con passeggero,In marcia / fermata / arresto,Passeggero,F,Illeso,0,,Non accertato,,
4005154,1,24/09/2018 18:50:00,Strada Urbana,PIAZZALE UGO LA MALFA,all'intersezione con,VIA DEL CIRCO MASSIMO,VIA DEL CIRCO MASSIMO,,,Scontro frontale/laterale DX fra veicoli in marcia,Rotatoria,Una carreggiata a doppio senso,Asciutto,Asfaltata,Verticale ed orizzontale,Nuvoloso,Normale,Buona,Sufficiente,1,0,0,1,12.485,41.8854,0,1,Autovettura privata,In marcia / fermata / arresto,Conducente,M,Illeso,0,,Non accertato,Inesploso,
4005154,1,24/09/2018 18:50:00,Strada Urbana,PIAZZALE UGO LA MALFA,all'intersezione con,VIA DEL CIRCO MASSIMO,VIA DEL CIRCO MASSIMO,,,Scontro frontale/laterale DX fra veicoli in marcia,Rotatoria,Una carreggiata a doppio senso,Asciutto,Asfaltata,Verticale ed orizzontale,Nuvoloso,Normale,Buona,Sufficiente,1,0,0,1,12.485,41.8854,0,2,Motociclo a solo,In marcia / fermata / arresto,Conducente,M,Rimandato,0,NON DECEDUTO,Non accertato,,
4005207,15,25/09/2018 06:00:00,Strada Urbana,VIA ERCOLE BOMBELLI,da specificare,,,,fronte civico 3,Veicolo in marcia contro veicoli in sosta,Rettilineo,Una carreggiata a senso unico di marcia,Asciutto,Asfaltata,Verticale ed orizzontale,Nuvoloso,Scarso,Sufficiente,Ore Diurne,0,0,0,1,12.4533,41.8612,-1,1,Autovettura privata,In marcia / fermata / arresto,Conducente,M,Illeso,0,,,,
4005275,1,24/09/2018 07:45:00,Strada Urbana,PIAZZA DI S. GIOVANNI IN LATERANO,all'intersezione semaforizzata con,VIA MERULANA,VIA MERULANA,,,Scontro laterale fra veicoli in marcia,Intersezione semaforizzata,Due carreggiate,Asciutto,Asfaltata,Verticale ed orizzontale,Nuvoloso,Intenso,Buona,Ore Diurne,1,0,0,1,,,0,1,Autovettura privata,In marcia / fermata / arresto,Conducente,M,Illeso,0,,Non accertato,Inesploso,
4005275,1,24/09/2018 07:45:00,Strada Urbana,PIAZZA DI S. GIOVANNI IN LATERANO,all'intersezione semaforizzata con,VIA MERULANA,VIA MERULANA,,,Scontro laterale fra veicoli in marcia,Intersezione semaforizzata,Due carreggiate,Asciutto,Asfaltata,Verticale ed orizzontale,Nuvoloso,Intenso,Buona,Ore Diurne,1,0,0,1,,,0,2,Motociclo a solo,In marcia / fermata / arresto,Conducente,M,Rimandato,0,NON DECEDUTO,Non accertato,,
4005300,1,24/09/2018 08:40:00,Strada Urbana,VIA CAVOUR,in prossimit�,,del civico n.,215,,Investimento di pedone,Rettilineo,Una carreggiata a doppio senso,Asciutto,Asfaltata,Verticale ed orizzontale,Nuvoloso,Normale,Buona,Ore Diurne,3,0,0,0,12.493,41.8946,-1,,,,Pedone,M,Rimandato,0,NON DECEDUTO,,,
4005300,1,24/09/2018 08:40:00,Strada Urbana,VIA CAVOUR,in prossimit�,,del civico n.,215,,Investimento di pedone,Rettilineo,Una carreggiata a doppio senso,Asciutto,Asfaltata,Verticale ed orizzontale,Nuvoloso,Normale,Buona,Ore Diurne,3,0,0,0,12.493,41.8946,-1,,,,Pedone,M,Rimandato,0,NON DECEDUTO,,,
4005300,1,24/09/2018 08:40:00,Strada Urbana,VIA CAVOUR,in prossimit�,,del civico n.,215,,Investimento di pedone,Rettilineo,Una carreggiata a doppio senso,Asciutto,Asfaltata,Verticale ed orizzontale,Nuvoloso,Normale,Buona,Ore Diurne,3,0,0,0,12.493,41.8946,-1,1,Motociclo a solo,In marcia / fermata / arresto,Conducente,M,Rimandato,0,NON DECEDUTO,Non accertato,,
4005310,15,25/09/2018 07:50:00,Strada Urbana,VIA ODERISI DA GUBBIO,da specificare,,,,fronte civico 10,Investimento di pedone,Rettilineo,Una carreggiata a doppio senso,Asciutto,Asfaltata,Verticale ed orizzontale,Nuvoloso,Intenso,Buona,Ore Diurne,1,0,0,1,12.4653,41.8654,-1,,,,Pedone,F,Rimandato,0,NON DECEDUTO,,,
4005310,15,25/09/2018 07:50:00,Strada Urbana,VIA ODERISI DA GUBBIO,da specificare,,,,fronte civico 10,Investimento di pedone,Rettilineo,Una carreggiata a doppio senso,Asciutto,Asfaltata,Verticale ed orizzontale,Nuvoloso,Intenso,Buona,Ore Diurne,1,0,0,1,12.4653,41.8654,-1,1,Motociclo a solo,In marcia / fermata / arresto,Conducente,M,Illeso,0,,Utilizzato,,