Protocollo,Gruppo,DataOraIncidente,Localizzazione1,STRADA1,Localizzazione2,STRADA2,Strada02,Chilometrica,DaSpecificare,NaturaIncidente,particolaritastrade,TipoStrada,FondoStradale,Pavimentazione,Segnaletica,CondizioneAtmosferica,Traffico,Visibilita,Illuminazione,NUM_FERITI,NUM_RISERVATA,NUM_MORTI,NUM_ILLESI,Longitudine,Latitudine,Confermato,Progressivo,TipoVeicolo,StatoVeicolo,TipoPersona,Sesso,Tipolesione,Deceduto,DecedutoDopo,CinturaCascoUtilizzato,Airbag,
4005339,1,25/09/2018 11:10:00,Strada Urbana,VIALE DELLE TERME DI CARACALLA,all'intersezione semaforizzata con,PIAZZALE NUMA POMPILIO,PIAZZALE NUMA POMPILIO,,,Veicolo in marcia contro veicolo fermo,Intersezione semaforizzata,Due carreggiate,Asciutto,Asfaltata,Verticale ed orizzontale,Sereno,Normale,Buona,Ore Diurne,0,0,0,2,12.4956,41.8796,0,1,Motociclo a solo,In marcia / fermata / arresto,Conducente,F,Illeso,0,,Non accertato,,
4005339,1,25/09/2018 11:10:00,Strada Urbana,VIALE DELLE TERME DI CARACALLA,all'intersezione semaforizzata con,PIAZZALE NUMA POMPILIO,PIAZZALE NUMA POMPILIO,,,Veicolo in marcia contro veicolo fermo,Intersezione semaforizzata,Due carreggiate,Asciutto,Asfaltata,Verticale ed orizzontale,Sereno,Normale,Buona,Ore Diurne,0,0,0,2,12.4956,41.8796,0,2,Autovettura privata,In marcia / fermata / arresto,Conducente,M,Illeso,0,,Non accertato,Inesploso,
4005349,15,25/09/2018 13:40:00,Strada Urbana,VIA DELLA MAGLIANA,da specificare,,,,prossimit� Via Idrovore della Magliana ,Scontro laterale fra veicoli in marcia,Rettilineo,Una carreggiata a doppio senso,Asciutto,Asfaltata,Verticale ed orizzontale,Sereno,Normale,Buona,Ore Diurne,0,0,0,2,12.4196,41.8317,-1,1,Autocarro superiore 35 q.,In marcia / fermata / arresto,Conducente,M,Illeso,0,,Non accertato,Inesploso,
4005349,15,25/09/2018 13:40:00,Strada Urbana,VIA DELLA MAGLIANA,da specificare,,,,prossimit� Via Idrovore della Magliana ,Scontro laterale fra veicoli in marcia,Rettilineo,Una carreggiata a doppio senso,Asciutto,Asfaltata,Verticale ed orizzontale,Sereno,Normale,Buona,Ore Diurne,0,0,0,2,12.4196,41.8317,-1,2,Autovettura privata,In marcia / fermata / arresto,Conducente,F,Illeso,0,,Non accertato,Inesploso,
4005361,1,23/09/2018 19:00:00,Strada Urbana,VIA STATILIA,in corrispondenza,,del civico n.,7/B,,Veicolo in marcia contro ostacolo fisso,Rettilineo,Una carreggiata a senso unico di marcia,Asciutto,Asfaltata,Verticale ed orizzontale,Sereno,Scarso,Sufficiente,Ore Diurne,0,0,0,1,,,0,1,Quadriciclo,In marcia / fermata / arresto,Conducente,M,Illeso,0,,Non accertato,Inesploso,
4005383,10,25/09/2018 16:15:00,Strada Urbana,VIA AMANTEA,in corrispondenza,,del civico n.,1,,Scontro laterale fra veicoli in marcia,Rettilineo,Una carreggiata a doppio senso,Asciutto,Asfaltata,Verticale,Sereno,Scarso,Buona,Ore Diurne,0,0,0,2,12.5558,41.8394,-1,1,Autovettura privata,In marcia / fermata / arresto,Conducente,M,Illeso,0,,Non accertato,Inesploso,
4005383,10,25/09/2018 16:15:00,Strada Urbana,VIA AMANTEA,in corrispondenza,,del civico n.,1,,Scontro laterale fra veicoli in marcia,Rettilineo,Una carreggiata a doppio senso,Asciutto,Asfaltata,Verticale,Sereno,Scarso,Buona,Ore Diurne,0,0,0,2,12.5558,41.8394,-1,2,Autovettura privata,In marcia / fermata / arresto,Conducente,F,Illeso,0,,Non accertato,Inesploso,
4005391,1,23/09/2018 15:50:00,Strada Urbana,VIA DEI LATERANI,in prossimit�,,del civico n.,36,,Veicolo in marcia contro ostacolo accidentale,Rettilineo,Una carreggiata a senso unico di marcia,Asciutto,Strada pavimentata dissestata,Verticale ed orizzontale,Sereno,Normale,Buona,Ore Diurne,0,0,0,2,,,0,1,Autovettura privata,In marcia / fermata / arresto,Conducente,F,Illeso,0,,Non accertato,Inesploso,
4005391,1,23/09/2018 15:50:00,Strada Urbana,VIA DEI LATERANI,in prossimit�,,del civico n.,36,,Veicolo in marcia contro ostacolo accidentale,Rettilineo,Una carreggiata a senso unico di marcia,Asciutto,Strada pavimentata dissestata,Verticale ed orizzontale,Sereno,Normale,Buona,Ore Diurne,0,0,0,2,,,0,1,Autovettura privata,In marcia / fermata / arresto,Passeggero,F,Illeso,0,,,,
4005395,12,25/09/2018 17:30:00,Strada Urbana,VIA DEL PIANETA VENERE,in prossimit�,,del civico n.,151,,Scontro laterale fra veicoli in marcia,Rettilineo,Una carreggiata a doppio senso,Asciutto,Asfaltata,Verticale ed orizzontale,Sereno,Scarso,Buona,Ore Diurne,0,0,0,3,12.4472,41.8184,-1,1,Autovettura privata,In marcia / fermata / arresto,Conducente,M,Illeso,0,,Non accertato,Inesploso,
4005395,12,25/09/2018 17:30:00,Strada Urbana,VIA DEL PIANETA VENERE,in prossimit�,,del civico n.,151,,Scontro laterale fra veicoli in marcia,Rettilineo,Una carreggiata a doppio senso,Asciutto,Asfaltata,Verticale ed orizzontale,Sereno,Scarso,Buona,Ore Diurne,0,0,0,3,12.4472,41.8184,-1,2,Autovettura privata,In marcia / fermata / arresto,Conducente,F,Illeso,0,,Non accertato,Inesploso,
4005395,12,25/09/2018 17:30:00,Strada Urbana,VIA DEL PIANETA VENERE,in prossimit�,,del civico n.,151,,Scontro laterale fra veicoli in marcia,Rettilineo,Una carreggiata a doppio senso,Asciutto,Asfaltata,Verticale ed orizzontale,Sereno,Scarso,Buona,Ore Diurne,0,0,0,3,12.4472,41.8184,-1,2,Autovettura privata,In marcia / fermata / arresto,Passeggero,F,Illeso,0,,Non accertato,Inesistente,
4005402,1,23/09/2018 14:50:00,Strada Urbana,VIA DEI LATERANI,in prossimit�,,del civico n.,36,,Veicolo in marcia contro ostacolo accidentale,Rettilineo,Una carreggiata a senso unico di marcia,Asciutto,Strada pavimentata dissestata,Verticale ed orizzontale,Sereno,Normale,Buona,Ore Diurne,0,0,0,2,,,0,1,Autovettura privata,In marcia / fermata / arresto,Conducente,F,Illeso,0,,Non accertato,Inesploso,
4005402,1,23/09/2018 14:50:00,Strada Urbana,VIA DEI LATERANI,in prossimit�,,del civico n.,36,,Veicolo in marcia contro ostacolo accidentale,Rettilineo,Una carreggiata a senso unico di marcia,Asciutto,Strada pavimentata dissestata,Verticale ed orizzontale,Sereno,Normale,Buona,Ore Diurne,0,0,0,2,,,0,1,Autovettura privata,In marcia / fermata / arresto,Passeggero,M,Illeso,0,,Non accertato,Inesploso,
4005424,1,25/09/2018 10:40:00,Strada Urbana,PIAZZA DELL'INDIPENDENZA,all'intersezione con,VIA SOLFERINO,VIA SOLFERINO,,,Scontro frontale/laterale DX fra veicoli in marcia,Intersezione non regolata/non segnalata,Pi� di due carreggiate,Asciutto,Asfaltata,Verticale,Sereno,Normale,Buona,Ore Diurne,1,0,0,1,12.5018,41.904,-1,1,Autovettura privata,In marcia / fermata / arresto,Conducente,M,Rifiuta cure immediate,0,NON DECEDUTO,Non accertato,Inesploso,
4005424,1,25/09/2018 10:40:00,Strada Urbana,PIAZZA DELL'INDIPENDENZA,all'intersezione con,VIA SOLFERINO,VIA SOLFERINO,,,Scontro frontale/laterale DX fra veicoli in marcia,Intersezione non regolata/non segnalata,Pi� di due carreggiate,Asciutto,Asfaltata,Verticale,Sereno,Normale,Buona,Ore Diurne,1,0,0,1,12.5018,41.904,-1,2,Autovettura pubblica,In marcia / fermata / arresto,Conducente,M,Illeso,0,,Non accertato,Inesploso,
4005455,1,24/09/2018 14:10:00,Strada Urbana,VIA MONTEBELLO,all'intersezione con,VIA MENTANA,VIA MENTANA,,,Scontro laterale fra veicoli in marcia,Incrocio,Una carreggiata a senso unico di marcia,Asciutto,In cubetti di porfido,Verticale ed orizzontale,Sereno,Scarso,Buona,Ore Diurne,0,0,0,3,,,0,1,Autovettura privata,In marcia / fermata / arresto,Conducente,M,Illeso,0,,Non accertato,Inesploso,
4005455,1,24/09/2018 14:10:00,Strada Urbana,VIA MONTEBELLO,all'intersezione con,VIA MENTANA,VIA MENTANA,,,Scontro laterale fra veicoli in marcia,Incrocio,Una carreggiata a senso unico di marcia,Asciutto,In cubetti di porfido,Verticale ed orizzontale,Sereno,Scarso,Buona,Ore Diurne,0,0,0,3,,,0,2,Autovettura privata,In marcia / fermata / arresto,Conducente,M,Illeso,0,,Non accertato,Inesploso,
4005455,1,24/09/2018 14:10:00,Strada Urbana,VIA MONTEBELLO,all'intersezione con,VIA MENTANA,VIA MENTANA,,,Scontro laterale fra veicoli in marcia,Incrocio,Una carreggiata a senso unico di marcia,Asciutto,In cubetti di porfido,Verticale ed orizzontale,Sereno,Scarso,Buona,Ore Diurne,0,0,0,3,,,0,2,Autovettura privata,In marcia / fermata / arresto,Passeggero,F,Illeso,0,,,,
4005463,5,25/09/2018 16:20:00,Strada Urbana,VIA DI TOR CERVARA,in prossimit�,,del civico n.,236,,Scontro laterale fra veicoli in marcia,Curva senza visuale libera,Una carreggiata a doppio senso,Asciutto,Asfaltata,Verticale ed orizzontale,Sereno,Normale,Buona,Ore Diurne,2,0,0,1,12.591,41.9131,-1,1,Autovettura privata,In marcia / fermata / arresto,Conducente,M,Illeso,0,,Non accertato,,
4005463,5,25/09/2018 16:20:00,Strada Urbana,VIA DI TOR CERVARA,in prossimit�,,del civico n.,236,,Scontro laterale fra veicoli in marcia,Curva senza visuale libera,Una carreggiata a doppio senso,Asciutto,Asfaltata,Verticale ed orizzontale,Sereno,Normale,Buona,Ore Diurne,2,0,0,1,12.591,41.9131,-1,2,Autovettura privata,In marcia / fermata / arresto,Conducente,F,Rimandato,0,NON DECEDUTO,Non accertato,,
4005463,5,25/09/2018 16:20:00,Strada Urbana,VIA DI TOR CERVARA,in prossimit�,,del civico n.,236,,Scontro laterale fra veicoli in marcia,Curva senza visuale libera,Una carreggiata a doppio senso,Asciutto,Asfaltata,Verticale ed orizzontale,Sereno,Normale,Buona,Ore Diurne,2,0,0,1,12.591,41.9131,-1,2,Autovettura privata,In marcia / fermata / arresto,Passeggero,M,Rimandato,0,NON DECEDUTO,Non accertato,,
4005475,1,24/09/2018 18:10:00,Strada Urbana,VIA GOITO,all'intersezione con,VIA VENTI SETTEMBRE,VIA VENTI SETTEMBRE,,,Scontro laterale fra veicoli in marcia,Incrocio,Una carreggiata a doppio senso,Asciutto,Asfaltata,Verticale ed orizzontale,Sereno,Normale,Buona,Ore Diurne,0,0,0,2,12.5005,41.906,-1,1,Autovettura privata,In marcia / fermata / arresto,Conducente,M,Illeso,0,,Non accertato,Inesploso,
4005475,1,24/09/2018 18:10:00,Strada Urbana,VIA GOITO,all'intersezione con,VIA VENTI SETTEMBRE,VIA VENTI SETTEMBRE,,,Scontro laterale fra veicoli in marcia,Incrocio,Una carreggiata a doppio senso,Asciutto,Asfaltata,Verticale ed orizzontale,Sereno,Normale,Buona,Ore Diurne,0,0,0,2,12.5005,41.906,-1,2,Motociclo a solo,In marcia / fermata / arresto,Conducente,M,Illeso,0,,Non accertato,,
4005492,17,20/09/2018 22:20:00,Strada Urbana,VIA BRITANNIA,all'intersezione con,PIAZZA TUSCOLO,PIAZZA TUSCOLO,,,Veicolo in marcia contro veicolo in sosta,Incrocio,Una carreggiata a doppio senso,Asciutto,Asfaltata,Verticale ed orizzontale,Sereno,Normale,Sufficiente,Sufficiente,0,0,0,1,12.5082,41.8803,0,1,Macchina operatrice,In marcia / fermata / arresto,Conducente,M,Illeso,0,,,,
4005504,1,24/09/2018 20:30:00,Strada Urbana,VIA DEL VIMINALE,all'intersezione con,VIA TORINO,VIA TORINO,,,Scontro frontale/laterale DX fra veicoli in marcia,Incrocio,Una carreggiata a senso unico di marcia,Asciutto,Asfaltata,Verticale ed orizzontale,Nuvoloso,Normale,Buona,Sufficiente,0,0,0,2,,,0,1,Autovettura pubblica,In marcia / fermata / arresto,Conducente,M,Illeso,0,,Non accertato,Inesploso,
4005504,1,24/09/2018 20:30:00,Strada Urbana,VIA DEL VIMINALE,all'intersezione con,VIA TORINO,VIA TORINO,,,Scontro frontale/laterale DX fra veicoli in marcia,Incrocio,Una carreggiata a senso unico di marcia,Asciutto,Asfaltata,Verticale ed orizzontale,Nuvoloso,Normale,Buona,Sufficiente,0,0,0,2,,,0,2,Autovettura pubblica,In marcia / fermata / arresto,Conducente,M,Illeso,0,,Non accertato,Inesploso,
4005506,12,25/09/2018 17:55:00,Strada Urbana,VIA DEI BOCCABELLI,all'intersezione con,VIA MARIO CARUCCI,VIA MARIO CARUCCI,,,Scontro frontale/laterale DX fra veicoli in marcia,Incrocio,Due carreggiate,Asciutto,Asfaltata,Verticale,Sereno,Normale,Buona,Ore Diurne,0,0,0,2,12.4828,41.8007,-1,1,Autovettura privata,In marcia / fermata / arresto,Conducente,F,Illeso,0,,Non accertato,Inesploso,
4005506,12,25/09/2018 17:55:00,Strada Urbana,VIA DEI BOCCABELLI,all'intersezione con,VIA MARIO CARUCCI,VIA MARIO CARUCCI,,,Scontro frontale/laterale DX fra veicoli in marcia,Incrocio,Due carreggiate,Asciutto,Asfaltata,Verticale,Sereno,Normale,Buona,Ore Diurne,0,0,0,2,12.4828,41.8007,-1,2,Autovettura privata,In marcia / fermata / arresto,Conducente,M,Illeso,0,,Non accertato,Inesploso,
4005510,6,25/09/2018 18:40:00,Strada Urbana,VIALE DELLA PRIMAVERA,all'intersezione con,VIA DELLE ALBIZZIE,VIA DELLE ALBIZZIE,,,Scontro laterale fra veicoli in marcia,Intersezione stradale segnalata,Due carreggiate,Asciutto,Asfaltata,Orizzontale,Sereno,Normale,Buona,Sufficiente,1,0,0,1,12.5609,41.8844,-1,1,Motociclo a solo,In marcia / fermata / arresto,Conducente,M,Rifiuta cure immediate,0,NON DECEDUTO,Utilizzato,,
4005510,6,25/09/2018 18:40:00,Strada Urbana,VIALE DELLA PRIMAVERA,all'intersezione con,VIA DELLE ALBIZZIE,VIA DELLE ALBIZZIE,,,Scontro laterale fra veicoli in marcia,Intersezione stradale segnalata,Due carreggiate,Asciutto,Asfaltata,Orizzontale,Sereno,Normale,Buona,Sufficiente,1,0,0,1,12.5609,41.8844,-1,2,Autovettura privata,In marcia / fermata / arresto,Conducente,F,Illeso,0,,Non accertato,Inesploso,
4005520,1,25/09/2018 07:40:00,Strada Urbana,PIAZZA DELLA ROVERE,in prossimit�,,del civico n.,83,,Tamponamento,Rettilineo,Una carreggiata a senso unico di marcia,Asciutto,Asfaltata,Verticale ed orizzontale,Sereno,Intenso,Buona,Ore Diurne,0,0,0,3,,,0,1,Autovettura di polizia,In marcia / fermata / arresto,Conducente,M,Illeso,0,,Esente,Inesploso,
4005520,1,25/09/2018 07:40:00,Strada Urbana,PIAZZA DELLA ROVERE,in prossimit�,,del civico n.,83,,Tamponamento,Rettilineo,Una carreggiata a senso unico di marcia,Asciutto,Asfaltata,Verticale ed orizzontale,Sereno,Intenso,Buona,Ore Diurne,0,0,0,3,,,0,1,Autovettura di polizia,In marcia / fermata / arresto,Passeggero,M,Illeso,0,,,,
4005520,1,25/09/2018 07:40:00,Strada Urbana,PIAZZA DELLA ROVERE,in prossimit�,,del civico n.,83,,Tamponamento,Rettilineo,Una carreggiata a senso unico di marcia,Asciutto,Asfaltata,Verticale ed orizzontale,Sereno,Intenso,Buona,Ore Diurne,0,0,0,3,,,0,2,Quadriciclo leggero,In marcia / fermata / arresto,Conducente,M,Illeso,0,,Non accertato,Inesploso,
4005855,9,25/09/2018 15:25:00,Strada Urbana,VIA CERVETERI,in prossimit�,,del civico n.,36,,Veicolo in marcia contro veicolo in sosta,Rettilineo,Due carreggiate,Asciutto,Asfaltata,Assente,Sereno,Normale,Buona,Ore Diurne,0,0,0,1,12.5106,41.8813,-1,1,Autovettura privata,In marcia / fermata / arresto,Conducente,M,Illeso,0,,Non accertato,Inesploso,
4005868,9,25/09/2018 15:00:00,Strada Urbana,VIA TUSCOLANA,all'intersezione semaforizzata con,VIA DELL'ARCO DI TRAVERTINO,VIA DELL'ARCO DI TRAVERTINO,,,Scontro laterale fra veicoli in marcia,Incrocio,Due carreggiate,Asciutto,Asfaltata,Verticale ed orizzontale,Sereno,Normale,Buona,Ore Diurne,1,0,0,1,12.5379,41.8692,-1,1,Autovettura privata,In marcia / fermata / arresto,Conducente,F,Illeso,0,,Non accertato,Inesploso,
4005868,9,25/09/2018 15:00:00,Strada Urbana,VIA TUSCOLANA,all'intersezione semaforizzata con,VIA DELL'ARCO DI TRAVERTINO,VIA DELL'ARCO DI TRAVERTINO,,,Scontro laterale fra veicoli in marcia,Incrocio,Due carreggiate,Asciutto,Asfaltata,Verticale ed orizzontale,Sereno,Normale,Buona,Ore Diurne,1,0,0,1,12.5379,41.8692,-1,2,Motociclo a solo,In marcia / fermata / arresto,Conducente,M,Rimandato,0,NON DECEDUTO,Non accertato,,
4005890,8,25/09/2018 09:00:00,Strada Urbana,VIALE PAOLO FERDINANDO QUAGLIA,in corrispondenza,,del civico n.,154,,Scontro frontale/laterale SX fra veicoli in marcia,Rettilineo,Una carreggiata a doppio senso,Asciutto,Asfaltata,Assente,Sereno,Normale,Buona,Ore Diurne,0,0,0,3,12.6404,41.868,-1,1,Autovettura privata,In marcia / fermata / arresto,Conducente,M,Illeso,0,,Non accertato,Inesploso,
4005890,8,25/09/2018 09:00:00,Strada Urbana,VIALE PAOLO FERDINANDO QUAGLIA,in corrispondenza,,del civico n.,154,,Scontro frontale/laterale SX fra veicoli in marcia,Rettilineo,Una carreggiata a doppio senso,Asciutto,Asfaltata,Assente,Sereno,Normale,Buona,Ore Diurne,0,0,0,3,12.6404,41.868,-1,1,Autovettura privata,In marcia / fermata / arresto,Passeggero,F,Illeso,0,,Non accertato,Inesploso,
4005890,8,25/09/2018 09:00:00,Strada Urbana,VIALE PAOLO FERDINANDO QUAGLIA,in corrispondenza,,del civico n.,154,,Scontro frontale/laterale SX fra veicoli in marcia,Rettilineo,Una carreggiata a doppio senso,Asciutto,Asfaltata,Assente,Sereno,Normale,Buona,Ore Diurne,0,0,0,3,12.6404,41.868,-1,2,Autovettura privata,In marcia / fermata / arresto,Conducente,M,Illeso,0,,Non accertato,Inesploso,
4005891,11,25/09/2018 22:05:00,Strada Urbana,VIA ROSA GUARNIERI CARDUCCI,all'intersezione con,VIA ADELAIDE BONO CAIROLI,VIA ADELAIDE BONO CAIROLI,,,Tamponamento,Incrocio,Pi� di due carreggiate,Asciutto,Asfaltata,Verticale ed orizzontale,Sereno,Scarso,Buona,Sufficiente,2,0,0,1,12.4895,41.8584,-1,1,Autovettura privata,In marcia / fermata / arresto,Conducente,M,Illeso,0,,,,
4005891,11,25/09/2018 22:05:00,Strada Urbana,VIA ROSA GUARNIERI CARDUCCI,all'intersezione con,VIA ADELAIDE BONO CAIROLI,VIA ADELAIDE BONO CAIROLI,,,Tamponamento,Incrocio,Pi� di due carreggiate,Asciutto,Asfaltata,Verticale ed orizzontale,Sereno,Scarso,Buona,Sufficiente,2,0,0,1,12.4895,41.8584,-1,2,Motociclo a solo,In marcia / fermata / arresto,Conducente,M,Rimandato,0,NON DECEDUTO,,,
4005891,11,25/09/2018 22:05:00,Strada Urbana,VIA ROSA GUARNIERI CARDUCCI,all'intersezione con,VIA ADELAIDE BONO CAIROLI,VIA ADELAIDE BONO CAIROLI,,,Tamponamento,Incrocio,Pi� di due carreggiate,Asciutto,Asfaltata,Verticale ed orizzontale,Sereno,Scarso,Buona,Sufficiente,2,0,0,1,12.4895,41.8584,-1,2,Motociclo a solo,In marcia / fermata / arresto,Passeggero,M,Rimandato,0,NON DECEDUTO,,,
4005894,8,25/09/2018 17:15:00,Provinciale entro l'abitato,VIA PRENESTINA,all'intersezione con,VIA AVOLA,VIA AVOLA,,,Scontro frontale/laterale DX fra veicoli in marcia,Intersezione stradale segnalata,Una carreggiata a doppio senso,Asciutto,Asfaltata,Verticale,Sereno,Normale,Buona,Ore Diurne,0,0,0,2,12.6152,41.8933,-1,1,Autovettura privata,In marcia / fermata / arresto,Conducente,M,Illeso,0,,Non accertato,Inesploso,
4005894,8,25/09/2018 17:15:00,Provinciale entro l'abitato,VIA PRENESTINA,all'intersezione con,VIA AVOLA,VIA AVOLA,,,Scontro frontale/laterale DX fra veicoli in marcia,Intersezione stradale segnalata,Una carreggiata a doppio senso,Asciutto,Asfaltata,Verticale,Sereno,Normale,Buona,Ore Diurne,0,0,0,2,12.6152,41.8933,-1,2,Autovettura privata,In marcia / fermata / arresto,Conducente,M,Illeso,0,,Non accertato,Inesploso,
4005907,11,26/09/2018 01:20:00,Strada Urbana,VIALE GUGLIELMO MARCONI,all'intersezione semaforizzata con,LARGO ENEA BORTOLOTTI,LARGO ENEA BORTOLOTTI,,,Scontro frontale/laterale SX fra veicoli in marcia,Intersezione semaforizzata,Due carreggiate,Asciutto,Asfaltata,Verticale ed orizzontale,Sereno,Scarso,Insufficiente,Inesistente,1,0,0,2,12.4722,41.8547,-1,1,Autovettura privata,In marcia / fermata / arresto,Conducente,M,Rifiuta cure immediate,0,NON DECEDUTO,Non accertato,,
4005907,11,26/09/2018 01:20:00,Strada Urbana,VIALE GUGLIELMO MARCONI,all'intersezione semaforizzata con,LARGO ENEA BORTOLOTTI,LARGO ENEA BORTOLOTTI,,,Scontro frontale/laterale SX fra veicoli in marcia,Intersezione semaforizzata,Due carreggiate,Asciutto,Asfaltata,Verticale ed orizzontale,Sereno,Scarso,Insufficiente,Inesistente,1,0,0,2,12.4722,41.8547,-1,2,Autovettura privata,In marcia / fermata / arresto,Conducente,M,Illeso,0,,Non accertato,,
4005907,11,26/09/2018 01:20:00,Strada Urbana,VIALE GUGLIELMO MARCONI,all'intersezione semaforizzata con,LARGO ENEA BORTOLOTTI,LARGO ENEA BORTOLOTTI,,,Scontro frontale/laterale SX fra veicoli in marcia,Intersezione semaforizzata,Due carreggiate,Asciutto,Asfaltata,Verticale ed orizzontale,Sereno,Scarso,Insufficiente,Inesistente,1,0,0,2,12.4722,41.8547,-1,2,Autovettura privata,In marcia / fermata / arresto,Passeggero,F,Illeso,0,,Non accertato,,
4005909,8,25/09/2018 19:00:00,Strada Urbana,VIA DI LUNGHEZZINA,da specificare,,,,altezza via G. Donegani,Scontro frontale/laterale SX fra veicoli in marcia,Curva senza visuale libera,Una carreggiata a doppio senso,Bagnato (umidit� in atto),Asfaltata,Assente,Sereno,Scarso,Insufficiente,Insufficiente,0,0,0,2,12.707,41.9296,-1,1,Autovettura privata,In marcia / fermata / arresto,Conducente,M,Illeso,0,,Non accertato,Inesploso,
4005909,8,25/09/2018 19:00:00,Strada Urbana,VIA DI LUNGHEZZINA,da specificare,,,,altezza via G. Donegani,Scontro frontale/laterale SX fra veicoli in marcia,Curva senza visuale libera,Una carreggiata a doppio senso,Bagnato (umidit� in atto),Asfaltata,Assente,Sereno,Scarso,Insufficiente,Insufficiente,0,0,0,2,12.707,41.9296,-1,2,Autovettura privata,In marcia / fermata / arresto,Conducente,M,Illeso,0,,Non accertato,Inesploso,
4005913,8,25/09/2018 15:40:00,Strada Urbana,VIA DI SALONE,da specificare,,,,pross. Via Collatina,Tamponamento Multiplo,Rettilineo,Una carreggiata a doppio senso,Asciutto,Asfaltata,Verticale ed orizzontale,Sereno,Normale,Buona,Ore Diurne,0,0,0,4,,,0,1,Autovettura privata,In marcia / fermata / arresto,Conducente,M,Illeso,0,,Non accertato,Inesploso,
4005913,8,25/09/2018 15:40:00,Strada Urbana,VIA DI SALONE,da specificare,,,,pross. Via Collatina,Tamponamento Multiplo,Rettilineo,Una carreggiata a doppio senso,Asciutto,Asfaltata,Verticale ed orizzontale,Sereno,Normale,Buona,Ore Diurne,0,0,0,4,,,0,1,Autovettura privata,In marcia / fermata / arresto,Passeggero,M,Illeso,0,,Non accertato,Inesploso,
4005913,8,25/09/2018 15:40:00,Strada Urbana,VIA DI SALONE,da specificare,,,,pross. Via Collatina,Tamponamento Multiplo,Rettilineo,Una carreggiata a doppio senso,Asciutto,Asfaltata,Verticale ed orizzontale,Sereno,Normale,Buona,Ore Diurne,0,0,0,4,,,0,2,Autovettura privata,In marcia / fermata / arresto,Conducente,M,Illeso,0,,Non accertato,Inesploso,
4005913,8,25/09/2018 15:40:00,Strada Urbana,VIA DI SALONE,da specificare,,,,pross. Via Collatina,Tamponamento Multiplo,Rettilineo,Una carreggiata a doppio senso,Asciutto,Asfaltata,Verticale ed orizzontale,Sereno,Normale,Buona,Ore Diurne,0,0,0,4,,,0,3,Autovettura privata,In marcia / fermata / arresto,Conducente,M,Illeso,0,,,,
4005914,8,25/09/2018 09:15:00,Strada Urbana,VIA ACQUARONI,in corrispondenza,,del civico n.,82,,Investimento di pedone,Rettilineo,Una carreggiata a doppio senso,Asciutto,Asfaltata,Verticale ed orizzontale,Nuvoloso,Normale,Buona,Ore Diurne,1,0,0,1,12.6443,41.8657,-1,,,,Pedone,F,Rimandato,0,NON DECEDUTO,,,
4005914,8,25/09/2018 09:15:00,Strada Urbana,VIA ACQUARONI,in corrispondenza,,del civico n.,82,,Investimento di pedone,Rettilineo,Una carreggiata a doppio senso,Asciutto,Asfaltata,Verticale ed orizzontale,Nuvoloso,Normale,Buona,Ore Diurne,1,0,0,1,12.6443,41.8657,-1,1,Autovettura privata,In marcia / fermata / arresto,Conducente,M,Illeso,0,,Non accertato,Inesploso,
4005915,11,25/09/2018 13:30:00,Strada Urbana,VIA ARDEATINA,all'intersezione con,VIA DELLE CORNACCHIOLE,VIA DELLE CORNACCHIOLE,,,Scontro frontale fra veicoli in marcia,Intersezione non regolata/non segnalata,Una carreggiata a doppio senso,Asciutto,Asfaltata,Orizzontale,Sereno,Normale,Buona,Ore Diurne,1,0,0,2,12.5362,41.8026,-1,1,Autovettura privata,In marcia / fermata / arresto,Conducente,M,Illeso,0,,,,
4005915,11,25/09/2018 13:30:00,Strada Urbana,VIA ARDEATINA,all'intersezione con,VIA DELLE CORNACCHIOLE,VIA DELLE CORNACCHIOLE,,,Scontro frontale fra veicoli in marcia,Intersezione non regolata/non segnalata,Una carreggiata a doppio senso,Asciutto,Asfaltata,Orizzontale,Sereno,Normale,Buona,Ore Diurne,1,0,0,2,12.5362,41.8026,-1,2,Autovettura privata,In marcia / fermata / arresto,Conducente,M,Illeso,0,,Non accertato,,
4005915,11,25/09/2018 13:30:00,Strada Urbana,VIA ARDEATINA,all'intersezione con,VIA DELLE CORNACCHIOLE,VIA DELLE CORNACCHIOLE,,,Scontro frontale fra veicoli in marcia,Intersezione non regolata/non segnalata,Una carreggiata a doppio senso,Asciutto,Asfaltata,Orizzontale,Sereno,Normale,Buona,Ore Diurne,1,0,0,2,12.5362,41.8026,-1,3,Motociclo a solo,In marcia / fermata / arresto,Conducente,M,Ricoverato,0,NON DECEDUTO,,,
4005916,8,25/09/2018 13:00:00,,VIA CASILINA,in prossimit�,,del civico n.,1765 C,,Scontro laterale fra veicoli in marcia,,,,,,,,,,1,0,0,1,12.6703,41.864,0,1,Autovettura privata,In marcia / fermata / arresto,Conducente,M,Illeso,0,,,,
4005916,8,25/09/2018 13:00:00,,VIA CASILINA,in prossimit�,,del civico n.,1765 C,,Scontro laterale fra veicoli in marcia,,,,,,,,,,1,0,0,1,12.6703,41.864,0,2,Motociclo a solo,In marcia / fermata / arresto,Conducente,M,Rimandato,0,NON DECEDUTO,,,