Protocollo,Gruppo,DataOraIncidente,Localizzazione1,STRADA1,Localizzazione2,STRADA2,Strada02,Chilometrica,DaSpecificare,NaturaIncidente,particolaritastrade,TipoStrada,FondoStradale,Pavimentazione,Segnaletica,CondizioneAtmosferica,Traffico,Visibilita,Illuminazione,NUM_FERITI,NUM_RISERVATA,NUM_MORTI,NUM_ILLESI,Longitudine,Latitudine,Confermato,Progressivo,TipoVeicolo,StatoVeicolo,TipoPersona,Sesso,Tipolesione,Deceduto,DecedutoDopo,CinturaCascoUtilizzato,Airbag,
4006096,5,26/09/2018 07:30:00,Strada Urbana,VIA DI GROTTA DI GREGNA,in prossimit�,,del civico n.,110,,Scontro laterale fra veicoli in marcia,Rettilineo,Una carreggiata a doppio senso,Asciutto,Asfaltata,Orizzontale,Sereno,Intenso,Buona,Ore Diurne,1,0,0,1,12.5661,41.9048,-1,1,Autovettura privata,In marcia / fermata / arresto,Conducente,F,Illeso,0,,Non accertato,,
4006096,5,26/09/2018 07:30:00,Strada Urbana,VIA DI GROTTA DI GREGNA,in prossimit�,,del civico n.,110,,Scontro laterale fra veicoli in marcia,Rettilineo,Una carreggiata a doppio senso,Asciutto,Asfaltata,Orizzontale,Sereno,Intenso,Buona,Ore Diurne,1,0,0,1,12.5661,41.9048,-1,2,Motociclo a solo,In marcia / fermata / arresto,Conducente,M,Rimandato,0,NON DECEDUTO,,,
4006102,10,26/09/2018 07:45:00,Strada Urbana,VIA TUSCOLANA,in prossimit�,,del civico n.,1243,,Tamponamento Multiplo,Rettilineo,Pi� di due carreggiate,Asciutto,Asfaltata,Verticale ed orizzontale,Sereno,Intenso,Buona,Ore Diurne,3,0,0,3,12.599,41.8373,-1,1,Autovettura privata,In marcia / fermata / arresto,Conducente,M,Illeso,0,,Non accertato,Inesploso,
4006102,10,26/09/2018 07:45:00,Strada Urbana,VIA TUSCOLANA,in prossimit�,,del civico n.,1243,,Tamponamento Multiplo,Rettilineo,Pi� di due carreggiate,Asciutto,Asfaltata,Verticale ed orizzontale,Sereno,Intenso,Buona,Ore Diurne,3,0,0,3,12.599,41.8373,-1,1,Autovettura privata,In marcia / fermata / arresto,Passeggero,F,Illeso,0,,Non accertato,Inesploso,
4006102,10,26/09/2018 07:45:00,Strada Urbana,VIA TUSCOLANA,in prossimit�,,del civico n.,1243,,Tamponamento Multiplo,Rettilineo,Pi� di due carreggiate,Asciutto,Asfaltata,Verticale ed orizzontale,Sereno,Intenso,Buona,Ore Diurne,3,0,0,3,12.599,41.8373,-1,1,Autovettura privata,In marcia / fermata / arresto,Passeggero,F,Illeso,0,,Utilizzato,Inesploso,
4006102,10,26/09/2018 07:45:00,Strada Urbana,VIA TUSCOLANA,in prossimit�,,del civico n.,1243,,Tamponamento Multiplo,Rettilineo,Pi� di due carreggiate,Asciutto,Asfaltata,Verticale ed orizzontale,Sereno,Intenso,Buona,Ore Diurne,3,0,0,3,12.599,41.8373,-1,2,Autovettura privata,In marcia / fermata / arresto,Conducente,F,Rifiuta cure immediate,0,NON DECEDUTO,Non accertato,Esploso,
4006102,10,26/09/2018 07:45:00,Strada Urbana,VIA TUSCOLANA,in prossimit�,,del civico n.,1243,,Tamponamento Multiplo,Rettilineo,Pi� di due carreggiate,Asciutto,Asfaltata,Verticale ed orizzontale,Sereno,Intenso,Buona,Ore Diurne,3,0,0,3,12.599,41.8373,-1,3,Autovettura privata,In marcia / fermata / arresto,Conducente,F,Rimandato,0,NON DECEDUTO,Non accertato,Inesploso,
4006102,10,26/09/2018 07:45:00,Strada Urbana,VIA TUSCOLANA,in prossimit�,,del civico n.,1243,,Tamponamento Multiplo,Rettilineo,Pi� di due carreggiate,Asciutto,Asfaltata,Verticale ed orizzontale,Sereno,Intenso,Buona,Ore Diurne,3,0,0,3,12.599,41.8373,-1,4,Autovettura privata,In marcia / fermata / arresto,Conducente,F,Rifiuta cure immediate,0,NON DECEDUTO,Non accertato,Esploso,
4006113,6,26/09/2018 07:30:00,Strada Urbana,VIALE DELLA PRIMAVERA,all'intersezione semaforizzata con,VIA CASILINA,VIA CASILINA,,,Scontro laterale fra veicoli in marcia,Intersezione semaforizzata,Due carreggiate,Asciutto,Asfaltata,Verticale ed orizzontale,Sereno,Intenso,Buona,Ore Diurne,0,0,0,2,12.5574,41.8756,-1,1,Autovettura privata,In marcia / fermata / arresto,Conducente,M,Illeso,0,,,,
4006113,6,26/09/2018 07:30:00,Strada Urbana,VIALE DELLA PRIMAVERA,all'intersezione semaforizzata con,VIA CASILINA,VIA CASILINA,,,Scontro laterale fra veicoli in marcia,Intersezione semaforizzata,Due carreggiate,Asciutto,Asfaltata,Verticale ed orizzontale,Sereno,Intenso,Buona,Ore Diurne,0,0,0,2,12.5574,41.8756,-1,2,Autocarro inferiore 35 q.,In marcia / fermata / arresto,Conducente,M,Illeso,0,,,,
4006118,12,25/09/2018 08:20:00,Strada Urbana,VIALE OCEANO ATLANTICO ,in corrispondenza,,del civico n.,271,,Scontro frontale/laterale SX fra veicoli in marcia,Rettilineo,Due carreggiate,Asciutto,Asfaltata,Verticale ed orizzontale,Sereno,Intenso,Buona,Ore Diurne,0,0,0,2,12.4637,41.8183,-1,1,Autovettura privata,In marcia / fermata / arresto,Conducente,M,Illeso,0,,,,
4006118,12,25/09/2018 08:20:00,Strada Urbana,VIALE OCEANO ATLANTICO ,in corrispondenza,,del civico n.,271,,Scontro frontale/laterale SX fra veicoli in marcia,Rettilineo,Due carreggiate,Asciutto,Asfaltata,Verticale ed orizzontale,Sereno,Intenso,Buona,Ore Diurne,0,0,0,2,12.4637,41.8183,-1,2,Motociclo a solo,In marcia / fermata / arresto,Conducente,F,Illeso,0,,,,
4006136,4,25/09/2018 09:50:00,Provinciale entro l'abitato,VIA NOMENTANA,in prossimit�,,della chilometrica,10.5,,Veicolo in marcia contro ostacolo accidentale,Rettilineo,Una carreggiata a doppio senso,Asciutto,Asfaltata,Verticale ed orizzontale,Sereno,Normale,Buona,Ore Diurne,0,0,0,1,12.5728,41.9579,-1,1,Autovettura privata,In marcia / fermata / arresto,Conducente,M,Illeso,0,,Non accertato,Inesploso,
4006139,23,25/09/2018 20:40:00,Strada Urbana,VIA TOMMASO TRAETTA,in prossimit�,,del civico n.,60,,Scontro frontale/laterale DX fra veicoli in marcia,Rettilineo,Una carreggiata a doppio senso,Asciutto,Asfaltata,Assente,Sereno,Scarso,Buona,Sufficiente,1,0,0,1,12.3854,41.7512,-1,1,Autovettura privata,In marcia / fermata / arresto,Conducente,M,Illeso,0,,Non accertato,Inesploso,
4006139,23,25/09/2018 20:40:00,Strada Urbana,VIA TOMMASO TRAETTA,in prossimit�,,del civico n.,60,,Scontro frontale/laterale DX fra veicoli in marcia,Rettilineo,Una carreggiata a doppio senso,Asciutto,Asfaltata,Assente,Sereno,Scarso,Buona,Sufficiente,1,0,0,1,12.3854,41.7512,-1,2,Motociclo con passeggero,In marcia / fermata / arresto,Conducente,M,Rimandato,0,NON DECEDUTO,Non accertato,,
4006141,12,26/09/2018 07:50:00,Strada Urbana,VIA DEI GENIERI,in prossimit�,,del civico n.,175,,Scontro laterale fra veicoli in marcia,Rettilineo,Una carreggiata a doppio senso,Asciutto,Asfaltata,Verticale ed orizzontale,Sereno,Normale,Buona,Ore Diurne,0,0,0,2,12.491,41.8143,-1,1,Autovettura privata,In marcia / fermata / arresto,Conducente,M,Illeso,0,,Non accertato,Inesploso,
4006141,12,26/09/2018 07:50:00,Strada Urbana,VIA DEI GENIERI,in prossimit�,,del civico n.,175,,Scontro laterale fra veicoli in marcia,Rettilineo,Una carreggiata a doppio senso,Asciutto,Asfaltata,Verticale ed orizzontale,Sereno,Normale,Buona,Ore Diurne,0,0,0,2,12.491,41.8143,-1,2,Autovettura privata,In marcia / fermata / arresto,Conducente,M,Illeso,0,,Non accertato,Inesploso,
4006153,17,26/09/2018 07:10:00,Strada Urbana,VIA GERMANICO,all'intersezione con,VIA SILLA,VIA SILLA,,,Scontro frontale/laterale DX fra veicoli in marcia,Incrocio,Una carreggiata a senso unico di marcia,Asciutto,Asfaltata,Verticale ed orizzontale,Sereno,Scarso,Buona,Ore Diurne,0,0,0,3,12.4597,41.9082,-1,1,Autovettura privata,In marcia / fermata / arresto,Conducente,M,Illeso,0,,,,
4006153,17,26/09/2018 07:10:00,Strada Urbana,VIA GERMANICO,all'intersezione con,VIA SILLA,VIA SILLA,,,Scontro frontale/laterale DX fra veicoli in marcia,Incrocio,Una carreggiata a senso unico di marcia,Asciutto,Asfaltata,Verticale ed orizzontale,Sereno,Scarso,Buona,Ore Diurne,0,0,0,3,12.4597,41.9082,-1,2,Autovettura privata,In marcia / fermata / arresto,Conducente,M,Illeso,0,,Non accertato,Esploso,
4006153,17,26/09/2018 07:10:00,Strada Urbana,VIA GERMANICO,all'intersezione con,VIA SILLA,VIA SILLA,,,Scontro frontale/laterale DX fra veicoli in marcia,Incrocio,Una carreggiata a senso unico di marcia,Asciutto,Asfaltata,Verticale ed orizzontale,Sereno,Scarso,Buona,Ore Diurne,0,0,0,3,12.4597,41.9082,-1,2,Autovettura privata,In marcia / fermata / arresto,Passeggero,F,Illeso,0,,Non accertato,Esploso,
4006164,18,26/09/2018 06:40:00,Strada Urbana,VIA DI BOCCEA,in prossimit�,,del civico n.,313,,Tamponamento,Rettilineo,Una carreggiata a doppio senso,Asciutto,Asfaltata,Verticale ed orizzontale,Sereno,Intenso,Buona,Ore Diurne,0,0,0,2,12.4126,41.9029,-1,1,Autocarro inferiore 35 q.,In marcia / fermata / arresto,Conducente,M,Illeso,0,,,,
4006164,18,26/09/2018 06:40:00,Strada Urbana,VIA DI BOCCEA,in prossimit�,,del civico n.,313,,Tamponamento,Rettilineo,Una carreggiata a doppio senso,Asciutto,Asfaltata,Verticale ed orizzontale,Sereno,Intenso,Buona,Ore Diurne,0,0,0,2,12.4126,41.9029,-1,2,Autobus di linea,In marcia / fermata / arresto,Conducente,M,Illeso,0,,,,
4006173,4,25/09/2018 12:45:00,Strada Urbana,VIA DARIO NICCODEMI,in corrispondenza,,del civico n.,37,,Scontro laterale fra veicoli in marcia,Rettilineo,Una carreggiata a doppio senso,Asciutto,Asfaltata,Orizzontale,Sereno,Scarso,Buona,Ore Diurne,0,0,0,2,12.5479,41.953,-1,1,Autovettura privata,In marcia / fermata / arresto,Conducente,F,Illeso,0,,,,
4006173,4,25/09/2018 12:45:00,Strada Urbana,VIA DARIO NICCODEMI,in corrispondenza,,del civico n.,37,,Scontro laterale fra veicoli in marcia,Rettilineo,Una carreggiata a doppio senso,Asciutto,Asfaltata,Orizzontale,Sereno,Scarso,Buona,Ore Diurne,0,0,0,2,12.5479,41.953,-1,2,Autovettura privata,In marcia / fermata / arresto,Conducente,F,Illeso,0,,,,
4006198,16,20/09/2018 08:20:00,Strada Urbana,VIA GIOELE SOLARI,all'intersezione con,VIA BARTOLOMEO CHESI,VIA BARTOLOMEO CHESI,,,Scontro frontale/laterale SX fra veicoli in marcia,Intersezione non regolata/non segnalata,Una carreggiata a doppio senso,Bagnato (pioggia),Asfaltata,Verticale ed orizzontale,Pioggia in atto,Normale,Buona,Ore Diurne,0,0,0,3,12.3558,41.8725,-1,1,Autovettura privata,In marcia / fermata / arresto,Conducente,M,Illeso,0,,Non accertato,Inesploso,
4006198,16,20/09/2018 08:20:00,Strada Urbana,VIA GIOELE SOLARI,all'intersezione con,VIA BARTOLOMEO CHESI,VIA BARTOLOMEO CHESI,,,Scontro frontale/laterale SX fra veicoli in marcia,Intersezione non regolata/non segnalata,Una carreggiata a doppio senso,Bagnato (pioggia),Asfaltata,Verticale ed orizzontale,Pioggia in atto,Normale,Buona,Ore Diurne,0,0,0,3,12.3558,41.8725,-1,1,Autovettura privata,In marcia / fermata / arresto,Passeggero,M,Illeso,0,,Non accertato,Inesploso,
4006198,16,20/09/2018 08:20:00,Strada Urbana,VIA GIOELE SOLARI,all'intersezione con,VIA BARTOLOMEO CHESI,VIA BARTOLOMEO CHESI,,,Scontro frontale/laterale SX fra veicoli in marcia,Intersezione non regolata/non segnalata,Una carreggiata a doppio senso,Bagnato (pioggia),Asfaltata,Verticale ed orizzontale,Pioggia in atto,Normale,Buona,Ore Diurne,0,0,0,3,12.3558,41.8725,-1,2,Autovettura privata,In marcia / fermata / arresto,Conducente,F,Illeso,0,,Non accertato,Inesploso,
4006216,1,25/09/2018 11:00:00,Strada Urbana,VIA RAIMONDO DA CAPUA,all'intersezione con,PIAZZA GIUNONE REGINA,PIAZZA GIUNONE REGINA,,,Scontro frontale/laterale DX fra veicoli in marcia,Incrocio,Una carreggiata a senso unico di marcia,Asciutto,Asfaltata,Verticale ed orizzontale,Sereno,Normale,Buona,Ore Diurne,0,0,0,1,12.4809,41.8835,-1,1,Autocarro inferiore 35 q.,In marcia / fermata / arresto,Conducente,M,Illeso,0,,Non accertato,Inesploso,
4006218,4,25/09/2018 08:20:00,Strada Urbana,PIAZZA SEMPIONE,all'intersezione con,CORSO SEMPIONE,CORSO SEMPIONE,,,Scontro laterale fra veicoli in marcia,Incrocio,Una carreggiata a senso unico di marcia,Asciutto,Asfaltata,Verticale ed orizzontale,Nuvoloso,Intenso,Buona,Ore Diurne,0,0,0,2,12.5353,41.9357,-1,1,Autobus urbano,In marcia / fermata / arresto,Conducente,M,Illeso,0,,Non accertato,Inesistente,
4006218,4,25/09/2018 08:20:00,Strada Urbana,PIAZZA SEMPIONE,all'intersezione con,CORSO SEMPIONE,CORSO SEMPIONE,,,Scontro laterale fra veicoli in marcia,Incrocio,Una carreggiata a senso unico di marcia,Asciutto,Asfaltata,Verticale ed orizzontale,Nuvoloso,Intenso,Buona,Ore Diurne,0,0,0,2,12.5353,41.9357,-1,2,Autovettura privata,In marcia / fermata / arresto,Conducente,F,Illeso,0,,,Inesploso,
4006219,9,25/09/2018 16:37:00,Strada Urbana,VIA APPIA NUOVA,da specificare,,,,prossimit� 739 (Agip) direzione centro,Tamponamento Multiplo,Rettilineo,Due carreggiate,Asciutto,Asfaltata,Verticale ed orizzontale,Sereno,Normale,Buona,Ore Diurne,0,0,0,3,12.5599,41.8264,-1,1,Autovettura privata,In marcia / fermata / arresto,Conducente,M,Illeso,0,,Non accertato,Inesploso,
4006219,9,25/09/2018 16:37:00,Strada Urbana,VIA APPIA NUOVA,da specificare,,,,prossimit� 739 (Agip) direzione centro,Tamponamento Multiplo,Rettilineo,Due carreggiate,Asciutto,Asfaltata,Verticale ed orizzontale,Sereno,Normale,Buona,Ore Diurne,0,0,0,3,12.5599,41.8264,-1,2,Autovettura privata,In marcia / fermata / arresto,Conducente,F,Illeso,0,,Non accertato,Inesploso,
4006219,9,25/09/2018 16:37:00,Strada Urbana,VIA APPIA NUOVA,da specificare,,,,prossimit� 739 (Agip) direzione centro,Tamponamento Multiplo,Rettilineo,Due carreggiate,Asciutto,Asfaltata,Verticale ed orizzontale,Sereno,Normale,Buona,Ore Diurne,0,0,0,3,12.5599,41.8264,-1,3,Autovettura privata,In marcia / fermata / arresto,Conducente,M,Illeso,0,,Non accertato,Inesploso,
4006222,12,24/09/2018 19:15:00,Strada Urbana,VIA EDGARDO NEGRI,in corrispondenza,,del civico n.,9,,Veicolo in marcia contro ostacolo fisso,Rettilineo,Una carreggiata a doppio senso,Asciutto,Asfaltata,Verticale ed orizzontale,Sereno,Normale,Buona,Ore Diurne,0,0,0,1,12.4277,41.7882,0,1,Autovettura privata,In marcia / fermata / arresto,Conducente,M,Illeso,0,,Utilizzato,Inesploso,
4006234,2,25/09/2018 01:30:00,Strada Urbana,VIA NICOLO' PICCINNI,in prossimit�,,del civico n.,71,,Veicolo in marcia contro veicoli in sosta,Rettilineo,Una carreggiata a senso unico di marcia,Asciutto,Asfaltata,Verticale ed orizzontale,Sereno,Scarso,Buona,Sufficiente,0,0,0,1,12.5184,41.9344,-1,4,Autovettura privata,In marcia / fermata / arresto,Conducente,M,Illeso,0,,,,
4006240,2,25/09/2018 07:50:00,Strada Urbana,CIRCONVALLAZIONE SALARIA,da specificare,,,,dir. San Giovanni alt. palo luce 295,Scontro laterale fra veicoli in marcia,Curva a visuale libera,Due carreggiate,Asciutto,Asfaltata,Verticale ed orizzontale,Sereno,Normale,Buona,Ore Diurne,1,0,0,1,12.5207,41.9347,-1,1,Autovettura privata,In marcia / fermata / arresto,Conducente,F,Illeso,0,,,,
4006240,2,25/09/2018 07:50:00,Strada Urbana,CIRCONVALLAZIONE SALARIA,da specificare,,,,dir. San Giovanni alt. palo luce 295,Scontro laterale fra veicoli in marcia,Curva a visuale libera,Due carreggiate,Asciutto,Asfaltata,Verticale ed orizzontale,Sereno,Normale,Buona,Ore Diurne,1,0,0,1,12.5207,41.9347,-1,2,Motociclo a solo,In marcia / fermata / arresto,Conducente,M,Rimandato,0,NON DECEDUTO,,,
4006249,2,25/09/2018 08:35:00,,VIA NOMENTANA,in corrispondenza,,del civico n.,347,,Tamponamento,,,,,,,,,,1,0,0,1,,,0,1,Motociclo a solo,In marcia / fermata / arresto,Conducente,M,Rimandato,0,NON DECEDUTO,,,
4006249,2,25/09/2018 08:35:00,,VIA NOMENTANA,in corrispondenza,,del civico n.,347,,Tamponamento,,,,,,,,,,1,0,0,1,,,0,2,Autovettura privata,In marcia / fermata / arresto,Conducente,M,Illeso,0,,,,
4006251,17,25/09/2018 13:00:00,Strada Urbana,VIA CANDIA,all'intersezione semaforizzata con,VIA LEONE IV,VIA LEONE IV,,,Scontro laterale fra veicoli in marcia,Intersezione semaforizzata,Una carreggiata a senso unico di marcia,Asciutto,Asfaltata,Verticale ed orizzontale,Sereno,Normale,Buona,Ore Diurne,0,0,0,4,12.4553,41.9087,-1,1,Autovettura pubblica,In marcia / fermata / arresto,Conducente,M,Illeso,0,,,,
4006251,17,25/09/2018 13:00:00,Strada Urbana,VIA CANDIA,all'intersezione semaforizzata con,VIA LEONE IV,VIA LEONE IV,,,Scontro laterale fra veicoli in marcia,Intersezione semaforizzata,Una carreggiata a senso unico di marcia,Asciutto,Asfaltata,Verticale ed orizzontale,Sereno,Normale,Buona,Ore Diurne,0,0,0,4,12.4553,41.9087,-1,2,Autovettura privata,In marcia / fermata / arresto,Conducente,M,Illeso,0,,,,
4006251,17,25/09/2018 13:00:00,Strada Urbana,VIA CANDIA,all'intersezione semaforizzata con,VIA LEONE IV,VIA LEONE IV,,,Scontro laterale fra veicoli in marcia,Intersezione semaforizzata,Una carreggiata a senso unico di marcia,Asciutto,Asfaltata,Verticale ed orizzontale,Sereno,Normale,Buona,Ore Diurne,0,0,0,4,12.4553,41.9087,-1,2,Autovettura privata,In marcia / fermata / arresto,Passeggero,M,Illeso,0,,,,
4006251,17,25/09/2018 13:00:00,Strada Urbana,VIA CANDIA,all'intersezione semaforizzata con,VIA LEONE IV,VIA LEONE IV,,,Scontro laterale fra veicoli in marcia,Intersezione semaforizzata,Una carreggiata a senso unico di marcia,Asciutto,Asfaltata,Verticale ed orizzontale,Sereno,Normale,Buona,Ore Diurne,0,0,0,4,12.4553,41.9087,-1,2,Autovettura privata,In marcia / fermata / arresto,Passeggero,F,Illeso,0,,,,
4006255,2,25/09/2018 12:10:00,Strada Urbana,VIA ARCHIMEDE,in prossimit�,,del civico n.,86,,Veicolo in marcia contro veicolo in sosta,Curva a visuale libera,Una carreggiata a senso unico di marcia,Asciutto,Asfaltata,Verticale ed orizzontale,Sereno,Normale,Buona,Ore Diurne,0,0,0,1,12.4792,41.9234,-1,2,Autovettura privata,In marcia / fermata / arresto,Conducente,M,Illeso,0,,,,
4006261,2,25/09/2018 13:10:00,Strada Urbana,VIA FRANCESCO SIACCI,in prossimit�,,del civico n.,37,,Scontro laterale fra veicoli in marcia,Rettilineo,Una carreggiata a doppio senso,Asciutto,Asfaltata,Verticale ed orizzontale,Sereno,Normale,Buona,Ore Diurne,0,0,0,2,12.4874,41.9225,-1,1,Autovettura privata,In marcia / fermata / arresto,Conducente,M,Illeso,0,,,,
4006261,2,25/09/2018 13:10:00,Strada Urbana,VIA FRANCESCO SIACCI,in prossimit�,,del civico n.,37,,Scontro laterale fra veicoli in marcia,Rettilineo,Una carreggiata a doppio senso,Asciutto,Asfaltata,Verticale ed orizzontale,Sereno,Normale,Buona,Ore Diurne,0,0,0,2,12.4874,41.9225,-1,2,Autovettura privata,In marcia / fermata / arresto,Conducente,F,Illeso,0,,,,
4006266,2,25/09/2018 13:45:00,Strada Urbana,CORSO D'ITALIA,all'intersezione con,VIA ANIENE,VIA ANIENE,,,Scontro frontale/laterale SX fra veicoli in marcia,Incrocio,Una carreggiata a senso unico di marcia,Asciutto,Asfaltata,Verticale ed orizzontale,Sereno,Normale,Buona,Ore Diurne,1,0,0,1,12.496,41.9111,-1,1,Autovettura privata,In marcia / fermata / arresto,Conducente,F,Illeso,0,,,,
4006266,2,25/09/2018 13:45:00,Strada Urbana,CORSO D'ITALIA,all'intersezione con,VIA ANIENE,VIA ANIENE,,,Scontro frontale/laterale SX fra veicoli in marcia,Incrocio,Una carreggiata a senso unico di marcia,Asciutto,Asfaltata,Verticale ed orizzontale,Sereno,Normale,Buona,Ore Diurne,1,0,0,1,12.496,41.9111,-1,2,Motociclo a solo,In marcia / fermata / arresto,Conducente,M,Rimandato,0,NON DECEDUTO,,,
4006268,2,25/09/2018 15:20:00,Strada Urbana,VIALE PARIOLI,in corrispondenza,,del civico n.,10,,Scontro frontale/laterale DX fra veicoli in marcia,Rettilineo,Una carreggiata a doppio senso,Asciutto,Asfaltata,Verticale ed orizzontale,Sereno,Normale,Buona,Ore Diurne,1,0,0,1,12.4917,41.9234,-1,1,Autovettura privata,In marcia / fermata / arresto,Conducente,F,Illeso,0,,Non accertato,Inesploso,
4006268,2,25/09/2018 15:20:00,Strada Urbana,VIALE PARIOLI,in corrispondenza,,del civico n.,10,,Scontro frontale/laterale DX fra veicoli in marcia,Rettilineo,Una carreggiata a doppio senso,Asciutto,Asfaltata,Verticale ed orizzontale,Sereno,Normale,Buona,Ore Diurne,1,0,0,1,12.4917,41.9234,-1,2,Ciclomotore,In marcia / fermata / arresto,Conducente,F,Rimandato,0,NON DECEDUTO,Non accertato,,
4006275,5,26/09/2018 07:35:00,Strada Urbana,VIA CASTEL BOVERANO,all'intersezione con,VIA LUDOVICO PASINI,VIA LUDOVICO PASINI,,,Tamponamento,Incrocio,Una carreggiata a doppio senso,Asciutto,Asfaltata,Verticale ed orizzontale,Sereno,Normale,Buona,Ore Diurne,0,0,0,3,12.5578,41.9194,-1,1,Autovettura privata,In marcia / fermata / arresto,Conducente,F,Illeso,0,,Non accertato,,
4006275,5,26/09/2018 07:35:00,Strada Urbana,VIA CASTEL BOVERANO,all'intersezione con,VIA LUDOVICO PASINI,VIA LUDOVICO PASINI,,,Tamponamento,Incrocio,Una carreggiata a doppio senso,Asciutto,Asfaltata,Verticale ed orizzontale,Sereno,Normale,Buona,Ore Diurne,0,0,0,3,12.5578,41.9194,-1,2,Autovettura privata,In marcia / fermata / arresto,Conducente,F,Illeso,0,,Non accertato,,
4006275,5,26/09/2018 07:35:00,Strada Urbana,VIA CASTEL BOVERANO,all'intersezione con,VIA LUDOVICO PASINI,VIA LUDOVICO PASINI,,,Tamponamento,Incrocio,Una carreggiata a doppio senso,Asciutto,Asfaltata,Verticale ed orizzontale,Sereno,Normale,Buona,Ore Diurne,0,0,0,3,12.5578,41.9194,-1,2,Autovettura privata,In marcia / fermata / arresto,Passeggero,M,Illeso,0,,Non accertato,,
4006279,16,25/09/2018 13:55:00,Strada Urbana,VIA FEDERICO DI DONATO,in prossimit�,,del civico n.,5,,Veicolo in marcia contro ostacolo accidentale,Rettilineo,Due carreggiate,Asciutto,Asfaltata,Verticale ed orizzontale,Sereno,Normale,Buona,Ore Diurne,1,0,0,0,12.4489,41.8653,-1,1,Motociclo a solo,In marcia / fermata / arresto,Conducente,M,Rimandato,0,NON DECEDUTO,Non accertato,,
4006282,1,25/09/2018 16:40:00,Strada Urbana,VIALE DI TRASTEVERE,all'intersezione semaforizzata con,VIA EMILIO MOROSINI,VIA EMILIO MOROSINI,,,Investimento di pedone,Intersezione semaforizzata,Una carreggiata a senso unico di marcia,Asciutto,Asfaltata,Verticale ed orizzontale,Sereno,Normale,Buona,Ore Diurne,1,0,0,1,,,0,,,,Pedone,F,Rimandato,0,NON DECEDUTO,,,
4006282,1,25/09/2018 16:40:00,Strada Urbana,VIALE DI TRASTEVERE,all'intersezione semaforizzata con,VIA EMILIO MOROSINI,VIA EMILIO MOROSINI,,,Investimento di pedone,Intersezione semaforizzata,Una carreggiata a senso unico di marcia,Asciutto,Asfaltata,Verticale ed orizzontale,Sereno,Normale,Buona,Ore Diurne,1,0,0,1,,,0,1,Autovettura privata,In marcia / fermata / arresto,Conducente,M,Illeso,0,,,,
4006299,4,25/09/2018 09:00:00,Strada Urbana,VIA TINA PICA,all'intersezione con,VIALE TITINA DE FILIPPO,VIALE TITINA DE FILIPPO,,,Investimento di pedone,Incrocio,Una carreggiata a doppio senso,Asciutto,Asfaltata,Verticale ed orizzontale,Sereno,Normale,Buona,Ore Diurne,1,0,0,1,12.5152,41.969,-1,,,,Pedone,F,Rifiuta cure immediate,0,NON DECEDUTO,,,
4006299,4,25/09/2018 09:00:00,Strada Urbana,VIA TINA PICA,all'intersezione con,VIALE TITINA DE FILIPPO,VIALE TITINA DE FILIPPO,,,Investimento di pedone,Incrocio,Una carreggiata a doppio senso,Asciutto,Asfaltata,Verticale ed orizzontale,Sereno,Normale,Buona,Ore Diurne,1,0,0,1,12.5152,41.969,-1,1,Autovettura privata,In marcia / fermata / arresto,Conducente,F,Illeso,0,,Non accertato,Inesploso,
4006311,16,25/09/2018 15:20:00,Strada Urbana,VIA DELLA PISANA,in prossimit�,,del civico n.,353,,Scontro frontale/laterale SX fra veicoli in marcia,Rettilineo,Una carreggiata a doppio senso,Asciutto,Asfaltata,Verticale ed orizzontale,Sereno,Normale,Buona,Ore Diurne,0,0,0,2,12.4127,41.8708,-1,1,Autovettura privata,In marcia / fermata / arresto,Conducente,F,Illeso,0,,Non accertato,Esploso,
4006311,16,25/09/2018 15:20:00,Strada Urbana,VIA DELLA PISANA,in prossimit�,,del civico n.,353,,Scontro frontale/laterale SX fra veicoli in marcia,Rettilineo,Una carreggiata a doppio senso,Asciutto,Asfaltata,Verticale ed orizzontale,Sereno,Normale,Buona,Ore Diurne,0,0,0,2,12.4127,41.8708,-1,2,Autovettura privata,In marcia / fermata / arresto,Conducente,M,Illeso,0,,Non accertato,Esploso,
4006350,16,25/09/2018 16:30:00,Strada Urbana,VICOLO DEGLI ORTI PORTUENSI,all'intersezione con,VIA PORTUENSE,VIA PORTUENSE,,,Scontro frontale/laterale SX fra veicoli in marcia,Incrocio,Due carreggiate,Asciutto,Asfaltata,Verticale ed orizzontale,Sereno,Normale,Buona,Ore Diurne,0,0,0,3,12.4461,41.8579,-1,1,Autovettura privata,In marcia / fermata / arresto,Conducente,M,Illeso,0,,Non accertato,,
4006350,16,25/09/2018 16:30:00,Strada Urbana,VICOLO DEGLI ORTI PORTUENSI,all'intersezione con,VIA PORTUENSE,VIA PORTUENSE,,,Scontro frontale/laterale SX fra veicoli in marcia,Incrocio,Due carreggiate,Asciutto,Asfaltata,Verticale ed orizzontale,Sereno,Normale,Buona,Ore Diurne,0,0,0,3,12.4461,41.8579,-1,1,Autovettura privata,In marcia / fermata / arresto,Passeggero,M,Illeso,0,,Non accertato,,