Protocollo,Gruppo,DataOraIncidente,Localizzazione1,STRADA1,Localizzazione2,STRADA2,Strada02,Chilometrica,DaSpecificare,NaturaIncidente,particolaritastrade,TipoStrada,FondoStradale,Pavimentazione,Segnaletica,CondizioneAtmosferica,Traffico,Visibilita,Illuminazione,NUM_FERITI,NUM_RISERVATA,NUM_MORTI,NUM_ILLESI,Longitudine,Latitudine,Confermato,Progressivo,TipoVeicolo,StatoVeicolo,TipoPersona,Sesso,Tipolesione,Deceduto,DecedutoDopo,CinturaCascoUtilizzato,Airbag,
4006350,16,25/09/2018 16:30:00,Strada Urbana,VICOLO DEGLI ORTI PORTUENSI,all'intersezione con,VIA PORTUENSE,VIA PORTUENSE,,,Scontro frontale/laterale SX fra veicoli in marcia,Incrocio,Due carreggiate,Asciutto,Asfaltata,Verticale ed orizzontale,Sereno,Normale,Buona,Ore Diurne,0,0,0,3,12.4461,41.8579,-1,2,Velocipede,In marcia / fermata / arresto,Conducente,M,Illeso,0,,Esente,,
4006361,1,25/09/2018 17:25:00,Strada Urbana,VIA DELL'AMBA ARADAM,in prossimit�,,del civico n.,47,,Scontro laterale fra veicoli in marcia,Rettilineo,Una carreggiata a doppio senso,Asciutto,Asfaltata,Verticale ed orizzontale,Sereno,Intenso,Buona,Ore Diurne,1,0,0,1,,,0,1,Autovettura privata,In marcia / fermata / arresto,Conducente,F,Illeso,0,,Non accertato,Inesploso,
4006361,1,25/09/2018 17:25:00,Strada Urbana,VIA DELL'AMBA ARADAM,in prossimit�,,del civico n.,47,,Scontro laterale fra veicoli in marcia,Rettilineo,Una carreggiata a doppio senso,Asciutto,Asfaltata,Verticale ed orizzontale,Sereno,Intenso,Buona,Ore Diurne,1,0,0,1,,,0,2,Motociclo a solo,In marcia / fermata / arresto,Conducente,M,Rimandato,0,NON DECEDUTO,Non accertato,,
4006365,7,26/09/2018 08:40:00,Strada Urbana,VIALE DELLE ORCHIDEE,all'intersezione con,VIA DELLE PALME,VIA DELLE PALME,,,Scontro frontale/laterale SX fra veicoli in marcia,Incrocio,Due carreggiate,Asciutto,Asfaltata,Verticale ed orizzontale,Sereno,Normale,Sufficiente,Ore Diurne,0,0,0,2,12.569,41.8902,-1,1,Autovettura privata,In marcia / fermata / arresto,Conducente,F,Illeso,0,,Non accertato,Inesploso,
4006365,7,26/09/2018 08:40:00,Strada Urbana,VIALE DELLE ORCHIDEE,all'intersezione con,VIA DELLE PALME,VIA DELLE PALME,,,Scontro frontale/laterale SX fra veicoli in marcia,Incrocio,Due carreggiate,Asciutto,Asfaltata,Verticale ed orizzontale,Sereno,Normale,Sufficiente,Ore Diurne,0,0,0,2,12.569,41.8902,-1,2,Autovettura privata,In marcia / fermata / arresto,Conducente,M,Illeso,0,,Non accertato,,
4006367,4,25/09/2018 17:10:00,Statale,VIA SALARIA,da specificare,,,,in prossimit� di Via della Marcigliana,Tamponamento,Rettilineo,Una carreggiata a doppio senso,Asciutto,Asfaltata,Orizzontale,Sereno,Intenso,Buona,Ore Diurne,0,0,0,2,13.0817,42.4178,-1,1,Autovettura privata,In marcia / fermata / arresto,Conducente,M,Illeso,0,,Non accertato,,
4006367,4,25/09/2018 17:10:00,Statale,VIA SALARIA,da specificare,,,,in prossimit� di Via della Marcigliana,Tamponamento,Rettilineo,Una carreggiata a doppio senso,Asciutto,Asfaltata,Orizzontale,Sereno,Intenso,Buona,Ore Diurne,0,0,0,2,13.0817,42.4178,-1,2,Autovettura privata,In marcia / fermata / arresto,Conducente,M,Illeso,0,,Non accertato,,
4006371,4,25/09/2018 15:00:00,Strada Urbana,VIALE JONIO,da specificare,,,,fronte civico 88 direzione piazza Talenti,Scontro frontale fra veicoli in marcia,Rettilineo,Due carreggiate,Asciutto,Asfaltata,Assente,Sereno,Normale,Buona,Ore Diurne,0,0,0,2,12.536,41.9442,-1,1,Autovettura privata,In marcia / fermata / arresto,Conducente,M,Illeso,0,,,,
4006371,4,25/09/2018 15:00:00,Strada Urbana,VIALE JONIO,da specificare,,,,fronte civico 88 direzione piazza Talenti,Scontro frontale fra veicoli in marcia,Rettilineo,Due carreggiate,Asciutto,Asfaltata,Assente,Sereno,Normale,Buona,Ore Diurne,0,0,0,2,12.536,41.9442,-1,2,Ciclomotore,In marcia / fermata / arresto,Conducente,M,Illeso,0,,,,
4006372,12,25/09/2018 09:30:00,Strada Urbana,VIA CRISTOFORO COLOMBO,da specificare,,,,dir Roma alt palo Acea 565,Tamponamento Multiplo,Rettilineo,Due carreggiate,Asciutto,Asfaltata,Verticale ed orizzontale,Nuvoloso,Intenso,Buona,Ore Diurne,2,0,0,2,12.4635,41.8192,-1,1,Autovettura privata,In marcia / fermata / arresto,Conducente,M,Illeso,0,,,,
4006372,12,25/09/2018 09:30:00,Strada Urbana,VIA CRISTOFORO COLOMBO,da specificare,,,,dir Roma alt palo Acea 565,Tamponamento Multiplo,Rettilineo,Due carreggiate,Asciutto,Asfaltata,Verticale ed orizzontale,Nuvoloso,Intenso,Buona,Ore Diurne,2,0,0,2,12.4635,41.8192,-1,2,Autovettura privata,In marcia / fermata / arresto,Conducente,F,Rimandato,0,NON DECEDUTO,,,
4006372,12,25/09/2018 09:30:00,Strada Urbana,VIA CRISTOFORO COLOMBO,da specificare,,,,dir Roma alt palo Acea 565,Tamponamento Multiplo,Rettilineo,Due carreggiate,Asciutto,Asfaltata,Verticale ed orizzontale,Nuvoloso,Intenso,Buona,Ore Diurne,2,0,0,2,12.4635,41.8192,-1,3,Autovettura privata,In marcia / fermata / arresto,Conducente,M,Rimandato,0,NON DECEDUTO,,,
4006372,12,25/09/2018 09:30:00,Strada Urbana,VIA CRISTOFORO COLOMBO,da specificare,,,,dir Roma alt palo Acea 565,Tamponamento Multiplo,Rettilineo,Due carreggiate,Asciutto,Asfaltata,Verticale ed orizzontale,Nuvoloso,Intenso,Buona,Ore Diurne,2,0,0,2,12.4635,41.8192,-1,4,Autovettura privata,In marcia / fermata / arresto,Conducente,M,Illeso,0,,,,
4006375,12,24/09/2018 13:10:00,Strada Urbana,VIALE IGNAZIO SILONE,in prossimit�,,del civico n.,72,,Scontro frontale/laterale SX fra veicoli in marcia,Curva a visuale libera,Una carreggiata a senso unico di marcia,Asciutto,Asfaltata,Assente,Sereno,Normale,Buona,Ore Diurne,0,0,0,2,12.4762,41.8135,-1,1,Autovettura privata,In marcia / fermata / arresto,Conducente,F,Illeso,0,,,,
4006375,12,24/09/2018 13:10:00,Strada Urbana,VIALE IGNAZIO SILONE,in prossimit�,,del civico n.,72,,Scontro frontale/laterale SX fra veicoli in marcia,Curva a visuale libera,Una carreggiata a senso unico di marcia,Asciutto,Asfaltata,Assente,Sereno,Normale,Buona,Ore Diurne,0,0,0,2,12.4762,41.8135,-1,2,Autovettura privata,In marcia / fermata / arresto,Conducente,M,Illeso,0,,,,
4006404,12,25/09/2018 20:00:00,Strada Urbana,VIA DELLA CECCHIGNOLA,all'intersezione con,VIA DEL CASALE ZOLA,VIA DEL CASALE ZOLA,,,Scontro frontale/laterale SX fra veicoli in marcia,Intersezione stradale segnalata,Una carreggiata a senso unico alternato,Asciutto,Asfaltata,Verticale ed orizzontale,Sereno,Normale,Buona,Sufficiente,0,0,0,3,12.5164,41.8216,-1,1,Autovettura privata,In marcia / fermata / arresto,Conducente,M,Illeso,0,,Utilizzato,Inesploso,
4006404,12,25/09/2018 20:00:00,Strada Urbana,VIA DELLA CECCHIGNOLA,all'intersezione con,VIA DEL CASALE ZOLA,VIA DEL CASALE ZOLA,,,Scontro frontale/laterale SX fra veicoli in marcia,Intersezione stradale segnalata,Una carreggiata a senso unico alternato,Asciutto,Asfaltata,Verticale ed orizzontale,Sereno,Normale,Buona,Sufficiente,0,0,0,3,12.5164,41.8216,-1,1,Autovettura privata,In marcia / fermata / arresto,Passeggero,M,Illeso,0,,Non accertato,Inesploso,
4006404,12,25/09/2018 20:00:00,Strada Urbana,VIA DELLA CECCHIGNOLA,all'intersezione con,VIA DEL CASALE ZOLA,VIA DEL CASALE ZOLA,,,Scontro frontale/laterale SX fra veicoli in marcia,Intersezione stradale segnalata,Una carreggiata a senso unico alternato,Asciutto,Asfaltata,Verticale ed orizzontale,Sereno,Normale,Buona,Sufficiente,0,0,0,3,12.5164,41.8216,-1,2,Autoveicolo trasp.promisc.,In marcia / fermata / arresto,Conducente,M,Illeso,0,,Non accertato,Inesploso,
4006417,1,25/09/2018 14:40:00,Strada Urbana,VIA DEL CASTRO PRETORIO,in corrispondenza,,del civico n.,5,,Investimento di pedone,Rettilineo,Una carreggiata a doppio senso,Asciutto,Asfaltata,Verticale ed orizzontale,Sereno,Normale,Buona,Ore Diurne,1,0,0,1,12.505,41.9013,-1,,,,Pedone,F,Rimandato,0,NON DECEDUTO,,,
4006417,1,25/09/2018 14:40:00,Strada Urbana,VIA DEL CASTRO PRETORIO,in corrispondenza,,del civico n.,5,,Investimento di pedone,Rettilineo,Una carreggiata a doppio senso,Asciutto,Asfaltata,Verticale ed orizzontale,Sereno,Normale,Buona,Ore Diurne,1,0,0,1,12.505,41.9013,-1,1,Motociclo a solo,In marcia / fermata / arresto,Conducente,F,Illeso,0,,Non accertato,,
4006434,4,25/09/2018 17:20:00,Statale,VIA SALARIA,da specificare,,,,direz. Roma prossimit� ponte Motorizzazione,Veicolo in marcia contro ostacolo accidentale,Rettilineo,Due carreggiate,Asciutto,Asfaltata,Orizzontale,Sereno,Intenso,Buona,Ore Diurne,0,0,0,1,12.5116,41.9875,-1,1,Autovettura privata,In marcia / fermata / arresto,Conducente,M,Illeso,0,,Non accertato,,
4006437,12,24/09/2018 12:24:00,Statale entro l'abitato,VIA OSTIENSE,da specificare,,,,direz. Ostia fronte civico 779,Tamponamento,Rettilineo,Una carreggiata a doppio senso,Asciutto,Asfaltata,Verticale ed orizzontale,Sereno,Normale,Buona,Ore Diurne,1,0,0,1,12.4229,41.8109,-1,1,Autovettura privata,In marcia / fermata / arresto,Conducente,M,Illeso,0,,Non accertato,Inesploso,
4006437,12,24/09/2018 12:24:00,Statale entro l'abitato,VIA OSTIENSE,da specificare,,,,direz. Ostia fronte civico 779,Tamponamento,Rettilineo,Una carreggiata a doppio senso,Asciutto,Asfaltata,Verticale ed orizzontale,Sereno,Normale,Buona,Ore Diurne,1,0,0,1,12.4229,41.8109,-1,2,Motociclo a solo,In marcia / fermata / arresto,Conducente,M,Rimandato,0,NON DECEDUTO,Non accertato,,
4006441,10,26/09/2018 07:45:00,Strada Urbana,CIRCONVALLAZIONE ORIENTALE,all'intersezione con,VIA GIUSTO FONTANINI,VIA GIUSTO FONTANINI,,,Scontro frontale/laterale DX fra veicoli in marcia,Incrocio,Una carreggiata a senso unico di marcia,Asciutto,Asfaltata,Verticale,Sereno,Intenso,Buona,Ore Diurne,0,0,0,3,12.5856,41.8302,-1,1,Autocarro inferiore 35 q.,In marcia / fermata / arresto,Conducente,M,Illeso,0,,Non accertato,Esploso,
4006441,10,26/09/2018 07:45:00,Strada Urbana,CIRCONVALLAZIONE ORIENTALE,all'intersezione con,VIA GIUSTO FONTANINI,VIA GIUSTO FONTANINI,,,Scontro frontale/laterale DX fra veicoli in marcia,Incrocio,Una carreggiata a senso unico di marcia,Asciutto,Asfaltata,Verticale,Sereno,Intenso,Buona,Ore Diurne,0,0,0,3,12.5856,41.8302,-1,1,Autocarro inferiore 35 q.,In marcia / fermata / arresto,Passeggero,M,Illeso,0,,Non accertato,Esploso,
4006441,10,26/09/2018 07:45:00,Strada Urbana,CIRCONVALLAZIONE ORIENTALE,all'intersezione con,VIA GIUSTO FONTANINI,VIA GIUSTO FONTANINI,,,Scontro frontale/laterale DX fra veicoli in marcia,Incrocio,Una carreggiata a senso unico di marcia,Asciutto,Asfaltata,Verticale,Sereno,Intenso,Buona,Ore Diurne,0,0,0,3,12.5856,41.8302,-1,2,Autovettura privata,In marcia / fermata / arresto,Conducente,F,Illeso,0,,Non accertato,Inesploso,
4006446,4,25/09/2018 18:40:00,Strada Urbana,VIA MONTE CERVIALTO,in prossimit�,,del civico n.,146,,Scontro laterale fra veicoli in marcia,Rettilineo,Una carreggiata a doppio senso,Asciutto,Asfaltata,Orizzontale,Sereno,Normale,Buona,Ore Diurne,0,0,0,4,12.5239,41.9564,0,1,Autovettura privata,In marcia / fermata / arresto,Conducente,M,Illeso,0,,Non accertato,,
4006446,4,25/09/2018 18:40:00,Strada Urbana,VIA MONTE CERVIALTO,in prossimit�,,del civico n.,146,,Scontro laterale fra veicoli in marcia,Rettilineo,Una carreggiata a doppio senso,Asciutto,Asfaltata,Orizzontale,Sereno,Normale,Buona,Ore Diurne,0,0,0,4,12.5239,41.9564,0,1,Autovettura privata,In marcia / fermata / arresto,Passeggero,M,Illeso,0,,Non accertato,,
4006446,4,25/09/2018 18:40:00,Strada Urbana,VIA MONTE CERVIALTO,in prossimit�,,del civico n.,146,,Scontro laterale fra veicoli in marcia,Rettilineo,Una carreggiata a doppio senso,Asciutto,Asfaltata,Orizzontale,Sereno,Normale,Buona,Ore Diurne,0,0,0,4,12.5239,41.9564,0,1,Autovettura privata,In marcia / fermata / arresto,Passeggero,F,Illeso,0,,Non accertato,,
4006446,4,25/09/2018 18:40:00,Strada Urbana,VIA MONTE CERVIALTO,in prossimit�,,del civico n.,146,,Scontro laterale fra veicoli in marcia,Rettilineo,Una carreggiata a doppio senso,Asciutto,Asfaltata,Orizzontale,Sereno,Normale,Buona,Ore Diurne,0,0,0,4,12.5239,41.9564,0,2,Autovettura privata,In marcia / fermata / arresto,Conducente,F,Illeso,0,,Non accertato,,
4006473,1,25/09/2018 15:00:00,Strada Urbana,VIA DELLA CISTERNA,all'intersezione con,VIA DI S. FRANCESCO A RIPA,VIA DI S. FRANCESCO A RIPA,,,Veicolo in marcia contro veicolo in sosta,Incrocio,Una carreggiata a senso unico di marcia,Asciutto,Acciotolata,Verticale,Sereno,Scarso,Buona,Ore Diurne,0,0,0,1,12.4712,41.8886,-1,2,Autovettura privata,In marcia / fermata / arresto,Conducente,M,Illeso,0,,Non accertato,Inesploso,
4006488,5,26/09/2018 08:45:00,Strada Urbana,VIA SAMBUCI,da specificare,,,,in prossimit� di via Tiburtina,Tamponamento Multiplo,Rettilineo,Due carreggiate,Asciutto,Asfaltata,Orizzontale,Sereno,Normale,Buona,Ore Diurne,0,0,0,5,12.6123,41.9362,-1,1,Autovettura privata,In marcia / fermata / arresto,Conducente,F,Illeso,0,,Non accertato,,
4006488,5,26/09/2018 08:45:00,Strada Urbana,VIA SAMBUCI,da specificare,,,,in prossimit� di via Tiburtina,Tamponamento Multiplo,Rettilineo,Due carreggiate,Asciutto,Asfaltata,Orizzontale,Sereno,Normale,Buona,Ore Diurne,0,0,0,5,12.6123,41.9362,-1,1,Autovettura privata,In marcia / fermata / arresto,Passeggero,M,Illeso,0,,Non accertato,,
4006488,5,26/09/2018 08:45:00,Strada Urbana,VIA SAMBUCI,da specificare,,,,in prossimit� di via Tiburtina,Tamponamento Multiplo,Rettilineo,Due carreggiate,Asciutto,Asfaltata,Orizzontale,Sereno,Normale,Buona,Ore Diurne,0,0,0,5,12.6123,41.9362,-1,2,Autovettura privata,In marcia / fermata / arresto,Conducente,F,Illeso,0,,Non accertato,,
4006488,5,26/09/2018 08:45:00,Strada Urbana,VIA SAMBUCI,da specificare,,,,in prossimit� di via Tiburtina,Tamponamento Multiplo,Rettilineo,Due carreggiate,Asciutto,Asfaltata,Orizzontale,Sereno,Normale,Buona,Ore Diurne,0,0,0,5,12.6123,41.9362,-1,2,Autovettura privata,In marcia / fermata / arresto,Passeggero,F,Illeso,0,,Non accertato,,
4006488,5,26/09/2018 08:45:00,Strada Urbana,VIA SAMBUCI,da specificare,,,,in prossimit� di via Tiburtina,Tamponamento Multiplo,Rettilineo,Due carreggiate,Asciutto,Asfaltata,Orizzontale,Sereno,Normale,Buona,Ore Diurne,0,0,0,5,12.6123,41.9362,-1,3,Autovettura privata,In marcia / fermata / arresto,Conducente,F,Illeso,0,,Non accertato,,
4006516,5,13/09/2018 22:00:00,Strada Urbana,VIA BALDASSARRE ORERO,in prossimit�,,del civico n.,46,,Veicolo in marcia contro veicolo in sosta,Rettilineo,Una carreggiata a doppio senso,Asciutto,Asfaltata,Assente,Sereno,Scarso,Buona,Sufficiente,0,0,0,1,12.5382,41.8977,-1,1,Autocarro superiore 35 q.,In marcia / fermata / arresto,Conducente,M,Illeso,0,,Non accertato,Inesploso,
4006517,19,26/09/2018 07:30:00,Strada Urbana,VIA DI BOCCEA,da specificare,,,,a 150 metri dal civ. 1452,Fuoriuscita dalla sede stradale,Curva a visuale libera,Una carreggiata a doppio senso,Asciutto,Asfaltata,Orizzontale,Sereno,Normale,Buona,Ore Diurne,1,0,0,0,12.3847,41.9149,-1,1,Autovettura privata,In marcia / fermata / arresto,Conducente,M,Rifiuta cure immediate,0,NON DECEDUTO,,,
4006533,1,25/09/2018 19:40:00,Strada Urbana,PIAZZA DI PORTA S. GIOVANNI,in prossimit�,,del palo luce n.,7,,Scontro laterale fra veicoli in marcia,Rettilineo,Una carreggiata a doppio senso,Asciutto,Asfaltata,Verticale ed orizzontale,Sereno,Normale,Buona,Ore Diurne,0,0,0,4,12.5089,41.8862,-1,1,Autovettura privata,In marcia / fermata / arresto,Conducente,F,Illeso,0,,Non accertato,Inesploso,
4006533,1,25/09/2018 19:40:00,Strada Urbana,PIAZZA DI PORTA S. GIOVANNI,in prossimit�,,del palo luce n.,7,,Scontro laterale fra veicoli in marcia,Rettilineo,Una carreggiata a doppio senso,Asciutto,Asfaltata,Verticale ed orizzontale,Sereno,Normale,Buona,Ore Diurne,0,0,0,4,12.5089,41.8862,-1,2,Autovettura privata,In marcia / fermata / arresto,Conducente,F,Illeso,0,,Non accertato,Inesploso,
4006533,1,25/09/2018 19:40:00,Strada Urbana,PIAZZA DI PORTA S. GIOVANNI,in prossimit�,,del palo luce n.,7,,Scontro laterale fra veicoli in marcia,Rettilineo,Una carreggiata a doppio senso,Asciutto,Asfaltata,Verticale ed orizzontale,Sereno,Normale,Buona,Ore Diurne,0,0,0,4,12.5089,41.8862,-1,2,Autovettura privata,In marcia / fermata / arresto,Passeggero,M,Illeso,0,,Non accertato,,
4006533,1,25/09/2018 19:40:00,Strada Urbana,PIAZZA DI PORTA S. GIOVANNI,in prossimit�,,del palo luce n.,7,,Scontro laterale fra veicoli in marcia,Rettilineo,Una carreggiata a doppio senso,Asciutto,Asfaltata,Verticale ed orizzontale,Sereno,Normale,Buona,Ore Diurne,0,0,0,4,12.5089,41.8862,-1,2,Autovettura privata,In marcia / fermata / arresto,Passeggero,F,Illeso,0,,Non accertato,,
4006555,17,26/09/2018 11:00:00,Strada Urbana,PIAZZA DEL RISORGIMENTO,all'intersezione con,VIA CRESCENZIO,VIA CRESCENZIO,,,Scontro laterale fra veicoli in marcia,Incrocio,Una carreggiata a senso unico di marcia,Asciutto,Asfaltata,Verticale ed orizzontale,Sereno,Normale,Buona,Ore Diurne,0,0,0,2,12.4589,41.9061,-1,1,Autovettura privata,In marcia / fermata / arresto,Conducente,M,Illeso,0,,Non accertato,Inesploso,
4006555,17,26/09/2018 11:00:00,Strada Urbana,PIAZZA DEL RISORGIMENTO,all'intersezione con,VIA CRESCENZIO,VIA CRESCENZIO,,,Scontro laterale fra veicoli in marcia,Incrocio,Una carreggiata a senso unico di marcia,Asciutto,Asfaltata,Verticale ed orizzontale,Sereno,Normale,Buona,Ore Diurne,0,0,0,2,12.4589,41.9061,-1,2,Motociclo con passeggero,In marcia / fermata / arresto,Conducente,M,Illeso,0,,Non accertato,,
4006573,1,26/09/2018 00:35:00,Strada Urbana,VIA GUSTAVO MODENA,all'intersezione con,PIAZZA GIUDITTA TAVANI ARQUATI,PIAZZA GIUDITTA TAVANI ARQUATI,,,Scontro frontale/laterale DX fra veicoli in marcia,Incrocio,Una carreggiata a senso unico di marcia,Asciutto,In cubetti di porfido,Verticale ed orizzontale,Sereno,Scarso,Sufficiente,Sufficiente,2,0,0,3,12.473,41.8901,0,1,Autovettura privata,In marcia / fermata / arresto,Conducente,M,Illeso,0,,Non accertato,Inesploso,
4006573,1,26/09/2018 00:35:00,Strada Urbana,VIA GUSTAVO MODENA,all'intersezione con,PIAZZA GIUDITTA TAVANI ARQUATI,PIAZZA GIUDITTA TAVANI ARQUATI,,,Scontro frontale/laterale DX fra veicoli in marcia,Incrocio,Una carreggiata a senso unico di marcia,Asciutto,In cubetti di porfido,Verticale ed orizzontale,Sereno,Scarso,Sufficiente,Sufficiente,2,0,0,3,12.473,41.8901,0,1,Autovettura privata,In marcia / fermata / arresto,Passeggero,M,Rifiuta cure immediate,0,NON DECEDUTO,Non accertato,Esploso,
4006573,1,26/09/2018 00:35:00,Strada Urbana,VIA GUSTAVO MODENA,all'intersezione con,PIAZZA GIUDITTA TAVANI ARQUATI,PIAZZA GIUDITTA TAVANI ARQUATI,,,Scontro frontale/laterale DX fra veicoli in marcia,Incrocio,Una carreggiata a senso unico di marcia,Asciutto,In cubetti di porfido,Verticale ed orizzontale,Sereno,Scarso,Sufficiente,Sufficiente,2,0,0,3,12.473,41.8901,0,1,Autovettura privata,In marcia / fermata / arresto,Passeggero,M,Illeso,0,,Non accertato,,
4006573,1,26/09/2018 00:35:00,Strada Urbana,VIA GUSTAVO MODENA,all'intersezione con,PIAZZA GIUDITTA TAVANI ARQUATI,PIAZZA GIUDITTA TAVANI ARQUATI,,,Scontro frontale/laterale DX fra veicoli in marcia,Incrocio,Una carreggiata a senso unico di marcia,Asciutto,In cubetti di porfido,Verticale ed orizzontale,Sereno,Scarso,Sufficiente,Sufficiente,2,0,0,3,12.473,41.8901,0,1,Autovettura privata,In marcia / fermata / arresto,Passeggero,M,Rifiuta cure immediate,0,NON DECEDUTO,Non accertato,,
4006573,1,26/09/2018 00:35:00,Strada Urbana,VIA GUSTAVO MODENA,all'intersezione con,PIAZZA GIUDITTA TAVANI ARQUATI,PIAZZA GIUDITTA TAVANI ARQUATI,,,Scontro frontale/laterale DX fra veicoli in marcia,Incrocio,Una carreggiata a senso unico di marcia,Asciutto,In cubetti di porfido,Verticale ed orizzontale,Sereno,Scarso,Sufficiente,Sufficiente,2,0,0,3,12.473,41.8901,0,2,Autovettura pubblica,In marcia / fermata / arresto,Conducente,M,Illeso,0,,,,
4006616,1,26/09/2018 08:40:00,Strada Urbana,LARGO DELLE TERME DI CARACALLA,all'intersezione semaforizzata con,VIALE GUIDO BACCELLI,VIALE GUIDO BACCELLI,,,Scontro laterale fra veicoli in marcia,Intersezione semaforizzata,Due carreggiate,Asciutto,Asfaltata,Orizzontale,Sereno,Intenso,Buona,Ore Diurne,0,0,0,3,12.4958,41.8746,-1,1,Autovettura privata,In marcia / fermata / arresto,Conducente,M,Illeso,0,,Non accertato,Inesploso,
4006616,1,26/09/2018 08:40:00,Strada Urbana,LARGO DELLE TERME DI CARACALLA,all'intersezione semaforizzata con,VIALE GUIDO BACCELLI,VIALE GUIDO BACCELLI,,,Scontro laterale fra veicoli in marcia,Intersezione semaforizzata,Due carreggiate,Asciutto,Asfaltata,Orizzontale,Sereno,Intenso,Buona,Ore Diurne,0,0,0,3,12.4958,41.8746,-1,2,Quadriciclo leggero,In marcia / fermata / arresto,Conducente,F,Illeso,0,,Non accertato,Inesploso,
4006616,1,26/09/2018 08:40:00,Strada Urbana,LARGO DELLE TERME DI CARACALLA,all'intersezione semaforizzata con,VIALE GUIDO BACCELLI,VIALE GUIDO BACCELLI,,,Scontro laterale fra veicoli in marcia,Intersezione semaforizzata,Due carreggiate,Asciutto,Asfaltata,Orizzontale,Sereno,Intenso,Buona,Ore Diurne,0,0,0,3,12.4958,41.8746,-1,2,Quadriciclo leggero,In marcia / fermata / arresto,Passeggero,F,Illeso,0,,Non accertato,Inesploso,
4006619,2,14/09/2018 12:30:00,Strada Urbana,VIALE GIOACCHINO ROSSINI,in corrispondenza,,del civico n.,8,,Veicolo in marcia contro ostacolo accidentale,Rettilineo,Due carreggiate,Asciutto,Asfaltata,Verticale ed orizzontale,Sereno,Normale,Buona,Ore Diurne,0,0,0,1,12.491,41.9194,-1,1,Autovettura pubblica,In marcia / fermata / arresto,Conducente,M,Illeso,0,,Non accertato,Inesploso,
4006656,17,25/09/2018 18:10:00,Strada Urbana,VIA COLA DI RIENZO,in corrispondenza,,del civico n.,313,,Scontro laterale fra veicoli in marcia,Rettilineo,Una carreggiata a doppio senso,Asciutto,Acciotolata,Verticale ed orizzontale,Sereno,Normale,Buona,Ore Diurne,0,0,0,2,12.4593,41.9066,-1,1,Autovettura privata,In marcia / fermata / arresto,Conducente,F,Illeso,0,,,,
4006656,17,25/09/2018 18:10:00,Strada Urbana,VIA COLA DI RIENZO,in corrispondenza,,del civico n.,313,,Scontro laterale fra veicoli in marcia,Rettilineo,Una carreggiata a doppio senso,Asciutto,Acciotolata,Verticale ed orizzontale,Sereno,Normale,Buona,Ore Diurne,0,0,0,2,12.4593,41.9066,-1,2,Motociclo a solo,Allontanatosi,Conducente,M,Illeso,0,,,,
4006755,15,26/09/2018 08:30:00,Strada Urbana,VIALE CASTELLO DELLA MAGLIANA,da specificare,,,,PROSSIMITA' CIV. 25,Tamponamento,Rettilineo,Due carreggiate,Asciutto,Asfaltata,Verticale ed orizzontale,Sereno,Normale,Buona,Ore Diurne,0,0,0,2,12.4134,41.8233,-1,1,Autovettura privata,In marcia / fermata / arresto,Conducente,M,Illeso,0,,Non accertato,Inesploso,
4006755,15,26/09/2018 08:30:00,Strada Urbana,VIALE CASTELLO DELLA MAGLIANA,da specificare,,,,PROSSIMITA' CIV. 25,Tamponamento,Rettilineo,Due carreggiate,Asciutto,Asfaltata,Verticale ed orizzontale,Sereno,Normale,Buona,Ore Diurne,0,0,0,2,12.4134,41.8233,-1,2,Autovettura pubblica,In marcia / fermata / arresto,Conducente,M,Illeso,0,,Non accertato,Inesploso,
4006768,6,26/09/2018 11:30:00,Strada Urbana,VIA CAMILLO MANFRONI,all'intersezione con,PIAZZA GIUSEPPE CARDINALI,PIAZZA GIUSEPPE CARDINALI,,,Scontro laterale fra veicoli in marcia,Incrocio,Una carreggiata a doppio senso,Asciutto,Asfaltata,Verticale ed orizzontale,Sereno,Normale,Buona,Ore Diurne,1,0,0,1,12.5457,41.8741,-1,1,Autovettura privata,In marcia / fermata / arresto,Conducente,M,Illeso,0,,,,
4006768,6,26/09/2018 11:30:00,Strada Urbana,VIA CAMILLO MANFRONI,all'intersezione con,PIAZZA GIUSEPPE CARDINALI,PIAZZA GIUSEPPE CARDINALI,,,Scontro laterale fra veicoli in marcia,Incrocio,Una carreggiata a doppio senso,Asciutto,Asfaltata,Verticale ed orizzontale,Sereno,Normale,Buona,Ore Diurne,1,0,0,1,12.5457,41.8741,-1,2,Motociclo a solo,In marcia / fermata / arresto,Conducente,F,Rifiuta cure immediate,0,NON DECEDUTO,,,
4006771,6,26/09/2018 13:06:00,Strada Urbana,VIA PRENESTINA,in prossimit�,,del civico n.,176,,Tamponamento,Rettilineo,Pi� di due carreggiate,Asciutto,Asfaltata,Verticale ed orizzontale,Sereno,Normale,Buona,Ore Diurne,0,0,0,3,12.5336,41.8921,-1,1,Autovettura privata,In marcia / fermata / arresto,Conducente,M,Illeso,0,,,,
4006771,6,26/09/2018 13:06:00,Strada Urbana,VIA PRENESTINA,in prossimit�,,del civico n.,176,,Tamponamento,Rettilineo,Pi� di due carreggiate,Asciutto,Asfaltata,Verticale ed orizzontale,Sereno,Normale,Buona,Ore Diurne,0,0,0,3,12.5336,41.8921,-1,2,Autovettura privata,In marcia / fermata / arresto,Conducente,M,Illeso,0,,Non accertato,Inesploso,