Protocollo,Gruppo,DataOraIncidente,Localizzazione1,STRADA1,Localizzazione2,STRADA2,Strada02,Chilometrica,DaSpecificare,NaturaIncidente,particolaritastrade,TipoStrada,FondoStradale,Pavimentazione,Segnaletica,CondizioneAtmosferica,Traffico,Visibilita,Illuminazione,NUM_FERITI,NUM_RISERVATA,NUM_MORTI,NUM_ILLESI,Longitudine,Latitudine,Confermato,Progressivo,TipoVeicolo,StatoVeicolo,TipoPersona,Sesso,Tipolesione,Deceduto,DecedutoDopo,CinturaCascoUtilizzato,Airbag,
4006771,6,26/09/2018 13:06:00,Strada Urbana,VIA PRENESTINA,in prossimit�,,del civico n.,176,,Tamponamento,Rettilineo,Pi� di due carreggiate,Asciutto,Asfaltata,Verticale ed orizzontale,Sereno,Normale,Buona,Ore Diurne,0,0,0,3,12.5336,41.8921,-1,2,Autovettura privata,In marcia / fermata / arresto,Passeggero,F,Illeso,0,,Non accertato,Inesploso,
4006839,10,26/09/2018 12:55:00,Strada Urbana,VIA GIUSEPPE BARILE,all'intersezione con,VIA MASSIMO SEVERO GIANNINI,VIA MASSIMO SEVERO GIANNINI,,,Tamponamento,Intersezione stradale segnalata,Una carreggiata a senso unico di marcia,Asciutto,Asfaltata,Verticale ed orizzontale,Sereno,Normale,Buona,Ore Diurne,2,0,0,0,12.6039,41.8371,-1,1,Autovettura privata,In marcia / fermata / arresto,Conducente,F,Rifiuta cure immediate,0,NON DECEDUTO,Non accertato,Inesploso,
4006839,10,26/09/2018 12:55:00,Strada Urbana,VIA GIUSEPPE BARILE,all'intersezione con,VIA MASSIMO SEVERO GIANNINI,VIA MASSIMO SEVERO GIANNINI,,,Tamponamento,Intersezione stradale segnalata,Una carreggiata a senso unico di marcia,Asciutto,Asfaltata,Verticale ed orizzontale,Sereno,Normale,Buona,Ore Diurne,2,0,0,0,12.6039,41.8371,-1,2,Autovettura privata,In marcia / fermata / arresto,Conducente,M,Rifiuta cure immediate,0,NON DECEDUTO,Non accertato,Inesploso,
4006891,6,26/09/2018 13:40:00,Strada Urbana,VIA PRENESTINA,da specificare,,,,fronte civico 58,Tamponamento Multiplo,Rettilineo,Pi� di due carreggiate,Asciutto,Asfaltata,Verticale ed orizzontale,Sereno,Normale,Buona,Ore Diurne,1,0,0,2,12.5223,41.8913,-1,1,Autovettura privata,In marcia / fermata / arresto,Conducente,F,Illeso,0,,Non accertato,Inesploso,
4006891,6,26/09/2018 13:40:00,Strada Urbana,VIA PRENESTINA,da specificare,,,,fronte civico 58,Tamponamento Multiplo,Rettilineo,Pi� di due carreggiate,Asciutto,Asfaltata,Verticale ed orizzontale,Sereno,Normale,Buona,Ore Diurne,1,0,0,2,12.5223,41.8913,-1,2,Autovettura privata,In marcia / fermata / arresto,Conducente,M,Rimandato,0,NON DECEDUTO,Non accertato,Inesploso,
4006891,6,26/09/2018 13:40:00,Strada Urbana,VIA PRENESTINA,da specificare,,,,fronte civico 58,Tamponamento Multiplo,Rettilineo,Pi� di due carreggiate,Asciutto,Asfaltata,Verticale ed orizzontale,Sereno,Normale,Buona,Ore Diurne,1,0,0,2,12.5223,41.8913,-1,3,Autocarro inferiore 35 q.,In marcia / fermata / arresto,Conducente,M,Illeso,0,,Non accertato,Inesploso,
4006955,8,26/09/2018 09:45:00,,VIA PRENESTINA,in prossimit�,,del palo luce n.,480,,Veicolo in marcia contro ostacolo fisso,,,,,,,,,,1,0,0,0,,,0,1,Autovettura privata,In marcia / fermata / arresto,Conducente,F,Ricoverato,0,NON DECEDUTO,,,
4006965,18,26/09/2018 09:00:00,Strada Urbana,VIA DI CASAL SELCE,da specificare,,,,FRONTE PALO LUCE N.154,Veicolo in marcia contro ostacolo accidentale,Curva senza visuale libera,Una carreggiata a doppio senso,Asciutto,Asfaltata,Orizzontale,Sereno,Normale,Buona,Ore Diurne,1,0,0,0,12.3471,41.9055,-1,1,Autovettura privata,In marcia / fermata / arresto,Conducente,F,Rimandato,0,NON DECEDUTO,,,
4006969,9,26/09/2018 10:45:00,Strada Urbana,VIA APPIA NUOVA,in prossimit�,,del civico n.,815,,Tamponamento,Rettilineo,Due carreggiate,Asciutto,Asfaltata,Verticale ed orizzontale,Sereno,Normale,Buona,Ore Diurne,1,0,0,1,12.5487,41.8514,-1,1,Autovettura privata,In marcia / fermata / arresto,Conducente,M,Illeso,0,,Non accertato,Inesploso,
4006969,9,26/09/2018 10:45:00,Strada Urbana,VIA APPIA NUOVA,in prossimit�,,del civico n.,815,,Tamponamento,Rettilineo,Due carreggiate,Asciutto,Asfaltata,Verticale ed orizzontale,Sereno,Normale,Buona,Ore Diurne,1,0,0,1,12.5487,41.8514,-1,2,Autovettura privata,In marcia / fermata / arresto,Conducente,M,Rimandato,0,NON DECEDUTO,Non accertato,Inesploso,
4006974,9,26/09/2018 13:15:00,Strada Urbana,VIA DELL'ARCO DI TRAVERTINO,da specificare,,,,in prossimit� VIA TUSCOLANA,Scontro laterale fra veicoli in marcia,Rettilineo,Due carreggiate,Asciutto,Asfaltata,Verticale ed orizzontale,Sereno,Normale,Buona,Ore Diurne,0,0,0,3,12.538,41.869,-1,1,Autovettura privata,In marcia / fermata / arresto,Conducente,M,Illeso,0,,Non accertato,Inesploso,
4006974,9,26/09/2018 13:15:00,Strada Urbana,VIA DELL'ARCO DI TRAVERTINO,da specificare,,,,in prossimit� VIA TUSCOLANA,Scontro laterale fra veicoli in marcia,Rettilineo,Due carreggiate,Asciutto,Asfaltata,Verticale ed orizzontale,Sereno,Normale,Buona,Ore Diurne,0,0,0,3,12.538,41.869,-1,1,Autovettura privata,In marcia / fermata / arresto,Passeggero,F,Illeso,0,,Non accertato,Inesploso,
4006974,9,26/09/2018 13:15:00,Strada Urbana,VIA DELL'ARCO DI TRAVERTINO,da specificare,,,,in prossimit� VIA TUSCOLANA,Scontro laterale fra veicoli in marcia,Rettilineo,Due carreggiate,Asciutto,Asfaltata,Verticale ed orizzontale,Sereno,Normale,Buona,Ore Diurne,0,0,0,3,12.538,41.869,-1,2,Autocarro inferiore 35 q.,In marcia / fermata / arresto,Conducente,M,Illeso,0,,Non accertato,Inesploso,
4007016,10,26/09/2018 13:35:00,Strada Urbana,VIALE PALMIRO TOGLIATTI,in prossimit�,,del civico n.,191,,Scontro frontale/laterale SX fra veicoli in marcia,Rettilineo,Due carreggiate,Asciutto,Asfaltata,Verticale ed orizzontale,Sereno,Normale,Sufficiente,Ore Diurne,1,0,0,1,12.5694,41.8611,-1,1,Autovettura privata,In marcia / fermata / arresto,Conducente,F,Illeso,0,,Non accertato,Inesploso,
4007016,10,26/09/2018 13:35:00,Strada Urbana,VIALE PALMIRO TOGLIATTI,in prossimit�,,del civico n.,191,,Scontro frontale/laterale SX fra veicoli in marcia,Rettilineo,Due carreggiate,Asciutto,Asfaltata,Verticale ed orizzontale,Sereno,Normale,Sufficiente,Ore Diurne,1,0,0,1,12.5694,41.8611,-1,2,Autovettura privata,In marcia / fermata / arresto,Conducente,M,Rimandato,0,NON DECEDUTO,Non accertato,Inesploso,
4007038,20,26/09/2018 15:20:00,Regionale entro l'abitato,VIA CASSIA,da specificare,,,,prossimit� piazza dei Giuochi Delfici,Scontro laterale fra veicoli in marcia,Rettilineo,Una carreggiata a senso unico di marcia,Asciutto,Asfaltata,Verticale ed orizzontale,Sereno,Intenso,Buona,Ore Diurne,0,0,0,2,12.4139,41.9827,-1,1,Autovettura pubblica,In marcia / fermata / arresto,Conducente,M,Illeso,0,,Non accertato,Inesploso,
4007038,20,26/09/2018 15:20:00,Regionale entro l'abitato,VIA CASSIA,da specificare,,,,prossimit� piazza dei Giuochi Delfici,Scontro laterale fra veicoli in marcia,Rettilineo,Una carreggiata a senso unico di marcia,Asciutto,Asfaltata,Verticale ed orizzontale,Sereno,Intenso,Buona,Ore Diurne,0,0,0,2,12.4139,41.9827,-1,2,Autovettura privata,In marcia / fermata / arresto,Conducente,M,Illeso,0,,Non accertato,Inesploso,
4007059,18,26/09/2018 15:15:00,Strada Urbana,VIA GIOVAN BATTISTA GANDINO,in prossimit�,,del civico n.,2,,Veicolo in marcia contro veicoli in sosta,Curva senza visuale libera,Una carreggiata a doppio senso,Asciutto,Asfaltata,Assente,Sereno,Normale,Buona,Ore Diurne,0,0,0,1,12.4354,41.9008,-1,1,Autovettura privata,In marcia / fermata / arresto,Conducente,M,Illeso,0,,Non accertato,Inesploso,
4007093,3,25/09/2018 22:35:00,Strada Urbana,PIAZZALE DEL VERANO,in prossimit�,,del civico n.,36,,Infortunio per sola frenata improvvisa,Rotatoria,Pi� di due carreggiate,Asciutto,Asfaltata,Verticale ed orizzontale,Sereno,Normale,Sufficiente,Sufficiente,1,0,0,2,,,0,1,Autovettura privata,In marcia / fermata / arresto,Conducente,M,Illeso,0,,,,
4007093,3,25/09/2018 22:35:00,Strada Urbana,PIAZZALE DEL VERANO,in prossimit�,,del civico n.,36,,Infortunio per sola frenata improvvisa,Rotatoria,Pi� di due carreggiate,Asciutto,Asfaltata,Verticale ed orizzontale,Sereno,Normale,Sufficiente,Sufficiente,1,0,0,2,,,0,1,Autovettura privata,In marcia / fermata / arresto,Passeggero,M,Illeso,0,,,,
4007093,3,25/09/2018 22:35:00,Strada Urbana,PIAZZALE DEL VERANO,in prossimit�,,del civico n.,36,,Infortunio per sola frenata improvvisa,Rotatoria,Pi� di due carreggiate,Asciutto,Asfaltata,Verticale ed orizzontale,Sereno,Normale,Sufficiente,Sufficiente,1,0,0,2,,,0,2,Motociclo a solo,In marcia / fermata / arresto,Conducente,M,Rimandato,0,NON DECEDUTO,,,
4007097,3,26/09/2018 01:30:00,,VIALE DELL'UNIVERSITA',all'intersezione semaforizzata con,VIALE DEL POLICLINICO,VIALE DEL POLICLINICO,,,Veicolo in marcia contro ostacolo fisso,,,,,,,,,,0,0,0,1,,,0,1,Autovettura privata,In marcia / fermata / arresto,Conducente,M,Illeso,0,,,,
4007099,20,26/09/2018 16:00:00,Strada Urbana,VIA VILFREDO PARETO,all'intersezione con,VIA CASSIA,VIA CASSIA,,,Scontro frontale/laterale SX fra veicoli in marcia,Incrocio,Una carreggiata a doppio senso,Asciutto,Asfaltata,Verticale ed orizzontale,Sereno,Normale,Buona,Ore Diurne,1,0,0,2,12.465,41.9505,-1,1,Autovettura privata,In marcia / fermata / arresto,Conducente,M,Illeso,0,,Non accertato,Inesploso,
4007099,20,26/09/2018 16:00:00,Strada Urbana,VIA VILFREDO PARETO,all'intersezione con,VIA CASSIA,VIA CASSIA,,,Scontro frontale/laterale SX fra veicoli in marcia,Incrocio,Una carreggiata a doppio senso,Asciutto,Asfaltata,Verticale ed orizzontale,Sereno,Normale,Buona,Ore Diurne,1,0,0,2,12.465,41.9505,-1,1,Autovettura privata,In marcia / fermata / arresto,Passeggero,F,Illeso,0,,Non accertato,Inesploso,
4007099,20,26/09/2018 16:00:00,Strada Urbana,VIA VILFREDO PARETO,all'intersezione con,VIA CASSIA,VIA CASSIA,,,Scontro frontale/laterale SX fra veicoli in marcia,Incrocio,Una carreggiata a doppio senso,Asciutto,Asfaltata,Verticale ed orizzontale,Sereno,Normale,Buona,Ore Diurne,1,0,0,2,12.465,41.9505,-1,2,Motociclo a solo,In marcia / fermata / arresto,Conducente,M,Rimandato,0,NON DECEDUTO,Non accertato,,
4007102,10,26/09/2018 15:00:00,Strada Urbana,VIA TARQUINIO COLLATINO,all'intersezione con,VIA CALPURNIO PISONE,VIA CALPURNIO PISONE,,,Scontro frontale/laterale DX fra veicoli in marcia,Intersezione stradale segnalata,Due carreggiate,Asciutto,Asfaltata,Verticale ed orizzontale,Sereno,Normale,Sufficiente,Ore Diurne,4,0,0,1,12.5645,41.8612,-1,1,Autovettura privata,In marcia / fermata / arresto,Conducente,M,Illeso,0,,Non accertato,Inesploso,
4007102,10,26/09/2018 15:00:00,Strada Urbana,VIA TARQUINIO COLLATINO,all'intersezione con,VIA CALPURNIO PISONE,VIA CALPURNIO PISONE,,,Scontro frontale/laterale DX fra veicoli in marcia,Intersezione stradale segnalata,Due carreggiate,Asciutto,Asfaltata,Verticale ed orizzontale,Sereno,Normale,Sufficiente,Ore Diurne,4,0,0,1,12.5645,41.8612,-1,1,Autovettura privata,In marcia / fermata / arresto,Passeggero,F,Rifiuta cure immediate,0,NON DECEDUTO,Non accertato,Esploso,
4007102,10,26/09/2018 15:00:00,Strada Urbana,VIA TARQUINIO COLLATINO,all'intersezione con,VIA CALPURNIO PISONE,VIA CALPURNIO PISONE,,,Scontro frontale/laterale DX fra veicoli in marcia,Intersezione stradale segnalata,Due carreggiate,Asciutto,Asfaltata,Verticale ed orizzontale,Sereno,Normale,Sufficiente,Ore Diurne,4,0,0,1,12.5645,41.8612,-1,2,Autovettura privata,Allontanatosi,Conducente,M,Rimandato,0,NON DECEDUTO,Non accertato,Inesploso,
4007102,10,26/09/2018 15:00:00,Strada Urbana,VIA TARQUINIO COLLATINO,all'intersezione con,VIA CALPURNIO PISONE,VIA CALPURNIO PISONE,,,Scontro frontale/laterale DX fra veicoli in marcia,Intersezione stradale segnalata,Due carreggiate,Asciutto,Asfaltata,Verticale ed orizzontale,Sereno,Normale,Sufficiente,Ore Diurne,4,0,0,1,12.5645,41.8612,-1,2,Autovettura privata,Allontanatosi,Passeggero,F,Rimandato,0,NON DECEDUTO,Non accertato,Inesploso,
4007102,10,26/09/2018 15:00:00,Strada Urbana,VIA TARQUINIO COLLATINO,all'intersezione con,VIA CALPURNIO PISONE,VIA CALPURNIO PISONE,,,Scontro frontale/laterale DX fra veicoli in marcia,Intersezione stradale segnalata,Due carreggiate,Asciutto,Asfaltata,Verticale ed orizzontale,Sereno,Normale,Sufficiente,Ore Diurne,4,0,0,1,12.5645,41.8612,-1,2,Autovettura privata,Allontanatosi,Passeggero,F,Rimandato,0,NON DECEDUTO,Non accertato,Inesploso,
4007111,12,25/09/2018 10:05:00,Strada Urbana,VIA LAURENTINA,da specificare,,,,dir.Roma al. P.le Douhet,Tamponamento,Rettilineo,Due carreggiate,Asciutto,Asfaltata,Temporanea di cantiere,Nuvoloso,Normale,Buona,Ore Diurne,0,0,0,2,12.4853,41.8102,-1,1,Autovettura privata,In marcia / fermata / arresto,Conducente,M,Illeso,0,,,Inesploso,
4007111,12,25/09/2018 10:05:00,Strada Urbana,VIA LAURENTINA,da specificare,,,,dir.Roma al. P.le Douhet,Tamponamento,Rettilineo,Due carreggiate,Asciutto,Asfaltata,Temporanea di cantiere,Nuvoloso,Normale,Buona,Ore Diurne,0,0,0,2,12.4853,41.8102,-1,2,Autovettura privata,In marcia / fermata / arresto,Conducente,F,Illeso,0,,,,
4007112,12,26/09/2018 13:15:00,Strada Urbana,VIA DEL PONTE DI PISCINA CUPA,da specificare,,,,altezza MC DONALD,Scontro laterale fra veicoli in marcia,Rettilineo,Una carreggiata a doppio senso,Asciutto,Asfaltata,Verticale ed orizzontale,Sereno,Normale,Buona,Ore Diurne,0,0,0,2,12.4438,41.7148,-1,1,Autobus turistico,In marcia / fermata / arresto,Conducente,M,Illeso,0,,Utilizzato,Inesploso,
4007112,12,26/09/2018 13:15:00,Strada Urbana,VIA DEL PONTE DI PISCINA CUPA,da specificare,,,,altezza MC DONALD,Scontro laterale fra veicoli in marcia,Rettilineo,Una carreggiata a doppio senso,Asciutto,Asfaltata,Verticale ed orizzontale,Sereno,Normale,Buona,Ore Diurne,0,0,0,2,12.4438,41.7148,-1,2,Autovettura privata,In marcia / fermata / arresto,Conducente,M,Illeso,0,,Utilizzato,Inesploso,
4007243,6,26/09/2018 15:05:00,Strada Urbana,VIA PRENESTINA,in prossimit�,,del civico n.,245,,Scontro laterale fra veicoli in marcia,Rettilineo,Pi� di due carreggiate,Asciutto,Asfaltata,Verticale ed orizzontale,Sereno,Normale,Buona,Ore Diurne,0,0,0,3,12.5465,41.8934,-1,1,Autovettura privata,In marcia / fermata / arresto,Conducente,M,Illeso,0,,,,
4007243,6,26/09/2018 15:05:00,Strada Urbana,VIA PRENESTINA,in prossimit�,,del civico n.,245,,Scontro laterale fra veicoli in marcia,Rettilineo,Pi� di due carreggiate,Asciutto,Asfaltata,Verticale ed orizzontale,Sereno,Normale,Buona,Ore Diurne,0,0,0,3,12.5465,41.8934,-1,1,Autovettura privata,In marcia / fermata / arresto,Passeggero,F,Illeso,0,,,,
4007243,6,26/09/2018 15:05:00,Strada Urbana,VIA PRENESTINA,in prossimit�,,del civico n.,245,,Scontro laterale fra veicoli in marcia,Rettilineo,Pi� di due carreggiate,Asciutto,Asfaltata,Verticale ed orizzontale,Sereno,Normale,Buona,Ore Diurne,0,0,0,3,12.5465,41.8934,-1,2,Autovettura privata,In marcia / fermata / arresto,Conducente,M,Illeso,0,,,,
4007274,6,26/09/2018 17:20:00,Strada Urbana,VIA ROBERTO MALATESTA,all'intersezione con,LARGO DI S. LUCA EVANGELISTA,LARGO DI S. LUCA EVANGELISTA,,,Scontro laterale fra veicoli in marcia,Incrocio,Due carreggiate,Asciutto,Asfaltata,Verticale ed orizzontale,Sereno,Normale,Buona,Ore Diurne,1,0,0,2,12.5379,41.8875,-1,1,Motociclo a solo,In marcia / fermata / arresto,Conducente,M,Rimandato,0,NON DECEDUTO,Non accertato,,
4007274,6,26/09/2018 17:20:00,Strada Urbana,VIA ROBERTO MALATESTA,all'intersezione con,LARGO DI S. LUCA EVANGELISTA,LARGO DI S. LUCA EVANGELISTA,,,Scontro laterale fra veicoli in marcia,Incrocio,Due carreggiate,Asciutto,Asfaltata,Verticale ed orizzontale,Sereno,Normale,Buona,Ore Diurne,1,0,0,2,12.5379,41.8875,-1,2,Autocarro inferiore 35 q.,In marcia / fermata / arresto,Conducente,M,Illeso,0,,Non accertato,Inesploso,
4007274,6,26/09/2018 17:20:00,Strada Urbana,VIA ROBERTO MALATESTA,all'intersezione con,LARGO DI S. LUCA EVANGELISTA,LARGO DI S. LUCA EVANGELISTA,,,Scontro laterale fra veicoli in marcia,Incrocio,Due carreggiate,Asciutto,Asfaltata,Verticale ed orizzontale,Sereno,Normale,Buona,Ore Diurne,1,0,0,2,12.5379,41.8875,-1,2,Autocarro inferiore 35 q.,In marcia / fermata / arresto,Passeggero,M,Illeso,0,,Non accertato,Inesploso,
4007283,9,26/09/2018 15:35:00,,SALITA DEL MANDRIONE,da specificare,,,,in prossimit� VIA DI PORTA FURBA,Veicolo in marcia contro veicolo arresto,,,,,,,,,,0,0,0,3,12.5395,41.8706,0,1,Autocarro inferiore 35 q.,In marcia / fermata / arresto,Conducente,M,Illeso,0,,Non accertato,Inesploso,
4007283,9,26/09/2018 15:35:00,,SALITA DEL MANDRIONE,da specificare,,,,in prossimit� VIA DI PORTA FURBA,Veicolo in marcia contro veicolo arresto,,,,,,,,,,0,0,0,3,12.5395,41.8706,0,2,Motociclo con passeggero,In marcia / fermata / arresto,Conducente,M,Illeso,0,,Non accertato,,
4007283,9,26/09/2018 15:35:00,,SALITA DEL MANDRIONE,da specificare,,,,in prossimit� VIA DI PORTA FURBA,Veicolo in marcia contro veicolo arresto,,,,,,,,,,0,0,0,3,12.5395,41.8706,0,2,Motociclo con passeggero,In marcia / fermata / arresto,Passeggero,F,Illeso,0,,Non accertato,,
4007296,13,26/09/2018 13:32:00,Strada Urbana,VIA OSTIENSE,all'intersezione semaforizzata con,VIA DI CASTEL FUSANO,VIA DI CASTEL FUSANO,,,Investimento di pedone,Intersezione semaforizzata,Una carreggiata a doppio senso,Asciutto,Asfaltata,Verticale ed orizzontale,Sereno,Normale,Buona,Ore Diurne,1,0,0,1,12.3048,41.7587,-1,,,,Pedone,M,Rimandato,0,NON DECEDUTO,,,
4007296,13,26/09/2018 13:32:00,Strada Urbana,VIA OSTIENSE,all'intersezione semaforizzata con,VIA DI CASTEL FUSANO,VIA DI CASTEL FUSANO,,,Investimento di pedone,Intersezione semaforizzata,Una carreggiata a doppio senso,Asciutto,Asfaltata,Verticale ed orizzontale,Sereno,Normale,Buona,Ore Diurne,1,0,0,1,12.3048,41.7587,-1,1,Autovettura privata,In marcia / fermata / arresto,Conducente,F,Illeso,0,,Non accertato,Inesploso,
4007371,20,26/09/2018 18:20:00,Strada Urbana,LARGO FERRARIS IV,in corrispondenza,,del palo luce n.,2,,Veicolo in marcia contro ostacolo fisso,Pendenza,Una carreggiata a senso unico di marcia,Asciutto,Asfaltata,Verticale ed orizzontale,Sereno,Scarso,Buona,Ore Diurne,1,0,0,0,,,0,1,Motociclo a solo,In marcia / fermata / arresto,Conducente,M,Ricoverato,0,NON DECEDUTO,Non accertato,,
4007381,6,26/09/2018 15:47:00,Strada Urbana,VIA PRENESTINA,in prossimit�,,del civico n.,fr. 410,,Scontro laterale fra veicoli in marcia,Rettilineo,Due carreggiate,Asciutto,Asfaltata,Verticale ed orizzontale,Sereno,Normale,Buona,Ore Diurne,1,0,0,3,12.5631,41.8949,-1,1,Motociclo a solo,In marcia / fermata / arresto,Conducente,M,Rimandato,0,NON DECEDUTO,Non accertato,,
4007381,6,26/09/2018 15:47:00,Strada Urbana,VIA PRENESTINA,in prossimit�,,del civico n.,fr. 410,,Scontro laterale fra veicoli in marcia,Rettilineo,Due carreggiate,Asciutto,Asfaltata,Verticale ed orizzontale,Sereno,Normale,Buona,Ore Diurne,1,0,0,3,12.5631,41.8949,-1,2,Autovettura privata,In marcia / fermata / arresto,Conducente,M,Illeso,0,,Non accertato,Inesploso,
4007381,6,26/09/2018 15:47:00,Strada Urbana,VIA PRENESTINA,in prossimit�,,del civico n.,fr. 410,,Scontro laterale fra veicoli in marcia,Rettilineo,Due carreggiate,Asciutto,Asfaltata,Verticale ed orizzontale,Sereno,Normale,Buona,Ore Diurne,1,0,0,3,12.5631,41.8949,-1,2,Autovettura privata,In marcia / fermata / arresto,Passeggero,F,Illeso,0,,Non accertato,Inesploso,
4007381,6,26/09/2018 15:47:00,Strada Urbana,VIA PRENESTINA,in prossimit�,,del civico n.,fr. 410,,Scontro laterale fra veicoli in marcia,Rettilineo,Due carreggiate,Asciutto,Asfaltata,Verticale ed orizzontale,Sereno,Normale,Buona,Ore Diurne,1,0,0,3,12.5631,41.8949,-1,2,Autovettura privata,In marcia / fermata / arresto,Passeggero,M,Illeso,0,,,,
4007400,15,26/09/2018 10:05:00,Strada Urbana,VIA DELLA MAGLIANA,all'intersezione con,VIA DEI GROTTONI,VIA DEI GROTTONI,,,Tamponamento,Intersezione semaforizzata,Una carreggiata a doppio senso,Asciutto,Asfaltata,Orizzontale,Sereno,Normale,Buona,Ore Diurne,1,0,0,2,12.4196,41.8317,-1,1,Autovettura privata,In marcia / fermata / arresto,Conducente,M,Illeso,0,,,,
4007400,15,26/09/2018 10:05:00,Strada Urbana,VIA DELLA MAGLIANA,all'intersezione con,VIA DEI GROTTONI,VIA DEI GROTTONI,,,Tamponamento,Intersezione semaforizzata,Una carreggiata a doppio senso,Asciutto,Asfaltata,Orizzontale,Sereno,Normale,Buona,Ore Diurne,1,0,0,2,12.4196,41.8317,-1,1,Autovettura privata,In marcia / fermata / arresto,Passeggero,F,Illeso,0,,,,
4007400,15,26/09/2018 10:05:00,Strada Urbana,VIA DELLA MAGLIANA,all'intersezione con,VIA DEI GROTTONI,VIA DEI GROTTONI,,,Tamponamento,Intersezione semaforizzata,Una carreggiata a doppio senso,Asciutto,Asfaltata,Orizzontale,Sereno,Normale,Buona,Ore Diurne,1,0,0,2,12.4196,41.8317,-1,2,Motociclo a solo,In marcia / fermata / arresto,Conducente,M,Rifiuta cure immediate,0,NON DECEDUTO,,,
4007432,15,26/09/2018 12:05:00,Strada Urbana,VIA LEONARDO GREPPI,all'intersezione con,VIA ALESSANDRO BRISSE,VIA ALESSANDRO BRISSE,,,Tamponamento,Intersezione non regolata/non segnalata,Una carreggiata a doppio senso,Asciutto,Asfaltata,Orizzontale,Sereno,Normale,Buona,Ore Diurne,0,0,0,3,12.4588,41.8628,-1,1,Autovettura privata,In marcia / fermata / arresto,Conducente,M,Illeso,0,,Utilizzato,Inesploso,
4007432,15,26/09/2018 12:05:00,Strada Urbana,VIA LEONARDO GREPPI,all'intersezione con,VIA ALESSANDRO BRISSE,VIA ALESSANDRO BRISSE,,,Tamponamento,Intersezione non regolata/non segnalata,Una carreggiata a doppio senso,Asciutto,Asfaltata,Orizzontale,Sereno,Normale,Buona,Ore Diurne,0,0,0,3,12.4588,41.8628,-1,1,Autovettura privata,In marcia / fermata / arresto,Passeggero,F,Illeso,0,,Utilizzato,Inesploso,
4007432,15,26/09/2018 12:05:00,Strada Urbana,VIA LEONARDO GREPPI,all'intersezione con,VIA ALESSANDRO BRISSE,VIA ALESSANDRO BRISSE,,,Tamponamento,Intersezione non regolata/non segnalata,Una carreggiata a doppio senso,Asciutto,Asfaltata,Orizzontale,Sereno,Normale,Buona,Ore Diurne,0,0,0,3,12.4588,41.8628,-1,2,Autovettura privata,In marcia / fermata / arresto,Conducente,F,Illeso,0,,Utilizzato,Inesploso,
4007450,19,26/09/2018 14:00:00,Strada Urbana,VIA DELLA PINETA SACCHETTI,da specificare,,,,dopo rampa di accesso Galleria Giovanni XXIII,Tamponamento,Curva a visuale libera,Una carreggiata a senso unico di marcia,Asciutto,Asfaltata,Verticale ed orizzontale,Sereno,Normale,Buona,Ore Diurne,0,0,0,2,12.4295,41.9227,-1,1,Autovettura privata,In marcia / fermata / arresto,Conducente,M,Illeso,0,,Non accertato,Inesploso,
4007450,19,26/09/2018 14:00:00,Strada Urbana,VIA DELLA PINETA SACCHETTI,da specificare,,,,dopo rampa di accesso Galleria Giovanni XXIII,Tamponamento,Curva a visuale libera,Una carreggiata a senso unico di marcia,Asciutto,Asfaltata,Verticale ed orizzontale,Sereno,Normale,Buona,Ore Diurne,0,0,0,2,12.4295,41.9227,-1,2,Autovettura privata,In marcia / fermata / arresto,Conducente,F,Illeso,0,,Non accertato,Inesploso,
4007461,19,26/09/2018 11:30:00,Strada Urbana,VIA DELLA RISERVA GRANDE,all'intersezione con,VIA TALEGGIO,VIA TALEGGIO,,,Scontro frontale/laterale SX fra veicoli in marcia,Incrocio,Una carreggiata a doppio senso,Asciutto,Asfaltata,Assente,Sereno,Normale,Buona,Ore Diurne,0,0,0,2,12.3807,41.9481,-1,1,Motociclo a solo,In marcia / fermata / arresto,Conducente,M,Illeso,0,,Non accertato,,
4007461,19,26/09/2018 11:30:00,Strada Urbana,VIA DELLA RISERVA GRANDE,all'intersezione con,VIA TALEGGIO,VIA TALEGGIO,,,Scontro frontale/laterale SX fra veicoli in marcia,Incrocio,Una carreggiata a doppio senso,Asciutto,Asfaltata,Assente,Sereno,Normale,Buona,Ore Diurne,0,0,0,2,12.3807,41.9481,-1,2,Autovettura privata,In marcia / fermata / arresto,Conducente,F,Illeso,0,,Non accertato,Inesploso,
4007466,19,26/09/2018 10:15:00,Strada Urbana,VIALE DELLE MEDAGLIE D'ORO,all'intersezione con,VIA FRANCO MICHELINI TOCCI,VIA FRANCO MICHELINI TOCCI,,,Scontro frontale/laterale DX fra veicoli in marcia,Incrocio,Una carreggiata a doppio senso,Asciutto,Asfaltata,Verticale ed orizzontale,Sereno,Normale,Buona,Ore Diurne,1,0,0,1,12.4428,41.9168,-1,1,Autovettura privata,In marcia / fermata / arresto,Conducente,M,Illeso,0,,,,
4007466,19,26/09/2018 10:15:00,Strada Urbana,VIALE DELLE MEDAGLIE D'ORO,all'intersezione con,VIA FRANCO MICHELINI TOCCI,VIA FRANCO MICHELINI TOCCI,,,Scontro frontale/laterale DX fra veicoli in marcia,Incrocio,Una carreggiata a doppio senso,Asciutto,Asfaltata,Verticale ed orizzontale,Sereno,Normale,Buona,Ore Diurne,1,0,0,1,12.4428,41.9168,-1,2,Motociclo a solo,In marcia / fermata / arresto,Conducente,M,Rimandato,0,NON DECEDUTO,,,