Protocollo,Gruppo,DataOraIncidente,Localizzazione1,STRADA1,Localizzazione2,STRADA2,Strada02,Chilometrica,DaSpecificare,NaturaIncidente,particolaritastrade,TipoStrada,FondoStradale,Pavimentazione,Segnaletica,CondizioneAtmosferica,Traffico,Visibilita,Illuminazione,NUM_FERITI,NUM_RISERVATA,NUM_MORTI,NUM_ILLESI,Longitudine,Latitudine,Confermato,Progressivo,TipoVeicolo,StatoVeicolo,TipoPersona,Sesso,Tipolesione,Deceduto,DecedutoDopo,CinturaCascoUtilizzato,Airbag,
4007761,11,26/09/2018 11:00:00,Strada Urbana,VIA SALVATORE PINCHERLE,in prossimit�,,del civico n.,186,,Scontro frontale/laterale SX fra veicoli in marcia,Rettilineo,Una carreggiata a doppio senso,Asciutto,Asfaltata,Verticale ed orizzontale,Sereno,Scarso,Buona,Ore Diurne,1,0,0,1,12.4674,41.8537,-1,1,Autovettura privata,In marcia / fermata / arresto,Conducente,M,Illeso,0,,,,
4007761,11,26/09/2018 11:00:00,Strada Urbana,VIA SALVATORE PINCHERLE,in prossimit�,,del civico n.,186,,Scontro frontale/laterale SX fra veicoli in marcia,Rettilineo,Una carreggiata a doppio senso,Asciutto,Asfaltata,Verticale ed orizzontale,Sereno,Scarso,Buona,Ore Diurne,1,0,0,1,12.4674,41.8537,-1,2,Motociclo a solo,In marcia / fermata / arresto,Conducente,M,Rimandato,0,NON DECEDUTO,,,
4007769,11,26/09/2018 18:10:00,Strada Urbana,VIA ALESSANDRA MACINGHI STROZZI,all'intersezione con,VIA ADELAIDE BONO CAIROLI,VIA ADELAIDE BONO CAIROLI,,,Scontro laterale fra veicoli in marcia,Intersezione stradale segnalata,Una carreggiata a doppio senso,Asciutto,Asfaltata,Verticale ed orizzontale,Sereno,Normale,Buona,Ore Diurne,0,0,0,2,12.49,41.8595,-1,1,Autovettura privata,In marcia / fermata / arresto,Conducente,M,Illeso,0,,,,
4007769,11,26/09/2018 18:10:00,Strada Urbana,VIA ALESSANDRA MACINGHI STROZZI,all'intersezione con,VIA ADELAIDE BONO CAIROLI,VIA ADELAIDE BONO CAIROLI,,,Scontro laterale fra veicoli in marcia,Intersezione stradale segnalata,Una carreggiata a doppio senso,Asciutto,Asfaltata,Verticale ed orizzontale,Sereno,Normale,Buona,Ore Diurne,0,0,0,2,12.49,41.8595,-1,2,Motociclo a solo,In marcia / fermata / arresto,Conducente,M,Illeso,0,,,,
4007790,11,26/09/2018 12:30:00,Strada Urbana,VIALE DI S. PAOLO,all'intersezione semaforizzata con,VIA TEMISTOCLE CALZECCHI ONESTI,VIA TEMISTOCLE CALZECCHI ONESTI,,,Scontro frontale/laterale SX fra veicoli in marcia,Intersezione semaforizzata,Due carreggiate,Asciutto,Asfaltata,Verticale ed orizzontale,Sereno,Normale,Buona,Ore Diurne,1,0,0,2,12.4739,41.8571,-1,1,Autovettura privata,In marcia / fermata / arresto,Conducente,M,Illeso,0,,Non accertato,,
4007790,11,26/09/2018 12:30:00,Strada Urbana,VIALE DI S. PAOLO,all'intersezione semaforizzata con,VIA TEMISTOCLE CALZECCHI ONESTI,VIA TEMISTOCLE CALZECCHI ONESTI,,,Scontro frontale/laterale SX fra veicoli in marcia,Intersezione semaforizzata,Due carreggiate,Asciutto,Asfaltata,Verticale ed orizzontale,Sereno,Normale,Buona,Ore Diurne,1,0,0,2,12.4739,41.8571,-1,1,Autovettura privata,In marcia / fermata / arresto,Passeggero,M,Illeso,0,,Non accertato,,
4007790,11,26/09/2018 12:30:00,Strada Urbana,VIALE DI S. PAOLO,all'intersezione semaforizzata con,VIA TEMISTOCLE CALZECCHI ONESTI,VIA TEMISTOCLE CALZECCHI ONESTI,,,Scontro frontale/laterale SX fra veicoli in marcia,Intersezione semaforizzata,Due carreggiate,Asciutto,Asfaltata,Verticale ed orizzontale,Sereno,Normale,Buona,Ore Diurne,1,0,0,2,12.4739,41.8571,-1,2,Motociclo a solo,In marcia / fermata / arresto,Conducente,M,Rimandato,0,NON DECEDUTO,Non accertato,,
4007808,13,26/09/2018 12:45:00,Strada Urbana,VIA DEI TRAGHETTI,all'intersezione con,VIA DEI VELIERI,VIA DEI VELIERI,,,Scontro frontale/laterale DX fra veicoli in marcia,Incrocio,Una carreggiata a doppio senso,Asciutto,Asfaltata,Verticale,Sereno,Normale,Buona,Ore Diurne,0,0,0,2,12.2772,41.7365,-1,1,Autovettura privata,In marcia / fermata / arresto,Conducente,F,Illeso,0,,Non accertato,Inesploso,
4007808,13,26/09/2018 12:45:00,Strada Urbana,VIA DEI TRAGHETTI,all'intersezione con,VIA DEI VELIERI,VIA DEI VELIERI,,,Scontro frontale/laterale DX fra veicoli in marcia,Incrocio,Una carreggiata a doppio senso,Asciutto,Asfaltata,Verticale,Sereno,Normale,Buona,Ore Diurne,0,0,0,2,12.2772,41.7365,-1,2,Autovettura privata,In marcia / fermata / arresto,Conducente,M,Illeso,0,,Non accertato,Inesploso,
4007824,20,26/09/2018 17:25:00,Strada Urbana,VIA CASSIA,in corrispondenza,,del civico n.,721,,Tamponamento,Rettilineo,Una carreggiata a doppio senso,Asciutto,Asfaltata,Verticale ed orizzontale,Sereno,Normale,Buona,Ore Diurne,1,0,0,2,12.4441,41.9648,-1,1,Autovettura privata,In marcia / fermata / arresto,Conducente,M,Illeso,0,,Non accertato,Inesploso,
4007824,20,26/09/2018 17:25:00,Strada Urbana,VIA CASSIA,in corrispondenza,,del civico n.,721,,Tamponamento,Rettilineo,Una carreggiata a doppio senso,Asciutto,Asfaltata,Verticale ed orizzontale,Sereno,Normale,Buona,Ore Diurne,1,0,0,2,12.4441,41.9648,-1,1,Autovettura privata,In marcia / fermata / arresto,Passeggero,M,Illeso,0,,Non accertato,Inesploso,
4007824,20,26/09/2018 17:25:00,Strada Urbana,VIA CASSIA,in corrispondenza,,del civico n.,721,,Tamponamento,Rettilineo,Una carreggiata a doppio senso,Asciutto,Asfaltata,Verticale ed orizzontale,Sereno,Normale,Buona,Ore Diurne,1,0,0,2,12.4441,41.9648,-1,2,Motociclo a solo,In marcia / fermata / arresto,Conducente,M,Rimandato,0,NON DECEDUTO,Non accertato,,
4007842,13,26/09/2018 11:05:00,Strada Urbana,VIA GIANCARLO PASSERONI,da specificare,,,,prossimit� civ. 25,Investimento di pedone,Rettilineo,Una carreggiata a doppio senso,Asciutto,Asfaltata,Verticale ed orizzontale,Sereno,Intenso,Buona,Ore Diurne,1,0,0,1,12.2981,41.7296,-1,,,,Pedone,F,Ricoverato,0,NON DECEDUTO,,,
4007842,13,26/09/2018 11:05:00,Strada Urbana,VIA GIANCARLO PASSERONI,da specificare,,,,prossimit� civ. 25,Investimento di pedone,Rettilineo,Una carreggiata a doppio senso,Asciutto,Asfaltata,Verticale ed orizzontale,Sereno,Intenso,Buona,Ore Diurne,1,0,0,1,12.2981,41.7296,-1,1,Autovettura privata,In marcia / fermata / arresto,Conducente,M,Illeso,0,,Non accertato,Inesploso,
4007849,20,26/09/2018 11:00:00,Strada Urbana,VIA FLAMINIA NUOVA,da specificare,,,,prossimit� via Bomarzo,Tamponamento,Rettilineo,Due carreggiate,Asciutto,Asfaltata,Verticale ed orizzontale,Sereno,Normale,Buona,Ore Diurne,1,0,0,1,12.4792,41.9609,-1,1,Motociclo a solo,In marcia / fermata / arresto,Conducente,M,Rimandato,0,NON DECEDUTO,Non accertato,,
4007849,20,26/09/2018 11:00:00,Strada Urbana,VIA FLAMINIA NUOVA,da specificare,,,,prossimit� via Bomarzo,Tamponamento,Rettilineo,Due carreggiate,Asciutto,Asfaltata,Verticale ed orizzontale,Sereno,Normale,Buona,Ore Diurne,1,0,0,1,12.4792,41.9609,-1,2,Autovettura privata,In marcia / fermata / arresto,Conducente,M,Illeso,0,,Non accertato,,
4007857,10,26/09/2018 20:30:00,Strada Urbana,VIA TUSCOLANA,da specificare,,,,ALTEZZA PALO ACEA N. 750,Scontro laterale fra veicoli in marcia,Rettilineo,Due carreggiate,Asciutto,Asfaltata,Verticale ed orizzontale,Sereno,Normale,Sufficiente,Sufficiente,1,0,0,1,12.5758,41.8483,-1,1,Autovettura privata,In marcia / fermata / arresto,Conducente,M,Rifiuta cure immediate,0,NON DECEDUTO,Non accertato,Inesploso,
4007857,10,26/09/2018 20:30:00,Strada Urbana,VIA TUSCOLANA,da specificare,,,,ALTEZZA PALO ACEA N. 750,Scontro laterale fra veicoli in marcia,Rettilineo,Due carreggiate,Asciutto,Asfaltata,Verticale ed orizzontale,Sereno,Normale,Sufficiente,Sufficiente,1,0,0,1,12.5758,41.8483,-1,2,Motociclo a solo,In marcia / fermata / arresto,Conducente,M,Illeso,0,,Non accertato,,
4007858,15,26/09/2018 15:15:00,Strada Urbana,LUNGOTEVERE DEGLI INVENTORI,da specificare,,,,fronte civ. 116/D,Veicolo in marcia contro veicoli in sosta,Rettilineo,Una carreggiata a doppio senso,Asciutto,Asfaltata,Orizzontale,Sereno,Normale,Buona,Ore Diurne,0,0,0,1,12.4671,41.8611,-1,3,Autovettura privata,In marcia / fermata / arresto,Conducente,F,Illeso,0,,,Inesploso,
4007873,5,26/09/2018 18:20:00,Strada Urbana,NUOVA CIRCONVALLAZIONE INTERNA,da specificare,,,,dir. via Salaria 200 mt uscita Monti Tiburtini ,Tamponamento,Galleria illuminata,Una carreggiata a senso unico di marcia,Asciutto,Asfaltata,Orizzontale,Sereno,Intenso,Buona,Ore Diurne,0,0,0,5,12.5275,41.9221,-1,1,Autovettura privata,In marcia / fermata / arresto,Conducente,M,Illeso,0,,Non accertato,,
4007873,5,26/09/2018 18:20:00,Strada Urbana,NUOVA CIRCONVALLAZIONE INTERNA,da specificare,,,,dir. via Salaria 200 mt uscita Monti Tiburtini ,Tamponamento,Galleria illuminata,Una carreggiata a senso unico di marcia,Asciutto,Asfaltata,Orizzontale,Sereno,Intenso,Buona,Ore Diurne,0,0,0,5,12.5275,41.9221,-1,2,Autovettura privata,In marcia / fermata / arresto,Conducente,M,Illeso,0,,Non accertato,,
4007873,5,26/09/2018 18:20:00,Strada Urbana,NUOVA CIRCONVALLAZIONE INTERNA,da specificare,,,,dir. via Salaria 200 mt uscita Monti Tiburtini ,Tamponamento,Galleria illuminata,Una carreggiata a senso unico di marcia,Asciutto,Asfaltata,Orizzontale,Sereno,Intenso,Buona,Ore Diurne,0,0,0,5,12.5275,41.9221,-1,2,Autovettura privata,In marcia / fermata / arresto,Passeggero,M,Illeso,0,,Non accertato,,
4007873,5,26/09/2018 18:20:00,Strada Urbana,NUOVA CIRCONVALLAZIONE INTERNA,da specificare,,,,dir. via Salaria 200 mt uscita Monti Tiburtini ,Tamponamento,Galleria illuminata,Una carreggiata a senso unico di marcia,Asciutto,Asfaltata,Orizzontale,Sereno,Intenso,Buona,Ore Diurne,0,0,0,5,12.5275,41.9221,-1,2,Autovettura privata,In marcia / fermata / arresto,Passeggero,F,Illeso,0,,Non accertato,,
4007898,5,26/09/2018 23:30:00,Strada Urbana,VIA IGINO GIORDANI,da specificare,,,,in prossimit� via Grotta di Gregna,Tamponamento,Rettilineo,Una carreggiata a doppio senso,Asciutto,Asfaltata,Verticale ed orizzontale,Sereno,Normale,Sufficiente,Sufficiente,0,0,0,2,12.565,41.9074,-1,1,Autovettura privata,In marcia / fermata / arresto,Conducente,M,Illeso,0,,Non accertato,,
4007898,5,26/09/2018 23:30:00,Strada Urbana,VIA IGINO GIORDANI,da specificare,,,,in prossimit� via Grotta di Gregna,Tamponamento,Rettilineo,Una carreggiata a doppio senso,Asciutto,Asfaltata,Verticale ed orizzontale,Sereno,Normale,Sufficiente,Sufficiente,0,0,0,2,12.565,41.9074,-1,2,Autovettura privata,In marcia / fermata / arresto,Conducente,F,Illeso,0,,Non accertato,,
4007902,20,26/09/2018 18:00:00,Strada Urbana,CORSO DI FRANCIA,in prossimit�,,del civico n.,212,,Scontro frontale/laterale DX fra veicoli in marcia,Rettilineo,Due carreggiate,Asciutto,Asfaltata,Orizzontale,Sereno,Intenso,Buona,Ore Diurne,0,0,0,2,12.4693,41.9449,-1,1,Autovettura privata,In marcia / fermata / arresto,Conducente,M,Illeso,0,,,,
4007902,20,26/09/2018 18:00:00,Strada Urbana,CORSO DI FRANCIA,in prossimit�,,del civico n.,212,,Scontro frontale/laterale DX fra veicoli in marcia,Rettilineo,Due carreggiate,Asciutto,Asfaltata,Orizzontale,Sereno,Intenso,Buona,Ore Diurne,0,0,0,2,12.4693,41.9449,-1,2,Autovettura privata,In marcia / fermata / arresto,Conducente,M,Illeso,0,,,,
4007906,10,27/09/2018 23:30:00,Strada Urbana,VIA ANAGNINA,da specificare,,,,ALTEZZA SVINCOLO PER VIA TUSCOLANA,Ribaltamento senza urto contro ostacolo fisso,Curva a visuale libera,Una carreggiata a senso unico di marcia,Asciutto,Asfaltata,Verticale ed orizzontale,Sereno,Scarso,Insufficiente,Insufficiente,1,0,0,0,12.5906,41.8376,-1,1,Autovettura privata,In marcia / fermata / arresto,Conducente,M,Rimandato,0,NON DECEDUTO,Non accertato,Inesploso,
4007912,18,26/09/2018 22:10:00,Strada Urbana,VIA DI SELVA CANDIDA,all'intersezione con,VIA SCANDELUZZA,VIA SCANDELUZZA,,,Scontro frontale fra veicoli in marcia,Incrocio,Una carreggiata a doppio senso,Asciutto,Asfaltata,Verticale ed orizzontale,Sereno,Scarso,Sufficiente,Sufficiente,1,0,0,1,12.3773,41.9344,-1,1,Autovettura privata,In marcia / fermata / arresto,Conducente,M,Illeso,0,,,,
4007912,18,26/09/2018 22:10:00,Strada Urbana,VIA DI SELVA CANDIDA,all'intersezione con,VIA SCANDELUZZA,VIA SCANDELUZZA,,,Scontro frontale fra veicoli in marcia,Incrocio,Una carreggiata a doppio senso,Asciutto,Asfaltata,Verticale ed orizzontale,Sereno,Scarso,Sufficiente,Sufficiente,1,0,0,1,12.3773,41.9344,-1,2,Motociclo a solo,In marcia / fermata / arresto,Conducente,M,Rimandato,0,NON DECEDUTO,,,
4007925,18,27/09/2018 03:25:00,Strada Urbana,VIA ANASTASIO II,in prossimit�,,del civico n.,105,,Veicolo in marcia contro veicolo in sosta,Rettilineo,Due carreggiate,Asciutto,Asfaltata,Verticale ed orizzontale,Sereno,Scarso,Sufficiente,Sufficiente,1,0,0,0,12.441,41.8974,-1,1,Autovettura privata,In marcia / fermata / arresto,Conducente,M,Rimandato,0,NON DECEDUTO,,,
4007928,13,27/09/2018 08:10:00,Strada Urbana,PIAZZA ALBERTO ALESSIO,in prossimit�,,del civico n.,9,,Scontro laterale fra veicoli in marcia,Rettilineo,Una carreggiata a doppio senso,Asciutto,Asfaltata,Orizzontale,Sereno,Normale,Buona,Ore Diurne,0,0,0,4,12.2937,41.7302,-1,1,Autovettura privata,In marcia / fermata / arresto,Conducente,F,Illeso,0,,Non accertato,Inesploso,
4007928,13,27/09/2018 08:10:00,Strada Urbana,PIAZZA ALBERTO ALESSIO,in prossimit�,,del civico n.,9,,Scontro laterale fra veicoli in marcia,Rettilineo,Una carreggiata a doppio senso,Asciutto,Asfaltata,Orizzontale,Sereno,Normale,Buona,Ore Diurne,0,0,0,4,12.2937,41.7302,-1,2,Autovettura privata,In marcia / fermata / arresto,Conducente,M,Illeso,0,,Non accertato,Inesploso,
4007928,13,27/09/2018 08:10:00,Strada Urbana,PIAZZA ALBERTO ALESSIO,in prossimit�,,del civico n.,9,,Scontro laterale fra veicoli in marcia,Rettilineo,Una carreggiata a doppio senso,Asciutto,Asfaltata,Orizzontale,Sereno,Normale,Buona,Ore Diurne,0,0,0,4,12.2937,41.7302,-1,2,Autovettura privata,In marcia / fermata / arresto,Passeggero,F,Illeso,0,,Non accertato,Inesploso,
4007928,13,27/09/2018 08:10:00,Strada Urbana,PIAZZA ALBERTO ALESSIO,in prossimit�,,del civico n.,9,,Scontro laterale fra veicoli in marcia,Rettilineo,Una carreggiata a doppio senso,Asciutto,Asfaltata,Orizzontale,Sereno,Normale,Buona,Ore Diurne,0,0,0,4,12.2937,41.7302,-1,2,Autovettura privata,In marcia / fermata / arresto,Passeggero,F,Illeso,0,,Non accertato,Inesploso,
4007929,20,26/09/2018 06:45:00,Provinciale,VIA BRACCIANENSE,in prossimit�,,del civico n.,743,,Investimento di pedone,Rettilineo,Una carreggiata a doppio senso,Asciutto,Asfaltata,Orizzontale,Sereno,Normale,Buona,Ore Diurne,1,0,0,1,12.3143,42.0363,-1,,,,Pedone,M,Rimandato,0,NON DECEDUTO,,,
4007929,20,26/09/2018 06:45:00,Provinciale,VIA BRACCIANENSE,in prossimit�,,del civico n.,743,,Investimento di pedone,Rettilineo,Una carreggiata a doppio senso,Asciutto,Asfaltata,Orizzontale,Sereno,Normale,Buona,Ore Diurne,1,0,0,1,12.3143,42.0363,-1,1,Autovettura privata,In marcia / fermata / arresto,Conducente,M,Illeso,0,,,,
4007933,15,26/09/2018 18:40:00,Strada Urbana,VIA VINCENZO STATELLA,in corrispondenza,,del civico n.,29,,Veicolo in marcia contro veicoli in sosta,Rettilineo,Una carreggiata a doppio senso,Asciutto,Asfaltata,Orizzontale,Sereno,Normale,Buona,Ore Diurne,0,0,0,1,12.451,41.8537,-1,2,Motociclo a solo,In marcia / fermata / arresto,Conducente,F,Illeso,0,,,,
4007938,18,26/09/2018 20:45:00,Strada Urbana,VIA DI VAL CANNUTA,in prossimit�,,del civico n.,46,,Scontro laterale fra veicoli in marcia,Curva senza visuale libera,Una carreggiata a doppio senso,Asciutto,Asfaltata,Verticale ed orizzontale,Sereno,Scarso,Buona,Sufficiente,1,0,0,1,12.4154,41.9017,-1,1,Autobus turistico,In marcia / fermata / arresto,Conducente,M,Illeso,0,,,,
4007938,18,26/09/2018 20:45:00,Strada Urbana,VIA DI VAL CANNUTA,in prossimit�,,del civico n.,46,,Scontro laterale fra veicoli in marcia,Curva senza visuale libera,Una carreggiata a doppio senso,Asciutto,Asfaltata,Verticale ed orizzontale,Sereno,Scarso,Buona,Sufficiente,1,0,0,1,12.4154,41.9017,-1,2,Motociclo a solo,In marcia / fermata / arresto,Conducente,M,Rifiuta cure immediate,0,NON DECEDUTO,,,
4007939,10,26/09/2018 18:00:00,Strada Urbana,PIAZZA DEI CONSOLI,in corrispondenza,,del civico n.,55,,Veicolo in marcia contro veicolo arresto,Rettilineo,Una carreggiata a senso unico di marcia,Asciutto,Asfaltata,Orizzontale,Sereno,Normale,Buona,Ore Diurne,1,0,0,2,12.5572,41.8618,-1,1,Autovettura privata,In marcia / fermata / arresto,Conducente,M,Rimandato,0,NON DECEDUTO,Non accertato,Inesploso,
4007939,10,26/09/2018 18:00:00,Strada Urbana,PIAZZA DEI CONSOLI,in corrispondenza,,del civico n.,55,,Veicolo in marcia contro veicolo arresto,Rettilineo,Una carreggiata a senso unico di marcia,Asciutto,Asfaltata,Orizzontale,Sereno,Normale,Buona,Ore Diurne,1,0,0,2,12.5572,41.8618,-1,1,Autovettura privata,In marcia / fermata / arresto,Passeggero,M,Illeso,0,,Non accertato,Inesploso,
4007939,10,26/09/2018 18:00:00,Strada Urbana,PIAZZA DEI CONSOLI,in corrispondenza,,del civico n.,55,,Veicolo in marcia contro veicolo arresto,Rettilineo,Una carreggiata a senso unico di marcia,Asciutto,Asfaltata,Orizzontale,Sereno,Normale,Buona,Ore Diurne,1,0,0,2,12.5572,41.8618,-1,2,Autovettura privata,In marcia / fermata / arresto,Conducente,M,Illeso,0,,Non accertato,Inesploso,
4007945,18,27/09/2018 08:15:00,Strada Urbana,VIA AURELIA,in prossimit�,,del civico n.,468,,Tamponamento,Rettilineo,Due carreggiate,Asciutto,Asfaltata,Verticale ed orizzontale,Sereno,Normale,Buona,Ore Diurne,0,0,0,2,12.4251,41.8989,-1,1,Autovettura privata,In marcia / fermata / arresto,Conducente,M,Illeso,0,,Non accertato,Inesploso,
4007945,18,27/09/2018 08:15:00,Strada Urbana,VIA AURELIA,in prossimit�,,del civico n.,468,,Tamponamento,Rettilineo,Due carreggiate,Asciutto,Asfaltata,Verticale ed orizzontale,Sereno,Normale,Buona,Ore Diurne,0,0,0,2,12.4251,41.8989,-1,2,Autovettura di soccorso,In marcia / fermata / arresto,Conducente,M,Illeso,0,,Non accertato,Inesploso,
4007958,4,26/09/2018 08:20:00,Strada Urbana,VIA MONTE CERVIALTO,all'intersezione con,VIA DI VALLE MELAINA,VIA DI VALLE MELAINA,,,Veicolo in marcia contro ostacolo accidentale,Incrocio,Due carreggiate,Asciutto,Asfaltata,Verticale ed orizzontale,Sereno,Normale,Buona,Ore Diurne,1,0,0,1,12.5232,41.9541,-1,1,Motociclo con passeggero,In marcia / fermata / arresto,Conducente,M,Illeso,0,,Non accertato,,
4007958,4,26/09/2018 08:20:00,Strada Urbana,VIA MONTE CERVIALTO,all'intersezione con,VIA DI VALLE MELAINA,VIA DI VALLE MELAINA,,,Veicolo in marcia contro ostacolo accidentale,Incrocio,Due carreggiate,Asciutto,Asfaltata,Verticale ed orizzontale,Sereno,Normale,Buona,Ore Diurne,1,0,0,1,12.5232,41.9541,-1,1,Motociclo con passeggero,In marcia / fermata / arresto,Passeggero,F,Rimandato,0,NON DECEDUTO,Non accertato,,
4007964,6,26/09/2018 21:00:00,,VIALE DELLA SERENISSIMA,all'intersezione semaforizzata con,VIALE DELLA VENEZIA GIULIA,VIALE DELLA VENEZIA GIULIA,,,Scontro laterale fra veicoli in marcia,,,,,,,,,,5,0,0,1,,,0,2,Autobus urbano,In marcia / fermata / arresto,Conducente,M,Illeso,0,,,,
4007964,6,26/09/2018 21:00:00,,VIALE DELLA SERENISSIMA,all'intersezione semaforizzata con,VIALE DELLA VENEZIA GIULIA,VIALE DELLA VENEZIA GIULIA,,,Scontro laterale fra veicoli in marcia,,,,,,,,,,5,0,0,1,,,0,2,Autobus urbano,In marcia / fermata / arresto,Passeggero,M,Rimandato,0,NON DECEDUTO,,,
4007964,6,26/09/2018 21:00:00,,VIALE DELLA SERENISSIMA,all'intersezione semaforizzata con,VIALE DELLA VENEZIA GIULIA,VIALE DELLA VENEZIA GIULIA,,,Scontro laterale fra veicoli in marcia,,,,,,,,,,5,0,0,1,,,0,2,Autobus urbano,In marcia / fermata / arresto,Passeggero,F,Ricoverato,0,NON DECEDUTO,,,
4007964,6,26/09/2018 21:00:00,,VIALE DELLA SERENISSIMA,all'intersezione semaforizzata con,VIALE DELLA VENEZIA GIULIA,VIALE DELLA VENEZIA GIULIA,,,Scontro laterale fra veicoli in marcia,,,,,,,,,,5,0,0,1,,,0,2,Autobus urbano,In marcia / fermata / arresto,Passeggero,F,Rimandato,0,NON DECEDUTO,,,
4007964,6,26/09/2018 21:00:00,,VIALE DELLA SERENISSIMA,all'intersezione semaforizzata con,VIALE DELLA VENEZIA GIULIA,VIALE DELLA VENEZIA GIULIA,,,Scontro laterale fra veicoli in marcia,,,,,,,,,,5,0,0,1,,,0,2,Autobus urbano,In marcia / fermata / arresto,Passeggero,F,Rimandato,0,NON DECEDUTO,,,
4007964,6,26/09/2018 21:00:00,,VIALE DELLA SERENISSIMA,all'intersezione semaforizzata con,VIALE DELLA VENEZIA GIULIA,VIALE DELLA VENEZIA GIULIA,,,Scontro laterale fra veicoli in marcia,,,,,,,,,,5,0,0,1,,,0,2,Autobus urbano,In marcia / fermata / arresto,Passeggero,F,Rifiuta cure immediate,0,NON DECEDUTO,,,
4007970,12,25/09/2018 05:45:00,Provinciale,VIA ARDEATINA,da specificare,,,,Altezza Km 18,300 direzione G.R.A.,Ribaltamento senza urto contro ostacolo fisso,Curva a visuale libera,Una carreggiata a doppio senso,Bagnato (pioggia),Asfaltata,Verticale ed orizzontale,Nuvoloso,Scarso,Buona,Inesistente,0,0,0,1,12.5254,41.8131,-1,1,Autocarro inferiore 35 q.,In marcia / fermata / arresto,Conducente,M,Illeso,0,,Non accertato,Inesploso
4007992,16,25/09/2018 08:30:00,,LARGO ALESSANDRINA RAVIZZA,all'intersezione con,CIRCONVALLAZIONE GIANICOLENSE,CIRCONVALLAZIONE GIANICOLENSE,,,Tamponamento,,,,,,,,,,0,0,0,2,,,0,1,Autovettura privata,In marcia / fermata / arresto,Conducente,M,Illeso,0,,Non accertato,,
4007992,16,25/09/2018 08:30:00,,LARGO ALESSANDRINA RAVIZZA,all'intersezione con,CIRCONVALLAZIONE GIANICOLENSE,CIRCONVALLAZIONE GIANICOLENSE,,,Tamponamento,,,,,,,,,,0,0,0,2,,,0,2,Autovettura privata,In marcia / fermata / arresto,Conducente,,Illeso,0,,,,
4007998,16,26/09/2018 14:30:00,Strada Urbana,CIRCONVALLAZIONE GIANICOLENSE,in prossimit�,,del civico n.,146,,Tamponamento,Rettilineo,Pi� di due carreggiate,Asciutto,Asfaltata,Verticale ed orizzontale,Sereno,Normale,Buona,Ore Diurne,0,0,0,2,12.4536,41.8705,-1,1,Autovettura privata,In marcia / fermata / arresto,Conducente,F,Illeso,0,,Non accertato,Inesploso,
4007998,16,26/09/2018 14:30:00,Strada Urbana,CIRCONVALLAZIONE GIANICOLENSE,in prossimit�,,del civico n.,146,,Tamponamento,Rettilineo,Pi� di due carreggiate,Asciutto,Asfaltata,Verticale ed orizzontale,Sereno,Normale,Buona,Ore Diurne,0,0,0,2,12.4536,41.8705,-1,2,Autocarro inferiore 35 q.,In marcia / fermata / arresto,Conducente,M,Illeso,0,,Non accertato,Inesploso,
4008001,10,26/09/2018 07:50:00,Strada Urbana,VIA STATILIO OTTATO,all'intersezione con,VIA TUSCOLANA,VIA TUSCOLANA,,,Veicolo in marcia contro veicolo fermo,Incrocio,Due carreggiate,Asciutto,Asfaltata,Verticale ed orizzontale,Sereno,Normale,Buona,Ore Diurne,0,0,0,2,12.5663,41.8547,-1,1,Autovettura privata,In marcia / fermata / arresto,Conducente,M,Illeso,0,,Non accertato,Inesploso,
4008001,10,26/09/2018 07:50:00,Strada Urbana,VIA STATILIO OTTATO,all'intersezione con,VIA TUSCOLANA,VIA TUSCOLANA,,,Veicolo in marcia contro veicolo fermo,Incrocio,Due carreggiate,Asciutto,Asfaltata,Verticale ed orizzontale,Sereno,Normale,Buona,Ore Diurne,0,0,0,2,12.5663,41.8547,-1,2,Autocarro inferiore 35 q.,In marcia / fermata / arresto,Conducente,M,Illeso,0,,Non accertato,Inesploso,
4008007,8,26/09/2018 20:30:00,Strada Urbana,VIA NICCOLO' CANNICCI,all'intersezione con,VIA DANIELE RANZONI,VIA DANIELE RANZONI,,,Scontro frontale/laterale DX fra veicoli in marcia,Incrocio,Una carreggiata a doppio senso,Asciutto,Asfaltata,Assente,Sereno,Scarso,Sufficiente,Sufficiente,1,0,0,1,,,0,1,Autovettura privata,In marcia / fermata / arresto,Conducente,M,Rimandato,0,NON DECEDUTO,Non accertato,Inesploso,
4008007,8,26/09/2018 20:30:00,Strada Urbana,VIA NICCOLO' CANNICCI,all'intersezione con,VIA DANIELE RANZONI,VIA DANIELE RANZONI,,,Scontro frontale/laterale DX fra veicoli in marcia,Incrocio,Una carreggiata a doppio senso,Asciutto,Asfaltata,Assente,Sereno,Scarso,Sufficiente,Sufficiente,1,0,0,1,,,0,2,Autovettura privata,In marcia / fermata / arresto,Conducente,M,Illeso,0,,Non accertato,Inesploso,
4008009,15,27/09/2018 08:30:00,Strada Urbana,VIA PIETRO FRATTINI,in prossimit�,,del civico n.,158,,Scontro laterale fra veicoli in marcia,Rettilineo,Due carreggiate,Asciutto,Asfaltata,Verticale ed orizzontale,Sereno,Normale,Buona,Ore Diurne,0,0,0,2,12.4487,41.85,-1,1,Autovettura privata,In marcia / fermata / arresto,Conducente,M,Illeso,0,,Non accertato,Inesploso,
4008009,15,27/09/2018 08:30:00,Strada Urbana,VIA PIETRO FRATTINI,in prossimit�,,del civico n.,158,,Scontro laterale fra veicoli in marcia,Rettilineo,Due carreggiate,Asciutto,Asfaltata,Verticale ed orizzontale,Sereno,Normale,Buona,Ore Diurne,0,0,0,2,12.4487,41.85,-1,2,Ciclomotore,In marcia / fermata / arresto,Conducente,M,Illeso,0,,Non accertato,,