Protocollo,Gruppo,DataOraIncidente,Localizzazione1,STRADA1,Localizzazione2,STRADA2,Strada02,Chilometrica,DaSpecificare,NaturaIncidente,particolaritastrade,TipoStrada,FondoStradale,Pavimentazione,Segnaletica,CondizioneAtmosferica,Traffico,Visibilita,Illuminazione,NUM_FERITI,NUM_RISERVATA,NUM_MORTI,NUM_ILLESI,Longitudine,Latitudine,Confermato,Progressivo,TipoVeicolo,StatoVeicolo,TipoPersona,Sesso,Tipolesione,Deceduto,DecedutoDopo,CinturaCascoUtilizzato,Airbag,
4008015,8,26/09/2018 23:45:00,Strada Urbana,VIALE BRUNO PELIZZI,all'intersezione con,VIA DI TORRE SPACCATA,VIA DI TORRE SPACCATA,,,Scontro frontale/laterale DX fra veicoli in marcia,Intersezione semaforizzata,Due carreggiate,Asciutto,Asfaltata,Verticale ed orizzontale,Sereno,Normale,Buona,Sufficiente,0,0,0,2,12.5809,41.8585,-1,1,Autovettura privata,In marcia / fermata / arresto,Conducente,F,Illeso,0,,Non accertato,Esploso,
4008015,8,26/09/2018 23:45:00,Strada Urbana,VIALE BRUNO PELIZZI,all'intersezione con,VIA DI TORRE SPACCATA,VIA DI TORRE SPACCATA,,,Scontro frontale/laterale DX fra veicoli in marcia,Intersezione semaforizzata,Due carreggiate,Asciutto,Asfaltata,Verticale ed orizzontale,Sereno,Normale,Buona,Sufficiente,0,0,0,2,12.5809,41.8585,-1,2,Autovettura privata,In marcia / fermata / arresto,Conducente,M,Illeso,0,,Non accertato,,
4008022,8,26/09/2018 18:00:00,Strada Urbana,VIA BORUTTA,all'intersezione con,VIA TINNURA,VIA TINNURA,,,Scontro frontale/laterale SX fra veicoli in marcia,Intersezione non regolata/non segnalata,Una carreggiata a doppio senso,Asciutto,Sterrata,Assente,Sereno,Scarso,Buona,Ore Diurne,0,0,0,5,12.6748,41.8767,0,1,Autovettura privata,In marcia / fermata / arresto,Conducente,M,Illeso,0,,Non accertato,,
4008022,8,26/09/2018 18:00:00,Strada Urbana,VIA BORUTTA,all'intersezione con,VIA TINNURA,VIA TINNURA,,,Scontro frontale/laterale SX fra veicoli in marcia,Intersezione non regolata/non segnalata,Una carreggiata a doppio senso,Asciutto,Sterrata,Assente,Sereno,Scarso,Buona,Ore Diurne,0,0,0,5,12.6748,41.8767,0,1,Autovettura privata,In marcia / fermata / arresto,Passeggero,M,Illeso,0,,,,
4008022,8,26/09/2018 18:00:00,Strada Urbana,VIA BORUTTA,all'intersezione con,VIA TINNURA,VIA TINNURA,,,Scontro frontale/laterale SX fra veicoli in marcia,Intersezione non regolata/non segnalata,Una carreggiata a doppio senso,Asciutto,Sterrata,Assente,Sereno,Scarso,Buona,Ore Diurne,0,0,0,5,12.6748,41.8767,0,1,Autovettura privata,In marcia / fermata / arresto,Passeggero,M,Illeso,0,,,,
4008022,8,26/09/2018 18:00:00,Strada Urbana,VIA BORUTTA,all'intersezione con,VIA TINNURA,VIA TINNURA,,,Scontro frontale/laterale SX fra veicoli in marcia,Intersezione non regolata/non segnalata,Una carreggiata a doppio senso,Asciutto,Sterrata,Assente,Sereno,Scarso,Buona,Ore Diurne,0,0,0,5,12.6748,41.8767,0,2,Autovettura di polizia,In marcia / fermata / arresto,Conducente,M,Illeso,0,,,,
4008022,8,26/09/2018 18:00:00,Strada Urbana,VIA BORUTTA,all'intersezione con,VIA TINNURA,VIA TINNURA,,,Scontro frontale/laterale SX fra veicoli in marcia,Intersezione non regolata/non segnalata,Una carreggiata a doppio senso,Asciutto,Sterrata,Assente,Sereno,Scarso,Buona,Ore Diurne,0,0,0,5,12.6748,41.8767,0,2,Autovettura di polizia,In marcia / fermata / arresto,Passeggero,M,Illeso,0,,,,
4008037,8,26/09/2018 09:00:00,Strada Urbana,VIA CASILINA,da specificare,,,,RAMPA USCITA 18 GRA,Scontro laterale fra veicoli in marcia,Rettilineo,Una carreggiata a senso unico di marcia,Asciutto,Asfaltata,Verticale ed orizzontale,Sereno,Intenso,Buona,Ore Diurne,0,0,0,3,12.6194,41.8629,-1,1,Trattore stradale,In marcia / fermata / arresto,Conducente,M,Illeso,0,,Non accertato,Esploso,
4008037,8,26/09/2018 09:00:00,Strada Urbana,VIA CASILINA,da specificare,,,,RAMPA USCITA 18 GRA,Scontro laterale fra veicoli in marcia,Rettilineo,Una carreggiata a senso unico di marcia,Asciutto,Asfaltata,Verticale ed orizzontale,Sereno,Intenso,Buona,Ore Diurne,0,0,0,3,12.6194,41.8629,-1,2,Autovettura privata,In marcia / fermata / arresto,Conducente,M,Illeso,0,,Non accertato,Inesploso,
4008037,8,26/09/2018 09:00:00,Strada Urbana,VIA CASILINA,da specificare,,,,RAMPA USCITA 18 GRA,Scontro laterale fra veicoli in marcia,Rettilineo,Una carreggiata a senso unico di marcia,Asciutto,Asfaltata,Verticale ed orizzontale,Sereno,Intenso,Buona,Ore Diurne,0,0,0,3,12.6194,41.8629,-1,3,Rimorchio,In marcia / fermata / arresto,Conducente,M,Illeso,0,,,,
4008048,12,27/09/2018 01:15:00,Strada Urbana,VIA DI MEZZOCAMMINO,in corrispondenza,,del palo luce n.,37,,Veicolo in marcia contro ostacolo fisso,Rettilineo,Una carreggiata a doppio senso,Asciutto,Asfaltata,Verticale ed orizzontale,Sereno,Scarso,Buona,Sufficiente,1,0,0,0,12.4388,41.7911,0,1,Autovettura privata,In marcia / fermata / arresto,Conducente,M,Rimandato,0,NON DECEDUTO,,Esploso,
4008055,8,26/09/2018 13:30:00,Statale entro l'abitato,VIA CASILINA,in corrispondenza,,del civico n.,1954,,Scontro laterale fra veicoli in marcia,Curva senza visuale libera,Una carreggiata a doppio senso,Asciutto,Asfaltata,Verticale ed orizzontale,Sereno,Normale,Buona,Ore Diurne,1,0,0,1,12.7016,41.8654,-1,1,Autovettura privata,In marcia / fermata / arresto,Conducente,F,Rifiuta cure immediate,0,NON DECEDUTO,Non accertato,Inesploso,
4008055,8,26/09/2018 13:30:00,Statale entro l'abitato,VIA CASILINA,in corrispondenza,,del civico n.,1954,,Scontro laterale fra veicoli in marcia,Curva senza visuale libera,Una carreggiata a doppio senso,Asciutto,Asfaltata,Verticale ed orizzontale,Sereno,Normale,Buona,Ore Diurne,1,0,0,1,12.7016,41.8654,-1,2,Autovettura privata,In marcia / fermata / arresto,Conducente,M,Illeso,0,,Non accertato,Inesploso,
4008076,17,26/09/2018 13:50:00,Strada Urbana,VIALE GIUSEPPE MAZZINI,all'intersezione con,VIA CARLO ALBERTO RACCHIA,VIA CARLO ALBERTO RACCHIA,,,Scontro frontale/laterale DX fra veicoli in marcia,Intersezione stradale segnalata,Una carreggiata a senso unico di marcia,Asciutto,Asfaltata,Verticale ed orizzontale,Sereno,Normale,Buona,Ore Diurne,1,0,0,1,12.4573,41.9152,-1,1,Autovettura privata,In marcia / fermata / arresto,Conducente,M,Illeso,0,,,,
4008076,17,26/09/2018 13:50:00,Strada Urbana,VIALE GIUSEPPE MAZZINI,all'intersezione con,VIA CARLO ALBERTO RACCHIA,VIA CARLO ALBERTO RACCHIA,,,Scontro frontale/laterale DX fra veicoli in marcia,Intersezione stradale segnalata,Una carreggiata a senso unico di marcia,Asciutto,Asfaltata,Verticale ed orizzontale,Sereno,Normale,Buona,Ore Diurne,1,0,0,1,12.4573,41.9152,-1,2,Motociclo a solo,In marcia / fermata / arresto,Conducente,M,Rimandato,0,NON DECEDUTO,,,
4008078,4,26/09/2018 12:40:00,Strada Urbana,VIALE CARMELO BENE,all'intersezione semaforizzata con,VIA ALBERTO LIONELLO,VIA ALBERTO LIONELLO,,,Tamponamento Multiplo,Intersezione semaforizzata,Due carreggiate,Asciutto,Asfaltata,Verticale ed orizzontale,Sereno,Normale,Buona,Ore Diurne,0,0,0,4,12.5337,41.9751,-1,1,Autovettura privata,In marcia / fermata / arresto,Conducente,F,Illeso,0,,,,
4008078,4,26/09/2018 12:40:00,Strada Urbana,VIALE CARMELO BENE,all'intersezione semaforizzata con,VIA ALBERTO LIONELLO,VIA ALBERTO LIONELLO,,,Tamponamento Multiplo,Intersezione semaforizzata,Due carreggiate,Asciutto,Asfaltata,Verticale ed orizzontale,Sereno,Normale,Buona,Ore Diurne,0,0,0,4,12.5337,41.9751,-1,2,Autovettura privata,In marcia / fermata / arresto,Conducente,F,Illeso,0,,,,
4008078,4,26/09/2018 12:40:00,Strada Urbana,VIALE CARMELO BENE,all'intersezione semaforizzata con,VIA ALBERTO LIONELLO,VIA ALBERTO LIONELLO,,,Tamponamento Multiplo,Intersezione semaforizzata,Due carreggiate,Asciutto,Asfaltata,Verticale ed orizzontale,Sereno,Normale,Buona,Ore Diurne,0,0,0,4,12.5337,41.9751,-1,2,Autovettura privata,In marcia / fermata / arresto,Passeggero,M,Illeso,0,,,,
4008078,4,26/09/2018 12:40:00,Strada Urbana,VIALE CARMELO BENE,all'intersezione semaforizzata con,VIA ALBERTO LIONELLO,VIA ALBERTO LIONELLO,,,Tamponamento Multiplo,Intersezione semaforizzata,Due carreggiate,Asciutto,Asfaltata,Verticale ed orizzontale,Sereno,Normale,Buona,Ore Diurne,0,0,0,4,12.5337,41.9751,-1,3,Autovettura privata,In marcia / fermata / arresto,Conducente,M,Illeso,0,,,,
4008089,4,26/09/2018 09:20:00,Strada Urbana,VIA DELLE ISOLE CURZOLANE,da specificare,,,,pross fronte civico 184,Veicolo in marcia contro veicoli in arresto,Rettilineo,Due carreggiate,Asciutto,Asfaltata,Assente,Sereno,Normale,Buona,Ore Diurne,2,0,0,3,12.5316,41.9489,-1,1,Autovettura privata,In marcia / fermata / arresto,Conducente,M,Ricoverato,0,NON DECEDUTO,Non accertato,Inesploso,
4008089,4,26/09/2018 09:20:00,Strada Urbana,VIA DELLE ISOLE CURZOLANE,da specificare,,,,pross fronte civico 184,Veicolo in marcia contro veicoli in arresto,Rettilineo,Due carreggiate,Asciutto,Asfaltata,Assente,Sereno,Normale,Buona,Ore Diurne,2,0,0,3,12.5316,41.9489,-1,1,Autovettura privata,In marcia / fermata / arresto,Passeggero,F,Illeso,0,,Non accertato,Inesploso,
4008089,4,26/09/2018 09:20:00,Strada Urbana,VIA DELLE ISOLE CURZOLANE,da specificare,,,,pross fronte civico 184,Veicolo in marcia contro veicoli in arresto,Rettilineo,Due carreggiate,Asciutto,Asfaltata,Assente,Sereno,Normale,Buona,Ore Diurne,2,0,0,3,12.5316,41.9489,-1,2,Autovettura privata,In marcia / fermata / arresto,Conducente,M,Rifiuta cure immediate,0,NON DECEDUTO,,,
4008089,4,26/09/2018 09:20:00,Strada Urbana,VIA DELLE ISOLE CURZOLANE,da specificare,,,,pross fronte civico 184,Veicolo in marcia contro veicoli in arresto,Rettilineo,Due carreggiate,Asciutto,Asfaltata,Assente,Sereno,Normale,Buona,Ore Diurne,2,0,0,3,12.5316,41.9489,-1,2,Autovettura privata,In marcia / fermata / arresto,Passeggero,M,Illeso,0,,Non accertato,Inesploso,
4008107,16,26/09/2018 12:36:00,,PIAZZALE ENRICO DUNANT,in prossimit�,,del civico n.,66,,Scontro laterale fra veicoli in marcia,,,,,,,,,,0,0,0,2,,,0,1,Autovettura privata,In marcia / fermata / arresto,Conducente,F,Illeso,0,,Non accertato,,
4008107,16,26/09/2018 12:36:00,,PIAZZALE ENRICO DUNANT,in prossimit�,,del civico n.,66,,Scontro laterale fra veicoli in marcia,,,,,,,,,,0,0,0,2,,,0,2,Autovettura privata,In marcia / fermata / arresto,Conducente,M,Illeso,0,,,,
4008119,16,26/09/2018 16:45:00,Strada Urbana,VIA DI S. PANCRAZIO,da specificare,,,,fronte civico n.5/A,Scontro laterale fra veicoli in marcia,Rettilineo,Una carreggiata a senso unico di marcia,Asciutto,Asfaltata,Verticale,Sereno,Normale,Buona,Ore Diurne,0,0,0,2,12.4583,41.8869,-1,1,Autovettura privata,In marcia / fermata / arresto,Conducente,M,Illeso,0,,Non accertato,Inesploso,
4008119,16,26/09/2018 16:45:00,Strada Urbana,VIA DI S. PANCRAZIO,da specificare,,,,fronte civico n.5/A,Scontro laterale fra veicoli in marcia,Rettilineo,Una carreggiata a senso unico di marcia,Asciutto,Asfaltata,Verticale,Sereno,Normale,Buona,Ore Diurne,0,0,0,2,12.4583,41.8869,-1,2,Autovettura privata,In marcia / fermata / arresto,Conducente,F,Illeso,0,,Non accertato,Inesploso,
4008138,3,26/09/2018 12:45:00,Strada Urbana,VIALE DELLO SCALO S. LORENZO,da specificare,,,,altezza Largo Passamonti,Scontro frontale/laterale SX fra veicoli in marcia,Rettilineo,Due carreggiate,Asciutto,Asfaltata,Verticale ed orizzontale,Sereno,Scarso,Buona,Ore Diurne,1,0,0,1,12.5201,41.8967,-1,1,Autovettura privata,In marcia / fermata / arresto,Conducente,M,Illeso,0,,Non accertato,,
4008138,3,26/09/2018 12:45:00,Strada Urbana,VIALE DELLO SCALO S. LORENZO,da specificare,,,,altezza Largo Passamonti,Scontro frontale/laterale SX fra veicoli in marcia,Rettilineo,Due carreggiate,Asciutto,Asfaltata,Verticale ed orizzontale,Sereno,Scarso,Buona,Ore Diurne,1,0,0,1,12.5201,41.8967,-1,2,Motociclo a solo,In marcia / fermata / arresto,Conducente,F,Rimandato,0,NON DECEDUTO,Non accertato,,
4008146,3,26/09/2018 11:30:00,Strada Urbana,CIRCONVALLAZIONE TIBURTINA,da specificare,,,,altezza fronte Easy Box dir. S.Giovanni,Infortunio per sola frenata improvvisa,Curva a visuale libera,Due carreggiate,Asciutto,Asfaltata,Verticale ed orizzontale,Sereno,Intenso,Sufficiente,Ore Diurne,1,0,0,1,12.5265,41.8984,-1,1,Autovettura privata,In marcia / fermata / arresto,Conducente,M,Illeso,0,,Non accertato,,
4008146,3,26/09/2018 11:30:00,Strada Urbana,CIRCONVALLAZIONE TIBURTINA,da specificare,,,,altezza fronte Easy Box dir. S.Giovanni,Infortunio per sola frenata improvvisa,Curva a visuale libera,Due carreggiate,Asciutto,Asfaltata,Verticale ed orizzontale,Sereno,Intenso,Sufficiente,Ore Diurne,1,0,0,1,12.5265,41.8984,-1,2,Motociclo a solo,In marcia / fermata / arresto,Conducente,M,Rimandato,0,NON DECEDUTO,Non accertato,,
4008174,3,26/09/2018 13:15:00,Strada Urbana,VIA NOMENTANA,da specificare,,,,fronte civ Reggio Emilia,Investimento di pedone,Rettilineo,Pi� di due carreggiate,Asciutto,Asfaltata,Verticale ed orizzontale,Sereno,Normale,Buona,Ore Diurne,1,0,0,1,12.5728,41.9579,-1,,,,Pedone,M,Rimandato,0,NON DECEDUTO,,,
4008174,3,26/09/2018 13:15:00,Strada Urbana,VIA NOMENTANA,da specificare,,,,fronte civ Reggio Emilia,Investimento di pedone,Rettilineo,Pi� di due carreggiate,Asciutto,Asfaltata,Verticale ed orizzontale,Sereno,Normale,Buona,Ore Diurne,1,0,0,1,12.5728,41.9579,-1,1,Autovettura privata,In marcia / fermata / arresto,Conducente,M,Illeso,0,,,,
4008185,4,26/09/2018 11:25:00,Strada Urbana,LARGO RENATO ANGIOLILLO,da specificare,,,,in prossimit� di via Monte Cervialto,Veicolo in marcia contro veicolo fermo,Rettilineo,Due carreggiate,Asciutto,Strada pavimentata dissestata,Assente,Nebbia,Intenso,Buona,Ore Diurne,0,0,0,2,12.523,41.9547,-1,1,Autovettura privata,In marcia / fermata / arresto,Conducente,M,Illeso,0,,,,
4008185,4,26/09/2018 11:25:00,Strada Urbana,LARGO RENATO ANGIOLILLO,da specificare,,,,in prossimit� di via Monte Cervialto,Veicolo in marcia contro veicolo fermo,Rettilineo,Due carreggiate,Asciutto,Strada pavimentata dissestata,Assente,Nebbia,Intenso,Buona,Ore Diurne,0,0,0,2,12.523,41.9547,-1,2,Autovettura privata,In marcia / fermata / arresto,Conducente,F,Illeso,0,,,,
4008189,4,26/09/2018 09:45:00,Statale,VIA SALARIA,in corrispondenza,,della chilometrica,17.3,,Veicolo in marcia contro ostacolo accidentale,Rettilineo,Una carreggiata a doppio senso,Asciutto,Asfaltata,Orizzontale,Sereno,Intenso,Buona,Ore Diurne,0,0,0,1,13.0817,42.4178,-1,1,Autocarro superiore 35 q.,In marcia / fermata / arresto,Conducente,M,Illeso,0,,Non accertato,,
4008207,4,26/09/2018 09:10:00,Strada Urbana,VIA NOMENTANA NUOVA,in corrispondenza,,del civico n.,1,,Scontro laterale fra veicoli in marcia,Rettilineo,Una carreggiata a doppio senso,Asciutto,Asfaltata,Verticale ed orizzontale,Sereno,Scarso,Buona,Ore Diurne,0,0,0,2,12.5296,41.9336,-1,1,Autovettura privata,In marcia / fermata / arresto,Conducente,F,Illeso,0,,Non accertato,,
4008207,4,26/09/2018 09:10:00,Strada Urbana,VIA NOMENTANA NUOVA,in corrispondenza,,del civico n.,1,,Scontro laterale fra veicoli in marcia,Rettilineo,Una carreggiata a doppio senso,Asciutto,Asfaltata,Verticale ed orizzontale,Sereno,Scarso,Buona,Ore Diurne,0,0,0,2,12.5296,41.9336,-1,2,Motociclo a solo,In marcia / fermata / arresto,Conducente,M,Illeso,0,,,,
4008208,4,26/09/2018 13:45:00,Strada Urbana,VIA DELLE VIGNE NUOVE,da specificare,,,,fronte civico 370,Veicolo in marcia contro veicolo in sosta,Rettilineo,Una carreggiata a doppio senso,Asciutto,Asfaltata,Assente,Sereno,Normale,Buona,Ore Diurne,0,0,0,3,12.5358,41.9554,-1,1,Autovettura privata,Sosta,Passeggero,F,Illeso,0,,Non accertato,Inesploso,
4008208,4,26/09/2018 13:45:00,Strada Urbana,VIA DELLE VIGNE NUOVE,da specificare,,,,fronte civico 370,Veicolo in marcia contro veicolo in sosta,Rettilineo,Una carreggiata a doppio senso,Asciutto,Asfaltata,Assente,Sereno,Normale,Buona,Ore Diurne,0,0,0,3,12.5358,41.9554,-1,1,Autovettura privata,Sosta,Passeggero,F,Illeso,0,,Non accertato,,
4008208,4,26/09/2018 13:45:00,Strada Urbana,VIA DELLE VIGNE NUOVE,da specificare,,,,fronte civico 370,Veicolo in marcia contro veicolo in sosta,Rettilineo,Una carreggiata a doppio senso,Asciutto,Asfaltata,Assente,Sereno,Normale,Buona,Ore Diurne,0,0,0,3,12.5358,41.9554,-1,2,Autovettura privata,In marcia / fermata / arresto,Conducente,M,Illeso,0,,Non accertato,Inesploso,
4008213,18,27/09/2018 09:15:00,Strada Urbana,VIA DI BOCCEA,in prossimit�,,del civico n.,684/d,,Scontro frontale fra veicoli in marcia,Curva a visuale libera,Una carreggiata a doppio senso,Asciutto,Asfaltata,Assente,Sereno,Normale,Buona,Ore Diurne,1,0,0,1,12.3727,41.9219,-1,1,Autovettura privata,In marcia / fermata / arresto,Conducente,M,Illeso,0,,Non accertato,Inesploso,
4008213,18,27/09/2018 09:15:00,Strada Urbana,VIA DI BOCCEA,in prossimit�,,del civico n.,684/d,,Scontro frontale fra veicoli in marcia,Curva a visuale libera,Una carreggiata a doppio senso,Asciutto,Asfaltata,Assente,Sereno,Normale,Buona,Ore Diurne,1,0,0,1,12.3727,41.9219,-1,2,Motociclo a solo,In marcia / fermata / arresto,Conducente,M,Ricoverato,0,NON DECEDUTO,Non accertato,,
4008244,12,26/09/2018 17:45:00,Strada Urbana,VIA CRISTOFORO COLOMBO,da specificare,,,,direzione Ostia altezza Piazzale Pier Luigi Nervi,Investimento di pedone,Curva a visuale libera,Due carreggiate,Asciutto,Asfaltata,Verticale ed orizzontale,Sereno,Intenso,Buona,Ore Diurne,1,0,0,0,12.4645,41.8244,-1,,,,Pedone,F,Rimandato,0,NON DECEDUTO,,,
4008246,4,26/09/2018 16:00:00,Strada Urbana,VIA UGO OJETTI,da specificare,,,,in prossimit� di via di Casal Boccone,Investimento di pedone,Rettilineo,Due carreggiate,Asciutto,Asfaltata,Verticale ed orizzontale,Sereno,Normale,Buona,Ore Diurne,1,0,0,1,12.555,41.9477,-1,,,,Pedone,M,Ricoverato,0,NON DECEDUTO,,,
4008246,4,26/09/2018 16:00:00,Strada Urbana,VIA UGO OJETTI,da specificare,,,,in prossimit� di via di Casal Boccone,Investimento di pedone,Rettilineo,Due carreggiate,Asciutto,Asfaltata,Verticale ed orizzontale,Sereno,Normale,Buona,Ore Diurne,1,0,0,1,12.555,41.9477,-1,1,Autovettura privata,In marcia / fermata / arresto,Conducente,F,Illeso,0,,,,
4008271,16,26/09/2018 19:00:00,Strada Urbana,PIAZZETTA DEL BEL RESPIRO,in corrispondenza,,del civico n.,11,,Scontro laterale fra veicoli in marcia,Curva a visuale libera,Pi� di due carreggiate,Asciutto,Asfaltata,Assente,Sereno,Normale,Buona,Ore Diurne,0,0,0,2,12.4411,41.8799,-1,1,Autovettura privata,In marcia / fermata / arresto,Conducente,M,Illeso,0,,Non accertato,,
4008271,16,26/09/2018 19:00:00,Strada Urbana,PIAZZETTA DEL BEL RESPIRO,in corrispondenza,,del civico n.,11,,Scontro laterale fra veicoli in marcia,Curva a visuale libera,Pi� di due carreggiate,Asciutto,Asfaltata,Assente,Sereno,Normale,Buona,Ore Diurne,0,0,0,2,12.4411,41.8799,-1,2,Autovettura privata,In marcia / fermata / arresto,Conducente,F,Illeso,0,,Non accertato,,
4008293,2,26/09/2018 14:35:00,Strada Urbana,VIALE DEL MURO TORTO,da specificare,,,,alt.palo Acea 9 dir. Ple Brasile,Tamponamento,Rettilineo,Una carreggiata a senso unico di marcia,Asciutto,Asfaltata,Verticale ed orizzontale,Sereno,Normale,Buona,Ore Diurne,1,0,0,1,12.4817,41.9107,-1,1,Autovettura privata,In marcia / fermata / arresto,Conducente,F,Illeso,0,,Non accertato,Inesploso,
4008293,2,26/09/2018 14:35:00,Strada Urbana,VIALE DEL MURO TORTO,da specificare,,,,alt.palo Acea 9 dir. Ple Brasile,Tamponamento,Rettilineo,Una carreggiata a senso unico di marcia,Asciutto,Asfaltata,Verticale ed orizzontale,Sereno,Normale,Buona,Ore Diurne,1,0,0,1,12.4817,41.9107,-1,2,Motociclo a solo,In marcia / fermata / arresto,Conducente,M,Rimandato,0,NON DECEDUTO,Non accertato,,
4008304,13,27/09/2018 10:55:00,Strada Urbana,VIA ROBERTO CRIPPA,all'intersezione con,VIA UMBERTO LILLONI,VIA UMBERTO LILLONI,,,Scontro frontale/laterale SX fra veicoli in marcia,Incrocio,Una carreggiata a senso unico di marcia,Asciutto,Asfaltata,Verticale ed orizzontale,Sereno,Normale,Buona,Ore Diurne,4,0,0,0,12.3442,41.7753,-1,1,Autovettura privata,In marcia / fermata / arresto,Conducente,F,Rifiuta cure immediate,0,NON DECEDUTO,Non accertato,Inesploso,
4008304,13,27/09/2018 10:55:00,Strada Urbana,VIA ROBERTO CRIPPA,all'intersezione con,VIA UMBERTO LILLONI,VIA UMBERTO LILLONI,,,Scontro frontale/laterale SX fra veicoli in marcia,Incrocio,Una carreggiata a senso unico di marcia,Asciutto,Asfaltata,Verticale ed orizzontale,Sereno,Normale,Buona,Ore Diurne,4,0,0,0,12.3442,41.7753,-1,1,Autovettura privata,In marcia / fermata / arresto,Passeggero,F,Rimandato,0,NON DECEDUTO,Non accertato,Inesistente,
4008304,13,27/09/2018 10:55:00,Strada Urbana,VIA ROBERTO CRIPPA,all'intersezione con,VIA UMBERTO LILLONI,VIA UMBERTO LILLONI,,,Scontro frontale/laterale SX fra veicoli in marcia,Incrocio,Una carreggiata a senso unico di marcia,Asciutto,Asfaltata,Verticale ed orizzontale,Sereno,Normale,Buona,Ore Diurne,4,0,0,0,12.3442,41.7753,-1,1,Autovettura privata,In marcia / fermata / arresto,Passeggero,F,Rimandato,0,NON DECEDUTO,Non accertato,Inesploso,
4008304,13,27/09/2018 10:55:00,Strada Urbana,VIA ROBERTO CRIPPA,all'intersezione con,VIA UMBERTO LILLONI,VIA UMBERTO LILLONI,,,Scontro frontale/laterale SX fra veicoli in marcia,Incrocio,Una carreggiata a senso unico di marcia,Asciutto,Asfaltata,Verticale ed orizzontale,Sereno,Normale,Buona,Ore Diurne,4,0,0,0,12.3442,41.7753,-1,2,Autovettura privata,In marcia / fermata / arresto,Conducente,F,Rimandato,0,NON DECEDUTO,Non accertato,Inesploso,
4008314,6,27/09/2018 11:10:00,Strada Urbana,VIA DI ACQUA BULLICANTE,all'intersezione con,VIA CANOSA DI PUGLIA,VIA CANOSA DI PUGLIA,,,Scontro frontale/laterale DX fra veicoli in marcia,Incrocio,Una carreggiata a doppio senso,Asciutto,Asfaltata,Verticale ed orizzontale,Sereno,Normale,Buona,Ore Diurne,1,0,0,1,12.5434,41.8838,-1,1,Autovettura privata,In marcia / fermata / arresto,Conducente,M,Illeso,0,,Non accertato,Inesploso,
4008314,6,27/09/2018 11:10:00,Strada Urbana,VIA DI ACQUA BULLICANTE,all'intersezione con,VIA CANOSA DI PUGLIA,VIA CANOSA DI PUGLIA,,,Scontro frontale/laterale DX fra veicoli in marcia,Incrocio,Una carreggiata a doppio senso,Asciutto,Asfaltata,Verticale ed orizzontale,Sereno,Normale,Buona,Ore Diurne,1,0,0,1,12.5434,41.8838,-1,2,Motociclo a solo,In marcia / fermata / arresto,Conducente,M,Rimandato,0,NON DECEDUTO,Non accertato,,
4008326,12,26/09/2018 16:55:00,Strada Urbana,VIA DEI GENIERI,all'intersezione con,VIA RICCARDO GIGANTE,VIA RICCARDO GIGANTE,,,Scontro frontale/laterale SX fra veicoli in marcia,Incrocio,Una carreggiata a doppio senso,Asciutto,Asfaltata,Verticale ed orizzontale,Sereno,Normale,Buona,Ore Diurne,1,0,0,1,12.4886,41.8154,-1,1,Autovettura privata,In marcia / fermata / arresto,Conducente,F,Illeso,0,,Utilizzato,Inesploso,
4008326,12,26/09/2018 16:55:00,Strada Urbana,VIA DEI GENIERI,all'intersezione con,VIA RICCARDO GIGANTE,VIA RICCARDO GIGANTE,,,Scontro frontale/laterale SX fra veicoli in marcia,Incrocio,Una carreggiata a doppio senso,Asciutto,Asfaltata,Verticale ed orizzontale,Sereno,Normale,Buona,Ore Diurne,1,0,0,1,12.4886,41.8154,-1,2,Motociclo a solo,In marcia / fermata / arresto,Conducente,F,Rimandato,0,NON DECEDUTO,Non accertato,,
4008339,1,27/09/2018 09:00:00,Strada Urbana,PIAZZA DI PORTA CAPENA,da specificare,,,,altezza civico 2,Veicolo in marcia contro veicolo arresto,Curva a visuale libera,Una carreggiata a senso unico di marcia,Asciutto,Asfaltata,Verticale ed orizzontale,Sereno,Intenso,Buona,Ore Diurne,0,0,0,2,12.4895,41.8842,-1,1,Autovettura privata,In marcia / fermata / arresto,Conducente,M,Illeso,0,,Non accertato,,
4008339,1,27/09/2018 09:00:00,Strada Urbana,PIAZZA DI PORTA CAPENA,da specificare,,,,altezza civico 2,Veicolo in marcia contro veicolo arresto,Curva a visuale libera,Una carreggiata a senso unico di marcia,Asciutto,Asfaltata,Verticale ed orizzontale,Sereno,Intenso,Buona,Ore Diurne,0,0,0,2,12.4895,41.8842,-1,2,Autobus di linea,In marcia / fermata / arresto,Conducente,F,Illeso,0,,,,
4008341,10,27/09/2018 11:30:00,Statale entro l'abitato,VIA TUSCOLANA,in prossimit�,,del civico n.,1679,,Tamponamento Multiplo,Rettilineo,Due carreggiate,Asciutto,Asfaltata,Orizzontale,Sereno,Normale,Sufficiente,Ore Diurne,1,0,0,3,12.6476,41.8193,-1,1,Autovettura privata,In marcia / fermata / arresto,Conducente,F,Illeso,0,,Non accertato,Inesploso,