Protocollo,Gruppo,DataOraIncidente,Localizzazione1,STRADA1,Localizzazione2,STRADA2,Strada02,Chilometrica,DaSpecificare,NaturaIncidente,particolaritastrade,TipoStrada,FondoStradale,Pavimentazione,Segnaletica,CondizioneAtmosferica,Traffico,Visibilita,Illuminazione,NUM_FERITI,NUM_RISERVATA,NUM_MORTI,NUM_ILLESI,Longitudine,Latitudine,Confermato,Progressivo,TipoVeicolo,StatoVeicolo,TipoPersona,Sesso,Tipolesione,Deceduto,DecedutoDopo,CinturaCascoUtilizzato,Airbag,
4008341,10,27/09/2018 11:30:00,Statale entro l'abitato,VIA TUSCOLANA,in prossimit�,,del civico n.,1679,,Tamponamento Multiplo,Rettilineo,Due carreggiate,Asciutto,Asfaltata,Orizzontale,Sereno,Normale,Sufficiente,Ore Diurne,1,0,0,3,12.6476,41.8193,-1,2,Autovettura privata,In marcia / fermata / arresto,Conducente,M,Illeso,0,,Non accertato,Inesploso,
4008341,10,27/09/2018 11:30:00,Statale entro l'abitato,VIA TUSCOLANA,in prossimit�,,del civico n.,1679,,Tamponamento Multiplo,Rettilineo,Due carreggiate,Asciutto,Asfaltata,Orizzontale,Sereno,Normale,Sufficiente,Ore Diurne,1,0,0,3,12.6476,41.8193,-1,2,Autovettura privata,In marcia / fermata / arresto,Passeggero,F,Illeso,0,,Non accertato,Inesploso,
4008341,10,27/09/2018 11:30:00,Statale entro l'abitato,VIA TUSCOLANA,in prossimit�,,del civico n.,1679,,Tamponamento Multiplo,Rettilineo,Due carreggiate,Asciutto,Asfaltata,Orizzontale,Sereno,Normale,Sufficiente,Ore Diurne,1,0,0,3,12.6476,41.8193,-1,3,Autovettura privata,In marcia / fermata / arresto,Conducente,M,Rifiuta cure immediate,0,NON DECEDUTO,Non accertato,Esploso,
4008343,19,27/09/2018 11:30:00,Strada Urbana,VIA DEI MONTI DI PRIMAVALLE,in corrispondenza,,del civico n.,34,,Scontro laterale fra veicoli in marcia,Rettilineo,Una carreggiata a doppio senso,Asciutto,Asfaltata,Verticale ed orizzontale,Sereno,Normale,Buona,Ore Diurne,0,0,0,2,12.4138,41.9131,-1,1,Autocarro inferiore 35 q.,In marcia / fermata / arresto,Conducente,M,Illeso,0,,Non accertato,Inesploso,
4008343,19,27/09/2018 11:30:00,Strada Urbana,VIA DEI MONTI DI PRIMAVALLE,in corrispondenza,,del civico n.,34,,Scontro laterale fra veicoli in marcia,Rettilineo,Una carreggiata a doppio senso,Asciutto,Asfaltata,Verticale ed orizzontale,Sereno,Normale,Buona,Ore Diurne,0,0,0,2,12.4138,41.9131,-1,2,Autovettura privata,In marcia / fermata / arresto,Conducente,M,Illeso,0,,Non accertato,Inesploso,
4008352,3,26/09/2018 09:05:00,Strada Urbana,VIALE DEL POLICLINICO,all'intersezione con,VIA MONTEBELLO,VIA MONTEBELLO,,,Scontro laterale fra veicoli in marcia,Incrocio,Due carreggiate,Asciutto,Asfaltata,Verticale ed orizzontale,Nebbia,Intenso,Buona,Ore Diurne,1,0,0,1,,,0,1,Autovettura privata,In marcia / fermata / arresto,Conducente,M,Illeso,0,,,,
4008352,3,26/09/2018 09:05:00,Strada Urbana,VIALE DEL POLICLINICO,all'intersezione con,VIA MONTEBELLO,VIA MONTEBELLO,,,Scontro laterale fra veicoli in marcia,Incrocio,Due carreggiate,Asciutto,Asfaltata,Verticale ed orizzontale,Nebbia,Intenso,Buona,Ore Diurne,1,0,0,1,,,0,2,Motociclo a solo,In marcia / fermata / arresto,Conducente,F,Rimandato,0,NON DECEDUTO,,,
4008395,2,26/09/2018 17:30:00,Strada Urbana,PIAZZA THORVALDSEN,da specificare,,,,altezza Viale delle Arti,Veicolo in marcia contro ostacolo accidentale,Rettilineo,Una carreggiata a doppio senso,Asciutto,Asfaltata,Verticale ed orizzontale,Sereno,Normale,Buona,Ore Diurne,0,0,0,3,12.4804,41.9174,-1,1,Autovettura privata,In marcia / fermata / arresto,Conducente,M,Illeso,0,,Non accertato,Inesploso,
4008395,2,26/09/2018 17:30:00,Strada Urbana,PIAZZA THORVALDSEN,da specificare,,,,altezza Viale delle Arti,Veicolo in marcia contro ostacolo accidentale,Rettilineo,Una carreggiata a doppio senso,Asciutto,Asfaltata,Verticale ed orizzontale,Sereno,Normale,Buona,Ore Diurne,0,0,0,3,12.4804,41.9174,-1,1,Autovettura privata,In marcia / fermata / arresto,Passeggero,F,Illeso,0,,Non accertato,Inesploso,
4008395,2,26/09/2018 17:30:00,Strada Urbana,PIAZZA THORVALDSEN,da specificare,,,,altezza Viale delle Arti,Veicolo in marcia contro ostacolo accidentale,Rettilineo,Una carreggiata a doppio senso,Asciutto,Asfaltata,Verticale ed orizzontale,Sereno,Normale,Buona,Ore Diurne,0,0,0,3,12.4804,41.9174,-1,1,Autovettura privata,In marcia / fermata / arresto,Passeggero,F,Illeso,0,,Non accertato,Inesploso,
4008564,9,27/09/2018 05:50:00,Strada Urbana,VIA CILICIA,da specificare,,,,prossimit� altezza VIA APPIA ANTICA 4,Veicolo in marcia contro ostacolo fisso,Rettilineo,Due carreggiate,Asciutto,Asfaltata,Verticale ed orizzontale,Sereno,Normale,Buona,Ore Diurne,0,0,0,2,12.5015,41.8711,0,1,Autovettura di polizia,In marcia / fermata / arresto,Conducente,M,Illeso,0,,Non accertato,Inesploso,
4008564,9,27/09/2018 05:50:00,Strada Urbana,VIA CILICIA,da specificare,,,,prossimit� altezza VIA APPIA ANTICA 4,Veicolo in marcia contro ostacolo fisso,Rettilineo,Due carreggiate,Asciutto,Asfaltata,Verticale ed orizzontale,Sereno,Normale,Buona,Ore Diurne,0,0,0,2,12.5015,41.8711,0,1,Autovettura di polizia,In marcia / fermata / arresto,Passeggero,F,Illeso,0,,Non accertato,Inesploso,
4008573,3,25/09/2018 20:20:00,Strada Urbana,VIALE DELLO SCALO S. LORENZO,da specificare,,,,alt civ 16,Fuoriuscita dalla sede stradale,Rettilineo,Pi� di due carreggiate,Asciutto,Asfaltata,Verticale ed orizzontale,Sereno,Normale,Buona,Sufficiente,1,0,0,0,12.5171,41.8942,0,1,Motociclo a solo,In marcia / fermata / arresto,Conducente,M,Ricoverato,0,NON DECEDUTO,,,
4008592,10,27/09/2018 13:10:00,Strada Urbana,VIA APPIA PIGNATELLI,all'intersezione semaforizzata con,VIA ERODE ATTICO,VIA ERODE ATTICO,,,Scontro frontale fra veicoli in marcia,Intersezione semaforizzata,Una carreggiata a doppio senso,Asciutto,Asfaltata,Verticale ed orizzontale,Sereno,Normale,Buona,Ore Diurne,1,0,0,1,12.5457,41.8396,-1,1,Autovettura privata,In marcia / fermata / arresto,Conducente,F,Illeso,0,,Non accertato,Inesploso,
4008592,10,27/09/2018 13:10:00,Strada Urbana,VIA APPIA PIGNATELLI,all'intersezione semaforizzata con,VIA ERODE ATTICO,VIA ERODE ATTICO,,,Scontro frontale fra veicoli in marcia,Intersezione semaforizzata,Una carreggiata a doppio senso,Asciutto,Asfaltata,Verticale ed orizzontale,Sereno,Normale,Buona,Ore Diurne,1,0,0,1,12.5457,41.8396,-1,2,Motociclo a solo,In marcia / fermata / arresto,Conducente,M,Rimandato,0,NON DECEDUTO,Non accertato,,
4008615,17,26/09/2018 14:00:00,Strada Urbana,VIA ANDREA DORIA,all'intersezione con,VIA MOCENIGO,VIA MOCENIGO,,,Scontro frontale/laterale SX fra veicoli in marcia,Intersezione stradale segnalata,Una carreggiata a doppio senso,Asciutto,Asfaltata,Verticale ed orizzontale,Sereno,Intenso,Buona,Ore Diurne,1,0,0,1,12.4523,41.9098,-1,1,Autovettura privata,In marcia / fermata / arresto,Conducente,M,Illeso,0,,,,
4008615,17,26/09/2018 14:00:00,Strada Urbana,VIA ANDREA DORIA,all'intersezione con,VIA MOCENIGO,VIA MOCENIGO,,,Scontro frontale/laterale SX fra veicoli in marcia,Intersezione stradale segnalata,Una carreggiata a doppio senso,Asciutto,Asfaltata,Verticale ed orizzontale,Sereno,Intenso,Buona,Ore Diurne,1,0,0,1,12.4523,41.9098,-1,2,Motociclo a solo,In marcia / fermata / arresto,Conducente,M,Rimandato,0,NON DECEDUTO,,,
4008681,3,26/09/2018 12:05:00,,VIALE DELLO SCALO S. LORENZO,da specificare,,,,fr civ 16,Veicolo in marcia contro ostacolo fisso,,,,,,,,,,1,0,0,1,,,0,1,Autoveicolo trasp.promisc.,In marcia / fermata / arresto,Conducente,,Illeso,0,,,,
4008681,3,26/09/2018 12:05:00,,VIALE DELLO SCALO S. LORENZO,da specificare,,,,fr civ 16,Veicolo in marcia contro ostacolo fisso,,,,,,,,,,1,0,0,1,,,0,1,Autoveicolo trasp.promisc.,In marcia / fermata / arresto,Passeggero,F,Rifiuta cure immediate,0,NON DECEDUTO,,,
4008709,12,27/09/2018 14:45:00,Strada Urbana,VIA DELLA DIVISIONE TORINO,all'intersezione con,VIA MATTEO BARTOLI,VIA MATTEO BARTOLI,,,Scontro frontale fra veicoli in marcia,Incrocio,Una carreggiata a doppio senso,Asciutto,Asfaltata,Verticale ed orizzontale,Sereno,Normale,Buona,Ore Diurne,0,0,0,2,12.4865,41.8214,-1,1,Autovettura privata,In marcia / fermata / arresto,Conducente,M,Illeso,0,,Utilizzato,Inesploso,
4008709,12,27/09/2018 14:45:00,Strada Urbana,VIA DELLA DIVISIONE TORINO,all'intersezione con,VIA MATTEO BARTOLI,VIA MATTEO BARTOLI,,,Scontro frontale fra veicoli in marcia,Incrocio,Una carreggiata a doppio senso,Asciutto,Asfaltata,Verticale ed orizzontale,Sereno,Normale,Buona,Ore Diurne,0,0,0,2,12.4865,41.8214,-1,2,Autovettura privata,In marcia / fermata / arresto,Conducente,M,Illeso,0,,Non accertato,Inesploso,
4008737,11,27/09/2018 11:10:00,Strada Urbana,VIA OSTIENSE,in prossimit�,,del palo luce n.,71,,Veicolo in marcia contro ostacolo fisso,Rettilineo,Pi� di due carreggiate,Asciutto,Asfaltata,Orizzontale,Sereno,Normale,Buona,Ore Diurne,1,0,0,0,12.4597,41.8354,0,1,Motociclo a solo,In marcia / fermata / arresto,Conducente,M,Ricoverato,0,NON DECEDUTO,Non accertato,,
4008814,5,27/09/2018 15:30:00,Strada Urbana,VIALE PALMIRO TOGLIATTI,da specificare,,,,svincolo inversione di marcia direzione A24,Scontro laterale fra veicoli in marcia,Rettilineo,Due carreggiate,Asciutto,Asfaltata,Verticale ed orizzontale,Sereno,Normale,Buona,Ore Diurne,0,0,0,3,12.5733,41.9056,-1,1,Autobus di linea,In marcia / fermata / arresto,Conducente,M,Illeso,0,,Non accertato,Inesploso,
4008814,5,27/09/2018 15:30:00,Strada Urbana,VIALE PALMIRO TOGLIATTI,da specificare,,,,svincolo inversione di marcia direzione A24,Scontro laterale fra veicoli in marcia,Rettilineo,Due carreggiate,Asciutto,Asfaltata,Verticale ed orizzontale,Sereno,Normale,Buona,Ore Diurne,0,0,0,3,12.5733,41.9056,-1,2,Autovettura privata,In marcia / fermata / arresto,Conducente,F,Illeso,0,,Non accertato,Inesploso,
4008814,5,27/09/2018 15:30:00,Strada Urbana,VIALE PALMIRO TOGLIATTI,da specificare,,,,svincolo inversione di marcia direzione A24,Scontro laterale fra veicoli in marcia,Rettilineo,Due carreggiate,Asciutto,Asfaltata,Verticale ed orizzontale,Sereno,Normale,Buona,Ore Diurne,0,0,0,3,12.5733,41.9056,-1,2,Autovettura privata,In marcia / fermata / arresto,Passeggero,F,Illeso,0,,Non accertato,Inesploso,
4008841,1,26/09/2018 20:15:00,Strada Urbana,VIALE DELLE TERME DI CARACALLA,in prossimit�,,del palo luce n.,78,,Tamponamento Multiplo,Rettilineo,Una carreggiata a doppio senso,Asciutto,Asfaltata,Verticale ed orizzontale,Sereno,Normale,Sufficiente,Sufficiente,0,0,0,3,12.4954,41.878,-1,1,Autovettura privata,In marcia / fermata / arresto,Conducente,F,Illeso,0,,Non accertato,Inesploso,
4008841,1,26/09/2018 20:15:00,Strada Urbana,VIALE DELLE TERME DI CARACALLA,in prossimit�,,del palo luce n.,78,,Tamponamento Multiplo,Rettilineo,Una carreggiata a doppio senso,Asciutto,Asfaltata,Verticale ed orizzontale,Sereno,Normale,Sufficiente,Sufficiente,0,0,0,3,12.4954,41.878,-1,2,Autovettura privata,In marcia / fermata / arresto,Conducente,F,Illeso,0,,Non accertato,Inesploso,
4008841,1,26/09/2018 20:15:00,Strada Urbana,VIALE DELLE TERME DI CARACALLA,in prossimit�,,del palo luce n.,78,,Tamponamento Multiplo,Rettilineo,Una carreggiata a doppio senso,Asciutto,Asfaltata,Verticale ed orizzontale,Sereno,Normale,Sufficiente,Sufficiente,0,0,0,3,12.4954,41.878,-1,3,Autovettura privata,In marcia / fermata / arresto,Conducente,F,Illeso,0,,Non accertato,Inesploso,
4008850,3,26/09/2018 18:00:00,Strada Urbana,VIA DELLA LEGA LOMBARDA,in prossimit�,,del civico n.,63,,Tamponamento,Rettilineo,Una carreggiata a doppio senso,Asciutto,Asfaltata,Verticale ed orizzontale,Sereno,Intenso,Buona,Ore Diurne,0,0,0,3,12.5236,41.909,-1,1,Autovettura di polizia,In marcia / fermata / arresto,Conducente,M,Illeso,0,,Non accertato,,
4008850,3,26/09/2018 18:00:00,Strada Urbana,VIA DELLA LEGA LOMBARDA,in prossimit�,,del civico n.,63,,Tamponamento,Rettilineo,Una carreggiata a doppio senso,Asciutto,Asfaltata,Verticale ed orizzontale,Sereno,Intenso,Buona,Ore Diurne,0,0,0,3,12.5236,41.909,-1,1,Autovettura di polizia,In marcia / fermata / arresto,Passeggero,M,Illeso,0,,Non accertato,,
4008850,3,26/09/2018 18:00:00,Strada Urbana,VIA DELLA LEGA LOMBARDA,in prossimit�,,del civico n.,63,,Tamponamento,Rettilineo,Una carreggiata a doppio senso,Asciutto,Asfaltata,Verticale ed orizzontale,Sereno,Intenso,Buona,Ore Diurne,0,0,0,3,12.5236,41.909,-1,2,Motociclo a solo,In marcia / fermata / arresto,Conducente,M,Illeso,0,,Non accertato,,
4008873,9,27/09/2018 13:00:00,Strada Urbana,VIA CONCORDIA,in prossimit�,,del civico n.,2/10,,Veicolo in marcia contro veicoli fermi,Rettilineo,Una carreggiata a doppio senso,Asciutto,Asfaltata,Verticale ed orizzontale,Sereno,Normale,Buona,Ore Diurne,0,0,0,3,12.5089,41.8777,-1,1,Autocarro superiore 35 q.,In marcia / fermata / arresto,Conducente,M,Illeso,0,,Non accertato,Inesploso,
4008873,9,27/09/2018 13:00:00,Strada Urbana,VIA CONCORDIA,in prossimit�,,del civico n.,2/10,,Veicolo in marcia contro veicoli fermi,Rettilineo,Una carreggiata a doppio senso,Asciutto,Asfaltata,Verticale ed orizzontale,Sereno,Normale,Buona,Ore Diurne,0,0,0,3,12.5089,41.8777,-1,2,Autovettura privata,In marcia / fermata / arresto,Conducente,M,Illeso,0,,Non accertato,Inesploso,
4008873,9,27/09/2018 13:00:00,Strada Urbana,VIA CONCORDIA,in prossimit�,,del civico n.,2/10,,Veicolo in marcia contro veicoli fermi,Rettilineo,Una carreggiata a doppio senso,Asciutto,Asfaltata,Verticale ed orizzontale,Sereno,Normale,Buona,Ore Diurne,0,0,0,3,12.5089,41.8777,-1,3,Autovettura privata,In marcia / fermata / arresto,Conducente,M,Illeso,0,,Non accertato,Inesploso,
4008875,3,27/09/2018 01:00:00,Strada Urbana,VIALE DELLO SCALO S. LORENZO,in corrispondenza,,del civico n.,51,,Veicolo in marcia contro veicoli in sosta,Rettilineo,Pi� di due carreggiate,Asciutto,Asfaltata,Verticale ed orizzontale,Sereno,Normale,Buona,Sufficiente,0,0,0,1,12.5171,41.8949,-1,1,Autovettura privata,In marcia / fermata / arresto,Conducente,M,Illeso,0,,,,
4008879,17,26/09/2018 18:30:00,Strada Urbana,VIA LUIGI SETTEMBRINI,all'intersezione con,PIAZZA DEI MARTIRI DI BELFIORE,PIAZZA DEI MARTIRI DI BELFIORE,,,Veicolo in marcia contro veicolo in sosta,Incrocio,Due carreggiate,Asciutto,Asfaltata,Verticale ed orizzontale,Sereno,Normale,Buona,Ore Diurne,0,0,0,1,12.4669,41.915,-1,1,Autovettura privata,In marcia / fermata / arresto,Conducente,F,Illeso,0,,,,
4008882,19,27/09/2018 15:30:00,Strada Urbana,VIA CARLO LIVI,in prossimit�,,del civico n.,9,,Tamponamento,Rettilineo,Una carreggiata a senso unico di marcia,Asciutto,Asfaltata,Orizzontale,Sereno,Scarso,Buona,Ore Diurne,0,0,0,1,12.42,41.9348,-1,1,Autovettura privata,In marcia / fermata / arresto,Conducente,M,Illeso,0,,,,
4008893,12,27/09/2018 15:20:00,Strada Urbana,VIALE CARLO LEVI,in prossimit�,,del palo luce n.,1,,Veicolo in marcia contro ostacolo accidentale,Rettilineo,Due carreggiate,Asciutto,Con buche,Verticale ed orizzontale,Sereno,Normale,Buona,Ore Diurne,0,0,0,1,12.4656,41.8125,-1,1,Autovettura privata,In marcia / fermata / arresto,Conducente,M,Illeso,0,,Utilizzato,Inesploso,
4008898,10,27/09/2018 16:20:00,Strada Urbana,VIA APPIA PIGNATELLI,in prossimit�,,del civico n.,454,,Scontro frontale/laterale DX fra veicoli in marcia,Rettilineo,Una carreggiata a doppio senso,Asciutto,Asfaltata,Orizzontale,Sereno,Normale,Buona,Ore Diurne,1,0,0,2,12.5497,41.837,-1,1,Autovettura privata,In marcia / fermata / arresto,Conducente,M,Illeso,0,,Non accertato,Inesploso,
4008898,10,27/09/2018 16:20:00,Strada Urbana,VIA APPIA PIGNATELLI,in prossimit�,,del civico n.,454,,Scontro frontale/laterale DX fra veicoli in marcia,Rettilineo,Una carreggiata a doppio senso,Asciutto,Asfaltata,Orizzontale,Sereno,Normale,Buona,Ore Diurne,1,0,0,2,12.5497,41.837,-1,1,Autovettura privata,In marcia / fermata / arresto,Passeggero,F,Rimandato,0,NON DECEDUTO,Non accertato,Inesploso,
4008898,10,27/09/2018 16:20:00,Strada Urbana,VIA APPIA PIGNATELLI,in prossimit�,,del civico n.,454,,Scontro frontale/laterale DX fra veicoli in marcia,Rettilineo,Una carreggiata a doppio senso,Asciutto,Asfaltata,Orizzontale,Sereno,Normale,Buona,Ore Diurne,1,0,0,2,12.5497,41.837,-1,2,Autovettura privata,In marcia / fermata / arresto,Conducente,F,Illeso,0,,Non accertato,Inesploso,
4008988,1,26/09/2018 16:25:00,Strada Urbana,VIA MARGUTTA,in corrispondenza,,del civico n.,94,,Veicolo in marcia contro veicolo in sosta,Rettilineo,Una carreggiata a senso unico di marcia,Asciutto,In cubetti di porfido,Verticale ed orizzontale,Sereno,Scarso,Buona,Ore Diurne,0,0,0,1,,,0,1,Autovettura privata,In marcia / fermata / arresto,Conducente,F,Illeso,0,,Non accertato,Inesploso,
4009005,1,26/09/2018 09:05:00,Strada Urbana,LUNGOTEVERE AVENTINO,in prossimit�,,del civico n.,10,,Scontro laterale fra veicoli in marcia,Curva a visuale libera,Una carreggiata a senso unico di marcia,Asciutto,Asfaltata,Verticale ed orizzontale,Sereno,Intenso,Buona,Ore Diurne,1,0,0,1,12.4767,41.8836,-1,1,Autovettura privata,In marcia / fermata / arresto,Conducente,M,Illeso,0,,Non accertato,Inesploso,
4009005,1,26/09/2018 09:05:00,Strada Urbana,LUNGOTEVERE AVENTINO,in prossimit�,,del civico n.,10,,Scontro laterale fra veicoli in marcia,Curva a visuale libera,Una carreggiata a senso unico di marcia,Asciutto,Asfaltata,Verticale ed orizzontale,Sereno,Intenso,Buona,Ore Diurne,1,0,0,1,12.4767,41.8836,-1,2,Motociclo a solo,In marcia / fermata / arresto,Conducente,M,Rimandato,0,NON DECEDUTO,Non accertato,,
4009029,1,25/09/2018 15:50:00,Strada Urbana,VIA GIUSEPPE ROMITA,all'intersezione con,VIA CERNAIA,VIA CERNAIA,,,Veicolo in marcia contro ostacolo accidentale,Incrocio,Una carreggiata a senso unico di marcia,Asciutto,Acciotolata,Verticale ed orizzontale,Sereno,Normale,Buona,Ore Diurne,0,0,0,1,,,0,1,Motociclo a solo,In marcia / fermata / arresto,Conducente,M,Illeso,0,,Non accertato,,
4009056,1,26/09/2018 11:30:00,Strada Urbana,VIA MERULANA,in prossimit�,,del civico n.,139,,Infortunio per sola frenata improvvisa,Rettilineo,Una carreggiata a doppio senso,Asciutto,Asfaltata,Verticale ed orizzontale,Sereno,Intenso,Buona,Ore Diurne,1,0,0,0,12.5037,41.8888,-1,1,Ciclomotore,In marcia / fermata / arresto,Conducente,M,Rimandato,0,NON DECEDUTO,Non accertato,,
4009071,17,27/09/2018 07:10:00,Strada Urbana,VIALE DELLE MILIZIE,in corrispondenza,,del palo luce n.,32,,Scontro laterale fra veicoli in marcia,Rettilineo,Pi� di due carreggiate,Asciutto,Asfaltata,Verticale ed orizzontale,Sereno,Normale,Buona,Ore Diurne,1,0,0,2,12.4619,41.9122,-1,1,Autovettura privata,In marcia / fermata / arresto,Conducente,M,Illeso,0,,,,
4009071,17,27/09/2018 07:10:00,Strada Urbana,VIALE DELLE MILIZIE,in corrispondenza,,del palo luce n.,32,,Scontro laterale fra veicoli in marcia,Rettilineo,Pi� di due carreggiate,Asciutto,Asfaltata,Verticale ed orizzontale,Sereno,Normale,Buona,Ore Diurne,1,0,0,2,12.4619,41.9122,-1,1,Autovettura privata,In marcia / fermata / arresto,Passeggero,M,Illeso,0,,,,
4009071,17,27/09/2018 07:10:00,Strada Urbana,VIALE DELLE MILIZIE,in corrispondenza,,del palo luce n.,32,,Scontro laterale fra veicoli in marcia,Rettilineo,Pi� di due carreggiate,Asciutto,Asfaltata,Verticale ed orizzontale,Sereno,Normale,Buona,Ore Diurne,1,0,0,2,12.4619,41.9122,-1,2,Motociclo a solo,In marcia / fermata / arresto,Conducente,M,Rimandato,0,NON DECEDUTO,,,
4009103,3,27/09/2018 12:25:00,Strada Urbana,VIALE REGINA MARGHERITA,all'intersezione semaforizzata con,PIAZZA RIO DE JANEIRO,PIAZZA RIO DE JANEIRO,,,Investimento di pedone,Intersezione semaforizzata,Pi� di due carreggiate,Asciutto,Asfaltata,Verticale ed orizzontale,Sereno,Normale,Buona,Ore Diurne,2,0,0,1,12.5075,41.9122,0,,,,Pedone,F,Ricoverato,0,NON DECEDUTO,,,
4009103,3,27/09/2018 12:25:00,Strada Urbana,VIALE REGINA MARGHERITA,all'intersezione semaforizzata con,PIAZZA RIO DE JANEIRO,PIAZZA RIO DE JANEIRO,,,Investimento di pedone,Intersezione semaforizzata,Pi� di due carreggiate,Asciutto,Asfaltata,Verticale ed orizzontale,Sereno,Normale,Buona,Ore Diurne,2,0,0,1,12.5075,41.9122,0,1,Autovettura privata,In marcia / fermata / arresto,Conducente,M,Illeso,0,,Non accertato,Inesploso,
4009107,6,27/09/2018 17:15:00,Provinciale entro l'abitato,VIA PRENESTINA,in corrispondenza,,del civico n.,414f,,Scontro laterale fra veicoli in marcia,Rettilineo,Pi� di due carreggiate,Asciutto,Asfaltata,Orizzontale,Sereno,Intenso,Buona,Ore Diurne,1,0,0,2,12.564,41.8949,-1,1,Autovettura privata,In marcia / fermata / arresto,Conducente,F,Rimandato,0,NON DECEDUTO,Non accertato,Inesploso,
4009107,6,27/09/2018 17:15:00,Provinciale entro l'abitato,VIA PRENESTINA,in corrispondenza,,del civico n.,414f,,Scontro laterale fra veicoli in marcia,Rettilineo,Pi� di due carreggiate,Asciutto,Asfaltata,Orizzontale,Sereno,Intenso,Buona,Ore Diurne,1,0,0,2,12.564,41.8949,-1,1,Autovettura privata,In marcia / fermata / arresto,Passeggero,M,Illeso,0,,Non accertato,Inesploso,
4009107,6,27/09/2018 17:15:00,Provinciale entro l'abitato,VIA PRENESTINA,in corrispondenza,,del civico n.,414f,,Scontro laterale fra veicoli in marcia,Rettilineo,Pi� di due carreggiate,Asciutto,Asfaltata,Orizzontale,Sereno,Intenso,Buona,Ore Diurne,1,0,0,2,12.564,41.8949,-1,2,Autocarro inferiore 35 q.,In marcia / fermata / arresto,Conducente,M,Illeso,0,,Non accertato,Inesploso,
4009117,1,26/09/2018 09:55:00,Strada Urbana,VIA MARSALA,all'intersezione con,VIA VICENZA,VIA VICENZA,,,Scontro laterale fra veicoli in marcia,Intersezione stradale segnalata,Una carreggiata a senso unico di marcia,Asciutto,Asfaltata,Verticale ed orizzontale,Sereno,Intenso,Buona,Ore Diurne,0,0,0,2,12.5046,41.901,-1,1,Autocarro inferiore 35 q.,In marcia / fermata / arresto,Conducente,M,Illeso,0,,Non accertato,Inesploso,
4009117,1,26/09/2018 09:55:00,Strada Urbana,VIA MARSALA,all'intersezione con,VIA VICENZA,VIA VICENZA,,,Scontro laterale fra veicoli in marcia,Intersezione stradale segnalata,Una carreggiata a senso unico di marcia,Asciutto,Asfaltata,Verticale ed orizzontale,Sereno,Intenso,Buona,Ore Diurne,0,0,0,2,12.5046,41.901,-1,2,Autocarro inferiore 35 q.,In marcia / fermata / arresto,Conducente,M,Illeso,0,,Non accertato,Inesploso,
4009133,5,27/09/2018 18:00:00,Strada Urbana,PIAZZA EDOARDO PERSICO,da specificare,,,,altezza Via Bergamini,Tamponamento,Rettilineo,Una carreggiata a senso unico di marcia,Asciutto,Asfaltata,Verticale ed orizzontale,Sereno,Intenso,Buona,Ore Diurne,0,0,0,4,12.5591,41.9064,-1,1,Autovettura privata,In marcia / fermata / arresto,Conducente,F,Illeso,0,,Non accertato,,
4009133,5,27/09/2018 18:00:00,Strada Urbana,PIAZZA EDOARDO PERSICO,da specificare,,,,altezza Via Bergamini,Tamponamento,Rettilineo,Una carreggiata a senso unico di marcia,Asciutto,Asfaltata,Verticale ed orizzontale,Sereno,Intenso,Buona,Ore Diurne,0,0,0,4,12.5591,41.9064,-1,1,Autovettura privata,In marcia / fermata / arresto,Passeggero,F,Illeso,0,,Non accertato,,
4009133,5,27/09/2018 18:00:00,Strada Urbana,PIAZZA EDOARDO PERSICO,da specificare,,,,altezza Via Bergamini,Tamponamento,Rettilineo,Una carreggiata a senso unico di marcia,Asciutto,Asfaltata,Verticale ed orizzontale,Sereno,Intenso,Buona,Ore Diurne,0,0,0,4,12.5591,41.9064,-1,1,Autovettura privata,In marcia / fermata / arresto,Passeggero,F,Illeso,0,,Non accertato,,
4009133,5,27/09/2018 18:00:00,Strada Urbana,PIAZZA EDOARDO PERSICO,da specificare,,,,altezza Via Bergamini,Tamponamento,Rettilineo,Una carreggiata a senso unico di marcia,Asciutto,Asfaltata,Verticale ed orizzontale,Sereno,Intenso,Buona,Ore Diurne,0,0,0,4,12.5591,41.9064,-1,2,Autocarro inferiore 35 q.,In marcia / fermata / arresto,Conducente,M,Illeso,0,,Non accertato,,
4009137,17,27/09/2018 13:00:00,Strada Urbana,PIAZZA DEI TRIBUNALI,da specificare,,,,all'altezza di via Triboniano,Scontro laterale fra veicoli in marcia,Curva a visuale libera,Una carreggiata a senso unico di marcia,Asciutto,Asfaltata,Verticale ed orizzontale,Sereno,Intenso,Buona,Ore Diurne,0,0,0,2,12.4709,41.9032,-1,1,Autobus turistico,In marcia / fermata / arresto,Conducente,M,Illeso,0,,,,
4009137,17,27/09/2018 13:00:00,Strada Urbana,PIAZZA DEI TRIBUNALI,da specificare,,,,all'altezza di via Triboniano,Scontro laterale fra veicoli in marcia,Curva a visuale libera,Una carreggiata a senso unico di marcia,Asciutto,Asfaltata,Verticale ed orizzontale,Sereno,Intenso,Buona,Ore Diurne,0,0,0,2,12.4709,41.9032,-1,2,Autovettura privata,In marcia / fermata / arresto,Conducente,M,Illeso,0,,,,