Protocollo,Gruppo,DataOraIncidente,Localizzazione1,STRADA1,Localizzazione2,STRADA2,Strada02,Chilometrica,DaSpecificare,NaturaIncidente,particolaritastrade,TipoStrada,FondoStradale,Pavimentazione,Segnaletica,CondizioneAtmosferica,Traffico,Visibilita,Illuminazione,NUM_FERITI,NUM_RISERVATA,NUM_MORTI,NUM_ILLESI,Longitudine,Latitudine,Confermato,Progressivo,TipoVeicolo,StatoVeicolo,TipoPersona,Sesso,Tipolesione,Deceduto,DecedutoDopo,CinturaCascoUtilizzato,Airbag,
4009138,1,27/09/2018 11:40:00,Strada Urbana,VIA DEL CLEMENTINO,in prossimit�,,del civico n.,105,,Investimento di pedone,Rettilineo,Una carreggiata a senso unico di marcia,Asciutto,Asfaltata,Verticale ed orizzontale,Sereno,Normale,Buona,Ore Diurne,1,0,0,1,,,0,,,,Pedone,M,Rimandato,0,NON DECEDUTO,,,
4009138,1,27/09/2018 11:40:00,Strada Urbana,VIA DEL CLEMENTINO,in prossimit�,,del civico n.,105,,Investimento di pedone,Rettilineo,Una carreggiata a senso unico di marcia,Asciutto,Asfaltata,Verticale ed orizzontale,Sereno,Normale,Buona,Ore Diurne,1,0,0,1,,,0,1,Autovettura privata,In marcia / fermata / arresto,Conducente,M,Illeso,0,,Non accertato,Inesploso,
4009149,17,27/09/2018 10:55:00,Strada Urbana,VIA RAFFAELE ROSSETTI,in prossimit�,,del civico n.,4,,Veicolo in marcia contro veicolo in sosta,Rettilineo,Una carreggiata a doppio senso,Asciutto,Asfaltata,Verticale ed orizzontale,Sereno,Normale,Buona,Ore Diurne,0,0,0,1,12.4509,41.9149,-1,1,Autovettura privata,In marcia / fermata / arresto,Conducente,M,Illeso,0,,,,
4009156,1,27/09/2018 11:00:00,Strada Urbana,PONTE SUBLICIO,in corrispondenza,,del civico n.,10,,Veicolo in marcia contro ostacolo accidentale,Rettilineo,Una carreggiata a doppio senso,Asciutto,Asfaltata,Verticale ed orizzontale,Sereno,Normale,Buona,Ore Diurne,1,0,0,0,12.4754,41.8831,-1,1,Motociclo a solo,In marcia / fermata / arresto,Conducente,M,Rimandato,0,NON DECEDUTO,Non accertato,,
4009172,1,26/09/2018 11:50:00,Strada Urbana,LUNGOTEVERE TOR DI NONA,in prossimit�,,del civico n.,13,,Scontro laterale fra veicoli in marcia,Rettilineo,Una carreggiata a senso unico di marcia,Asciutto,Asfaltata,Verticale ed orizzontale,Sereno,Intenso,Buona,Ore Diurne,1,0,0,1,,,0,1,Motociclo a solo,In marcia / fermata / arresto,Conducente,M,Rimandato,0,NON DECEDUTO,,,
4009172,1,26/09/2018 11:50:00,Strada Urbana,LUNGOTEVERE TOR DI NONA,in prossimit�,,del civico n.,13,,Scontro laterale fra veicoli in marcia,Rettilineo,Una carreggiata a senso unico di marcia,Asciutto,Asfaltata,Verticale ed orizzontale,Sereno,Intenso,Buona,Ore Diurne,1,0,0,1,,,0,2,Autovettura privata,In marcia / fermata / arresto,Conducente,M,Illeso,0,,Non accertato,Inesploso,
4009181,9,27/09/2018 16:45:00,Strada Urbana,PIAZZA DELL'ALBERONE,all'intersezione semaforizzata con,VIA VETURIA,VIA VETURIA,,,Scontro frontale/laterale DX fra veicoli in marcia,Incrocio,Pi� di due carreggiate,Asciutto,Asfaltata,Verticale ed orizzontale,Sereno,Normale,Buona,Ore Diurne,1,0,0,0,12.5216,41.8761,0,1,Motociclo a solo,In marcia / fermata / arresto,Conducente,F,Rimandato,0,NON DECEDUTO,Non accertato,,
4009197,1,27/09/2018 15:20:00,Strada Urbana,VIA DEL GIANICOLO,in prossimit�,,del civico n.,15,,Veicolo in marcia contro veicolo fermo,Rettilineo,Una carreggiata a doppio senso,Asciutto,Asfaltata,Verticale ed orizzontale,Sereno,Normale,Buona,Ore Diurne,0,0,0,3,,,0,2,Autovettura privata,In marcia / fermata / arresto,Conducente,M,Illeso,0,,Non accertato,Inesploso,
4009197,1,27/09/2018 15:20:00,Strada Urbana,VIA DEL GIANICOLO,in prossimit�,,del civico n.,15,,Veicolo in marcia contro veicolo fermo,Rettilineo,Una carreggiata a doppio senso,Asciutto,Asfaltata,Verticale ed orizzontale,Sereno,Normale,Buona,Ore Diurne,0,0,0,3,,,0,2,Autovettura privata,In marcia / fermata / arresto,Passeggero,F,Illeso,0,,,,
4009197,1,27/09/2018 15:20:00,Strada Urbana,VIA DEL GIANICOLO,in prossimit�,,del civico n.,15,,Veicolo in marcia contro veicolo fermo,Rettilineo,Una carreggiata a doppio senso,Asciutto,Asfaltata,Verticale ed orizzontale,Sereno,Normale,Buona,Ore Diurne,0,0,0,3,,,0,2,Autovettura privata,In marcia / fermata / arresto,Passeggero,M,Illeso,0,,,,
4009201,3,27/09/2018 08:20:00,Strada Urbana,VIA TIBURTINA,da specificare,,,,altezza Via Pietro L'Eremita,Tamponamento,Rettilineo,Una carreggiata a senso unico di marcia,Asciutto,Asfaltata,Assente,Sereno,Intenso,Sufficiente,Ore Diurne,1,0,0,1,12.5446,41.908,-1,1,Motociclo a solo,In marcia / fermata / arresto,Conducente,M,Rimandato,0,NON DECEDUTO,Non accertato,,
4009201,3,27/09/2018 08:20:00,Strada Urbana,VIA TIBURTINA,da specificare,,,,altezza Via Pietro L'Eremita,Tamponamento,Rettilineo,Una carreggiata a senso unico di marcia,Asciutto,Asfaltata,Assente,Sereno,Intenso,Sufficiente,Ore Diurne,1,0,0,1,12.5446,41.908,-1,2,Autovettura privata,In marcia / fermata / arresto,Conducente,M,Illeso,0,,Non accertato,Inesploso,
4009206,5,27/09/2018 17:30:00,Strada Urbana,VIA DEL CASALE DI S. BASILIO,all'intersezione con,VIA TINO BUAZZELLI,VIA TINO BUAZZELLI,,,Investimento di pedone,Incrocio,Una carreggiata a doppio senso,Asciutto,Asfaltata,Verticale ed orizzontale,Sereno,Normale,Buona,Ore Diurne,1,0,0,2,12.5767,41.9397,-1,,,,Pedone,M,Rimandato,0,NON DECEDUTO,,,
4009206,5,27/09/2018 17:30:00,Strada Urbana,VIA DEL CASALE DI S. BASILIO,all'intersezione con,VIA TINO BUAZZELLI,VIA TINO BUAZZELLI,,,Investimento di pedone,Incrocio,Una carreggiata a doppio senso,Asciutto,Asfaltata,Verticale ed orizzontale,Sereno,Normale,Buona,Ore Diurne,1,0,0,2,12.5767,41.9397,-1,1,Autovettura privata,In marcia / fermata / arresto,Conducente,M,Illeso,0,,Non accertato,,
4009206,5,27/09/2018 17:30:00,Strada Urbana,VIA DEL CASALE DI S. BASILIO,all'intersezione con,VIA TINO BUAZZELLI,VIA TINO BUAZZELLI,,,Investimento di pedone,Incrocio,Una carreggiata a doppio senso,Asciutto,Asfaltata,Verticale ed orizzontale,Sereno,Normale,Buona,Ore Diurne,1,0,0,2,12.5767,41.9397,-1,1,Autovettura privata,In marcia / fermata / arresto,Passeggero,M,Illeso,0,,,,
4009210,17,27/09/2018 16:55:00,Strada Urbana,VIALE DELLE MILIZIE,all'intersezione con,VIA SIMONE DE SAINT BON,VIA SIMONE DE SAINT BON,,,Scontro laterale fra veicoli in marcia,Incrocio,Pi� di due carreggiate,Asciutto,Asfaltata,Verticale ed orizzontale,Sereno,Normale,Buona,Ore Diurne,0,0,0,2,12.4569,41.911,-1,1,Autovettura privata,In marcia / fermata / arresto,Conducente,F,Illeso,0,,,,
4009210,17,27/09/2018 16:55:00,Strada Urbana,VIALE DELLE MILIZIE,all'intersezione con,VIA SIMONE DE SAINT BON,VIA SIMONE DE SAINT BON,,,Scontro laterale fra veicoli in marcia,Incrocio,Pi� di due carreggiate,Asciutto,Asfaltata,Verticale ed orizzontale,Sereno,Normale,Buona,Ore Diurne,0,0,0,2,12.4569,41.911,-1,2,Motociclo con passeggero,In marcia / fermata / arresto,Conducente,M,Illeso,0,,,,
4009531,6,27/09/2018 20:30:00,Strada Urbana,VIA DEL PIGNETO,in prossimit�,,del civico n.,108,,Scontro laterale fra veicoli in marcia,Rettilineo,Due carreggiate,Asciutto,Asfaltata,Verticale ed orizzontale,Sereno,Normale,Buona,Sufficiente,0,0,0,3,12.5301,41.888,-1,1,Autovettura privata,In marcia / fermata / arresto,Conducente,M,Illeso,0,,,,
4009531,6,27/09/2018 20:30:00,Strada Urbana,VIA DEL PIGNETO,in prossimit�,,del civico n.,108,,Scontro laterale fra veicoli in marcia,Rettilineo,Due carreggiate,Asciutto,Asfaltata,Verticale ed orizzontale,Sereno,Normale,Buona,Sufficiente,0,0,0,3,12.5301,41.888,-1,1,Autovettura privata,In marcia / fermata / arresto,Passeggero,M,Illeso,0,,,,
4009531,6,27/09/2018 20:30:00,Strada Urbana,VIA DEL PIGNETO,in prossimit�,,del civico n.,108,,Scontro laterale fra veicoli in marcia,Rettilineo,Due carreggiate,Asciutto,Asfaltata,Verticale ed orizzontale,Sereno,Normale,Buona,Sufficiente,0,0,0,3,12.5301,41.888,-1,2,Autovettura privata,In marcia / fermata / arresto,Conducente,M,Illeso,0,,,,
4009544,9,28/09/2018 00:10:00,Strada Urbana,VIALE GIULIO AGRICOLA,all'intersezione semaforizzata con,VIALE SPARTACO,VIALE SPARTACO,,,Scontro frontale/laterale DX fra veicoli in marcia,Intersezione stradale segnalata,Due carreggiate,Asciutto,Asfaltata,Verticale ed orizzontale,Sereno,Scarso,Sufficiente,Sufficiente,1,0,0,2,,,0,1,Autovettura privata,In marcia / fermata / arresto,Conducente,M,Illeso,0,,Non accertato,Esploso,
4009544,9,28/09/2018 00:10:00,Strada Urbana,VIALE GIULIO AGRICOLA,all'intersezione semaforizzata con,VIALE SPARTACO,VIALE SPARTACO,,,Scontro frontale/laterale DX fra veicoli in marcia,Intersezione stradale segnalata,Due carreggiate,Asciutto,Asfaltata,Verticale ed orizzontale,Sereno,Scarso,Sufficiente,Sufficiente,1,0,0,2,,,0,1,Autovettura privata,In marcia / fermata / arresto,Passeggero,M,Rimandato,0,NON DECEDUTO,Non accertato,Esploso,
4009544,9,28/09/2018 00:10:00,Strada Urbana,VIALE GIULIO AGRICOLA,all'intersezione semaforizzata con,VIALE SPARTACO,VIALE SPARTACO,,,Scontro frontale/laterale DX fra veicoli in marcia,Intersezione stradale segnalata,Due carreggiate,Asciutto,Asfaltata,Verticale ed orizzontale,Sereno,Scarso,Sufficiente,Sufficiente,1,0,0,2,,,0,2,Autovettura privata,In marcia / fermata / arresto,Conducente,M,Illeso,0,,Non accertato,Inesploso,
4009546,11,27/09/2018 08:50:00,Strada Urbana,VIA DI GROTTA PERFETTA,da specificare,,,,fronte civico 420,Tamponamento,Rettilineo,Una carreggiata a doppio senso,Asciutto,Asfaltata,Verticale ed orizzontale,Sereno,Normale,Buona,Ore Diurne,0,0,0,3,12.4966,41.8422,-1,1,Autovettura privata,In marcia / fermata / arresto,Conducente,M,Illeso,0,,,,
4009546,11,27/09/2018 08:50:00,Strada Urbana,VIA DI GROTTA PERFETTA,da specificare,,,,fronte civico 420,Tamponamento,Rettilineo,Una carreggiata a doppio senso,Asciutto,Asfaltata,Verticale ed orizzontale,Sereno,Normale,Buona,Ore Diurne,0,0,0,3,12.4966,41.8422,-1,2,Autovettura privata,In marcia / fermata / arresto,Conducente,F,Illeso,0,,,,
4009546,11,27/09/2018 08:50:00,Strada Urbana,VIA DI GROTTA PERFETTA,da specificare,,,,fronte civico 420,Tamponamento,Rettilineo,Una carreggiata a doppio senso,Asciutto,Asfaltata,Verticale ed orizzontale,Sereno,Normale,Buona,Ore Diurne,0,0,0,3,12.4966,41.8422,-1,2,Autovettura privata,In marcia / fermata / arresto,Passeggero,M,Illeso,0,,,,
4009548,5,27/09/2018 17:50:00,Strada Urbana,VIA DEI DURANTINI,in prossimit�,,del civico n.,246,,Veicolo in marcia contro ostacolo accidentale,Rettilineo,Una carreggiata a doppio senso,Asciutto,Asfaltata,Assente,Sereno,Normale,Buona,Ore Diurne,0,0,0,1,12.542,41.9164,-1,1,Autovettura privata,In marcia / fermata / arresto,Conducente,F,Illeso,0,,Non accertato,,
4009552,11,27/09/2018 09:20:00,Strada Urbana,VIA LAURENTINA,in prossimit�,,del civico n.,453,,Tamponamento,Rettilineo,Due carreggiate,Asciutto,Asfaltata,Verticale ed orizzontale,Sereno,Normale,Buona,Ore Diurne,1,0,0,2,12.4808,41.8323,-1,1,Motociclo a solo,In marcia / fermata / arresto,Conducente,M,Rifiuta cure immediate,0,NON DECEDUTO,,,
4009552,11,27/09/2018 09:20:00,Strada Urbana,VIA LAURENTINA,in prossimit�,,del civico n.,453,,Tamponamento,Rettilineo,Due carreggiate,Asciutto,Asfaltata,Verticale ed orizzontale,Sereno,Normale,Buona,Ore Diurne,1,0,0,2,12.4808,41.8323,-1,2,Autovettura privata,In marcia / fermata / arresto,Conducente,M,Illeso,0,,Non accertato,Inesploso,
4009552,11,27/09/2018 09:20:00,Strada Urbana,VIA LAURENTINA,in prossimit�,,del civico n.,453,,Tamponamento,Rettilineo,Due carreggiate,Asciutto,Asfaltata,Verticale ed orizzontale,Sereno,Normale,Buona,Ore Diurne,1,0,0,2,12.4808,41.8323,-1,2,Autovettura privata,In marcia / fermata / arresto,Passeggero,M,Illeso,0,,,,
4009557,5,27/09/2018 18:00:00,Strada Urbana,VIA FILIPPO FIORENTINI,da specificare,,,,prox. via bergamini,Tamponamento,Rettilineo,Due carreggiate,Asciutto,Asfaltata,Verticale ed orizzontale,Sereno,Normale,Sufficiente,Sufficiente,0,0,0,2,12.5567,41.9061,-1,1,Autovettura privata,In marcia / fermata / arresto,Conducente,M,Illeso,0,,,,
4009557,5,27/09/2018 18:00:00,Strada Urbana,VIA FILIPPO FIORENTINI,da specificare,,,,prox. via bergamini,Tamponamento,Rettilineo,Due carreggiate,Asciutto,Asfaltata,Verticale ed orizzontale,Sereno,Normale,Sufficiente,Sufficiente,0,0,0,2,12.5567,41.9061,-1,2,Autovettura privata,In marcia / fermata / arresto,Conducente,M,Illeso,0,,Non accertato,Inesploso,
4009559,8,27/09/2018 09:10:00,Strada Urbana,VIALE DELLA SORBONA,da specificare,,,,rotatoria Via Columbia,Scontro laterale fra veicoli in marcia,Rotatoria,Una carreggiata a senso unico di marcia,Asciutto,Asfaltata,Verticale ed orizzontale,Sereno,Normale,Buona,Ore Diurne,0,0,0,3,12.612,41.8546,-1,1,Autovettura privata,In marcia / fermata / arresto,Conducente,M,Illeso,0,,,,
4009559,8,27/09/2018 09:10:00,Strada Urbana,VIALE DELLA SORBONA,da specificare,,,,rotatoria Via Columbia,Scontro laterale fra veicoli in marcia,Rotatoria,Una carreggiata a senso unico di marcia,Asciutto,Asfaltata,Verticale ed orizzontale,Sereno,Normale,Buona,Ore Diurne,0,0,0,3,12.612,41.8546,-1,2,Autovettura privata,In marcia / fermata / arresto,Conducente,F,Illeso,0,,,,
4009559,8,27/09/2018 09:10:00,Strada Urbana,VIALE DELLA SORBONA,da specificare,,,,rotatoria Via Columbia,Scontro laterale fra veicoli in marcia,Rotatoria,Una carreggiata a senso unico di marcia,Asciutto,Asfaltata,Verticale ed orizzontale,Sereno,Normale,Buona,Ore Diurne,0,0,0,3,12.612,41.8546,-1,2,Autovettura privata,In marcia / fermata / arresto,Passeggero,F,Illeso,0,,Non accertato,Inesploso,
4009560,11,27/09/2018 21:50:00,Strada Urbana,VIA PELLEGRINO MATTEUCCI,all'intersezione con,VIA GIACOMO BOVE,VIA GIACOMO BOVE,,,Scontro frontale/laterale SX fra veicoli in marcia,Incrocio,Una carreggiata a doppio senso,Asciutto,Asfaltata,Verticale ed orizzontale,Sereno,Scarso,Buona,Sufficiente,1,0,0,2,12.4817,41.8721,-1,1,Motociclo a solo,In marcia / fermata / arresto,Conducente,M,Rimandato,0,NON DECEDUTO,,,
4009560,11,27/09/2018 21:50:00,Strada Urbana,VIA PELLEGRINO MATTEUCCI,all'intersezione con,VIA GIACOMO BOVE,VIA GIACOMO BOVE,,,Scontro frontale/laterale SX fra veicoli in marcia,Incrocio,Una carreggiata a doppio senso,Asciutto,Asfaltata,Verticale ed orizzontale,Sereno,Scarso,Buona,Sufficiente,1,0,0,2,12.4817,41.8721,-1,2,Quadriciclo leggero,In marcia / fermata / arresto,Conducente,M,Illeso,0,,Non accertato,,
4009560,11,27/09/2018 21:50:00,Strada Urbana,VIA PELLEGRINO MATTEUCCI,all'intersezione con,VIA GIACOMO BOVE,VIA GIACOMO BOVE,,,Scontro frontale/laterale SX fra veicoli in marcia,Incrocio,Una carreggiata a doppio senso,Asciutto,Asfaltata,Verticale ed orizzontale,Sereno,Scarso,Buona,Sufficiente,1,0,0,2,12.4817,41.8721,-1,2,Quadriciclo leggero,In marcia / fermata / arresto,Passeggero,M,Illeso,0,,,,
4009562,8,27/09/2018 08:30:00,Strada Urbana,VIA DELL'ALBANELLA,in corrispondenza,,del civico n.,20/A,,Veicolo in marcia contro veicolo in sosta,Rettilineo,Una carreggiata a senso unico di marcia,Asciutto,Asfaltata,Assente,Sereno,Normale,Buona,Ore Diurne,0,0,0,1,12.5923,41.8696,-1,1,Autocarro inferiore 35 q.,In marcia / fermata / arresto,Conducente,M,Illeso,0,,Non accertato,,
4009568,8,27/09/2018 07:45:00,Strada Urbana,VIA DI LUNGHEZZINA,in prossimit�,,del palo luce n.,216,,Fuoriuscita dalla sede stradale,Rettilineo,Una carreggiata a doppio senso,Asciutto,Asfaltata,Verticale ed orizzontale,Sereno,Normale,Buona,Ore Diurne,1,0,0,0,12.707,41.9296,-1,1,Autovettura privata,In marcia / fermata / arresto,Conducente,F,Rimandato,0,NON DECEDUTO,,,
4009571,8,27/09/2018 07:00:00,Strada Urbana,VIA DI ROCCA CENCIA,in prossimit�,,del civico n.,177,,Tamponamento Multiplo,Rettilineo,Una carreggiata a doppio senso,Asciutto,Asfaltata,Orizzontale,Sereno,Intenso,Sufficiente,Ore Diurne,0,0,0,5,12.6951,41.8823,-1,1,Autovettura privata,In marcia / fermata / arresto,Conducente,M,Illeso,0,,Non accertato,Inesploso,
4009571,8,27/09/2018 07:00:00,Strada Urbana,VIA DI ROCCA CENCIA,in prossimit�,,del civico n.,177,,Tamponamento Multiplo,Rettilineo,Una carreggiata a doppio senso,Asciutto,Asfaltata,Orizzontale,Sereno,Intenso,Sufficiente,Ore Diurne,0,0,0,5,12.6951,41.8823,-1,1,Autovettura privata,In marcia / fermata / arresto,Passeggero,F,Illeso,0,,Non accertato,Inesploso,
4009571,8,27/09/2018 07:00:00,Strada Urbana,VIA DI ROCCA CENCIA,in prossimit�,,del civico n.,177,,Tamponamento Multiplo,Rettilineo,Una carreggiata a doppio senso,Asciutto,Asfaltata,Orizzontale,Sereno,Intenso,Sufficiente,Ore Diurne,0,0,0,5,12.6951,41.8823,-1,2,Autovettura privata,In marcia / fermata / arresto,Conducente,M,Illeso,0,,Non accertato,Inesploso,
4009571,8,27/09/2018 07:00:00,Strada Urbana,VIA DI ROCCA CENCIA,in prossimit�,,del civico n.,177,,Tamponamento Multiplo,Rettilineo,Una carreggiata a doppio senso,Asciutto,Asfaltata,Orizzontale,Sereno,Intenso,Sufficiente,Ore Diurne,0,0,0,5,12.6951,41.8823,-1,2,Autovettura privata,In marcia / fermata / arresto,Passeggero,F,Illeso,0,,Non accertato,Inesploso,
4009571,8,27/09/2018 07:00:00,Strada Urbana,VIA DI ROCCA CENCIA,in prossimit�,,del civico n.,177,,Tamponamento Multiplo,Rettilineo,Una carreggiata a doppio senso,Asciutto,Asfaltata,Orizzontale,Sereno,Intenso,Sufficiente,Ore Diurne,0,0,0,5,12.6951,41.8823,-1,3,Autovettura privata,In marcia / fermata / arresto,Conducente,M,Illeso,0,,Non accertato,Inesploso,
4009573,15,27/09/2018 17:30:00,Strada Urbana,VIA PORTUENSE,da specificare,,,,fronte civico 321,Investimento di pedone,Rettilineo,Due carreggiate,Asciutto,Asfaltata,Verticale ed orizzontale,Sereno,Intenso,Buona,Ore Diurne,1,0,0,2,12.414,41.847,-1,,,,Pedone,M,Illeso,0,,,,
4009573,15,27/09/2018 17:30:00,Strada Urbana,VIA PORTUENSE,da specificare,,,,fronte civico 321,Investimento di pedone,Rettilineo,Due carreggiate,Asciutto,Asfaltata,Verticale ed orizzontale,Sereno,Intenso,Buona,Ore Diurne,1,0,0,2,12.414,41.847,-1,1,Autovettura privata,In marcia / fermata / arresto,Conducente,F,Illeso,0,,Utilizzato,,
4009573,15,27/09/2018 17:30:00,Strada Urbana,VIA PORTUENSE,da specificare,,,,fronte civico 321,Investimento di pedone,Rettilineo,Due carreggiate,Asciutto,Asfaltata,Verticale ed orizzontale,Sereno,Intenso,Buona,Ore Diurne,1,0,0,2,12.414,41.847,-1,2,Velocipede,In marcia / fermata / arresto,Conducente,M,Rimandato,0,NON DECEDUTO,Esente,,
4009574,4,27/09/2018 14:20:00,Strada Urbana,VIA RENATO FUCINI,in prossimit�,,del civico n.,278,,Tamponamento Multiplo,Rettilineo,Due carreggiate,Asciutto,Asfaltata,Assente,Sereno,Normale,Buona,Ore Diurne,0,0,0,4,12.5512,41.9467,-1,1,Autovettura privata,In marcia / fermata / arresto,Conducente,F,Illeso,0,,Non accertato,,
4009574,4,27/09/2018 14:20:00,Strada Urbana,VIA RENATO FUCINI,in prossimit�,,del civico n.,278,,Tamponamento Multiplo,Rettilineo,Due carreggiate,Asciutto,Asfaltata,Assente,Sereno,Normale,Buona,Ore Diurne,0,0,0,4,12.5512,41.9467,-1,2,Autovettura privata,In marcia / fermata / arresto,Conducente,F,Illeso,0,,Non accertato,,
4009574,4,27/09/2018 14:20:00,Strada Urbana,VIA RENATO FUCINI,in prossimit�,,del civico n.,278,,Tamponamento Multiplo,Rettilineo,Due carreggiate,Asciutto,Asfaltata,Assente,Sereno,Normale,Buona,Ore Diurne,0,0,0,4,12.5512,41.9467,-1,3,Autovettura pubblica,In marcia / fermata / arresto,Conducente,M,Illeso,0,,Non accertato,,
4009574,4,27/09/2018 14:20:00,Strada Urbana,VIA RENATO FUCINI,in prossimit�,,del civico n.,278,,Tamponamento Multiplo,Rettilineo,Due carreggiate,Asciutto,Asfaltata,Assente,Sereno,Normale,Buona,Ore Diurne,0,0,0,4,12.5512,41.9467,-1,4,Autovettura privata,In marcia / fermata / arresto,Conducente,M,Illeso,0,,Non accertato,,
4009575,11,27/09/2018 10:50:00,Strada Urbana,PIAZZA DEI NAVIGATORI,all'intersezione semaforizzata con,VIA CRISTOFORO COLOMBO,VIA CRISTOFORO COLOMBO,,,Scontro laterale fra veicoli in marcia,Intersezione semaforizzata,Due carreggiate,Asciutto,Asfaltata,Verticale ed orizzontale,Sereno,Normale,Buona,Ore Diurne,0,0,0,2,12.4986,41.8603,-1,1,Autocarro inferiore 35 q.,In marcia / fermata / arresto,Conducente,M,Illeso,0,,Utilizzato,,
4009575,11,27/09/2018 10:50:00,Strada Urbana,PIAZZA DEI NAVIGATORI,all'intersezione semaforizzata con,VIA CRISTOFORO COLOMBO,VIA CRISTOFORO COLOMBO,,,Scontro laterale fra veicoli in marcia,Intersezione semaforizzata,Due carreggiate,Asciutto,Asfaltata,Verticale ed orizzontale,Sereno,Normale,Buona,Ore Diurne,0,0,0,2,12.4986,41.8603,-1,2,Autovettura privata,In marcia / fermata / arresto,Conducente,F,Illeso,0,,Non accertato,,
4009576,8,27/09/2018 17:30:00,Strada Urbana,VIA DEL PONTE DI NONA,da specificare,,,,pross. Via Prenestina,Scontro laterale fra veicoli in marcia,Rettilineo,Una carreggiata a doppio senso,Asciutto,Asfaltata,Orizzontale,Sereno,Normale,Buona,Ore Diurne,0,0,0,1,12.6669,41.891,0,1,Autovettura privata,In marcia / fermata / arresto,Conducente,M,Illeso,0,,,,
4009585,8,27/09/2018 10:00:00,Strada Urbana,VIA BRUNO CIRINO,da specificare,,,,alt. Via Parasacchi,Veicolo in marcia contro veicolo arresto,Rettilineo,Una carreggiata a senso unico di marcia,Asciutto,Asfaltata,Verticale,Sereno,Scarso,Buona,Ore Diurne,0,0,0,3,12.6345,41.8694,-1,1,Autocarro inferiore 35 q.,In marcia / fermata / arresto,Conducente,M,Illeso,0,,Non accertato,Inesploso,
4009585,8,27/09/2018 10:00:00,Strada Urbana,VIA BRUNO CIRINO,da specificare,,,,alt. Via Parasacchi,Veicolo in marcia contro veicolo arresto,Rettilineo,Una carreggiata a senso unico di marcia,Asciutto,Asfaltata,Verticale,Sereno,Scarso,Buona,Ore Diurne,0,0,0,3,12.6345,41.8694,-1,1,Autocarro inferiore 35 q.,In marcia / fermata / arresto,Passeggero,F,Illeso,0,,Non accertato,Inesploso,
4009585,8,27/09/2018 10:00:00,Strada Urbana,VIA BRUNO CIRINO,da specificare,,,,alt. Via Parasacchi,Veicolo in marcia contro veicolo arresto,Rettilineo,Una carreggiata a senso unico di marcia,Asciutto,Asfaltata,Verticale,Sereno,Scarso,Buona,Ore Diurne,0,0,0,3,12.6345,41.8694,-1,2,Autovettura di polizia,In marcia / fermata / arresto,Conducente,M,Illeso,0,,Non accertato,Inesploso,
4009595,8,27/09/2018 12:40:00,Strada Urbana,VIA DI TOR BELLA MONACA,da specificare,,,,direz. Casilina pross. Via Anderloni,Veicolo in marcia contro ostacolo fisso,Rettilineo,Una carreggiata a senso unico di marcia,Asciutto,Asfaltata,Verticale ed orizzontale,Sereno,Normale,Buona,Ore Diurne,1,0,0,0,12.6283,41.8761,-1,1,Motociclo a solo,In marcia / fermata / arresto,Conducente,M,Ricoverato,0,NON DECEDUTO,,,
4009600,11,27/09/2018 15:15:00,Strada Urbana,VIALE GIUSTINIANO IMPERATORE,da specificare,,,,IN PROSSIMIT� V. GALBA,Veicolo in marcia contro veicolo in sosta,Rettilineo,Due carreggiate,Asciutto,Asfaltata,Assente,Sereno,Scarso,Buona,Ore Diurne,0,0,0,1,12.4841,41.8559,-1,1,Autovettura privata,In marcia / fermata / arresto,Conducente,F,Illeso,0,,Non accertato,,
4009602,8,27/09/2018 21:00:00,Strada Urbana,VIA DI TOR VERGATA,in corrispondenza,,del civico n.,428,,Tamponamento Multiplo,Rettilineo,Una carreggiata a doppio senso,Asciutto,Asfaltata,Orizzontale,Sereno,Normale,Sufficiente,Sufficiente,1,0,0,3,,,0,1,Autovettura privata,In marcia / fermata / arresto,Conducente,M,Illeso,0,,Non accertato,Inesploso,
4009602,8,27/09/2018 21:00:00,Strada Urbana,VIA DI TOR VERGATA,in corrispondenza,,del civico n.,428,,Tamponamento Multiplo,Rettilineo,Una carreggiata a doppio senso,Asciutto,Asfaltata,Orizzontale,Sereno,Normale,Sufficiente,Sufficiente,1,0,0,3,,,0,2,Autovettura privata,In marcia / fermata / arresto,Conducente,M,Illeso,0,,Non accertato,Inesploso,
4009602,8,27/09/2018 21:00:00,Strada Urbana,VIA DI TOR VERGATA,in corrispondenza,,del civico n.,428,,Tamponamento Multiplo,Rettilineo,Una carreggiata a doppio senso,Asciutto,Asfaltata,Orizzontale,Sereno,Normale,Sufficiente,Sufficiente,1,0,0,3,,,0,2,Autovettura privata,In marcia / fermata / arresto,Passeggero,F,Illeso,0,,Non accertato,Inesploso,
4009602,8,27/09/2018 21:00:00,Strada Urbana,VIA DI TOR VERGATA,in corrispondenza,,del civico n.,428,,Tamponamento Multiplo,Rettilineo,Una carreggiata a doppio senso,Asciutto,Asfaltata,Orizzontale,Sereno,Normale,Sufficiente,Sufficiente,1,0,0,3,,,0,3,Autovettura privata,In marcia / fermata / arresto,Conducente,M,Rifiuta cure immediate,0,NON DECEDUTO,,,
4009603,17,27/09/2018 19:40:00,Strada Urbana,PIAZZALE CLODIO,da specificare,,,,fronte civ.50,Investimento di pedone,Rettilineo,Una carreggiata a senso unico di marcia,Asciutto,Asfaltata,Verticale ed orizzontale,Sereno,Intenso,Sufficiente,Sufficiente,1,0,0,1,12.4549,41.9167,0,,,,Pedone,M,Rimandato,0,NON DECEDUTO,,,