Protocollo,Gruppo,DataOraIncidente,Localizzazione1,STRADA1,Localizzazione2,STRADA2,Strada02,Chilometrica,DaSpecificare,NaturaIncidente,particolaritastrade,TipoStrada,FondoStradale,Pavimentazione,Segnaletica,CondizioneAtmosferica,Traffico,Visibilita,Illuminazione,NUM_FERITI,NUM_RISERVATA,NUM_MORTI,NUM_ILLESI,Longitudine,Latitudine,Confermato,Progressivo,TipoVeicolo,StatoVeicolo,TipoPersona,Sesso,Tipolesione,Deceduto,DecedutoDopo,CinturaCascoUtilizzato,Airbag,
4009603,17,27/09/2018 19:40:00,Strada Urbana,PIAZZALE CLODIO,da specificare,,,,fronte civ.50,Investimento di pedone,Rettilineo,Una carreggiata a senso unico di marcia,Asciutto,Asfaltata,Verticale ed orizzontale,Sereno,Intenso,Sufficiente,Sufficiente,1,0,0,1,12.4549,41.9167,0,1,Motociclo a solo,In marcia / fermata / arresto,Conducente,M,Illeso,0,,,,
4009608,8,27/09/2018 20:45:00,Strada Urbana,VIA CASTELVETRANO,all'intersezione con,VIA GIARRE,VIA GIARRE,,,Scontro frontale/laterale DX fra veicoli in marcia,Incrocio,Una carreggiata a senso unico di marcia,Asciutto,Asfaltata,Verticale ed orizzontale,Sereno,Scarso,Sufficiente,Sufficiente,0,0,0,5,12.669,41.8586,-1,1,Autovettura privata,In marcia / fermata / arresto,Conducente,M,Illeso,0,,Non accertato,Inesploso,
4009608,8,27/09/2018 20:45:00,Strada Urbana,VIA CASTELVETRANO,all'intersezione con,VIA GIARRE,VIA GIARRE,,,Scontro frontale/laterale DX fra veicoli in marcia,Incrocio,Una carreggiata a senso unico di marcia,Asciutto,Asfaltata,Verticale ed orizzontale,Sereno,Scarso,Sufficiente,Sufficiente,0,0,0,5,12.669,41.8586,-1,1,Autovettura privata,In marcia / fermata / arresto,Passeggero,M,Illeso,0,,,,
4009608,8,27/09/2018 20:45:00,Strada Urbana,VIA CASTELVETRANO,all'intersezione con,VIA GIARRE,VIA GIARRE,,,Scontro frontale/laterale DX fra veicoli in marcia,Incrocio,Una carreggiata a senso unico di marcia,Asciutto,Asfaltata,Verticale ed orizzontale,Sereno,Scarso,Sufficiente,Sufficiente,0,0,0,5,12.669,41.8586,-1,1,Autovettura privata,In marcia / fermata / arresto,Passeggero,F,Illeso,0,,,,
4009608,8,27/09/2018 20:45:00,Strada Urbana,VIA CASTELVETRANO,all'intersezione con,VIA GIARRE,VIA GIARRE,,,Scontro frontale/laterale DX fra veicoli in marcia,Incrocio,Una carreggiata a senso unico di marcia,Asciutto,Asfaltata,Verticale ed orizzontale,Sereno,Scarso,Sufficiente,Sufficiente,0,0,0,5,12.669,41.8586,-1,1,Autovettura privata,In marcia / fermata / arresto,Passeggero,M,Illeso,0,,,,
4009608,8,27/09/2018 20:45:00,Strada Urbana,VIA CASTELVETRANO,all'intersezione con,VIA GIARRE,VIA GIARRE,,,Scontro frontale/laterale DX fra veicoli in marcia,Incrocio,Una carreggiata a senso unico di marcia,Asciutto,Asfaltata,Verticale ed orizzontale,Sereno,Scarso,Sufficiente,Sufficiente,0,0,0,5,12.669,41.8586,-1,2,Autovettura privata,In marcia / fermata / arresto,Conducente,M,Illeso,0,,,,
4009629,11,27/09/2018 15:55:00,Strada Urbana,VIA ROSA GUARNIERI CARDUCCI,da specificare,,,,prossimit� fr. civ.1,Investimento di pedone,Rettilineo,Pi� di due carreggiate,Asciutto,Asfaltata,Verticale,Sereno,Scarso,Buona,Ore Diurne,1,0,0,1,12.4924,41.8562,-1,,,,Pedone,M,Rifiuta cure immediate,0,NON DECEDUTO,,,
4009629,11,27/09/2018 15:55:00,Strada Urbana,VIA ROSA GUARNIERI CARDUCCI,da specificare,,,,prossimit� fr. civ.1,Investimento di pedone,Rettilineo,Pi� di due carreggiate,Asciutto,Asfaltata,Verticale,Sereno,Scarso,Buona,Ore Diurne,1,0,0,1,12.4924,41.8562,-1,1,Autovettura privata,In marcia / fermata / arresto,Conducente,M,Illeso,0,,,,
4009632,11,27/09/2018 14:10:00,Strada Urbana,VIALE GUGLIELMO MARCONI,all'intersezione con,LARGO ENEA BORTOLOTTI,LARGO ENEA BORTOLOTTI,,,Scontro laterale fra veicoli in marcia,Incrocio,Due carreggiate,Asciutto,Asfaltata,Verticale ed orizzontale,Sereno,Normale,Buona,Ore Diurne,1,0,0,1,12.4723,41.8548,0,1,Autovettura privata,In marcia / fermata / arresto,Conducente,F,Illeso,0,,,,
4009632,11,27/09/2018 14:10:00,Strada Urbana,VIALE GUGLIELMO MARCONI,all'intersezione con,LARGO ENEA BORTOLOTTI,LARGO ENEA BORTOLOTTI,,,Scontro laterale fra veicoli in marcia,Incrocio,Due carreggiate,Asciutto,Asfaltata,Verticale ed orizzontale,Sereno,Normale,Buona,Ore Diurne,1,0,0,1,12.4723,41.8548,0,2,Motociclo a solo,In marcia / fermata / arresto,Conducente,M,Rimandato,0,NON DECEDUTO,,,
4009638,7,27/09/2018 08:40:00,,VIA DEI CICLAMINI,in corrispondenza,,del civico n.,219,,Veicolo in marcia contro veicolo in sosta,,,,,,,,,,2,0,0,0,,,0,1,Autovettura privata,In marcia / fermata / arresto,Conducente,F,Rimandato,0,NON DECEDUTO,,,
4009638,7,27/09/2018 08:40:00,,VIA DEI CICLAMINI,in corrispondenza,,del civico n.,219,,Veicolo in marcia contro veicolo in sosta,,,,,,,,,,2,0,0,0,,,0,2,Autovettura privata,In marcia / fermata / arresto,Conducente,M,Rimandato,0,NON DECEDUTO,Non accertato,Inesploso,
4009657,7,27/09/2018 18:20:00,Strada Urbana,VIA PRENESTINA,all'intersezione con,VIA DEI LARICI,VIA DEI LARICI,,,Infortunio per caduta del veicolo,Incrocio,Una carreggiata a senso unico di marcia,Asciutto,Asfaltata,Assente,Sereno,Normale,Buona,Ore Diurne,1,0,0,0,12.5735,41.8948,-1,1,Motociclo a solo,In marcia / fermata / arresto,Conducente,M,Ricoverato,0,NON DECEDUTO,Non accertato,,
4009662,20,27/09/2018 16:20:00,Regionale entro l'abitato,VIA TIBERINA,in corrispondenza,,del civico n.,f.c. 240,,Tamponamento,Rettilineo,Una carreggiata a doppio senso,Asciutto,Asfaltata,Orizzontale,Sereno,Intenso,Buona,Ore Diurne,0,0,0,4,12.5057,42.018,-1,1,Autocarro inferiore 35 q.,In marcia / fermata / arresto,Conducente,M,Illeso,0,,,,
4009662,20,27/09/2018 16:20:00,Regionale entro l'abitato,VIA TIBERINA,in corrispondenza,,del civico n.,f.c. 240,,Tamponamento,Rettilineo,Una carreggiata a doppio senso,Asciutto,Asfaltata,Orizzontale,Sereno,Intenso,Buona,Ore Diurne,0,0,0,4,12.5057,42.018,-1,1,Autocarro inferiore 35 q.,In marcia / fermata / arresto,Passeggero,M,Illeso,0,,Non accertato,Inesploso,
4009662,20,27/09/2018 16:20:00,Regionale entro l'abitato,VIA TIBERINA,in corrispondenza,,del civico n.,f.c. 240,,Tamponamento,Rettilineo,Una carreggiata a doppio senso,Asciutto,Asfaltata,Orizzontale,Sereno,Intenso,Buona,Ore Diurne,0,0,0,4,12.5057,42.018,-1,2,Autovettura privata,In marcia / fermata / arresto,Conducente,M,Illeso,0,,,,
4009662,20,27/09/2018 16:20:00,Regionale entro l'abitato,VIA TIBERINA,in corrispondenza,,del civico n.,f.c. 240,,Tamponamento,Rettilineo,Una carreggiata a doppio senso,Asciutto,Asfaltata,Orizzontale,Sereno,Intenso,Buona,Ore Diurne,0,0,0,4,12.5057,42.018,-1,2,Autovettura privata,In marcia / fermata / arresto,Passeggero,M,Illeso,0,,Non accertato,Inesploso,
4009667,20,27/09/2018 16:45:00,Strada Urbana,VIA DELLA STAZIONE DI CESANO,in prossimit�,,del civico n.,602,,Tamponamento,Rettilineo,Una carreggiata a doppio senso,Asciutto,Asfaltata,Verticale ed orizzontale,Sereno,Normale,Buona,Ore Diurne,0,0,0,2,12.3391,42.0772,-1,1,Autovettura privata,In marcia / fermata / arresto,Conducente,M,Illeso,0,,Non accertato,,
4009667,20,27/09/2018 16:45:00,Strada Urbana,VIA DELLA STAZIONE DI CESANO,in prossimit�,,del civico n.,602,,Tamponamento,Rettilineo,Una carreggiata a doppio senso,Asciutto,Asfaltata,Verticale ed orizzontale,Sereno,Normale,Buona,Ore Diurne,0,0,0,2,12.3391,42.0772,-1,2,Autocarro inferiore 35 q.,In marcia / fermata / arresto,Conducente,M,Illeso,0,,Non accertato,Inesploso,
4009698,20,27/09/2018 22:50:00,Regionale,VIADOTTO GIUBILEO DEL 2000,da specificare,,,,altezza LA CELSA direzione Roma centro,Veicolo in marcia contro ostacolo fisso,Rettilineo,Due carreggiate,Asciutto,Asfaltata,Verticale ed orizzontale,Sereno,Scarso,Buona,Sufficiente,1,0,0,0,12.4969,41.9959,-1,1,Autovettura privata,In marcia / fermata / arresto,Conducente,M,Rimandato,0,NON DECEDUTO,Non accertato,Inesploso,
4009705,7,27/09/2018 08:00:00,Strada Urbana,VIA DEI CASTANI,in corrispondenza,,del civico n.,186,,Scontro frontale/laterale SX fra veicoli in marcia,Rettilineo,Una carreggiata a doppio senso,Asciutto,Asfaltata,Verticale ed orizzontale,Sereno,Normale,Buona,Ore Diurne,0,0,0,2,12.5661,41.8866,-1,1,Autovettura privata,In marcia / fermata / arresto,Conducente,M,Illeso,0,,,,
4009705,7,27/09/2018 08:00:00,Strada Urbana,VIA DEI CASTANI,in corrispondenza,,del civico n.,186,,Scontro frontale/laterale SX fra veicoli in marcia,Rettilineo,Una carreggiata a doppio senso,Asciutto,Asfaltata,Verticale ed orizzontale,Sereno,Normale,Buona,Ore Diurne,0,0,0,2,12.5661,41.8866,-1,2,Vettura tranviaria,In marcia / fermata / arresto,Conducente,M,Illeso,0,,Esente,,
4009713,12,28/09/2018 08:00:00,Strada Urbana,VIALE CARLO LEVI,in prossimit�,,del palo luce n.,11,,Tamponamento,Curva a visuale libera,Due carreggiate,Asciutto,Asfaltata,Verticale ed orizzontale,Sereno,Normale,Buona,Ore Diurne,1,0,0,1,12.4656,41.8125,-1,1,Autovettura privata,In marcia / fermata / arresto,Conducente,F,Illeso,0,,Non accertato,Inesploso,
4009713,12,28/09/2018 08:00:00,Strada Urbana,VIALE CARLO LEVI,in prossimit�,,del palo luce n.,11,,Tamponamento,Curva a visuale libera,Due carreggiate,Asciutto,Asfaltata,Verticale ed orizzontale,Sereno,Normale,Buona,Ore Diurne,1,0,0,1,12.4656,41.8125,-1,2,Motociclo a solo,In marcia / fermata / arresto,Conducente,F,Rimandato,0,NON DECEDUTO,Utilizzato,,
4009715,4,27/09/2018 08:50:00,Strada Urbana,VIA RADICOFANI,da specificare,,,,alt. Ponte dir. via S. Leo,Scontro frontale/laterale DX fra veicoli in marcia,Curva senza visuale libera,Una carreggiata a doppio senso,Asciutto,Asfaltata,Verticale ed orizzontale,Sereno,Normale,Buona,Ore Diurne,1,0,0,2,12.5127,41.9749,-1,1,Autovettura privata,In marcia / fermata / arresto,Conducente,M,Illeso,0,,Non accertato,,
4009715,4,27/09/2018 08:50:00,Strada Urbana,VIA RADICOFANI,da specificare,,,,alt. Ponte dir. via S. Leo,Scontro frontale/laterale DX fra veicoli in marcia,Curva senza visuale libera,Una carreggiata a doppio senso,Asciutto,Asfaltata,Verticale ed orizzontale,Sereno,Normale,Buona,Ore Diurne,1,0,0,2,12.5127,41.9749,-1,1,Autovettura privata,In marcia / fermata / arresto,Passeggero,M,Illeso,0,,,,
4009715,4,27/09/2018 08:50:00,Strada Urbana,VIA RADICOFANI,da specificare,,,,alt. Ponte dir. via S. Leo,Scontro frontale/laterale DX fra veicoli in marcia,Curva senza visuale libera,Una carreggiata a doppio senso,Asciutto,Asfaltata,Verticale ed orizzontale,Sereno,Normale,Buona,Ore Diurne,1,0,0,2,12.5127,41.9749,-1,2,Motociclo a solo,In marcia / fermata / arresto,Conducente,M,Rimandato,0,NON DECEDUTO,Non accertato,,
4009719,19,28/09/2018 05:50:00,Strada Urbana,VIA S. GIUSEPPE DA COPERTINO,da specificare,,,,pross. via Casale della Castelluccia,Veicolo in marcia contro veicolo in sosta,Curva senza visuale libera,Una carreggiata a senso unico di marcia,Asciutto,Asfaltata,Verticale ed orizzontale,Sereno,Normale,Buona,Ore Diurne,0,0,0,1,12.4038,41.9761,-1,1,Autovettura privata,In marcia / fermata / arresto,Conducente,M,Illeso,0,,Non accertato,Esploso,
4009732,16,27/09/2018 09:15:00,Strada Urbana,VIA LEONE XIII,all'intersezione semaforizzata con,VIA DEL FORTE BRAVETTA,VIA DEL FORTE BRAVETTA,,,Scontro frontale/laterale DX fra veicoli in marcia,Intersezione semaforizzata,Due carreggiate,Asciutto,Asfaltata,Verticale ed orizzontale,Sereno,Normale,Buona,Ore Diurne,1,0,0,1,12.4411,41.8795,-1,1,Motociclo a solo,In marcia / fermata / arresto,Conducente,M,Illeso,0,,Non accertato,,
4009732,16,27/09/2018 09:15:00,Strada Urbana,VIA LEONE XIII,all'intersezione semaforizzata con,VIA DEL FORTE BRAVETTA,VIA DEL FORTE BRAVETTA,,,Scontro frontale/laterale DX fra veicoli in marcia,Intersezione semaforizzata,Due carreggiate,Asciutto,Asfaltata,Verticale ed orizzontale,Sereno,Normale,Buona,Ore Diurne,1,0,0,1,12.4411,41.8795,-1,2,Motociclo a solo,In marcia / fermata / arresto,Conducente,M,Rimandato,0,NON DECEDUTO,Non accertato,,
4009758,1,28/09/2018 00:10:00,Strada Urbana,VIA DELL'AMBA ARADAM,in prossimit�,,del civico n.,9,,Scontro laterale fra veicoli in marcia,Rettilineo,Una carreggiata a doppio senso,Asciutto,Asfaltata,Verticale ed orizzontale,Sereno,Normale,Sufficiente,Sufficiente,5,0,0,0,12.5022,41.886,-1,1,Autovettura privata,In marcia / fermata / arresto,Conducente,M,Rifiuta cure immediate,0,NON DECEDUTO,Non accertato,Inesploso,
4009758,1,28/09/2018 00:10:00,Strada Urbana,VIA DELL'AMBA ARADAM,in prossimit�,,del civico n.,9,,Scontro laterale fra veicoli in marcia,Rettilineo,Una carreggiata a doppio senso,Asciutto,Asfaltata,Verticale ed orizzontale,Sereno,Normale,Sufficiente,Sufficiente,5,0,0,0,12.5022,41.886,-1,1,Autovettura privata,In marcia / fermata / arresto,Passeggero,F,Rifiuta cure immediate,0,NON DECEDUTO,,,
4009758,1,28/09/2018 00:10:00,Strada Urbana,VIA DELL'AMBA ARADAM,in prossimit�,,del civico n.,9,,Scontro laterale fra veicoli in marcia,Rettilineo,Una carreggiata a doppio senso,Asciutto,Asfaltata,Verticale ed orizzontale,Sereno,Normale,Sufficiente,Sufficiente,5,0,0,0,12.5022,41.886,-1,2,Autovettura privata,In marcia / fermata / arresto,Conducente,M,Rimandato,0,NON DECEDUTO,,,
4009758,1,28/09/2018 00:10:00,Strada Urbana,VIA DELL'AMBA ARADAM,in prossimit�,,del civico n.,9,,Scontro laterale fra veicoli in marcia,Rettilineo,Una carreggiata a doppio senso,Asciutto,Asfaltata,Verticale ed orizzontale,Sereno,Normale,Sufficiente,Sufficiente,5,0,0,0,12.5022,41.886,-1,2,Autovettura privata,In marcia / fermata / arresto,Passeggero,M,Rimandato,0,NON DECEDUTO,,,
4009758,1,28/09/2018 00:10:00,Strada Urbana,VIA DELL'AMBA ARADAM,in prossimit�,,del civico n.,9,,Scontro laterale fra veicoli in marcia,Rettilineo,Una carreggiata a doppio senso,Asciutto,Asfaltata,Verticale ed orizzontale,Sereno,Normale,Sufficiente,Sufficiente,5,0,0,0,12.5022,41.886,-1,2,Autovettura privata,In marcia / fermata / arresto,Passeggero,M,Rimandato,0,NON DECEDUTO,,,
4009763,20,27/09/2018 19:30:00,Strada Urbana,VIALE DI TOR DI QUINTO,da specificare,,,,corsia laterale palo ACEA direzione fuori Roma,Veicolo in marcia contro ostacolo accidentale,Rettilineo,Pi� di due carreggiate,Asciutto,Asfaltata,Orizzontale,Sereno,Scarso,Buona,Insufficiente,1,0,0,0,12.4817,41.9411,-1,1,Motociclo a solo,In marcia / fermata / arresto,Conducente,M,Rimandato,0,NON DECEDUTO,,,
4009773,4,27/09/2018 19:45:00,Provinciale,VIA PALOMBARENSE,all'intersezione con,VIA NOMENTANA,VIA NOMENTANA,,,Scontro laterale fra veicoli in marcia,Rotatoria,Una carreggiata a senso unico di marcia,Asciutto,Asfaltata,Verticale ed orizzontale,Sereno,Scarso,Sufficiente,Sufficiente,0,0,0,2,12.6621,41.9915,-1,1,Autovettura privata,In marcia / fermata / arresto,Conducente,F,Illeso,0,,Non accertato,,
4009773,4,27/09/2018 19:45:00,Provinciale,VIA PALOMBARENSE,all'intersezione con,VIA NOMENTANA,VIA NOMENTANA,,,Scontro laterale fra veicoli in marcia,Rotatoria,Una carreggiata a senso unico di marcia,Asciutto,Asfaltata,Verticale ed orizzontale,Sereno,Scarso,Sufficiente,Sufficiente,0,0,0,2,12.6621,41.9915,-1,2,Autovettura privata,In marcia / fermata / arresto,Conducente,M,Illeso,0,,Non accertato,,
4009795,10,28/09/2018 08:30:00,Strada Urbana,VIA DI TOR VERGATA,all'intersezione con,VIA TUSCOLANA,VIA TUSCOLANA,,,Tamponamento,Rotatoria,Una carreggiata a senso unico di marcia,Asciutto,Asfaltata,Verticale ed orizzontale,Sereno,Intenso,Buona,Ore Diurne,2,0,0,1,12.6204,41.8305,-1,1,Motociclo a solo,In marcia / fermata / arresto,Conducente,F,Rimandato,0,NON DECEDUTO,Non accertato,,
4009795,10,28/09/2018 08:30:00,Strada Urbana,VIA DI TOR VERGATA,all'intersezione con,VIA TUSCOLANA,VIA TUSCOLANA,,,Tamponamento,Rotatoria,Una carreggiata a senso unico di marcia,Asciutto,Asfaltata,Verticale ed orizzontale,Sereno,Intenso,Buona,Ore Diurne,2,0,0,1,12.6204,41.8305,-1,1,Motociclo a solo,In marcia / fermata / arresto,Passeggero,M,Rimandato,0,NON DECEDUTO,Non accertato,,
4009795,10,28/09/2018 08:30:00,Strada Urbana,VIA DI TOR VERGATA,all'intersezione con,VIA TUSCOLANA,VIA TUSCOLANA,,,Tamponamento,Rotatoria,Una carreggiata a senso unico di marcia,Asciutto,Asfaltata,Verticale ed orizzontale,Sereno,Intenso,Buona,Ore Diurne,2,0,0,1,12.6204,41.8305,-1,2,Autovettura privata,In marcia / fermata / arresto,Conducente,M,Illeso,0,,Non accertato,Inesploso,
4009797,4,27/09/2018 19:45:00,Provinciale entro l'abitato,VIA NOMENTANA,in corrispondenza,,del civico n.,1115,,Tamponamento Multiplo,Rettilineo,Una carreggiata a doppio senso,Asciutto,Asfaltata,Verticale ed orizzontale,Sereno,Intenso,Sufficiente,Sufficiente,0,0,0,3,12.5752,41.9546,-1,1,Autovettura privata,In marcia / fermata / arresto,Conducente,F,Illeso,0,,Non accertato,,
4009797,4,27/09/2018 19:45:00,Provinciale entro l'abitato,VIA NOMENTANA,in corrispondenza,,del civico n.,1115,,Tamponamento Multiplo,Rettilineo,Una carreggiata a doppio senso,Asciutto,Asfaltata,Verticale ed orizzontale,Sereno,Intenso,Sufficiente,Sufficiente,0,0,0,3,12.5752,41.9546,-1,2,Autovettura privata,In marcia / fermata / arresto,Conducente,F,Illeso,0,,Non accertato,,
4009797,4,27/09/2018 19:45:00,Provinciale entro l'abitato,VIA NOMENTANA,in corrispondenza,,del civico n.,1115,,Tamponamento Multiplo,Rettilineo,Una carreggiata a doppio senso,Asciutto,Asfaltata,Verticale ed orizzontale,Sereno,Intenso,Sufficiente,Sufficiente,0,0,0,3,12.5752,41.9546,-1,3,Autovettura privata,In marcia / fermata / arresto,Conducente,M,Illeso,0,,,,
4009819,18,28/09/2018 08:30:00,Strada Urbana,VIA DELLA CAVA AURELIA,in prossimit�,,del civico n.,94,,Scontro laterale fra veicoli in marcia,Rettilineo,Una carreggiata a doppio senso,Asciutto,Asfaltata,Verticale,Sereno,Normale,Buona,Ore Diurne,0,0,0,3,12.4503,41.8948,-1,1,Autocarro inferiore 35 q.,In marcia / fermata / arresto,Conducente,M,Illeso,0,,Non accertato,Inesploso,
4009819,18,28/09/2018 08:30:00,Strada Urbana,VIA DELLA CAVA AURELIA,in prossimit�,,del civico n.,94,,Scontro laterale fra veicoli in marcia,Rettilineo,Una carreggiata a doppio senso,Asciutto,Asfaltata,Verticale,Sereno,Normale,Buona,Ore Diurne,0,0,0,3,12.4503,41.8948,-1,1,Autocarro inferiore 35 q.,In marcia / fermata / arresto,Passeggero,M,Illeso,0,,Non accertato,Inesploso,
4009819,18,28/09/2018 08:30:00,Strada Urbana,VIA DELLA CAVA AURELIA,in prossimit�,,del civico n.,94,,Scontro laterale fra veicoli in marcia,Rettilineo,Una carreggiata a doppio senso,Asciutto,Asfaltata,Verticale,Sereno,Normale,Buona,Ore Diurne,0,0,0,3,12.4503,41.8948,-1,2,Autovettura privata,In marcia / fermata / arresto,Conducente,M,Illeso,0,,Non accertato,Inesistente,
4009820,6,28/09/2018 09:20:00,Strada Urbana,VIA GALEAZZO ALESSI,in prossimit�,,del civico n.,252,,Veicolo in marcia contro veicolo arresto,Rettilineo,Una carreggiata a senso unico di marcia,Asciutto,Asfaltata,Assente,Sereno,Normale,Buona,Ore Diurne,0,0,0,2,12.5414,41.8792,-1,1,Autocarro inferiore 35 q.,In marcia / fermata / arresto,Conducente,M,Illeso,0,,Non accertato,Inesploso,
4009820,6,28/09/2018 09:20:00,Strada Urbana,VIA GALEAZZO ALESSI,in prossimit�,,del civico n.,252,,Veicolo in marcia contro veicolo arresto,Rettilineo,Una carreggiata a senso unico di marcia,Asciutto,Asfaltata,Assente,Sereno,Normale,Buona,Ore Diurne,0,0,0,2,12.5414,41.8792,-1,2,Autovettura privata,In marcia / fermata / arresto,Conducente,F,Illeso,0,,Non accertato,Inesploso,
4009836,13,27/09/2018 16:45:00,Strada Urbana,VIA DI CASAL PALOCCO,all'intersezione con,VIALE PRASSILLA,VIALE PRASSILLA,,,Scontro frontale/laterale DX fra veicoli in marcia,Intersezione stradale segnalata,Una carreggiata a senso unico di marcia,Asciutto,Asfaltata,Verticale ed orizzontale,Sereno,Normale,Buona,Ore Diurne,0,0,0,3,12.3531,41.7493,-1,1,Autovettura privata,In marcia / fermata / arresto,Conducente,F,Illeso,0,,,,
4009836,13,27/09/2018 16:45:00,Strada Urbana,VIA DI CASAL PALOCCO,all'intersezione con,VIALE PRASSILLA,VIALE PRASSILLA,,,Scontro frontale/laterale DX fra veicoli in marcia,Intersezione stradale segnalata,Una carreggiata a senso unico di marcia,Asciutto,Asfaltata,Verticale ed orizzontale,Sereno,Normale,Buona,Ore Diurne,0,0,0,3,12.3531,41.7493,-1,1,Autovettura privata,In marcia / fermata / arresto,Passeggero,M,Illeso,0,,Non accertato,Inesploso,
4009836,13,27/09/2018 16:45:00,Strada Urbana,VIA DI CASAL PALOCCO,all'intersezione con,VIALE PRASSILLA,VIALE PRASSILLA,,,Scontro frontale/laterale DX fra veicoli in marcia,Intersezione stradale segnalata,Una carreggiata a senso unico di marcia,Asciutto,Asfaltata,Verticale ed orizzontale,Sereno,Normale,Buona,Ore Diurne,0,0,0,3,12.3531,41.7493,-1,2,Autovettura privata,In marcia / fermata / arresto,Conducente,M,Illeso,0,,Non accertato,Inesploso,
4009841,16,27/09/2018 19:20:00,Strada Urbana,VIA DI VAL TELLINA,all'intersezione con,VIA LUIGI RONZONI,VIA LUIGI RONZONI,,,Investimento di pedone,Intersezione non regolata/non segnalata,Una carreggiata a doppio senso,Asciutto,Asfaltata,Verticale ed orizzontale,Sereno,Intenso,Sufficiente,Sufficiente,1,0,0,2,12.4478,41.8676,-1,,,,Pedone,M,Rimandato,0,NON DECEDUTO,,,
4009841,16,27/09/2018 19:20:00,Strada Urbana,VIA DI VAL TELLINA,all'intersezione con,VIA LUIGI RONZONI,VIA LUIGI RONZONI,,,Investimento di pedone,Intersezione non regolata/non segnalata,Una carreggiata a doppio senso,Asciutto,Asfaltata,Verticale ed orizzontale,Sereno,Intenso,Sufficiente,Sufficiente,1,0,0,2,12.4478,41.8676,-1,1,Motociclo a solo,In marcia / fermata / arresto,Conducente,M,Illeso,0,,Non accertato,,
4009841,16,27/09/2018 19:20:00,Strada Urbana,VIA DI VAL TELLINA,all'intersezione con,VIA LUIGI RONZONI,VIA LUIGI RONZONI,,,Investimento di pedone,Intersezione non regolata/non segnalata,Una carreggiata a doppio senso,Asciutto,Asfaltata,Verticale ed orizzontale,Sereno,Intenso,Sufficiente,Sufficiente,1,0,0,2,12.4478,41.8676,-1,2,Autovettura privata,In marcia / fermata / arresto,Conducente,M,Illeso,0,,Non accertato,Inesploso,
4009869,7,28/09/2018 10:00:00,Strada Urbana,VIA COLLATINA,all'intersezione con,PIAZZA CESARE DE CUPIS,PIAZZA CESARE DE CUPIS,,,Veicolo in marcia contro veicolo arresto,Rotatoria,Una carreggiata a senso unico di marcia,Asciutto,Asfaltata,Verticale ed orizzontale,Sereno,Intenso,Buona,Ore Diurne,0,0,0,3,12.5899,41.9041,-1,1,Autovettura privata,In marcia / fermata / arresto,Conducente,M,Illeso,0,,Non accertato,Inesploso,
4009869,7,28/09/2018 10:00:00,Strada Urbana,VIA COLLATINA,all'intersezione con,PIAZZA CESARE DE CUPIS,PIAZZA CESARE DE CUPIS,,,Veicolo in marcia contro veicolo arresto,Rotatoria,Una carreggiata a senso unico di marcia,Asciutto,Asfaltata,Verticale ed orizzontale,Sereno,Intenso,Buona,Ore Diurne,0,0,0,3,12.5899,41.9041,-1,1,Autovettura privata,In marcia / fermata / arresto,Passeggero,M,Illeso,0,,Non accertato,Inesploso,
4009869,7,28/09/2018 10:00:00,Strada Urbana,VIA COLLATINA,all'intersezione con,PIAZZA CESARE DE CUPIS,PIAZZA CESARE DE CUPIS,,,Veicolo in marcia contro veicolo arresto,Rotatoria,Una carreggiata a senso unico di marcia,Asciutto,Asfaltata,Verticale ed orizzontale,Sereno,Intenso,Buona,Ore Diurne,0,0,0,3,12.5899,41.9041,-1,2,Autovettura privata,In marcia / fermata / arresto,Conducente,M,Illeso,0,,Non accertato,Inesploso,
4009887,12,28/09/2018 08:00:00,Strada Urbana,VIA DOMENICO JACHINO,in prossimit�,,del civico n.,125,,Veicolo in marcia contro veicolo in sosta,Rettilineo,Due carreggiate,Asciutto,Asfaltata,Verticale ed orizzontale,Sereno,Normale,Buona,Ore Diurne,0,0,0,1,12.4504,41.8087,-1,1,Autovettura privata,In marcia / fermata / arresto,Conducente,F,Illeso,0,,Non accertato,Inesploso,
4009898,2,27/09/2018 20:40:00,Strada Urbana,VIA PINCIANA,in prossimit�,,del civico n.,31,,Scontro laterale fra veicoli in marcia,Rettilineo,Una carreggiata a doppio senso,Asciutto,Asfaltata,Verticale ed orizzontale,Sereno,Normale,Buona,Sufficiente,1,0,0,3,12.4932,41.9134,-1,1,Autovettura privata,In marcia / fermata / arresto,Conducente,F,Illeso,0,,,,
4009898,2,27/09/2018 20:40:00,Strada Urbana,VIA PINCIANA,in prossimit�,,del civico n.,31,,Scontro laterale fra veicoli in marcia,Rettilineo,Una carreggiata a doppio senso,Asciutto,Asfaltata,Verticale ed orizzontale,Sereno,Normale,Buona,Sufficiente,1,0,0,3,12.4932,41.9134,-1,1,Autovettura privata,In marcia / fermata / arresto,Passeggero,M,Illeso,0,,,,