Protocollo,Gruppo,DataOraIncidente,Localizzazione1,STRADA1,Localizzazione2,STRADA2,Strada02,Chilometrica,DaSpecificare,NaturaIncidente,particolaritastrade,TipoStrada,FondoStradale,Pavimentazione,Segnaletica,CondizioneAtmosferica,Traffico,Visibilita,Illuminazione,NUM_FERITI,NUM_RISERVATA,NUM_MORTI,NUM_ILLESI,Longitudine,Latitudine,Confermato,Progressivo,TipoVeicolo,StatoVeicolo,TipoPersona,Sesso,Tipolesione,Deceduto,DecedutoDopo,CinturaCascoUtilizzato,Airbag,
4009898,2,27/09/2018 20:40:00,Strada Urbana,VIA PINCIANA,in prossimit�,,del civico n.,31,,Scontro laterale fra veicoli in marcia,Rettilineo,Una carreggiata a doppio senso,Asciutto,Asfaltata,Verticale ed orizzontale,Sereno,Normale,Buona,Sufficiente,1,0,0,3,12.4932,41.9134,-1,1,Autovettura privata,In marcia / fermata / arresto,Passeggero,M,Illeso,0,,,,
4009898,2,27/09/2018 20:40:00,Strada Urbana,VIA PINCIANA,in prossimit�,,del civico n.,31,,Scontro laterale fra veicoli in marcia,Rettilineo,Una carreggiata a doppio senso,Asciutto,Asfaltata,Verticale ed orizzontale,Sereno,Normale,Buona,Sufficiente,1,0,0,3,12.4932,41.9134,-1,2,Motociclo a solo,In marcia / fermata / arresto,Conducente,M,Rimandato,0,NON DECEDUTO,,,
4009900,2,27/09/2018 18:30:00,Strada Urbana,VIALE DELLA MOSCHEA,in corrispondenza,,del civico n.,551,,Scontro laterale fra veicoli in marcia,Rettilineo,Una carreggiata a doppio senso,Asciutto,Asfaltata,Temporanea di cantiere,Nuvoloso,Normale,Buona,Ore Diurne,2,0,0,1,12.493,41.9338,-1,1,Autovettura privata,In marcia / fermata / arresto,Conducente,F,Illeso,0,,,,
4009900,2,27/09/2018 18:30:00,Strada Urbana,VIALE DELLA MOSCHEA,in corrispondenza,,del civico n.,551,,Scontro laterale fra veicoli in marcia,Rettilineo,Una carreggiata a doppio senso,Asciutto,Asfaltata,Temporanea di cantiere,Nuvoloso,Normale,Buona,Ore Diurne,2,0,0,1,12.493,41.9338,-1,2,Motociclo con passeggero,In marcia / fermata / arresto,Conducente,M,Rimandato,0,NON DECEDUTO,,,
4009900,2,27/09/2018 18:30:00,Strada Urbana,VIALE DELLA MOSCHEA,in corrispondenza,,del civico n.,551,,Scontro laterale fra veicoli in marcia,Rettilineo,Una carreggiata a doppio senso,Asciutto,Asfaltata,Temporanea di cantiere,Nuvoloso,Normale,Buona,Ore Diurne,2,0,0,1,12.493,41.9338,-1,2,Motociclo con passeggero,In marcia / fermata / arresto,Passeggero,F,Rimandato,0,NON DECEDUTO,,,
4009931,5,28/09/2018 08:50:00,Strada Urbana,VIA FILOTTRANO,all'intersezione con,VIA JESI,VIA JESI,,,Scontro frontale/laterale DX fra veicoli in marcia,Incrocio,Una carreggiata a doppio senso,Asciutto,Asfaltata,Verticale ed orizzontale,Sereno,Normale,Sufficiente,Ore Diurne,1,0,0,1,12.5811,41.9398,-1,1,Motociclo a solo,In marcia / fermata / arresto,Conducente,M,Rimandato,0,NON DECEDUTO,Non accertato,,
4009931,5,28/09/2018 08:50:00,Strada Urbana,VIA FILOTTRANO,all'intersezione con,VIA JESI,VIA JESI,,,Scontro frontale/laterale DX fra veicoli in marcia,Incrocio,Una carreggiata a doppio senso,Asciutto,Asfaltata,Verticale ed orizzontale,Sereno,Normale,Sufficiente,Ore Diurne,1,0,0,1,12.5811,41.9398,-1,2,Autovettura privata,In marcia / fermata / arresto,Conducente,M,Illeso,0,,Non accertato,Inesploso,
4009940,1,28/09/2018 07:10:00,Strada Urbana,LUNGOTEVERE DEI FIORENTINI,all'intersezione semaforizzata con,PIAZZA PASQUALE PAOLI,PIAZZA PASQUALE PAOLI,,,Scontro laterale fra veicoli in marcia,Intersezione semaforizzata,Una carreggiata a senso unico di marcia,Asciutto,Asfaltata,Verticale ed orizzontale,Sereno,Normale,Buona,Ore Diurne,0,0,0,2,12.4644,41.9003,-1,1,Autovettura privata,In marcia / fermata / arresto,Conducente,M,Illeso,0,,Non accertato,Inesploso,
4009940,1,28/09/2018 07:10:00,Strada Urbana,LUNGOTEVERE DEI FIORENTINI,all'intersezione semaforizzata con,PIAZZA PASQUALE PAOLI,PIAZZA PASQUALE PAOLI,,,Scontro laterale fra veicoli in marcia,Intersezione semaforizzata,Una carreggiata a senso unico di marcia,Asciutto,Asfaltata,Verticale ed orizzontale,Sereno,Normale,Buona,Ore Diurne,0,0,0,2,12.4644,41.9003,-1,2,Autovettura di polizia,In marcia / fermata / arresto,Conducente,M,Illeso,0,,Esente,Inesploso,
4009974,1,27/09/2018 16:05:00,Strada Urbana,VIA DEL TEMPIO DI DIANA,in prossimit�,,del civico n.,ALBERO N.2,,Veicolo in marcia contro veicolo in sosta,Rettilineo,Una carreggiata a doppio senso,Asciutto,Asfaltata,Verticale ed orizzontale,Sereno,Scarso,Buona,Ore Diurne,0,0,0,2,12.4828,41.8828,-1,1,Autovettura privata,In marcia / fermata / arresto,Conducente,M,Illeso,0,,Non accertato,Inesploso,
4009974,1,27/09/2018 16:05:00,Strada Urbana,VIA DEL TEMPIO DI DIANA,in prossimit�,,del civico n.,ALBERO N.2,,Veicolo in marcia contro veicolo in sosta,Rettilineo,Una carreggiata a doppio senso,Asciutto,Asfaltata,Verticale ed orizzontale,Sereno,Scarso,Buona,Ore Diurne,0,0,0,2,12.4828,41.8828,-1,1,Autovettura privata,In marcia / fermata / arresto,Passeggero,M,Illeso,0,,Non accertato,,
4009983,16,27/09/2018 17:20:00,Strada Urbana,VIALE DEI COLLI PORTUENSI,in prossimit�,,del civico n.,108,,Investimento di pedone,Rettilineo,Pi� di due carreggiate,Asciutto,Asfaltata,Verticale ed orizzontale,Sereno,Normale,Sufficiente,Ore Diurne,1,0,0,1,12.4432,41.8721,-1,,,,Pedone,M,Rimandato,0,NON DECEDUTO,,,
4009983,16,27/09/2018 17:20:00,Strada Urbana,VIALE DEI COLLI PORTUENSI,in prossimit�,,del civico n.,108,,Investimento di pedone,Rettilineo,Pi� di due carreggiate,Asciutto,Asfaltata,Verticale ed orizzontale,Sereno,Normale,Sufficiente,Ore Diurne,1,0,0,1,12.4432,41.8721,-1,1,Autovettura privata,In marcia / fermata / arresto,Conducente,M,Illeso,0,,Non accertato,,
4010021,1,28/09/2018 08:45:00,Strada Urbana,VIA MARMORATA,all'intersezione semaforizzata con,VIA GALVANI,VIA GALVANI,,,Scontro laterale fra veicoli in marcia,Intersezione semaforizzata,Una carreggiata a doppio senso,Asciutto,Asfaltata,Verticale ed orizzontale,Sereno,Normale,Buona,Ore Diurne,0,0,0,3,12.4784,41.8798,-1,1,Vettura tranviaria,In marcia / fermata / arresto,Conducente,M,Illeso,0,,Esente,,
4010021,1,28/09/2018 08:45:00,Strada Urbana,VIA MARMORATA,all'intersezione semaforizzata con,VIA GALVANI,VIA GALVANI,,,Scontro laterale fra veicoli in marcia,Intersezione semaforizzata,Una carreggiata a doppio senso,Asciutto,Asfaltata,Verticale ed orizzontale,Sereno,Normale,Buona,Ore Diurne,0,0,0,3,12.4784,41.8798,-1,2,Autovettura privata,In marcia / fermata / arresto,Conducente,F,Illeso,0,,Non accertato,Inesploso,
4010021,1,28/09/2018 08:45:00,Strada Urbana,VIA MARMORATA,all'intersezione semaforizzata con,VIA GALVANI,VIA GALVANI,,,Scontro laterale fra veicoli in marcia,Intersezione semaforizzata,Una carreggiata a doppio senso,Asciutto,Asfaltata,Verticale ed orizzontale,Sereno,Normale,Buona,Ore Diurne,0,0,0,3,12.4784,41.8798,-1,2,Autovettura privata,In marcia / fermata / arresto,Passeggero,F,Illeso,0,,,,
4010026,17,27/09/2018 19:45:00,Strada Urbana,VIA DELLA GIULIANA,all'intersezione con,VIA GIUSEPPE PALUMBO,VIA GIUSEPPE PALUMBO,,,Scontro frontale/laterale DX fra veicoli in marcia,Incrocio,Una carreggiata a doppio senso,Asciutto,Asfaltata,Verticale ed orizzontale,Sereno,Normale,Sufficiente,Sufficiente,0,0,0,5,12.454,41.9141,-1,1,Autovettura privata,In marcia / fermata / arresto,Conducente,F,Illeso,0,,,,
4010026,17,27/09/2018 19:45:00,Strada Urbana,VIA DELLA GIULIANA,all'intersezione con,VIA GIUSEPPE PALUMBO,VIA GIUSEPPE PALUMBO,,,Scontro frontale/laterale DX fra veicoli in marcia,Incrocio,Una carreggiata a doppio senso,Asciutto,Asfaltata,Verticale ed orizzontale,Sereno,Normale,Sufficiente,Sufficiente,0,0,0,5,12.454,41.9141,-1,2,Autovettura privata,In marcia / fermata / arresto,Conducente,M,Illeso,0,,,,
4010026,17,27/09/2018 19:45:00,Strada Urbana,VIA DELLA GIULIANA,all'intersezione con,VIA GIUSEPPE PALUMBO,VIA GIUSEPPE PALUMBO,,,Scontro frontale/laterale DX fra veicoli in marcia,Incrocio,Una carreggiata a doppio senso,Asciutto,Asfaltata,Verticale ed orizzontale,Sereno,Normale,Sufficiente,Sufficiente,0,0,0,5,12.454,41.9141,-1,2,Autovettura privata,In marcia / fermata / arresto,Passeggero,M,Illeso,0,,,,
4010026,17,27/09/2018 19:45:00,Strada Urbana,VIA DELLA GIULIANA,all'intersezione con,VIA GIUSEPPE PALUMBO,VIA GIUSEPPE PALUMBO,,,Scontro frontale/laterale DX fra veicoli in marcia,Incrocio,Una carreggiata a doppio senso,Asciutto,Asfaltata,Verticale ed orizzontale,Sereno,Normale,Sufficiente,Sufficiente,0,0,0,5,12.454,41.9141,-1,2,Autovettura privata,In marcia / fermata / arresto,Passeggero,M,Illeso,0,,,,
4010026,17,27/09/2018 19:45:00,Strada Urbana,VIA DELLA GIULIANA,all'intersezione con,VIA GIUSEPPE PALUMBO,VIA GIUSEPPE PALUMBO,,,Scontro frontale/laterale DX fra veicoli in marcia,Incrocio,Una carreggiata a doppio senso,Asciutto,Asfaltata,Verticale ed orizzontale,Sereno,Normale,Sufficiente,Sufficiente,0,0,0,5,12.454,41.9141,-1,2,Autovettura privata,In marcia / fermata / arresto,Passeggero,M,Illeso,0,,,,
4010034,16,27/09/2018 11:40:00,Strada Urbana,SALITA S. CARLO,in corrispondenza,,del civico n.,6,,Scontro laterale fra veicoli in marcia,Rettilineo,Una carreggiata a doppio senso,Asciutto,Asfaltata,Verticale,Sereno,Scarso,Buona,Ore Diurne,0,0,0,3,12.4591,41.8682,-1,1,Autovettura privata,In marcia / fermata / arresto,Conducente,M,Illeso,0,,Non accertato,,
4010034,16,27/09/2018 11:40:00,Strada Urbana,SALITA S. CARLO,in corrispondenza,,del civico n.,6,,Scontro laterale fra veicoli in marcia,Rettilineo,Una carreggiata a doppio senso,Asciutto,Asfaltata,Verticale,Sereno,Scarso,Buona,Ore Diurne,0,0,0,3,12.4591,41.8682,-1,2,Autocarro inferiore 35 q.,In marcia / fermata / arresto,Conducente,M,Illeso,0,,Non accertato,,
4010034,16,27/09/2018 11:40:00,Strada Urbana,SALITA S. CARLO,in corrispondenza,,del civico n.,6,,Scontro laterale fra veicoli in marcia,Rettilineo,Una carreggiata a doppio senso,Asciutto,Asfaltata,Verticale,Sereno,Scarso,Buona,Ore Diurne,0,0,0,3,12.4591,41.8682,-1,2,Autocarro inferiore 35 q.,In marcia / fermata / arresto,Passeggero,M,Illeso,0,,Non accertato,,
4010104,23,27/09/2018 11:30:00,Strada Urbana,PIAZZA DEI TRIBUNALI,all'intersezione con,PONTE UMBERTO I,PONTE UMBERTO I,,,Veicolo in marcia contro veicolo in sosta,Intersezione stradale segnalata,Due carreggiate,Asciutto,Asfaltata,Verticale ed orizzontale,Sereno,Normale,Buona,Ore Diurne,0,0,0,1,12.4709,41.9032,-1,1,Autovettura privata,In marcia / fermata / arresto,Conducente,M,Illeso,0,,Non accertato,Inesploso,
4010107,1,27/09/2018 17:20:00,Strada Urbana,PIAZZA DI S. CROCE IN GERUSALEMME,all'intersezione semaforizzata con,VIALE CARLO FELICE,VIALE CARLO FELICE,,,Scontro frontale/laterale DX fra veicoli in marcia,Incrocio,Due carreggiate,Asciutto,Asfaltata,Verticale ed orizzontale,Sereno,Intenso,Buona,Ore Diurne,1,0,0,2,12.5147,41.8888,-1,1,Autovettura privata,In marcia / fermata / arresto,Conducente,F,Illeso,0,,Non accertato,Inesploso,
4010107,1,27/09/2018 17:20:00,Strada Urbana,PIAZZA DI S. CROCE IN GERUSALEMME,all'intersezione semaforizzata con,VIALE CARLO FELICE,VIALE CARLO FELICE,,,Scontro frontale/laterale DX fra veicoli in marcia,Incrocio,Due carreggiate,Asciutto,Asfaltata,Verticale ed orizzontale,Sereno,Intenso,Buona,Ore Diurne,1,0,0,2,12.5147,41.8888,-1,1,Autovettura privata,In marcia / fermata / arresto,Passeggero,F,Illeso,0,,,,
4010107,1,27/09/2018 17:20:00,Strada Urbana,PIAZZA DI S. CROCE IN GERUSALEMME,all'intersezione semaforizzata con,VIALE CARLO FELICE,VIALE CARLO FELICE,,,Scontro frontale/laterale DX fra veicoli in marcia,Incrocio,Due carreggiate,Asciutto,Asfaltata,Verticale ed orizzontale,Sereno,Intenso,Buona,Ore Diurne,1,0,0,2,12.5147,41.8888,-1,2,Motociclo a solo,In marcia / fermata / arresto,Conducente,M,Rimandato,0,NON DECEDUTO,,,
4010138,1,26/09/2018 17:50:00,Strada Urbana,VIA MARSALA,da specificare,,,,altezza GALLERIA DI TESTA,Veicolo in marcia contro veicolo fermo,Rettilineo,Due carreggiate,Asciutto,Asfaltata,Verticale ed orizzontale,Sereno,Normale,Buona,Ore Diurne,0,0,0,2,,,0,1,Autovettura privata,In marcia / fermata / arresto,Conducente,M,Illeso,0,,Non accertato,Inesploso,
4010138,1,26/09/2018 17:50:00,Strada Urbana,VIA MARSALA,da specificare,,,,altezza GALLERIA DI TESTA,Veicolo in marcia contro veicolo fermo,Rettilineo,Due carreggiate,Asciutto,Asfaltata,Verticale ed orizzontale,Sereno,Normale,Buona,Ore Diurne,0,0,0,2,,,0,2,Autovettura pubblica,In marcia / fermata / arresto,Conducente,M,Illeso,0,,Non accertato,Inesploso,
4010157,3,27/09/2018 22:00:00,Strada Urbana,VIA PO,in prossimit�,,del civico n.,44,,Tamponamento,Rettilineo,Una carreggiata a doppio senso,Asciutto,Asfaltata,Verticale ed orizzontale,Sereno,Intenso,Buona,Sufficiente,1,0,0,2,12.5071,41.9132,0,1,Autovettura privata,In marcia / fermata / arresto,Conducente,M,Illeso,0,,,,
4010157,3,27/09/2018 22:00:00,Strada Urbana,VIA PO,in prossimit�,,del civico n.,44,,Tamponamento,Rettilineo,Una carreggiata a doppio senso,Asciutto,Asfaltata,Verticale ed orizzontale,Sereno,Intenso,Buona,Sufficiente,1,0,0,2,12.5071,41.9132,0,1,Autovettura privata,In marcia / fermata / arresto,Passeggero,F,Illeso,0,,,,
4010157,3,27/09/2018 22:00:00,Strada Urbana,VIA PO,in prossimit�,,del civico n.,44,,Tamponamento,Rettilineo,Una carreggiata a doppio senso,Asciutto,Asfaltata,Verticale ed orizzontale,Sereno,Intenso,Buona,Sufficiente,1,0,0,2,12.5071,41.9132,0,2,Motociclo a solo,In marcia / fermata / arresto,Conducente,M,Rifiuta cure immediate,0,NON DECEDUTO,,,
4010163,16,28/09/2018 00:25:00,Strada Urbana,PIAZZA FONTEIANA,all'intersezione con,VIA FONTEIANA,VIA FONTEIANA,,,Scontro frontale/laterale DX fra veicoli in marcia,Intersezione stradale segnalata,Una carreggiata a doppio senso,Asciutto,Asfaltata,Verticale ed orizzontale,Sereno,Scarso,Sufficiente,Sufficiente,0,0,0,6,12.4544,41.8806,-1,1,Autovettura privata,In marcia / fermata / arresto,Conducente,M,Illeso,0,,Non accertato,,
4010163,16,28/09/2018 00:25:00,Strada Urbana,PIAZZA FONTEIANA,all'intersezione con,VIA FONTEIANA,VIA FONTEIANA,,,Scontro frontale/laterale DX fra veicoli in marcia,Intersezione stradale segnalata,Una carreggiata a doppio senso,Asciutto,Asfaltata,Verticale ed orizzontale,Sereno,Scarso,Sufficiente,Sufficiente,0,0,0,6,12.4544,41.8806,-1,1,Autovettura privata,In marcia / fermata / arresto,Passeggero,F,Illeso,0,,Non accertato,,
4010163,16,28/09/2018 00:25:00,Strada Urbana,PIAZZA FONTEIANA,all'intersezione con,VIA FONTEIANA,VIA FONTEIANA,,,Scontro frontale/laterale DX fra veicoli in marcia,Intersezione stradale segnalata,Una carreggiata a doppio senso,Asciutto,Asfaltata,Verticale ed orizzontale,Sereno,Scarso,Sufficiente,Sufficiente,0,0,0,6,12.4544,41.8806,-1,1,Autovettura privata,In marcia / fermata / arresto,Passeggero,M,Illeso,0,,Non accertato,,
4010163,16,28/09/2018 00:25:00,Strada Urbana,PIAZZA FONTEIANA,all'intersezione con,VIA FONTEIANA,VIA FONTEIANA,,,Scontro frontale/laterale DX fra veicoli in marcia,Intersezione stradale segnalata,Una carreggiata a doppio senso,Asciutto,Asfaltata,Verticale ed orizzontale,Sereno,Scarso,Sufficiente,Sufficiente,0,0,0,6,12.4544,41.8806,-1,1,Autovettura privata,In marcia / fermata / arresto,Passeggero,M,Illeso,0,,Non accertato,,
4010163,16,28/09/2018 00:25:00,Strada Urbana,PIAZZA FONTEIANA,all'intersezione con,VIA FONTEIANA,VIA FONTEIANA,,,Scontro frontale/laterale DX fra veicoli in marcia,Intersezione stradale segnalata,Una carreggiata a doppio senso,Asciutto,Asfaltata,Verticale ed orizzontale,Sereno,Scarso,Sufficiente,Sufficiente,0,0,0,6,12.4544,41.8806,-1,2,Autovettura privata,In marcia / fermata / arresto,Conducente,M,Illeso,0,,Non accertato,,
4010163,16,28/09/2018 00:25:00,Strada Urbana,PIAZZA FONTEIANA,all'intersezione con,VIA FONTEIANA,VIA FONTEIANA,,,Scontro frontale/laterale DX fra veicoli in marcia,Intersezione stradale segnalata,Una carreggiata a doppio senso,Asciutto,Asfaltata,Verticale ed orizzontale,Sereno,Scarso,Sufficiente,Sufficiente,0,0,0,6,12.4544,41.8806,-1,2,Autovettura privata,In marcia / fermata / arresto,Passeggero,M,Illeso,0,,Non accertato,,
4010221,12,28/09/2018 08:30:00,Strada Urbana,VIA LAURENTINA,all'intersezione semaforizzata con,VIA DI ACQUA ACETOSA OSTIENSE,VIA DI ACQUA ACETOSA OSTIENSE,,,Scontro frontale/laterale SX fra veicoli in marcia,Intersezione semaforizzata,Due carreggiate,Asciutto,Asfaltata,Verticale ed orizzontale,Sereno,Normale,Buona,Ore Diurne,1,0,0,1,12.4853,41.8102,-1,1,Autovettura privata,In marcia / fermata / arresto,Conducente,F,Illeso,0,,Utilizzato,Inesploso,
4010221,12,28/09/2018 08:30:00,Strada Urbana,VIA LAURENTINA,all'intersezione semaforizzata con,VIA DI ACQUA ACETOSA OSTIENSE,VIA DI ACQUA ACETOSA OSTIENSE,,,Scontro frontale/laterale SX fra veicoli in marcia,Intersezione semaforizzata,Due carreggiate,Asciutto,Asfaltata,Verticale ed orizzontale,Sereno,Normale,Buona,Ore Diurne,1,0,0,1,12.4853,41.8102,-1,2,Motociclo a solo,In marcia / fermata / arresto,Conducente,M,Ricoverato,0,NON DECEDUTO,Utilizzato,,
4010250,5,28/09/2018 10:30:00,Strada Urbana,VIA DI CERVARA,in prossimit�,,del civico n.,3,,Investimento di pedone,Rettilineo,Una carreggiata a senso unico di marcia,Asciutto,Asfaltata,Verticale ed orizzontale,Sereno,Normale,Buona,Ore Diurne,1,0,0,1,12.5898,41.9185,-1,,,,Pedone,M,Rimandato,0,NON DECEDUTO,,,
4010250,5,28/09/2018 10:30:00,Strada Urbana,VIA DI CERVARA,in prossimit�,,del civico n.,3,,Investimento di pedone,Rettilineo,Una carreggiata a senso unico di marcia,Asciutto,Asfaltata,Verticale ed orizzontale,Sereno,Normale,Buona,Ore Diurne,1,0,0,1,12.5898,41.9185,-1,1,Autobus di linea,In marcia / fermata / arresto,Conducente,M,Illeso,0,,Non accertato,Inesistente,
4010348,1,28/09/2018 12:46:00,Strada Urbana,VIA DELL'AMBA ARADAM,in prossimit�,,del civico n.,2,,Scontro laterale fra veicoli in marcia,Rettilineo,Una carreggiata a doppio senso,Asciutto,Asfaltata,Verticale ed orizzontale,Sereno,Normale,Buona,Ore Diurne,0,0,0,2,12.5034,41.886,-1,1,Autovettura privata,In marcia / fermata / arresto,Conducente,M,Illeso,0,,,,
4010348,1,28/09/2018 12:46:00,Strada Urbana,VIA DELL'AMBA ARADAM,in prossimit�,,del civico n.,2,,Scontro laterale fra veicoli in marcia,Rettilineo,Una carreggiata a doppio senso,Asciutto,Asfaltata,Verticale ed orizzontale,Sereno,Normale,Buona,Ore Diurne,0,0,0,2,12.5034,41.886,-1,2,Autovettura privata,In marcia / fermata / arresto,Conducente,M,Illeso,0,,,,
4010400,6,28/09/2018 13:55:00,Strada Urbana,VIA ERASMO GATTAMELATA,in prossimit�,,del civico n.,10A,,Scontro laterale fra veicoli in marcia,Rettilineo,Una carreggiata a senso unico di marcia,Asciutto,Asfaltata,Verticale ed orizzontale,Sereno,Scarso,Buona,Ore Diurne,0,0,0,5,12.5362,41.8921,-1,1,Autocarro inferiore 35 q.,In marcia / fermata / arresto,Conducente,M,Illeso,0,,Non accertato,Inesploso,
4010400,6,28/09/2018 13:55:00,Strada Urbana,VIA ERASMO GATTAMELATA,in prossimit�,,del civico n.,10A,,Scontro laterale fra veicoli in marcia,Rettilineo,Una carreggiata a senso unico di marcia,Asciutto,Asfaltata,Verticale ed orizzontale,Sereno,Scarso,Buona,Ore Diurne,0,0,0,5,12.5362,41.8921,-1,2,Autovettura privata,In marcia / fermata / arresto,Conducente,F,Illeso,0,,Non accertato,Inesploso,
4010400,6,28/09/2018 13:55:00,Strada Urbana,VIA ERASMO GATTAMELATA,in prossimit�,,del civico n.,10A,,Scontro laterale fra veicoli in marcia,Rettilineo,Una carreggiata a senso unico di marcia,Asciutto,Asfaltata,Verticale ed orizzontale,Sereno,Scarso,Buona,Ore Diurne,0,0,0,5,12.5362,41.8921,-1,2,Autovettura privata,In marcia / fermata / arresto,Passeggero,F,Illeso,0,,Non accertato,Inesploso,
4010400,6,28/09/2018 13:55:00,Strada Urbana,VIA ERASMO GATTAMELATA,in prossimit�,,del civico n.,10A,,Scontro laterale fra veicoli in marcia,Rettilineo,Una carreggiata a senso unico di marcia,Asciutto,Asfaltata,Verticale ed orizzontale,Sereno,Scarso,Buona,Ore Diurne,0,0,0,5,12.5362,41.8921,-1,3,Motociclo con passeggero,In marcia / fermata / arresto,Conducente,M,Illeso,0,,Non accertato,,
4010400,6,28/09/2018 13:55:00,Strada Urbana,VIA ERASMO GATTAMELATA,in prossimit�,,del civico n.,10A,,Scontro laterale fra veicoli in marcia,Rettilineo,Una carreggiata a senso unico di marcia,Asciutto,Asfaltata,Verticale ed orizzontale,Sereno,Scarso,Buona,Ore Diurne,0,0,0,5,12.5362,41.8921,-1,3,Motociclo con passeggero,In marcia / fermata / arresto,Passeggero,M,Illeso,0,,Non accertato,,
4010432,20,28/09/2018 14:30:00,Regionale entro l'abitato,VIA CASSIA,in corrispondenza,,del civico n.,972,,Tamponamento Multiplo,Rettilineo,Una carreggiata a doppio senso,Asciutto,Asfaltata,Verticale ed orizzontale,Sereno,Intenso,Buona,Ore Diurne,0,0,0,3,12.4309,41.973,-1,1,Autovettura privata,In marcia / fermata / arresto,Conducente,M,Illeso,0,,Non accertato,Inesploso,
4010432,20,28/09/2018 14:30:00,Regionale entro l'abitato,VIA CASSIA,in corrispondenza,,del civico n.,972,,Tamponamento Multiplo,Rettilineo,Una carreggiata a doppio senso,Asciutto,Asfaltata,Verticale ed orizzontale,Sereno,Intenso,Buona,Ore Diurne,0,0,0,3,12.4309,41.973,-1,2,Autovettura privata,In marcia / fermata / arresto,Conducente,M,Illeso,0,,Non accertato,Inesploso,
4010432,20,28/09/2018 14:30:00,Regionale entro l'abitato,VIA CASSIA,in corrispondenza,,del civico n.,972,,Tamponamento Multiplo,Rettilineo,Una carreggiata a doppio senso,Asciutto,Asfaltata,Verticale ed orizzontale,Sereno,Intenso,Buona,Ore Diurne,0,0,0,3,12.4309,41.973,-1,3,Autovettura privata,In marcia / fermata / arresto,Conducente,F,Illeso,0,,Non accertato,Inesploso,
4010444,18,27/09/2018 10:20:00,Strada Urbana,VIA DELLA PINETA SACCHETTI,all'intersezione con,VIA DEL FORTE BOCCEA,VIA DEL FORTE BOCCEA,,,Scontro frontale fra veicoli in marcia,Intersezione stradale segnalata,Una carreggiata a senso unico di marcia,Asciutto,Asfaltata,Verticale,Sereno,Normale,Buona,Ore Diurne,1,0,0,1,12.425,41.924,-1,1,Autovettura privata,In marcia / fermata / arresto,Conducente,M,Illeso,0,,Non accertato,Inesploso,
4010444,18,27/09/2018 10:20:00,Strada Urbana,VIA DELLA PINETA SACCHETTI,all'intersezione con,VIA DEL FORTE BOCCEA,VIA DEL FORTE BOCCEA,,,Scontro frontale fra veicoli in marcia,Intersezione stradale segnalata,Una carreggiata a senso unico di marcia,Asciutto,Asfaltata,Verticale,Sereno,Normale,Buona,Ore Diurne,1,0,0,1,12.425,41.924,-1,2,Ciclomotore,In marcia / fermata / arresto,Conducente,F,Rimandato,0,NON DECEDUTO,Non accertato,,
4010448,19,28/09/2018 14:00:00,Strada Urbana,GALLERIA GIOVANNI XXIII,in corrispondenza,,della chilometrica,0.4,,Veicolo in marcia contro veicolo in sosta,Rettilineo,Una carreggiata a senso unico di marcia,Asciutto,Asfaltata,Verticale ed orizzontale,Sereno,Normale,Buona,Sufficiente,1,0,0,0,12.4411,41.9404,-1,1,Autovettura privata,In marcia / fermata / arresto,Conducente,M,Rifiuta cure immediate,0,NON DECEDUTO,,,
4010483,17,28/09/2018 06:00:00,Strada Urbana,PIAZZA DELLE CINQUE GIORNATE,da specificare,,,,fronte civico 3,Scontro frontale/laterale SX fra veicoli in marcia,Rettilineo,Pi� di due carreggiate,Asciutto,Asfaltata,Verticale ed orizzontale,Sereno,Normale,Sufficiente,Sufficiente,1,0,0,1,12.4692,41.9142,0,1,Autovettura privata,In marcia / fermata / arresto,Conducente,F,Rimandato,0,NON DECEDUTO,,,
4010483,17,28/09/2018 06:00:00,Strada Urbana,PIAZZA DELLE CINQUE GIORNATE,da specificare,,,,fronte civico 3,Scontro frontale/laterale SX fra veicoli in marcia,Rettilineo,Pi� di due carreggiate,Asciutto,Asfaltata,Verticale ed orizzontale,Sereno,Normale,Sufficiente,Sufficiente,1,0,0,1,12.4692,41.9142,0,2,Autocarro inferiore 35 q.,In marcia / fermata / arresto,Conducente,M,Illeso,0,,,,
4010520,18,27/09/2018 12:30:00,Strada Urbana,VIA DI BOCCEA,all'intersezione semaforizzata con,VIA PASQUALE II,VIA PASQUALE II,,,Scontro laterale fra veicoli in marcia,Intersezione semaforizzata,Due carreggiate,Asciutto,Asfaltata,Verticale ed orizzontale,Sereno,Normale,Buona,Ore Diurne,1,0,0,1,12.3847,41.9149,-1,1,Motociclo a solo,In marcia / fermata / arresto,Conducente,M,Rifiuta cure immediate,0,NON DECEDUTO,Non accertato,,
4010520,18,27/09/2018 12:30:00,Strada Urbana,VIA DI BOCCEA,all'intersezione semaforizzata con,VIA PASQUALE II,VIA PASQUALE II,,,Scontro laterale fra veicoli in marcia,Intersezione semaforizzata,Due carreggiate,Asciutto,Asfaltata,Verticale ed orizzontale,Sereno,Normale,Buona,Ore Diurne,1,0,0,1,12.3847,41.9149,-1,2,Autovettura privata,In marcia / fermata / arresto,Conducente,F,Illeso,0,,Non accertato,Inesploso,