Protocollo,Gruppo,DataOraIncidente,Localizzazione1,STRADA1,Localizzazione2,STRADA2,Strada02,Chilometrica,DaSpecificare,NaturaIncidente,particolaritastrade,TipoStrada,FondoStradale,Pavimentazione,Segnaletica,CondizioneAtmosferica,Traffico,Visibilita,Illuminazione,NUM_FERITI,NUM_RISERVATA,NUM_MORTI,NUM_ILLESI,Longitudine,Latitudine,Confermato,Progressivo,TipoVeicolo,StatoVeicolo,TipoPersona,Sesso,Tipolesione,Deceduto,DecedutoDopo,CinturaCascoUtilizzato,Airbag,
4010545,18,28/09/2018 11:50:00,Statale entro l'abitato,VIA AURELIA,in prossimit�,,del civico n.,221,,Veicolo in marcia contro ostacolo accidentale,Rettilineo,Una carreggiata a doppio senso,Asciutto,Asfaltata,Verticale ed orizzontale,Sereno,Normale,Buona,Ore Diurne,0,0,0,1,12.4438,41.8994,-1,1,Autovettura privata,In marcia / fermata / arresto,Conducente,M,Illeso,0,,Non accertato,Inesploso,
4010555,15,28/09/2018 08:10:00,Strada Urbana,VIA LEONARDO GREPPI,in corrispondenza,,del civico n.,73,,Infortunio per sola frenata improvvisa,Rettilineo,Una carreggiata a doppio senso,Asciutto,Asfaltata,Verticale ed orizzontale,Sereno,Normale,Buona,Ore Diurne,1,0,0,1,12.459,41.8625,-1,1,Macchina operatrice,In marcia / fermata / arresto,Conducente,M,Illeso,0,,,,
4010555,15,28/09/2018 08:10:00,Strada Urbana,VIA LEONARDO GREPPI,in corrispondenza,,del civico n.,73,,Infortunio per sola frenata improvvisa,Rettilineo,Una carreggiata a doppio senso,Asciutto,Asfaltata,Verticale ed orizzontale,Sereno,Normale,Buona,Ore Diurne,1,0,0,1,12.459,41.8625,-1,2,Motociclo con passeggero,In marcia / fermata / arresto,Conducente,M,Rimandato,0,NON DECEDUTO,,,
4010561,19,28/09/2018 14:15:00,Strada Urbana,LARGO DAMIANO CHIESA,in prossimit�,,del civico n.,3,,Scontro laterale fra veicoli in marcia,Rettilineo,Due carreggiate,Asciutto,Asfaltata,Verticale ed orizzontale,Sereno,Normale,Buona,Ore Diurne,0,0,0,2,12.4356,41.9195,-1,1,Motociclo a solo,In marcia / fermata / arresto,Conducente,M,Illeso,0,,Non accertato,,
4010561,19,28/09/2018 14:15:00,Strada Urbana,LARGO DAMIANO CHIESA,in prossimit�,,del civico n.,3,,Scontro laterale fra veicoli in marcia,Rettilineo,Due carreggiate,Asciutto,Asfaltata,Verticale ed orizzontale,Sereno,Normale,Buona,Ore Diurne,0,0,0,2,12.4356,41.9195,-1,2,Autovettura privata,In marcia / fermata / arresto,Conducente,F,Illeso,0,,Non accertato,Inesploso,
4010573,15,28/09/2018 11:20:00,Strada Urbana,VIA DI POZZO PANTALEO,in corrispondenza,,del civico n.,80,,Veicolo in marcia contro ostacolo accidentale,Rettilineo,Una carreggiata a senso unico di marcia,Asciutto,Asfaltata,Verticale,Sereno,Intenso,Buona,Ore Diurne,0,0,0,1,12.4628,41.8677,-1,1,Motociclo con passeggero,In marcia / fermata / arresto,Conducente,M,Illeso,0,,Non accertato,,
4010610,18,28/09/2018 15:20:00,Strada Urbana,VIA DI MONTE DEL GALLO,in corrispondenza,,del civico n.,61,,Tamponamento,Pendenza,Una carreggiata a doppio senso,Asciutto,Asfaltata,Assente,Sereno,Normale,Buona,Ore Diurne,0,0,0,2,12.4523,41.8965,-1,1,Autovettura privata,In marcia / fermata / arresto,Conducente,F,Illeso,0,,Non accertato,Inesploso,
4010610,18,28/09/2018 15:20:00,Strada Urbana,VIA DI MONTE DEL GALLO,in corrispondenza,,del civico n.,61,,Tamponamento,Pendenza,Una carreggiata a doppio senso,Asciutto,Asfaltata,Assente,Sereno,Normale,Buona,Ore Diurne,0,0,0,2,12.4523,41.8965,-1,2,Autovettura pubblica,In marcia / fermata / arresto,Conducente,M,Illeso,0,,Non accertato,Inesploso,
4010638,15,28/09/2018 14:00:00,Strada Urbana,VIA DEL TRULLO,in corrispondenza,,del civico n.,152,,Scontro frontale/laterale DX fra veicoli in marcia,Rettilineo,Due carreggiate,Asciutto,Asfaltata,Orizzontale,Sereno,Normale,Buona,Ore Diurne,0,0,0,2,12.4358,41.8476,-1,1,Autovettura privata,In marcia / fermata / arresto,Conducente,M,Illeso,0,,Non accertato,Esploso,
4010638,15,28/09/2018 14:00:00,Strada Urbana,VIA DEL TRULLO,in corrispondenza,,del civico n.,152,,Scontro frontale/laterale DX fra veicoli in marcia,Rettilineo,Due carreggiate,Asciutto,Asfaltata,Orizzontale,Sereno,Normale,Buona,Ore Diurne,0,0,0,2,12.4358,41.8476,-1,2,Autovettura privata,In marcia / fermata / arresto,Conducente,M,Illeso,0,,Non accertato,Esploso,
4010771,20,28/09/2018 17:10:00,Strada Urbana,VIA CIVITA CASTELLANA,in prossimit�,,del palo luce n.,4,,Tamponamento,Rettilineo,Una carreggiata a doppio senso,Asciutto,Asfaltata,Orizzontale,Sereno,Intenso,Buona,Ore Diurne,2,0,0,1,12.4708,41.9381,-1,1,Autovettura privata,In marcia / fermata / arresto,Conducente,M,Rifiuta cure immediate,0,NON DECEDUTO,Non accertato,Inesploso,
4010771,20,28/09/2018 17:10:00,Strada Urbana,VIA CIVITA CASTELLANA,in prossimit�,,del palo luce n.,4,,Tamponamento,Rettilineo,Una carreggiata a doppio senso,Asciutto,Asfaltata,Orizzontale,Sereno,Intenso,Buona,Ore Diurne,2,0,0,1,12.4708,41.9381,-1,1,Autovettura privata,In marcia / fermata / arresto,Passeggero,F,Rifiuta cure immediate,0,NON DECEDUTO,Non accertato,Inesploso,
4010771,20,28/09/2018 17:10:00,Strada Urbana,VIA CIVITA CASTELLANA,in prossimit�,,del palo luce n.,4,,Tamponamento,Rettilineo,Una carreggiata a doppio senso,Asciutto,Asfaltata,Orizzontale,Sereno,Intenso,Buona,Ore Diurne,2,0,0,1,12.4708,41.9381,-1,2,Autovettura privata,In marcia / fermata / arresto,Conducente,F,Illeso,0,,Non accertato,,
4010784,17,28/09/2018 11:00:00,Strada Urbana,CIRCONVALLAZIONE CLODIA,in corrispondenza,,del civico n.,115,,Tamponamento Multiplo,Rettilineo,Due carreggiate,Asciutto,Asfaltata,Verticale ed orizzontale,Sereno,Normale,Buona,Ore Diurne,0,0,0,5,12.4564,41.9185,-1,1,Motociclo a solo,In marcia / fermata / arresto,Conducente,F,Illeso,0,,,,
4010784,17,28/09/2018 11:00:00,Strada Urbana,CIRCONVALLAZIONE CLODIA,in corrispondenza,,del civico n.,115,,Tamponamento Multiplo,Rettilineo,Due carreggiate,Asciutto,Asfaltata,Verticale ed orizzontale,Sereno,Normale,Buona,Ore Diurne,0,0,0,5,12.4564,41.9185,-1,2,Autovettura di polizia,In marcia / fermata / arresto,Conducente,M,Illeso,0,,,,
4010784,17,28/09/2018 11:00:00,Strada Urbana,CIRCONVALLAZIONE CLODIA,in corrispondenza,,del civico n.,115,,Tamponamento Multiplo,Rettilineo,Due carreggiate,Asciutto,Asfaltata,Verticale ed orizzontale,Sereno,Normale,Buona,Ore Diurne,0,0,0,5,12.4564,41.9185,-1,2,Autovettura di polizia,In marcia / fermata / arresto,Passeggero,M,Illeso,0,,,,
4010784,17,28/09/2018 11:00:00,Strada Urbana,CIRCONVALLAZIONE CLODIA,in corrispondenza,,del civico n.,115,,Tamponamento Multiplo,Rettilineo,Due carreggiate,Asciutto,Asfaltata,Verticale ed orizzontale,Sereno,Normale,Buona,Ore Diurne,0,0,0,5,12.4564,41.9185,-1,3,Autocarro inferiore 35 q.,In marcia / fermata / arresto,Conducente,M,Illeso,0,,,,
4010784,17,28/09/2018 11:00:00,Strada Urbana,CIRCONVALLAZIONE CLODIA,in corrispondenza,,del civico n.,115,,Tamponamento Multiplo,Rettilineo,Due carreggiate,Asciutto,Asfaltata,Verticale ed orizzontale,Sereno,Normale,Buona,Ore Diurne,0,0,0,5,12.4564,41.9185,-1,3,Autocarro inferiore 35 q.,In marcia / fermata / arresto,Passeggero,F,Illeso,0,,,,
4010789,5,28/09/2018 11:10:00,Strada Urbana,VIA DEL CASALE DI S. BASILIO,in prossimit�,,del palo luce n.,44,,Investimento di pedone,Rettilineo,Una carreggiata a doppio senso,Asciutto,Asfaltata,Verticale ed orizzontale,Sereno,Normale,Buona,Ore Diurne,1,0,0,0,12.5803,41.9374,0,,,,Pedone,F,Rimandato,0,NON DECEDUTO,,,
4010805,5,28/09/2018 10:10:00,Strada Urbana,VIA TIBURTINA,da specificare,,,,altezza via Fossacesia,Veicolo in marcia contro ostacolo accidentale,Rettilineo,Due carreggiate,Asciutto,Asfaltata,Verticale ed orizzontale,Sereno,Normale,Buona,Ore Diurne,0,0,0,3,12.5739,41.9258,-1,1,Autovettura privata,In marcia / fermata / arresto,Conducente,M,Illeso,0,,Non accertato,Inesploso,
4010805,5,28/09/2018 10:10:00,Strada Urbana,VIA TIBURTINA,da specificare,,,,altezza via Fossacesia,Veicolo in marcia contro ostacolo accidentale,Rettilineo,Due carreggiate,Asciutto,Asfaltata,Verticale ed orizzontale,Sereno,Normale,Buona,Ore Diurne,0,0,0,3,12.5739,41.9258,-1,1,Autovettura privata,In marcia / fermata / arresto,Passeggero,F,Illeso,0,,Non accertato,Inesploso,
4010805,5,28/09/2018 10:10:00,Strada Urbana,VIA TIBURTINA,da specificare,,,,altezza via Fossacesia,Veicolo in marcia contro ostacolo accidentale,Rettilineo,Due carreggiate,Asciutto,Asfaltata,Verticale ed orizzontale,Sereno,Normale,Buona,Ore Diurne,0,0,0,3,12.5739,41.9258,-1,1,Autovettura privata,In marcia / fermata / arresto,Passeggero,M,Illeso,0,,Non accertato,Inesploso,
4010819,5,28/09/2018 10:40:00,,PIAZZA RICCARDO BALSAMO CRIVELLI,in prossimit�,,del palo luce n.,87,,Investimento di pedone,,,,,,,,,,1,0,0,1,,,0,,,,Pedone,F,Rimandato,0,NON DECEDUTO,,,
4010819,5,28/09/2018 10:40:00,,PIAZZA RICCARDO BALSAMO CRIVELLI,in prossimit�,,del palo luce n.,87,,Investimento di pedone,,,,,,,,,,1,0,0,1,,,0,1,Autobus di linea,In marcia / fermata / arresto,Conducente,M,Illeso,0,,,,
4010839,5,28/09/2018 12:35:00,Strada Urbana,VIA DEI MONTI TIBURTINI,in prossimit�,,del civico n.,481,,Tamponamento,Rettilineo,Due carreggiate,Asciutto,Asfaltata,Orizzontale,Sereno,Normale,Buona,Ore Diurne,2,0,0,3,12.5441,41.9168,-1,1,Autocarro inferiore 35 q.,In marcia / fermata / arresto,Conducente,M,Illeso,0,,Non accertato,Inesploso,
4010839,5,28/09/2018 12:35:00,Strada Urbana,VIA DEI MONTI TIBURTINI,in prossimit�,,del civico n.,481,,Tamponamento,Rettilineo,Due carreggiate,Asciutto,Asfaltata,Orizzontale,Sereno,Normale,Buona,Ore Diurne,2,0,0,3,12.5441,41.9168,-1,2,Autovettura privata,In marcia / fermata / arresto,Conducente,F,Rimandato,0,NON DECEDUTO,Non accertato,,
4010839,5,28/09/2018 12:35:00,Strada Urbana,VIA DEI MONTI TIBURTINI,in prossimit�,,del civico n.,481,,Tamponamento,Rettilineo,Due carreggiate,Asciutto,Asfaltata,Orizzontale,Sereno,Normale,Buona,Ore Diurne,2,0,0,3,12.5441,41.9168,-1,2,Autovettura privata,In marcia / fermata / arresto,Passeggero,M,Illeso,0,,Non accertato,Inesploso,
4010839,5,28/09/2018 12:35:00,Strada Urbana,VIA DEI MONTI TIBURTINI,in prossimit�,,del civico n.,481,,Tamponamento,Rettilineo,Due carreggiate,Asciutto,Asfaltata,Orizzontale,Sereno,Normale,Buona,Ore Diurne,2,0,0,3,12.5441,41.9168,-1,2,Autovettura privata,In marcia / fermata / arresto,Passeggero,M,Illeso,0,,Non accertato,Inesploso,
4010839,5,28/09/2018 12:35:00,Strada Urbana,VIA DEI MONTI TIBURTINI,in prossimit�,,del civico n.,481,,Tamponamento,Rettilineo,Due carreggiate,Asciutto,Asfaltata,Orizzontale,Sereno,Normale,Buona,Ore Diurne,2,0,0,3,12.5441,41.9168,-1,2,Autovettura privata,In marcia / fermata / arresto,Passeggero,F,Rimandato,0,NON DECEDUTO,Non accertato,,
4010864,18,28/09/2018 17:15:00,Strada Urbana,VIA DI CASAL SELCE,in prossimit�,,del civico n.,332,,Scontro frontale/laterale DX fra veicoli in marcia,Rettilineo,Una carreggiata a doppio senso,Asciutto,Asfaltata,Assente,Sereno,Normale,Buona,Ore Diurne,0,0,0,3,12.3512,41.9121,-1,1,Autovettura privata,In marcia / fermata / arresto,Conducente,F,Illeso,0,,Non accertato,Inesploso,
4010864,18,28/09/2018 17:15:00,Strada Urbana,VIA DI CASAL SELCE,in prossimit�,,del civico n.,332,,Scontro frontale/laterale DX fra veicoli in marcia,Rettilineo,Una carreggiata a doppio senso,Asciutto,Asfaltata,Assente,Sereno,Normale,Buona,Ore Diurne,0,0,0,3,12.3512,41.9121,-1,2,Motociclo con passeggero,In marcia / fermata / arresto,Conducente,M,Illeso,0,,Non accertato,,
4010864,18,28/09/2018 17:15:00,Strada Urbana,VIA DI CASAL SELCE,in prossimit�,,del civico n.,332,,Scontro frontale/laterale DX fra veicoli in marcia,Rettilineo,Una carreggiata a doppio senso,Asciutto,Asfaltata,Assente,Sereno,Normale,Buona,Ore Diurne,0,0,0,3,12.3512,41.9121,-1,2,Motociclo con passeggero,In marcia / fermata / arresto,Passeggero,M,Illeso,0,,Non accertato,,
4010867,12,28/09/2018 16:10:00,Strada Urbana,VIA DEL FOSSO DEL SALCETO,da specificare,,,,pross Via Ponte di Piscina Cupa,Scontro frontale/laterale DX fra veicoli in marcia,Rettilineo,Una carreggiata a doppio senso,Asciutto,Asfaltata,Verticale ed orizzontale,Sereno,Normale,Buona,Ore Diurne,1,0,0,2,12.4378,41.7151,0,1,Autovettura privata,In marcia / fermata / arresto,Conducente,M,Illeso,0,,Utilizzato,Inesploso,
4010867,12,28/09/2018 16:10:00,Strada Urbana,VIA DEL FOSSO DEL SALCETO,da specificare,,,,pross Via Ponte di Piscina Cupa,Scontro frontale/laterale DX fra veicoli in marcia,Rettilineo,Una carreggiata a doppio senso,Asciutto,Asfaltata,Verticale ed orizzontale,Sereno,Normale,Buona,Ore Diurne,1,0,0,2,12.4378,41.7151,0,2,Autovettura privata,In marcia / fermata / arresto,Conducente,M,Illeso,0,,Utilizzato,Inesploso,
4010867,12,28/09/2018 16:10:00,Strada Urbana,VIA DEL FOSSO DEL SALCETO,da specificare,,,,pross Via Ponte di Piscina Cupa,Scontro frontale/laterale DX fra veicoli in marcia,Rettilineo,Una carreggiata a doppio senso,Asciutto,Asfaltata,Verticale ed orizzontale,Sereno,Normale,Buona,Ore Diurne,1,0,0,2,12.4378,41.7151,0,2,Autovettura privata,In marcia / fermata / arresto,Passeggero,F,Rimandato,0,NON DECEDUTO,Utilizzato,Inesploso,
4010907,10,28/09/2018 17:20:00,Strada Urbana,VIA SQUILLACE,all'intersezione con,VIA TAURIANOVA,VIA TAURIANOVA,,,Investimento di pedone,Intersezione stradale segnalata,Una carreggiata a senso unico di marcia,Asciutto,Asfaltata,Verticale ed orizzontale,Sereno,Normale,Buona,Ore Diurne,1,0,0,1,12.5583,41.8343,-1,,,,Pedone,M,Rimandato,0,NON DECEDUTO,,,
4010907,10,28/09/2018 17:20:00,Strada Urbana,VIA SQUILLACE,all'intersezione con,VIA TAURIANOVA,VIA TAURIANOVA,,,Investimento di pedone,Intersezione stradale segnalata,Una carreggiata a senso unico di marcia,Asciutto,Asfaltata,Verticale ed orizzontale,Sereno,Normale,Buona,Ore Diurne,1,0,0,1,12.5583,41.8343,-1,1,Autovettura privata,In marcia / fermata / arresto,Conducente,F,Illeso,0,,Non accertato,Inesploso,
4010927,15,28/09/2018 07:50:00,Strada Urbana,VIA DEL MONTE DELLE CAPRE,in corrispondenza,,del civico n.,29,,Investimento di pedone,Rettilineo,Una carreggiata a doppio senso,Bagnato (umidit� in atto),Asfaltata,Orizzontale,Sereno,Intenso,Sufficiente,Ore Diurne,0,0,0,3,12.4331,41.8447,-1,,,,Pedone,F,Illeso,0,,,,
4010927,15,28/09/2018 07:50:00,Strada Urbana,VIA DEL MONTE DELLE CAPRE,in corrispondenza,,del civico n.,29,,Investimento di pedone,Rettilineo,Una carreggiata a doppio senso,Bagnato (umidit� in atto),Asfaltata,Orizzontale,Sereno,Intenso,Sufficiente,Ore Diurne,0,0,0,3,12.4331,41.8447,-1,1,Autovettura privata,In marcia / fermata / arresto,Conducente,F,Illeso,0,,,,
4010927,15,28/09/2018 07:50:00,Strada Urbana,VIA DEL MONTE DELLE CAPRE,in corrispondenza,,del civico n.,29,,Investimento di pedone,Rettilineo,Una carreggiata a doppio senso,Bagnato (umidit� in atto),Asfaltata,Orizzontale,Sereno,Intenso,Sufficiente,Ore Diurne,0,0,0,3,12.4331,41.8447,-1,1,Autovettura privata,In marcia / fermata / arresto,Passeggero,M,Illeso,0,,,,
4011212,1,28/09/2018 16:00:00,Strada Urbana,VIALE DELLE TERME DI CARACALLA,all'intersezione semaforizzata con,LARGO CAVALIERI DI COLOMBO,LARGO CAVALIERI DI COLOMBO,,,Scontro frontale/laterale SX fra veicoli in marcia,Intersezione semaforizzata,Pi� di due carreggiate,Asciutto,Asfaltata,Verticale ed orizzontale,Sereno,Normale,Buona,Ore Diurne,1,1,0,0,12.4933,41.8817,-1,1,Autovettura privata,In marcia / fermata / arresto,Conducente,M,Rimandato,0,NON DECEDUTO,,,
4011212,1,28/09/2018 16:00:00,Strada Urbana,VIALE DELLE TERME DI CARACALLA,all'intersezione semaforizzata con,LARGO CAVALIERI DI COLOMBO,LARGO CAVALIERI DI COLOMBO,,,Scontro frontale/laterale SX fra veicoli in marcia,Intersezione semaforizzata,Pi� di due carreggiate,Asciutto,Asfaltata,Verticale ed orizzontale,Sereno,Normale,Buona,Ore Diurne,1,1,0,0,12.4933,41.8817,-1,2,Motociclo a solo,In marcia / fermata / arresto,Conducente,M,Prognosi riservata,0,NON DECEDUTO,,,
4011301,15,28/09/2018 19:50:00,Comunale extraurbana,VIA GAETANO ROSELLI LORENZINI,da specificare,,,,altezza palo acea 40,Tamponamento,Rettilineo,Una carreggiata a senso unico di marcia,Asciutto,Asfaltata,Orizzontale,Sereno,Scarso,Insufficiente,Insufficiente,1,0,0,1,12.3149,41.8078,-1,1,Autovettura privata,In marcia / fermata / arresto,Conducente,M,Illeso,0,,,,
4011301,15,28/09/2018 19:50:00,Comunale extraurbana,VIA GAETANO ROSELLI LORENZINI,da specificare,,,,altezza palo acea 40,Tamponamento,Rettilineo,Una carreggiata a senso unico di marcia,Asciutto,Asfaltata,Orizzontale,Sereno,Scarso,Insufficiente,Insufficiente,1,0,0,1,12.3149,41.8078,-1,2,Velocipede,In marcia / fermata / arresto,Conducente,M,Rimandato,0,NON DECEDUTO,Esente,,
4011302,8,28/09/2018 07:50:00,Strada Urbana,VIA CASILINA,in corrispondenza,,del civico n.,1312,,Scontro laterale fra veicoli in marcia,Rettilineo,Una carreggiata a doppio senso,Asciutto,Asfaltata,Verticale ed orizzontale,Sereno,Intenso,Buona,Ore Diurne,1,0,0,2,12.608,41.864,0,1,Autovettura privata,In marcia / fermata / arresto,Conducente,M,Illeso,0,,,,
4011302,8,28/09/2018 07:50:00,Strada Urbana,VIA CASILINA,in corrispondenza,,del civico n.,1312,,Scontro laterale fra veicoli in marcia,Rettilineo,Una carreggiata a doppio senso,Asciutto,Asfaltata,Verticale ed orizzontale,Sereno,Intenso,Buona,Ore Diurne,1,0,0,2,12.608,41.864,0,1,Autovettura privata,In marcia / fermata / arresto,Passeggero,M,Illeso,0,,,,
4011302,8,28/09/2018 07:50:00,Strada Urbana,VIA CASILINA,in corrispondenza,,del civico n.,1312,,Scontro laterale fra veicoli in marcia,Rettilineo,Una carreggiata a doppio senso,Asciutto,Asfaltata,Verticale ed orizzontale,Sereno,Intenso,Buona,Ore Diurne,1,0,0,2,12.608,41.864,0,2,Motociclo a solo,In marcia / fermata / arresto,Conducente,M,Rimandato,0,NON DECEDUTO,,,
4011303,15,29/09/2018 00:40:00,Strada Urbana,VIALE DEI QUATTRO VENTI,all'intersezione semaforizzata con,VIA ORESTE REGNOLI,VIA ORESTE REGNOLI,,,Scontro frontale/laterale SX fra veicoli in marcia,Intersezione semaforizzata,Una carreggiata a senso unico di marcia,Asciutto,Asfaltata,Verticale ed orizzontale,Sereno,Normale,Buona,Sufficiente,3,0,0,0,12.4585,41.8799,-1,1,Autovettura privata,In marcia / fermata / arresto,Conducente,F,Ricoverato,0,NON DECEDUTO,Utilizzato,,
4011303,15,29/09/2018 00:40:00,Strada Urbana,VIALE DEI QUATTRO VENTI,all'intersezione semaforizzata con,VIA ORESTE REGNOLI,VIA ORESTE REGNOLI,,,Scontro frontale/laterale SX fra veicoli in marcia,Intersezione semaforizzata,Una carreggiata a senso unico di marcia,Asciutto,Asfaltata,Verticale ed orizzontale,Sereno,Normale,Buona,Sufficiente,3,0,0,0,12.4585,41.8799,-1,2,Autovettura privata,In marcia / fermata / arresto,Conducente,F,Rimandato,0,NON DECEDUTO,Utilizzato,Inesploso,
4011303,15,29/09/2018 00:40:00,Strada Urbana,VIALE DEI QUATTRO VENTI,all'intersezione semaforizzata con,VIA ORESTE REGNOLI,VIA ORESTE REGNOLI,,,Scontro frontale/laterale SX fra veicoli in marcia,Intersezione semaforizzata,Una carreggiata a senso unico di marcia,Asciutto,Asfaltata,Verticale ed orizzontale,Sereno,Normale,Buona,Sufficiente,3,0,0,0,12.4585,41.8799,-1,2,Autovettura privata,In marcia / fermata / arresto,Passeggero,M,Rimandato,0,NON DECEDUTO,Utilizzato,Inesploso,
4011310,8,28/09/2018 09:45:00,Strada Urbana,VIA CONTESSA ENTELLINA,all'intersezione con,VIA GRATTERI,VIA GRATTERI,,,Scontro laterale fra veicoli in marcia,Intersezione non regolata/non segnalata,Due carreggiate,Asciutto,Asfaltata,Verticale,Sereno,Scarso,Buona,Ore Diurne,0,0,0,2,12.6714,41.8683,-1,1,Autovettura privata,In marcia / fermata / arresto,Conducente,F,Illeso,0,,Non accertato,Inesploso,
4011310,8,28/09/2018 09:45:00,Strada Urbana,VIA CONTESSA ENTELLINA,all'intersezione con,VIA GRATTERI,VIA GRATTERI,,,Scontro laterale fra veicoli in marcia,Intersezione non regolata/non segnalata,Due carreggiate,Asciutto,Asfaltata,Verticale,Sereno,Scarso,Buona,Ore Diurne,0,0,0,2,12.6714,41.8683,-1,2,Autovettura privata,In marcia / fermata / arresto,Conducente,F,Illeso,0,,Non accertato,Inesploso,
4011311,15,28/09/2018 21:40:00,Comunale extraurbana,VIA DELLA MAGLIANA,in corrispondenza,,del civico n.,1090,,Scontro frontale/laterale SX fra veicoli in marcia,Curva senza visuale libera,Una carreggiata a doppio senso,Asciutto,Asfaltata,Assente,Sereno,Scarso,Sufficiente,Sufficiente,0,0,0,2,12.3785,41.8261,-1,1,Autobus turistico,In marcia / fermata / arresto,Conducente,M,Illeso,0,,,Inesploso,
4011311,15,28/09/2018 21:40:00,Comunale extraurbana,VIA DELLA MAGLIANA,in corrispondenza,,del civico n.,1090,,Scontro frontale/laterale SX fra veicoli in marcia,Curva senza visuale libera,Una carreggiata a doppio senso,Asciutto,Asfaltata,Assente,Sereno,Scarso,Sufficiente,Sufficiente,0,0,0,2,12.3785,41.8261,-1,2,Motrice,In marcia / fermata / arresto,Conducente,M,Illeso,0,,,,
4011316,15,28/09/2018 13:55:00,Strada Urbana,LUNGOTEVERE DELLA MAGLIANA,da specificare,,,,tratto tra v. vaiano e v. impruneta,Veicolo in marcia contro veicolo in sosta,Rettilineo,Una carreggiata a senso unico di marcia,Asciutto,Asfaltata,Assente,Sereno,Scarso,Buona,Ore Diurne,0,0,0,1,12.4617,41.851,-1,1,Autopompa,In marcia / fermata / arresto,Conducente,M,Illeso,0,,,,
4011320,8,28/09/2018 11:00:00,Strada Urbana,VIA BRONTE,all'intersezione con,VIA CASTELVETRANO,VIA CASTELVETRANO,,,Scontro frontale/laterale SX fra veicoli in marcia,Incrocio,Una carreggiata a senso unico di marcia,Asciutto,Asfaltata,Assente,Sereno,Normale,Buona,Ore Diurne,0,0,0,2,12.669,41.8554,-1,1,Autovettura privata,In marcia / fermata / arresto,Conducente,F,Illeso,0,,Non accertato,Inesploso,
4011320,8,28/09/2018 11:00:00,Strada Urbana,VIA BRONTE,all'intersezione con,VIA CASTELVETRANO,VIA CASTELVETRANO,,,Scontro frontale/laterale SX fra veicoli in marcia,Incrocio,Una carreggiata a senso unico di marcia,Asciutto,Asfaltata,Assente,Sereno,Normale,Buona,Ore Diurne,0,0,0,2,12.669,41.8554,-1,2,Autovettura privata,In marcia / fermata / arresto,Conducente,M,Illeso,0,,Non accertato,Inesploso,
4011324,8,28/09/2018 18:23:00,Strada Urbana,VIA DI TOR FORAME,in prossimit�,,del civico n.,53,,Investimento di pedone,Rettilineo,Una carreggiata a doppio senso,Asciutto,Asfaltata,Assente,Sole radente,Scarso,Sufficiente,Ore Diurne,1,0,0,1,12.6866,41.8508,-1,,,,Pedone,F,Rimandato,0,NON DECEDUTO,,,
4011324,8,28/09/2018 18:23:00,Strada Urbana,VIA DI TOR FORAME,in prossimit�,,del civico n.,53,,Investimento di pedone,Rettilineo,Una carreggiata a doppio senso,Asciutto,Asfaltata,Assente,Sole radente,Scarso,Sufficiente,Ore Diurne,1,0,0,1,12.6866,41.8508,-1,1,Autovettura privata,In marcia / fermata / arresto,Conducente,M,Illeso,0,,Non accertato,Inesploso,
4011325,8,28/09/2018 08:00:00,Strada Urbana,VIA DELL'ARCHEOLOGIA,in prossimit�,,del civico n.,106,,Scontro frontale/laterale SX fra veicoli in marcia,Rettilineo,Una carreggiata a doppio senso,Asciutto,Asfaltata,Verticale ed orizzontale,Sereno,Normale,Sufficiente,Ore Diurne,0,0,0,4,12.63,41.8786,-1,1,Autovettura privata,In marcia / fermata / arresto,Conducente,F,Illeso,0,,Non accertato,Inesploso,
4011325,8,28/09/2018 08:00:00,Strada Urbana,VIA DELL'ARCHEOLOGIA,in prossimit�,,del civico n.,106,,Scontro frontale/laterale SX fra veicoli in marcia,Rettilineo,Una carreggiata a doppio senso,Asciutto,Asfaltata,Verticale ed orizzontale,Sereno,Normale,Sufficiente,Ore Diurne,0,0,0,4,12.63,41.8786,-1,1,Autovettura privata,In marcia / fermata / arresto,Passeggero,M,Illeso,0,,Non accertato,Inesploso,
4011325,8,28/09/2018 08:00:00,Strada Urbana,VIA DELL'ARCHEOLOGIA,in prossimit�,,del civico n.,106,,Scontro frontale/laterale SX fra veicoli in marcia,Rettilineo,Una carreggiata a doppio senso,Asciutto,Asfaltata,Verticale ed orizzontale,Sereno,Normale,Sufficiente,Ore Diurne,0,0,0,4,12.63,41.8786,-1,1,Autovettura privata,In marcia / fermata / arresto,Passeggero,M,Illeso,0,,Non accertato,Inesploso,
4011325,8,28/09/2018 08:00:00,Strada Urbana,VIA DELL'ARCHEOLOGIA,in prossimit�,,del civico n.,106,,Scontro frontale/laterale SX fra veicoli in marcia,Rettilineo,Una carreggiata a doppio senso,Asciutto,Asfaltata,Verticale ed orizzontale,Sereno,Normale,Sufficiente,Ore Diurne,0,0,0,4,12.63,41.8786,-1,2,Autovettura privata,In marcia / fermata / arresto,Conducente,M,Illeso,0,,Non accertato,Inesploso,
4011328,8,28/09/2018 16:40:00,,VIA DEL TORRACCIO DI TORRENOVA,all'intersezione con,VIA DEGLI INTAGLIATORI,VIA DEGLI INTAGLIATORI,,,Investimento di pedone,,,,,,,,,,1,0,0,2,12.6259,41.8684,0,,,,Pedone,M,Rimandato,0,NON DECEDUTO,,,