Protocollo,Gruppo,DataOraIncidente,Localizzazione1,STRADA1,Localizzazione2,STRADA2,Strada02,Chilometrica,DaSpecificare,NaturaIncidente,particolaritastrade,TipoStrada,FondoStradale,Pavimentazione,Segnaletica,CondizioneAtmosferica,Traffico,Visibilita,Illuminazione,NUM_FERITI,NUM_RISERVATA,NUM_MORTI,NUM_ILLESI,Longitudine,Latitudine,Confermato,Progressivo,TipoVeicolo,StatoVeicolo,TipoPersona,Sesso,Tipolesione,Deceduto,DecedutoDopo,CinturaCascoUtilizzato,Airbag,
4011328,8,28/09/2018 16:40:00,,VIA DEL TORRACCIO DI TORRENOVA,all'intersezione con,VIA DEGLI INTAGLIATORI,VIA DEGLI INTAGLIATORI,,,Investimento di pedone,,,,,,,,,,1,0,0,2,12.6259,41.8684,0,1,Autovettura privata,In marcia / fermata / arresto,Conducente,F,Illeso,0,,,,
4011328,8,28/09/2018 16:40:00,,VIA DEL TORRACCIO DI TORRENOVA,all'intersezione con,VIA DEGLI INTAGLIATORI,VIA DEGLI INTAGLIATORI,,,Investimento di pedone,,,,,,,,,,1,0,0,2,12.6259,41.8684,0,1,Autovettura privata,In marcia / fermata / arresto,Passeggero,F,Illeso,0,,,,
4011333,8,28/09/2018 17:00:00,,VIA CASILINA,in corrispondenza,,del palo luce n.,828,,Tamponamento Multiplo,,,,,,,,,,1,0,0,1,12.6194,41.8629,0,1,Autovettura privata,In marcia / fermata / arresto,Conducente,M,Illeso,0,,,,
4011333,8,28/09/2018 17:00:00,,VIA CASILINA,in corrispondenza,,del palo luce n.,828,,Tamponamento Multiplo,,,,,,,,,,1,0,0,1,12.6194,41.8629,0,2,Autovettura privata,In marcia / fermata / arresto,Conducente,M,Rifiuta cure immediate,0,NON DECEDUTO,,,
4011335,8,28/09/2018 20:30:00,Strada Urbana,VIA OSVALDO LICINI,all'intersezione con,VIA LUCIO FONTANA,VIA LUCIO FONTANA,,,Scontro laterale fra veicoli in marcia,Incrocio,Una carreggiata a senso unico di marcia,Asciutto,Asfaltata,Assente,Sereno,Scarso,Sufficiente,Sufficiente,1,0,0,1,12.6181,41.9089,-1,1,Autocarro superiore 35 q.,In marcia / fermata / arresto,Conducente,M,Illeso,0,,Non accertato,Inesploso,
4011335,8,28/09/2018 20:30:00,Strada Urbana,VIA OSVALDO LICINI,all'intersezione con,VIA LUCIO FONTANA,VIA LUCIO FONTANA,,,Scontro laterale fra veicoli in marcia,Incrocio,Una carreggiata a senso unico di marcia,Asciutto,Asfaltata,Assente,Sereno,Scarso,Sufficiente,Sufficiente,1,0,0,1,12.6181,41.9089,-1,2,Autovettura privata,In marcia / fermata / arresto,Conducente,M,Rifiuta cure immediate,0,NON DECEDUTO,Non accertato,Inesploso,
4011339,13,28/09/2018 18:00:00,Strada Urbana,VIA DI PONTE LADRONE,all'intersezione con,VIA SUOR CESARINA D'ANGELO,VIA SUOR CESARINA D'ANGELO,,,Scontro frontale/laterale DX fra veicoli in marcia,Incrocio,Una carreggiata a doppio senso,Asciutto,Asfaltata,Verticale,Sereno,Normale,Buona,Ore Diurne,2,0,0,2,12.3816,41.7837,-1,1,Autovettura privata,In marcia / fermata / arresto,Conducente,M,Illeso,0,,,,
4011339,13,28/09/2018 18:00:00,Strada Urbana,VIA DI PONTE LADRONE,all'intersezione con,VIA SUOR CESARINA D'ANGELO,VIA SUOR CESARINA D'ANGELO,,,Scontro frontale/laterale DX fra veicoli in marcia,Incrocio,Una carreggiata a doppio senso,Asciutto,Asfaltata,Verticale,Sereno,Normale,Buona,Ore Diurne,2,0,0,2,12.3816,41.7837,-1,1,Autovettura privata,In marcia / fermata / arresto,Passeggero,F,Rimandato,0,NON DECEDUTO,,Inesploso,
4011339,13,28/09/2018 18:00:00,Strada Urbana,VIA DI PONTE LADRONE,all'intersezione con,VIA SUOR CESARINA D'ANGELO,VIA SUOR CESARINA D'ANGELO,,,Scontro frontale/laterale DX fra veicoli in marcia,Incrocio,Una carreggiata a doppio senso,Asciutto,Asfaltata,Verticale,Sereno,Normale,Buona,Ore Diurne,2,0,0,2,12.3816,41.7837,-1,2,Autovettura privata,In marcia / fermata / arresto,Conducente,M,Illeso,0,,,,
4011339,13,28/09/2018 18:00:00,Strada Urbana,VIA DI PONTE LADRONE,all'intersezione con,VIA SUOR CESARINA D'ANGELO,VIA SUOR CESARINA D'ANGELO,,,Scontro frontale/laterale DX fra veicoli in marcia,Incrocio,Una carreggiata a doppio senso,Asciutto,Asfaltata,Verticale,Sereno,Normale,Buona,Ore Diurne,2,0,0,2,12.3816,41.7837,-1,2,Autovettura privata,In marcia / fermata / arresto,Passeggero,M,Rimandato,0,NON DECEDUTO,,Esploso,
4011341,13,28/09/2018 20:10:00,Strada Urbana,VIA ERMANNO WOLF FERRARI,in corrispondenza,,del civico n.,336,,Scontro laterale fra veicoli in marcia,Rettilineo,Una carreggiata a doppio senso,Asciutto,Asfaltata,Orizzontale,Sereno,Normale,Buona,Sufficiente,0,0,0,3,12.3715,41.7539,-1,1,Autovettura privata,In marcia / fermata / arresto,Conducente,F,Illeso,0,,,,
4011341,13,28/09/2018 20:10:00,Strada Urbana,VIA ERMANNO WOLF FERRARI,in corrispondenza,,del civico n.,336,,Scontro laterale fra veicoli in marcia,Rettilineo,Una carreggiata a doppio senso,Asciutto,Asfaltata,Orizzontale,Sereno,Normale,Buona,Sufficiente,0,0,0,3,12.3715,41.7539,-1,2,Autovettura privata,In marcia / fermata / arresto,Conducente,M,Illeso,0,,,,
4011341,13,28/09/2018 20:10:00,Strada Urbana,VIA ERMANNO WOLF FERRARI,in corrispondenza,,del civico n.,336,,Scontro laterale fra veicoli in marcia,Rettilineo,Una carreggiata a doppio senso,Asciutto,Asfaltata,Orizzontale,Sereno,Normale,Buona,Sufficiente,0,0,0,3,12.3715,41.7539,-1,2,Autovettura privata,In marcia / fermata / arresto,Passeggero,M,Illeso,0,,Non accertato,Inesploso,
4011342,13,28/09/2018 14:35:00,Strada Urbana,CORSO REGINA MARIA PIA,all'intersezione con,VIA PIETRO ROSA,VIA PIETRO ROSA,,,Scontro frontale/laterale DX fra veicoli in marcia,Incrocio,Una carreggiata a doppio senso,Asciutto,Asfaltata,Verticale ed orizzontale,Sereno,Normale,Buona,Ore Diurne,0,0,0,3,12.2845,41.7295,-1,1,Autovettura privata,In marcia / fermata / arresto,Conducente,F,Illeso,0,,,,
4011342,13,28/09/2018 14:35:00,Strada Urbana,CORSO REGINA MARIA PIA,all'intersezione con,VIA PIETRO ROSA,VIA PIETRO ROSA,,,Scontro frontale/laterale DX fra veicoli in marcia,Incrocio,Una carreggiata a doppio senso,Asciutto,Asfaltata,Verticale ed orizzontale,Sereno,Normale,Buona,Ore Diurne,0,0,0,3,12.2845,41.7295,-1,2,Autovettura privata,In marcia / fermata / arresto,Conducente,F,Illeso,0,,,,
4011342,13,28/09/2018 14:35:00,Strada Urbana,CORSO REGINA MARIA PIA,all'intersezione con,VIA PIETRO ROSA,VIA PIETRO ROSA,,,Scontro frontale/laterale DX fra veicoli in marcia,Incrocio,Una carreggiata a doppio senso,Asciutto,Asfaltata,Verticale ed orizzontale,Sereno,Normale,Buona,Ore Diurne,0,0,0,3,12.2845,41.7295,-1,2,Autovettura privata,In marcia / fermata / arresto,Passeggero,F,Illeso,0,,,,
4011344,13,28/09/2018 18:50:00,,VIA DEI PESCATORI,da specificare,,,,prossimit� Via Micali,Veicolo in marcia contro ostacolo fisso,,,,,,,,,,1,0,0,1,12.3344,41.7522,0,1,Autovettura privata,In marcia / fermata / arresto,Conducente,M,Rimandato,0,NON DECEDUTO,,,
4011344,13,28/09/2018 18:50:00,,VIA DEI PESCATORI,da specificare,,,,prossimit� Via Micali,Veicolo in marcia contro ostacolo fisso,,,,,,,,,,1,0,0,1,12.3344,41.7522,0,1,Autovettura privata,In marcia / fermata / arresto,Passeggero,F,Illeso,0,,,Esploso,
4011345,13,28/09/2018 15:40:00,Strada Urbana,VIA ARISTIDE CARABELLI,all'intersezione con,VIA COSTANZO CASANA,VIA COSTANZO CASANA,,,Investimento di pedone,Intersezione semaforizzata,Due carreggiate,Asciutto,Asfaltata,Verticale ed orizzontale,Sereno,Normale,Buona,Ore Diurne,3,0,0,0,12.2685,41.7387,-1,,,,Pedone,F,Ricoverato,0,NON DECEDUTO,,,
4011345,13,28/09/2018 15:40:00,Strada Urbana,VIA ARISTIDE CARABELLI,all'intersezione con,VIA COSTANZO CASANA,VIA COSTANZO CASANA,,,Investimento di pedone,Intersezione semaforizzata,Due carreggiate,Asciutto,Asfaltata,Verticale ed orizzontale,Sereno,Normale,Buona,Ore Diurne,3,0,0,0,12.2685,41.7387,-1,1,Autobus urbano,In marcia / fermata / arresto,Conducente,M,Rimandato,0,NON DECEDUTO,Non accertato,Inesploso,
4011345,13,28/09/2018 15:40:00,Strada Urbana,VIA ARISTIDE CARABELLI,all'intersezione con,VIA COSTANZO CASANA,VIA COSTANZO CASANA,,,Investimento di pedone,Intersezione semaforizzata,Due carreggiate,Asciutto,Asfaltata,Verticale ed orizzontale,Sereno,Normale,Buona,Ore Diurne,3,0,0,0,12.2685,41.7387,-1,1,Autobus urbano,In marcia / fermata / arresto,Passeggero,F,Rimandato,0,NON DECEDUTO,Non accertato,Inesploso,
4011346,13,28/09/2018 08:25:00,Strada Urbana,VIA CARLO BOSIO,all'intersezione con,VIA CORRADO DEL GRECO,VIA CORRADO DEL GRECO,,,Scontro frontale/laterale SX fra veicoli in marcia,Incrocio,Una carreggiata a doppio senso,Asciutto,Asfaltata,Verticale,Sereno,Normale,Buona,Ore Diurne,0,0,0,4,12.2726,41.7385,-1,1,Autovettura privata,In marcia / fermata / arresto,Conducente,M,Illeso,0,,,,
4011346,13,28/09/2018 08:25:00,Strada Urbana,VIA CARLO BOSIO,all'intersezione con,VIA CORRADO DEL GRECO,VIA CORRADO DEL GRECO,,,Scontro frontale/laterale SX fra veicoli in marcia,Incrocio,Una carreggiata a doppio senso,Asciutto,Asfaltata,Verticale,Sereno,Normale,Buona,Ore Diurne,0,0,0,4,12.2726,41.7385,-1,1,Autovettura privata,In marcia / fermata / arresto,Passeggero,M,Illeso,0,,Non accertato,Esploso,
4011346,13,28/09/2018 08:25:00,Strada Urbana,VIA CARLO BOSIO,all'intersezione con,VIA CORRADO DEL GRECO,VIA CORRADO DEL GRECO,,,Scontro frontale/laterale SX fra veicoli in marcia,Incrocio,Una carreggiata a doppio senso,Asciutto,Asfaltata,Verticale,Sereno,Normale,Buona,Ore Diurne,0,0,0,4,12.2726,41.7385,-1,2,Autovettura privata,In marcia / fermata / arresto,Conducente,M,Illeso,0,,,,
4011346,13,28/09/2018 08:25:00,Strada Urbana,VIA CARLO BOSIO,all'intersezione con,VIA CORRADO DEL GRECO,VIA CORRADO DEL GRECO,,,Scontro frontale/laterale SX fra veicoli in marcia,Incrocio,Una carreggiata a doppio senso,Asciutto,Asfaltata,Verticale,Sereno,Normale,Buona,Ore Diurne,0,0,0,4,12.2726,41.7385,-1,3,Autovettura privata,In marcia / fermata / arresto,Conducente,M,Illeso,0,,,,
4011353,17,28/09/2018 08:00:00,Strada Urbana,VIA GIOVANNI BETTOLO,in corrispondenza,,del civico n.,58,,Veicolo in marcia contro ostacolo accidentale,Rettilineo,Pi� di due carreggiate,Asciutto,Asfaltata,Verticale ed orizzontale,Sereno,Normale,Buona,Ore Diurne,0,0,0,2,12.4575,41.9119,0,1,Autovettura privata,In marcia / fermata / arresto,Conducente,M,Illeso,0,,,,
4011353,17,28/09/2018 08:00:00,Strada Urbana,VIA GIOVANNI BETTOLO,in corrispondenza,,del civico n.,58,,Veicolo in marcia contro ostacolo accidentale,Rettilineo,Pi� di due carreggiate,Asciutto,Asfaltata,Verticale ed orizzontale,Sereno,Normale,Buona,Ore Diurne,0,0,0,2,12.4575,41.9119,0,2,Motociclo con passeggero,In marcia / fermata / arresto,Conducente,M,Illeso,0,,,,
4011381,17,26/09/2018 16:20:00,Strada Urbana,PIAZZA CAVOUR,da specificare,,,,tratto da VIA CICERONE a VIA VITTORIA COLONNA,Veicolo in marcia contro ostacolo accidentale,Curva a visuale libera,Una carreggiata a doppio senso,Viscido da liquidi oleosi,In cubetti di porfido,Verticale ed orizzontale,Sereno,Normale,Buona,Ore Diurne,0,0,0,4,12.4695,41.9057,-1,1,Autovettura pubblica,In marcia / fermata / arresto,Conducente,M,Illeso,0,,,,
4011381,17,26/09/2018 16:20:00,Strada Urbana,PIAZZA CAVOUR,da specificare,,,,tratto da VIA CICERONE a VIA VITTORIA COLONNA,Veicolo in marcia contro ostacolo accidentale,Curva a visuale libera,Una carreggiata a doppio senso,Viscido da liquidi oleosi,In cubetti di porfido,Verticale ed orizzontale,Sereno,Normale,Buona,Ore Diurne,0,0,0,4,12.4695,41.9057,-1,2,Motociclo a solo,In marcia / fermata / arresto,Conducente,M,Illeso,0,,,,
4011381,17,26/09/2018 16:20:00,Strada Urbana,PIAZZA CAVOUR,da specificare,,,,tratto da VIA CICERONE a VIA VITTORIA COLONNA,Veicolo in marcia contro ostacolo accidentale,Curva a visuale libera,Una carreggiata a doppio senso,Viscido da liquidi oleosi,In cubetti di porfido,Verticale ed orizzontale,Sereno,Normale,Buona,Ore Diurne,0,0,0,4,12.4695,41.9057,-1,3,Motociclo a solo,In marcia / fermata / arresto,Conducente,M,Illeso,0,,,,
4011381,17,26/09/2018 16:20:00,Strada Urbana,PIAZZA CAVOUR,da specificare,,,,tratto da VIA CICERONE a VIA VITTORIA COLONNA,Veicolo in marcia contro ostacolo accidentale,Curva a visuale libera,Una carreggiata a doppio senso,Viscido da liquidi oleosi,In cubetti di porfido,Verticale ed orizzontale,Sereno,Normale,Buona,Ore Diurne,0,0,0,4,12.4695,41.9057,-1,4,Motociclo a solo,In marcia / fermata / arresto,Conducente,M,Illeso,0,,,,
4011385,11,28/09/2018 09:00:00,Strada Urbana,VIA ALESSIO BALDOVINETTI,in corrispondenza,,del civico n.,99,,Tamponamento,Rettilineo,Una carreggiata a doppio senso,Asciutto,Asfaltata,Verticale ed orizzontale,Sereno,Intenso,Buona,Ore Diurne,0,0,0,3,12.4945,41.8312,-1,1,Autovettura privata,In marcia / fermata / arresto,Conducente,F,Illeso,0,,Non accertato,,
4011385,11,28/09/2018 09:00:00,Strada Urbana,VIA ALESSIO BALDOVINETTI,in corrispondenza,,del civico n.,99,,Tamponamento,Rettilineo,Una carreggiata a doppio senso,Asciutto,Asfaltata,Verticale ed orizzontale,Sereno,Intenso,Buona,Ore Diurne,0,0,0,3,12.4945,41.8312,-1,2,Autovettura privata,In marcia / fermata / arresto,Conducente,M,Illeso,0,,,,
4011385,11,28/09/2018 09:00:00,Strada Urbana,VIA ALESSIO BALDOVINETTI,in corrispondenza,,del civico n.,99,,Tamponamento,Rettilineo,Una carreggiata a doppio senso,Asciutto,Asfaltata,Verticale ed orizzontale,Sereno,Intenso,Buona,Ore Diurne,0,0,0,3,12.4945,41.8312,-1,2,Autovettura privata,In marcia / fermata / arresto,Passeggero,F,Illeso,0,,,,
4011401,17,28/09/2018 09:40:00,Strada Urbana,VIALE GIUSEPPE MAZZINI,in corrispondenza,,del civico n.,123,,Investimento di pedone,Rettilineo,Due carreggiate,Asciutto,Asfaltata,Verticale ed orizzontale,Sereno,Normale,Buona,Ore Diurne,2,0,0,0,12.4562,41.9154,-1,,,,Pedone,F,Rimandato,0,NON DECEDUTO,,,
4011401,17,28/09/2018 09:40:00,Strada Urbana,VIALE GIUSEPPE MAZZINI,in corrispondenza,,del civico n.,123,,Investimento di pedone,Rettilineo,Due carreggiate,Asciutto,Asfaltata,Verticale ed orizzontale,Sereno,Normale,Buona,Ore Diurne,2,0,0,0,12.4562,41.9154,-1,1,Motociclo a solo,In marcia / fermata / arresto,Conducente,F,Rimandato,0,NON DECEDUTO,,,
4011416,12,28/09/2018 10:35:00,Strada Urbana,VIALE DELLA TECNICA,in prossimit�,,del civico n.,195,,Veicolo in marcia contro veicolo in sosta,Rettilineo,Una carreggiata a doppio senso,Asciutto,Asfaltata,Verticale ed orizzontale,Sereno,Normale,Buona,Ore Diurne,0,0,0,3,12.4591,41.8268,-1,1,Autovettura privata,In marcia / fermata / arresto,Conducente,F,Illeso,0,,Non accertato,Inesploso,
4011416,12,28/09/2018 10:35:00,Strada Urbana,VIALE DELLA TECNICA,in prossimit�,,del civico n.,195,,Veicolo in marcia contro veicolo in sosta,Rettilineo,Una carreggiata a doppio senso,Asciutto,Asfaltata,Verticale ed orizzontale,Sereno,Normale,Buona,Ore Diurne,0,0,0,3,12.4591,41.8268,-1,1,Autovettura privata,In marcia / fermata / arresto,Passeggero,F,Illeso,0,,Non accertato,Inesploso,
4011416,12,28/09/2018 10:35:00,Strada Urbana,VIALE DELLA TECNICA,in prossimit�,,del civico n.,195,,Veicolo in marcia contro veicolo in sosta,Rettilineo,Una carreggiata a doppio senso,Asciutto,Asfaltata,Verticale ed orizzontale,Sereno,Normale,Buona,Ore Diurne,0,0,0,3,12.4591,41.8268,-1,1,Autovettura privata,In marcia / fermata / arresto,Passeggero,F,Illeso,0,,Non accertato,Inesploso,
4011417,11,28/09/2018 17:00:00,Strada Urbana,LARGO BENEDETTO BOMPIANI,all'intersezione con,VIA DELLE SETTE CHIESE,VIA DELLE SETTE CHIESE,,,Investimento di pedone,Rotatoria,Una carreggiata a senso unico di marcia,Asciutto,Asfaltata,Verticale ed orizzontale,Sereno,Normale,Buona,Ore Diurne,0,0,1,2,12.5018,41.8594,-1,,,,Pedone,F,Rimandato,0,DECEDUTO ENTRO IL TERZO GIORNO,,,
4011417,11,28/09/2018 17:00:00,Strada Urbana,LARGO BENEDETTO BOMPIANI,all'intersezione con,VIA DELLE SETTE CHIESE,VIA DELLE SETTE CHIESE,,,Investimento di pedone,Rotatoria,Una carreggiata a senso unico di marcia,Asciutto,Asfaltata,Verticale ed orizzontale,Sereno,Normale,Buona,Ore Diurne,0,0,1,2,12.5018,41.8594,-1,1,Autovettura privata,In marcia / fermata / arresto,Conducente,F,Illeso,0,,Non accertato,,
4011417,11,28/09/2018 17:00:00,Strada Urbana,LARGO BENEDETTO BOMPIANI,all'intersezione con,VIA DELLE SETTE CHIESE,VIA DELLE SETTE CHIESE,,,Investimento di pedone,Rotatoria,Una carreggiata a senso unico di marcia,Asciutto,Asfaltata,Verticale ed orizzontale,Sereno,Normale,Buona,Ore Diurne,0,0,1,2,12.5018,41.8594,-1,1,Autovettura privata,In marcia / fermata / arresto,Passeggero,M,Illeso,0,,,,
4011418,12,28/09/2018 20:00:00,Strada Urbana,VIALE DELL'UMANESIMO,da specificare,,,,altezza piazzale dell'UMANESIMO,Tamponamento,Rettilineo,Una carreggiata a doppio senso,Asciutto,Asfaltata,Verticale ed orizzontale,Sereno,Normale,Buona,Sufficiente,2,0,0,1,12.4716,41.8226,-1,1,Autovettura privata,In marcia / fermata / arresto,Conducente,M,Illeso,0,,,,
4011418,12,28/09/2018 20:00:00,Strada Urbana,VIALE DELL'UMANESIMO,da specificare,,,,altezza piazzale dell'UMANESIMO,Tamponamento,Rettilineo,Una carreggiata a doppio senso,Asciutto,Asfaltata,Verticale ed orizzontale,Sereno,Normale,Buona,Sufficiente,2,0,0,1,12.4716,41.8226,-1,2,Motociclo con passeggero,In marcia / fermata / arresto,Conducente,M,Rimandato,0,NON DECEDUTO,,,
4011418,12,28/09/2018 20:00:00,Strada Urbana,VIALE DELL'UMANESIMO,da specificare,,,,altezza piazzale dell'UMANESIMO,Tamponamento,Rettilineo,Una carreggiata a doppio senso,Asciutto,Asfaltata,Verticale ed orizzontale,Sereno,Normale,Buona,Sufficiente,2,0,0,1,12.4716,41.8226,-1,2,Motociclo con passeggero,In marcia / fermata / arresto,Passeggero,F,Rimandato,0,NON DECEDUTO,Utilizzato,,
4011421,17,28/09/2018 11:20:00,Strada Urbana,CIRCONVALLAZIONE CLODIA,all'intersezione con,VIA DI S. LUCIA,VIA DI S. LUCIA,,,Fuoriuscita dalla sede stradale,Intersezione stradale segnalata,Due carreggiate,Asciutto,Asfaltata,Verticale ed orizzontale,Sereno,Normale,Buona,Ore Diurne,1,0,0,0,12.4567,41.9191,0,1,Motociclo con passeggero,In marcia / fermata / arresto,Conducente,M,Rimandato,0,NON DECEDUTO,,,
4011438,11,28/09/2018 18:25:00,Strada Urbana,VIALE GIUSTINIANO IMPERATORE,all'intersezione con,VIA GALBA,VIA GALBA,,,Scontro laterale fra veicoli in marcia,Incrocio,Due carreggiate,Asciutto,Asfaltata,Verticale ed orizzontale,Sereno,Normale,Buona,Ore Diurne,1,0,0,1,12.487,41.8554,-1,1,Autovettura privata,In marcia / fermata / arresto,Conducente,M,Illeso,0,,Non accertato,,
4011438,11,28/09/2018 18:25:00,Strada Urbana,VIALE GIUSTINIANO IMPERATORE,all'intersezione con,VIA GALBA,VIA GALBA,,,Scontro laterale fra veicoli in marcia,Incrocio,Due carreggiate,Asciutto,Asfaltata,Verticale ed orizzontale,Sereno,Normale,Buona,Ore Diurne,1,0,0,1,12.487,41.8554,-1,2,Motociclo a solo,In marcia / fermata / arresto,Conducente,M,Rifiuta cure immediate,0,NON DECEDUTO,,,
4011453,12,28/09/2018 23:13:00,Strada Urbana,PIAZZALE SS. PIETRO E PAOLO,in corrispondenza,,del civico n.,20,,Veicolo in marcia contro veicoli in sosta,Curva a visuale libera,Una carreggiata a senso unico di marcia,Asciutto,Asfaltata,Verticale ed orizzontale,Sereno,Normale,Sufficiente,Sufficiente,0,0,0,1,12.4585,41.8334,-1,3,Autovettura privata,In marcia / fermata / arresto,Conducente,M,Illeso,0,,Utilizzato,Inesploso,
4011491,11,28/09/2018 21:15:00,Strada Urbana,VIA LAURENTINA,da specificare,,,,prossimit� Luigi Perna,Scontro laterale fra veicoli in marcia,Rettilineo,Due carreggiate,Asciutto,Asfaltata,Verticale ed orizzontale,Sereno,Scarso,Buona,Sufficiente,1,0,0,4,12.4799,41.845,-1,1,Autovettura privata,In marcia / fermata / arresto,Conducente,M,Illeso,0,,Non accertato,,
4011491,11,28/09/2018 21:15:00,Strada Urbana,VIA LAURENTINA,da specificare,,,,prossimit� Luigi Perna,Scontro laterale fra veicoli in marcia,Rettilineo,Due carreggiate,Asciutto,Asfaltata,Verticale ed orizzontale,Sereno,Scarso,Buona,Sufficiente,1,0,0,4,12.4799,41.845,-1,1,Autovettura privata,In marcia / fermata / arresto,Passeggero,M,Illeso,0,,Non accertato,,
4011491,11,28/09/2018 21:15:00,Strada Urbana,VIA LAURENTINA,da specificare,,,,prossimit� Luigi Perna,Scontro laterale fra veicoli in marcia,Rettilineo,Due carreggiate,Asciutto,Asfaltata,Verticale ed orizzontale,Sereno,Scarso,Buona,Sufficiente,1,0,0,4,12.4799,41.845,-1,1,Autovettura privata,In marcia / fermata / arresto,Passeggero,F,Illeso,0,,Non accertato,,
4011491,11,28/09/2018 21:15:00,Strada Urbana,VIA LAURENTINA,da specificare,,,,prossimit� Luigi Perna,Scontro laterale fra veicoli in marcia,Rettilineo,Due carreggiate,Asciutto,Asfaltata,Verticale ed orizzontale,Sereno,Scarso,Buona,Sufficiente,1,0,0,4,12.4799,41.845,-1,1,Autovettura privata,In marcia / fermata / arresto,Passeggero,M,Illeso,0,,Non accertato,,
4011491,11,28/09/2018 21:15:00,Strada Urbana,VIA LAURENTINA,da specificare,,,,prossimit� Luigi Perna,Scontro laterale fra veicoli in marcia,Rettilineo,Due carreggiate,Asciutto,Asfaltata,Verticale ed orizzontale,Sereno,Scarso,Buona,Sufficiente,1,0,0,4,12.4799,41.845,-1,2,Motociclo a solo,In marcia / fermata / arresto,Conducente,M,Rimandato,0,NON DECEDUTO,Non accertato,,
4011505,17,28/09/2018 17:15:00,Strada Urbana,VIA VIRGINIO ORSINI,all'intersezione con,VIA DEGLI SCIPIONI,VIA DEGLI SCIPIONI,,,Scontro laterale fra veicoli in marcia,Incrocio,Una carreggiata a senso unico di marcia,Asciutto,Asfaltata,Verticale ed orizzontale,Sereno,Normale,Buona,Ore Diurne,0,0,0,2,12.4691,41.9113,-1,1,Motociclo con passeggero,In marcia / fermata / arresto,Conducente,M,Illeso,0,,,,
4011505,17,28/09/2018 17:15:00,Strada Urbana,VIA VIRGINIO ORSINI,all'intersezione con,VIA DEGLI SCIPIONI,VIA DEGLI SCIPIONI,,,Scontro laterale fra veicoli in marcia,Incrocio,Una carreggiata a senso unico di marcia,Asciutto,Asfaltata,Verticale ed orizzontale,Sereno,Normale,Buona,Ore Diurne,0,0,0,2,12.4691,41.9113,-1,2,Autovettura privata,In marcia / fermata / arresto,Conducente,F,Illeso,0,,,,
4011509,17,28/09/2018 16:00:00,Strada Urbana,VIA VITTOR PISANI,in corrispondenza,,del civico n.,15,,Scontro frontale/laterale SX fra veicoli in marcia,Rettilineo,Una carreggiata a doppio senso,Asciutto,Asfaltata,Verticale ed orizzontale,Sereno,Normale,Buona,Ore Diurne,1,0,0,1,12.449,41.9081,0,1,Autocarro inferiore 35 q.,In marcia / fermata / arresto,Conducente,M,Illeso,0,,,,
4011509,17,28/09/2018 16:00:00,Strada Urbana,VIA VITTOR PISANI,in corrispondenza,,del civico n.,15,,Scontro frontale/laterale SX fra veicoli in marcia,Rettilineo,Una carreggiata a doppio senso,Asciutto,Asfaltata,Verticale ed orizzontale,Sereno,Normale,Buona,Ore Diurne,1,0,0,1,12.449,41.9081,0,2,Motociclo a solo,In marcia / fermata / arresto,Conducente,M,Rimandato,0,NON DECEDUTO,,,
4011555,11,28/09/2018 22:50:00,Strada Urbana,CIRCONVALLAZIONE OSTIENSE,in prossimit�,,del civico n.,156,,Veicolo in marcia contro veicolo fermo,Rettilineo,Due carreggiate,Asciutto,Asfaltata,Verticale ed orizzontale,Sereno,Scarso,Sufficiente,Sufficiente,0,0,0,3,12.4868,41.867,-1,1,Autovettura privata,In marcia / fermata / arresto,Conducente,M,Illeso,0,,,,
4011555,11,28/09/2018 22:50:00,Strada Urbana,CIRCONVALLAZIONE OSTIENSE,in prossimit�,,del civico n.,156,,Veicolo in marcia contro veicolo fermo,Rettilineo,Due carreggiate,Asciutto,Asfaltata,Verticale ed orizzontale,Sereno,Scarso,Sufficiente,Sufficiente,0,0,0,3,12.4868,41.867,-1,1,Autovettura privata,In marcia / fermata / arresto,Passeggero,M,Illeso,0,,,,
4011555,11,28/09/2018 22:50:00,Strada Urbana,CIRCONVALLAZIONE OSTIENSE,in prossimit�,,del civico n.,156,,Veicolo in marcia contro veicolo fermo,Rettilineo,Due carreggiate,Asciutto,Asfaltata,Verticale ed orizzontale,Sereno,Scarso,Sufficiente,Sufficiente,0,0,0,3,12.4868,41.867,-1,2,Autovettura privata,In marcia / fermata / arresto,Conducente,M,Illeso,0,,,,
4011573,11,29/09/2018,Strada Urbana,PIAZZA GEREMIA BONOMELLI,all'intersezione con,VIALE GUGLIELMO MASSAIA,VIALE GUGLIELMO MASSAIA,,,Scontro frontale/laterale SX fra veicoli in marcia,Incrocio,Due carreggiate,Asciutto,Asfaltata,Verticale ed orizzontale,Sereno,Normale,Buona,Sufficiente,3,0,0,1,12.4918,41.8648,0,1,Autovettura privata,In marcia / fermata / arresto,Conducente,M,Rimandato,0,NON DECEDUTO,,,
4011573,11,29/09/2018,Strada Urbana,PIAZZA GEREMIA BONOMELLI,all'intersezione con,VIALE GUGLIELMO MASSAIA,VIALE GUGLIELMO MASSAIA,,,Scontro frontale/laterale SX fra veicoli in marcia,Incrocio,Due carreggiate,Asciutto,Asfaltata,Verticale ed orizzontale,Sereno,Normale,Buona,Sufficiente,3,0,0,1,12.4918,41.8648,0,1,Autovettura privata,In marcia / fermata / arresto,Passeggero,M,Rimandato,0,NON DECEDUTO,,,