Protocollo,Gruppo,DataOraIncidente,Localizzazione1,STRADA1,Localizzazione2,STRADA2,Strada02,Chilometrica,DaSpecificare,NaturaIncidente,particolaritastrade,TipoStrada,FondoStradale,Pavimentazione,Segnaletica,CondizioneAtmosferica,Traffico,Visibilita,Illuminazione,NUM_FERITI,NUM_RISERVATA,NUM_MORTI,NUM_ILLESI,Longitudine,Latitudine,Confermato,Progressivo,TipoVeicolo,StatoVeicolo,TipoPersona,Sesso,Tipolesione,Deceduto,DecedutoDopo,CinturaCascoUtilizzato,Airbag,
4011573,11,29/09/2018,Strada Urbana,PIAZZA GEREMIA BONOMELLI,all'intersezione con,VIALE GUGLIELMO MASSAIA,VIALE GUGLIELMO MASSAIA,,,Scontro frontale/laterale SX fra veicoli in marcia,Incrocio,Due carreggiate,Asciutto,Asfaltata,Verticale ed orizzontale,Sereno,Normale,Buona,Sufficiente,3,0,0,1,12.4918,41.8648,0,2,Autovettura privata,In marcia / fermata / arresto,Conducente,M,Illeso,0,,,,
4011573,11,29/09/2018,Strada Urbana,PIAZZA GEREMIA BONOMELLI,all'intersezione con,VIALE GUGLIELMO MASSAIA,VIALE GUGLIELMO MASSAIA,,,Scontro frontale/laterale SX fra veicoli in marcia,Incrocio,Due carreggiate,Asciutto,Asfaltata,Verticale ed orizzontale,Sereno,Normale,Buona,Sufficiente,3,0,0,1,12.4918,41.8648,0,2,Autovettura privata,In marcia / fermata / arresto,Passeggero,M,Rimandato,0,NON DECEDUTO,,,
4011598,12,28/09/2018 18:50:00,Strada Urbana,VIA CRISTOFORO COLOMBO,da specificare,,,,alt. Viale Libano 56 dir. Gra,Infortunio per caduta del veicolo,Rettilineo,Due carreggiate,Viscido da liquidi oleosi,Asfaltata,Assente,Sereno,Intenso,Buona,Sufficiente,0,0,0,2,12.4646,41.8227,0,1,Autobus di linea,In marcia / fermata / arresto,Conducente,M,Illeso,0,,,,
4011598,12,28/09/2018 18:50:00,Strada Urbana,VIA CRISTOFORO COLOMBO,da specificare,,,,alt. Viale Libano 56 dir. Gra,Infortunio per caduta del veicolo,Rettilineo,Due carreggiate,Viscido da liquidi oleosi,Asfaltata,Assente,Sereno,Intenso,Buona,Sufficiente,0,0,0,2,12.4646,41.8227,0,2,Motociclo a solo,In marcia / fermata / arresto,Conducente,M,Illeso,0,,Utilizzato,,
4011613,12,28/09/2018 18:51:00,Strada Urbana,VIA CRISTOFORO COLOMBO,da specificare,,,,altezza Viale Libano 56 (dir. Gra),Infortunio per caduta del veicolo,Rettilineo,Due carreggiate,Viscido da liquidi oleosi,Asfaltata,Verticale ed orizzontale,Sereno,Intenso,Buona,Ore Diurne,0,0,0,2,12.4646,41.8218,-1,1,Autobus di linea,In marcia / fermata / arresto,Conducente,M,Illeso,0,,,,
4011613,12,28/09/2018 18:51:00,Strada Urbana,VIA CRISTOFORO COLOMBO,da specificare,,,,altezza Viale Libano 56 (dir. Gra),Infortunio per caduta del veicolo,Rettilineo,Due carreggiate,Viscido da liquidi oleosi,Asfaltata,Verticale ed orizzontale,Sereno,Intenso,Buona,Ore Diurne,0,0,0,2,12.4646,41.8218,-1,2,Motociclo a solo,In marcia / fermata / arresto,Conducente,M,Illeso,0,,Utilizzato,,
4011619,1,29/09/2018 02:35:00,Strada Urbana,VIALE MANZONI,all'intersezione semaforizzata con,VIA CONTE VERDE,VIA CONTE VERDE,,,Scontro frontale/laterale SX fra veicoli in marcia,Intersezione semaforizzata,Una carreggiata a doppio senso,Asciutto,Asfaltata,Verticale ed orizzontale,Nuvoloso,Scarso,Buona,Sufficiente,0,0,0,3,12.5086,41.892,-1,1,Autovettura privata,In marcia / fermata / arresto,Conducente,M,Illeso,0,,Non accertato,Inesploso,
4011619,1,29/09/2018 02:35:00,Strada Urbana,VIALE MANZONI,all'intersezione semaforizzata con,VIA CONTE VERDE,VIA CONTE VERDE,,,Scontro frontale/laterale SX fra veicoli in marcia,Intersezione semaforizzata,Una carreggiata a doppio senso,Asciutto,Asfaltata,Verticale ed orizzontale,Nuvoloso,Scarso,Buona,Sufficiente,0,0,0,3,12.5086,41.892,-1,2,Autovettura privata,In marcia / fermata / arresto,Conducente,F,Illeso,0,,Non accertato,Inesploso,
4011619,1,29/09/2018 02:35:00,Strada Urbana,VIALE MANZONI,all'intersezione semaforizzata con,VIA CONTE VERDE,VIA CONTE VERDE,,,Scontro frontale/laterale SX fra veicoli in marcia,Intersezione semaforizzata,Una carreggiata a doppio senso,Asciutto,Asfaltata,Verticale ed orizzontale,Nuvoloso,Scarso,Buona,Sufficiente,0,0,0,3,12.5086,41.892,-1,2,Autovettura privata,In marcia / fermata / arresto,Passeggero,F,Illeso,0,,Non accertato,Inesploso,
4011625,4,28/09/2018 20:40:00,Strada Urbana,VIA ELSA DE' GIORGI,da specificare,,,,0,Tamponamento,Rettilineo,Due carreggiate,Asciutto,Asfaltata,Orizzontale,Sereno,Normale,Buona,Sufficiente,0,0,0,1,,,0,1,Autovettura privata,In marcia / fermata / arresto,Conducente,M,Illeso,0,,,,
4011645,1,28/09/2018 10:50:00,Strada Urbana,PIAZZA DELL'ESQUILINO,all'intersezione semaforizzata con,VIA CAVOUR,VIA CAVOUR,,,Tamponamento Multiplo,Intersezione semaforizzata,Una carreggiata a doppio senso,Asciutto,Asfaltata,Verticale ed orizzontale,Sereno,Normale,Buona,Ore Diurne,0,0,0,2,12.4972,41.8984,-1,1,Autovettura pubblica,In marcia / fermata / arresto,Conducente,M,Illeso,0,,Non accertato,Inesploso,
4011645,1,28/09/2018 10:50:00,Strada Urbana,PIAZZA DELL'ESQUILINO,all'intersezione semaforizzata con,VIA CAVOUR,VIA CAVOUR,,,Tamponamento Multiplo,Intersezione semaforizzata,Una carreggiata a doppio senso,Asciutto,Asfaltata,Verticale ed orizzontale,Sereno,Normale,Buona,Ore Diurne,0,0,0,2,12.4972,41.8984,-1,2,Autovettura pubblica,In marcia / fermata / arresto,Conducente,M,Illeso,0,,Non accertato,Inesploso,
4011649,12,28/09/2018 18:52:00,Strada Urbana,VIA CRISTOFORO COLOMBO,da specificare,,,,alt. Via Libano 56 (dir. Gra),Veicolo in marcia contro ostacolo accidentale,Rettilineo,Due carreggiate,Viscido da liquidi oleosi,Asfaltata,Verticale ed orizzontale,Sereno,Intenso,Buona,Sufficiente,0,0,0,2,12.4638,41.8202,-1,1,Autobus di linea,In marcia / fermata / arresto,Conducente,M,Illeso,0,,,,
4011649,12,28/09/2018 18:52:00,Strada Urbana,VIA CRISTOFORO COLOMBO,da specificare,,,,alt. Via Libano 56 (dir. Gra),Veicolo in marcia contro ostacolo accidentale,Rettilineo,Due carreggiate,Viscido da liquidi oleosi,Asfaltata,Verticale ed orizzontale,Sereno,Intenso,Buona,Sufficiente,0,0,0,2,12.4638,41.8202,-1,2,Motociclo a solo,In marcia / fermata / arresto,Conducente,M,Illeso,0,,,,
4011673,4,28/09/2018 08:20:00,Strada Urbana,VIA VALSESIA,in prossimit�,,del civico n.,8,,Scontro laterale fra veicoli in marcia,Rettilineo,Una carreggiata a senso unico di marcia,Asciutto,Asfaltata,Verticale ed orizzontale,Sereno,Normale,Buona,Ore Diurne,0,0,0,2,12.5282,41.9436,-1,1,Autovettura privata,In marcia / fermata / arresto,Conducente,M,Illeso,0,,,,
4011673,4,28/09/2018 08:20:00,Strada Urbana,VIA VALSESIA,in prossimit�,,del civico n.,8,,Scontro laterale fra veicoli in marcia,Rettilineo,Una carreggiata a senso unico di marcia,Asciutto,Asfaltata,Verticale ed orizzontale,Sereno,Normale,Buona,Ore Diurne,0,0,0,2,12.5282,41.9436,-1,2,Motociclo a solo,In marcia / fermata / arresto,Conducente,M,Illeso,0,,,,
4011679,12,29/09/2018 10:00:00,Regionale,VIA PONTINA,da specificare,,,,dir. Rm centro pross. Rampa discesa GRA,Scontro laterale fra veicoli in marcia,Pendenza,Due carreggiate,Asciutto,Asfaltata,Verticale ed orizzontale,Sereno,Intenso,Buona,Ore Diurne,0,0,0,2,12.7972,41.5094,-1,1,Autocarro superiore 35 q.,In marcia / fermata / arresto,Conducente,M,Illeso,0,,Non accertato,Inesploso,
4011679,12,29/09/2018 10:00:00,Regionale,VIA PONTINA,da specificare,,,,dir. Rm centro pross. Rampa discesa GRA,Scontro laterale fra veicoli in marcia,Pendenza,Due carreggiate,Asciutto,Asfaltata,Verticale ed orizzontale,Sereno,Intenso,Buona,Ore Diurne,0,0,0,2,12.7972,41.5094,-1,2,Autovettura privata,In marcia / fermata / arresto,Conducente,M,Illeso,0,,Non accertato,Inesploso,
4011735,4,28/09/2018 15:30:00,Strada Urbana,VIA SALARIA,da specificare,,,,fronte civ. 825,Scontro laterale fra veicoli in marcia,Rettilineo,Due carreggiate,Asciutto,Asfaltata,Verticale,Sereno,Intenso,Buona,Ore Diurne,0,0,0,2,13.0817,42.4178,0,1,Autovettura privata,In marcia / fermata / arresto,Conducente,,Illeso,0,,,,
4011735,4,28/09/2018 15:30:00,Strada Urbana,VIA SALARIA,da specificare,,,,fronte civ. 825,Scontro laterale fra veicoli in marcia,Rettilineo,Due carreggiate,Asciutto,Asfaltata,Verticale,Sereno,Intenso,Buona,Ore Diurne,0,0,0,2,13.0817,42.4178,0,2,Autovettura privata,In marcia / fermata / arresto,Conducente,M,Illeso,0,,,,
4011757,17,29/09/2018 10:30:00,Strada Urbana,VIA VIRGILIO,in corrispondenza,,del civico n.,18,,Scontro laterale fra veicoli in marcia,Rettilineo,Una carreggiata a senso unico di marcia,Asciutto,Asfaltata,Verticale ed orizzontale,Sereno,Normale,Buona,Ore Diurne,0,0,0,4,12.465,41.9074,-1,1,Autocarro inferiore 35 q.,In marcia / fermata / arresto,Conducente,M,Illeso,0,,,,
4011757,17,29/09/2018 10:30:00,Strada Urbana,VIA VIRGILIO,in corrispondenza,,del civico n.,18,,Scontro laterale fra veicoli in marcia,Rettilineo,Una carreggiata a senso unico di marcia,Asciutto,Asfaltata,Verticale ed orizzontale,Sereno,Normale,Buona,Ore Diurne,0,0,0,4,12.465,41.9074,-1,2,Autovettura privata,In marcia / fermata / arresto,Conducente,M,Illeso,0,,,,
4011757,17,29/09/2018 10:30:00,Strada Urbana,VIA VIRGILIO,in corrispondenza,,del civico n.,18,,Scontro laterale fra veicoli in marcia,Rettilineo,Una carreggiata a senso unico di marcia,Asciutto,Asfaltata,Verticale ed orizzontale,Sereno,Normale,Buona,Ore Diurne,0,0,0,4,12.465,41.9074,-1,2,Autovettura privata,In marcia / fermata / arresto,Passeggero,M,Illeso,0,,,,
4011757,17,29/09/2018 10:30:00,Strada Urbana,VIA VIRGILIO,in corrispondenza,,del civico n.,18,,Scontro laterale fra veicoli in marcia,Rettilineo,Una carreggiata a senso unico di marcia,Asciutto,Asfaltata,Verticale ed orizzontale,Sereno,Normale,Buona,Ore Diurne,0,0,0,4,12.465,41.9074,-1,2,Autovettura privata,In marcia / fermata / arresto,Passeggero,F,Illeso,0,,,,
4011798,19,29/09/2018 12:00:00,Strada Urbana,VIA DI S. CLETO PAPA,da specificare,,,,altezza Supermercato,Scontro laterale fra veicoli in marcia,Rettilineo,Una carreggiata a doppio senso,Asciutto,Asfaltata,Verticale ed orizzontale,Sereno,Normale,Buona,Ore Diurne,0,0,0,2,12.4251,41.9242,-1,1,Autovettura privata,In marcia / fermata / arresto,Conducente,M,Illeso,0,,Non accertato,Inesploso,
4011798,19,29/09/2018 12:00:00,Strada Urbana,VIA DI S. CLETO PAPA,da specificare,,,,altezza Supermercato,Scontro laterale fra veicoli in marcia,Rettilineo,Una carreggiata a doppio senso,Asciutto,Asfaltata,Verticale ed orizzontale,Sereno,Normale,Buona,Ore Diurne,0,0,0,2,12.4251,41.9242,-1,2,Autovettura privata,In marcia / fermata / arresto,Conducente,F,Illeso,0,,Non accertato,Inesploso,
4011936,4,28/09/2018 19:15:00,Strada Urbana,VIA TONALE,all'intersezione con,VIA MONTE S. VICINO,VIA MONTE S. VICINO,,,Scontro frontale/laterale DX fra veicoli in marcia,Incrocio,Una carreggiata a doppio senso,Asciutto,Asfaltata,Assente,Sereno,Normale,Buona,Sufficiente,2,0,0,1,12.533,41.9492,-1,1,Autovettura privata,In marcia / fermata / arresto,Conducente,M,Rimandato,0,NON DECEDUTO,Non accertato,Esploso,
4011936,4,28/09/2018 19:15:00,Strada Urbana,VIA TONALE,all'intersezione con,VIA MONTE S. VICINO,VIA MONTE S. VICINO,,,Scontro frontale/laterale DX fra veicoli in marcia,Incrocio,Una carreggiata a doppio senso,Asciutto,Asfaltata,Assente,Sereno,Normale,Buona,Sufficiente,2,0,0,1,12.533,41.9492,-1,1,Autovettura privata,In marcia / fermata / arresto,Passeggero,F,Rimandato,0,NON DECEDUTO,Non accertato,Inesploso,
4011936,4,28/09/2018 19:15:00,Strada Urbana,VIA TONALE,all'intersezione con,VIA MONTE S. VICINO,VIA MONTE S. VICINO,,,Scontro frontale/laterale DX fra veicoli in marcia,Incrocio,Una carreggiata a doppio senso,Asciutto,Asfaltata,Assente,Sereno,Normale,Buona,Sufficiente,2,0,0,1,12.533,41.9492,-1,2,Autovettura privata,In marcia / fermata / arresto,Conducente,M,Illeso,0,,Non accertato,Esploso,
4011956,4,29/09/2018 02:30:00,Strada Urbana,VIALE CARMELO BENE,in prossimit�,,del civico n.,265,,Veicolo in marcia contro ostacolo fisso,Curva a visuale libera,Pi� di due carreggiate,Asciutto,Asfaltata,Verticale ed orizzontale,Sereno,Scarso,Buona,Sufficiente,1,0,0,0,12.5321,41.9773,-1,1,Autovettura privata,In marcia / fermata / arresto,Conducente,F,Rimandato,0,NON DECEDUTO,,,
4011999,3,28/09/2018 13:30:00,Strada Urbana,PIAZZA BOLOGNA,in prossimit�,,del civico n.,26,,Scontro laterale fra veicoli in marcia,Rotatoria,Una carreggiata a senso unico di marcia,Asciutto,Asfaltata,Verticale ed orizzontale,Sereno,Normale,Sufficiente,Ore Diurne,0,0,0,3,12.5203,41.9131,-1,1,Autovettura privata,In marcia / fermata / arresto,Conducente,F,Illeso,0,,Non accertato,,
4011999,3,28/09/2018 13:30:00,Strada Urbana,PIAZZA BOLOGNA,in prossimit�,,del civico n.,26,,Scontro laterale fra veicoli in marcia,Rotatoria,Una carreggiata a senso unico di marcia,Asciutto,Asfaltata,Verticale ed orizzontale,Sereno,Normale,Sufficiente,Ore Diurne,0,0,0,3,12.5203,41.9131,-1,1,Autovettura privata,In marcia / fermata / arresto,Passeggero,F,Illeso,0,,Non accertato,,
4011999,3,28/09/2018 13:30:00,Strada Urbana,PIAZZA BOLOGNA,in prossimit�,,del civico n.,26,,Scontro laterale fra veicoli in marcia,Rotatoria,Una carreggiata a senso unico di marcia,Asciutto,Asfaltata,Verticale ed orizzontale,Sereno,Normale,Sufficiente,Ore Diurne,0,0,0,3,12.5203,41.9131,-1,2,Autovettura privata,In marcia / fermata / arresto,Conducente,F,Illeso,0,,Non accertato,,
4012010,3,28/09/2018 10:15:00,Strada Urbana,VIA TIBURTINA,da specificare,,,,da Via Portonaccio verso Centro,Tamponamento,Rettilineo,Una carreggiata a senso unico di marcia,Asciutto,Asfaltata,Verticale,Sereno,Normale,Buona,Ore Diurne,1,0,0,1,12.5374,41.9001,-1,1,Motociclo con passeggero,In marcia / fermata / arresto,Conducente,M,Rifiuta cure immediate,0,NON DECEDUTO,,,
4012010,3,28/09/2018 10:15:00,Strada Urbana,VIA TIBURTINA,da specificare,,,,da Via Portonaccio verso Centro,Tamponamento,Rettilineo,Una carreggiata a senso unico di marcia,Asciutto,Asfaltata,Verticale,Sereno,Normale,Buona,Ore Diurne,1,0,0,1,12.5374,41.9001,-1,2,Autovettura privata,In marcia / fermata / arresto,Conducente,M,Illeso,0,,,,
4012016,13,29/09/2018 11:30:00,Strada Urbana,VIALE DEI ROMAGNOLI,in prossimit�,,del civico n.,937,,Scontro frontale fra veicoli in marcia,Rettilineo,Una carreggiata a doppio senso,Asciutto,Asfaltata,Orizzontale,Sereno,Normale,Buona,Ore Diurne,1,0,0,2,12.3104,41.7642,-1,1,Autovettura privata,In marcia / fermata / arresto,Conducente,M,Illeso,0,,Non accertato,Inesploso,
4012016,13,29/09/2018 11:30:00,Strada Urbana,VIALE DEI ROMAGNOLI,in prossimit�,,del civico n.,937,,Scontro frontale fra veicoli in marcia,Rettilineo,Una carreggiata a doppio senso,Asciutto,Asfaltata,Orizzontale,Sereno,Normale,Buona,Ore Diurne,1,0,0,2,12.3104,41.7642,-1,1,Autovettura privata,In marcia / fermata / arresto,Passeggero,F,Illeso,0,,Non accertato,Inesploso,
4012016,13,29/09/2018 11:30:00,Strada Urbana,VIALE DEI ROMAGNOLI,in prossimit�,,del civico n.,937,,Scontro frontale fra veicoli in marcia,Rettilineo,Una carreggiata a doppio senso,Asciutto,Asfaltata,Orizzontale,Sereno,Normale,Buona,Ore Diurne,1,0,0,2,12.3104,41.7642,-1,2,Motociclo a solo,In marcia / fermata / arresto,Conducente,M,Ricoverato,0,NON DECEDUTO,Utilizzato,,
4012017,3,28/09/2018 12:50:00,Strada Urbana,VIA TIBURTINA,da specificare,,,,dir. centro altezza svincolo tang. Est dir. Pre.,Scontro laterale fra veicoli in marcia,Rettilineo,Una carreggiata a senso unico di marcia,Asciutto,Asfaltata,Verticale,Sereno,Normale,Buona,Ore Diurne,0,0,0,3,,,0,1,Autovettura privata,In marcia / fermata / arresto,Conducente,M,Illeso,0,,Non accertato,Inesploso,
4012017,3,28/09/2018 12:50:00,Strada Urbana,VIA TIBURTINA,da specificare,,,,dir. centro altezza svincolo tang. Est dir. Pre.,Scontro laterale fra veicoli in marcia,Rettilineo,Una carreggiata a senso unico di marcia,Asciutto,Asfaltata,Verticale,Sereno,Normale,Buona,Ore Diurne,0,0,0,3,,,0,1,Autovettura privata,In marcia / fermata / arresto,Passeggero,F,Illeso,0,,Non accertato,,
4012017,3,28/09/2018 12:50:00,Strada Urbana,VIA TIBURTINA,da specificare,,,,dir. centro altezza svincolo tang. Est dir. Pre.,Scontro laterale fra veicoli in marcia,Rettilineo,Una carreggiata a senso unico di marcia,Asciutto,Asfaltata,Verticale,Sereno,Normale,Buona,Ore Diurne,0,0,0,3,,,0,2,Autovettura privata,In marcia / fermata / arresto,Conducente,M,Illeso,0,,Non accertato,Inesploso,
4012018,4,28/09/2018 17:00:00,Provinciale,VIA NOMENTANA,in prossimit�,,della chilometrica,16.8,,Tamponamento,Rettilineo,Una carreggiata a doppio senso,Asciutto,Asfaltata,Verticale ed orizzontale,Sereno,Normale,Buona,Ore Diurne,1,0,0,2,12.5728,41.9579,-1,1,Autovettura privata,In marcia / fermata / arresto,Conducente,M,Illeso,0,,,,
4012018,4,28/09/2018 17:00:00,Provinciale,VIA NOMENTANA,in prossimit�,,della chilometrica,16.8,,Tamponamento,Rettilineo,Una carreggiata a doppio senso,Asciutto,Asfaltata,Verticale ed orizzontale,Sereno,Normale,Buona,Ore Diurne,1,0,0,2,12.5728,41.9579,-1,1,Autovettura privata,In marcia / fermata / arresto,Passeggero,M,Illeso,0,,,,
4012018,4,28/09/2018 17:00:00,Provinciale,VIA NOMENTANA,in prossimit�,,della chilometrica,16.8,,Tamponamento,Rettilineo,Una carreggiata a doppio senso,Asciutto,Asfaltata,Verticale ed orizzontale,Sereno,Normale,Buona,Ore Diurne,1,0,0,2,12.5728,41.9579,-1,2,Motociclo a solo,In marcia / fermata / arresto,Conducente,F,Rimandato,0,NON DECEDUTO,,,
4012294,20,28/09/2018 06:15:00,Regionale entro l'abitato,VIA CASSIA,in corrispondenza,,del civico n.,1713,,Tamponamento,Curva a visuale libera,Una carreggiata a doppio senso,Asciutto,Asfaltata,Orizzontale,Sereno,Normale,Sufficiente,Ore Diurne,1,0,0,1,12.3797,42.0076,-1,1,Autovettura privata,In marcia / fermata / arresto,Conducente,M,Illeso,0,,Non accertato,Inesploso,
4012294,20,28/09/2018 06:15:00,Regionale entro l'abitato,VIA CASSIA,in corrispondenza,,del civico n.,1713,,Tamponamento,Curva a visuale libera,Una carreggiata a doppio senso,Asciutto,Asfaltata,Orizzontale,Sereno,Normale,Sufficiente,Ore Diurne,1,0,0,1,12.3797,42.0076,-1,2,Autovettura privata,In marcia / fermata / arresto,Conducente,F,Rimandato,0,NON DECEDUTO,Non accertato,Inesploso,
4012312,20,29/09/2018 05:20:00,Strada Urbana,VIA DELLA STAZIONE DI CESANO,in corrispondenza,,del civico n.,653,,Veicolo in marcia contro ostacolo fisso,Curva a visuale libera,Una carreggiata a doppio senso,Asciutto,Asfaltata,Verticale ed orizzontale,Sereno,Scarso,Sufficiente,Sufficiente,1,0,0,0,12.3397,42.0794,-1,1,Autovettura privata,In marcia / fermata / arresto,Conducente,M,Rimandato,0,NON DECEDUTO,Non accertato,Esploso,
4012315,20,28/09/2018 15:00:00,Strada Urbana,VIA DELLA CAMILLUCCIA,in corrispondenza,,del civico n.,592,,Scontro laterale fra veicoli in marcia,Rettilineo,Una carreggiata a doppio senso,Asciutto,Asfaltata,Verticale ed orizzontale,Sereno,Normale,Buona,Ore Diurne,1,0,0,1,12.4501,41.9439,0,1,Autocarro inferiore 35 q.,In marcia / fermata / arresto,Conducente,M,Illeso,0,,Non accertato,Inesploso,
4012315,20,28/09/2018 15:00:00,Strada Urbana,VIA DELLA CAMILLUCCIA,in corrispondenza,,del civico n.,592,,Scontro laterale fra veicoli in marcia,Rettilineo,Una carreggiata a doppio senso,Asciutto,Asfaltata,Verticale ed orizzontale,Sereno,Normale,Buona,Ore Diurne,1,0,0,1,12.4501,41.9439,0,2,Ciclomotore,In marcia / fermata / arresto,Conducente,M,Rimandato,0,NON DECEDUTO,Non accertato,,
4012323,20,28/09/2018 08:20:00,Strada Urbana,VIA ANTON GIULIO BRAGAGLIA,da specificare,,,,interno civico 80,Scontro frontale/laterale SX fra veicoli in marcia,Rettilineo,Una carreggiata a senso unico di marcia,Asciutto,Asfaltata,Assente,Sereno,Scarso,Buona,Ore Diurne,0,0,0,3,12.3748,42.0215,-1,1,Autovettura privata,In marcia / fermata / arresto,Conducente,F,Illeso,0,,Non accertato,Inesploso,
4012323,20,28/09/2018 08:20:00,Strada Urbana,VIA ANTON GIULIO BRAGAGLIA,da specificare,,,,interno civico 80,Scontro frontale/laterale SX fra veicoli in marcia,Rettilineo,Una carreggiata a senso unico di marcia,Asciutto,Asfaltata,Assente,Sereno,Scarso,Buona,Ore Diurne,0,0,0,3,12.3748,42.0215,-1,1,Autovettura privata,In marcia / fermata / arresto,Passeggero,M,Illeso,0,,Non accertato,Inesploso,
4012323,20,28/09/2018 08:20:00,Strada Urbana,VIA ANTON GIULIO BRAGAGLIA,da specificare,,,,interno civico 80,Scontro frontale/laterale SX fra veicoli in marcia,Rettilineo,Una carreggiata a senso unico di marcia,Asciutto,Asfaltata,Assente,Sereno,Scarso,Buona,Ore Diurne,0,0,0,3,12.3748,42.0215,-1,2,Autovettura privata,In marcia / fermata / arresto,Conducente,M,Illeso,0,,Non accertato,Inesploso,
4012327,20,28/09/2018 15:00:00,Strada Urbana,LUNGOTEVERE MARESCIALLO DIAZ,da specificare,,,,altezza VIALE ANTONINO DI SAN GIULIANO,Scontro laterale fra veicoli in marcia,Rettilineo,Una carreggiata a senso unico di marcia,Bagnato (pioggia),Asfaltata,Verticale ed orizzontale,Sereno,Normale,Buona,Ore Diurne,0,0,0,2,12.462,41.9339,-1,1,Autobus turistico,In marcia / fermata / arresto,Conducente,M,Illeso,0,,Non accertato,Inesploso,
4012327,20,28/09/2018 15:00:00,Strada Urbana,LUNGOTEVERE MARESCIALLO DIAZ,da specificare,,,,altezza VIALE ANTONINO DI SAN GIULIANO,Scontro laterale fra veicoli in marcia,Rettilineo,Una carreggiata a senso unico di marcia,Bagnato (pioggia),Asfaltata,Verticale ed orizzontale,Sereno,Normale,Buona,Ore Diurne,0,0,0,2,12.462,41.9339,-1,2,Quadriciclo leggero,In marcia / fermata / arresto,Conducente,M,Illeso,0,,Non accertato,Inesploso,
4012622,15,29/09/2018 23:40:00,Strada Urbana,VIA DELLA MAGLIANA,da specificare,,,,prossimit� rampa Autostrada Roma-Fiumicino,Scontro frontale/laterale SX fra veicoli in marcia,Curva senza visuale libera,Una carreggiata a senso unico di marcia,Asciutto,Asfaltata,Assente,Sereno,Normale,Buona,Insufficiente,0,0,0,2,12.4196,41.8317,-1,1,Autovettura privata,In marcia / fermata / arresto,Conducente,M,Illeso,0,,,,
4012622,15,29/09/2018 23:40:00,Strada Urbana,VIA DELLA MAGLIANA,da specificare,,,,prossimit� rampa Autostrada Roma-Fiumicino,Scontro frontale/laterale SX fra veicoli in marcia,Curva senza visuale libera,Una carreggiata a senso unico di marcia,Asciutto,Asfaltata,Assente,Sereno,Normale,Buona,Insufficiente,0,0,0,2,12.4196,41.8317,-1,2,Autovettura privata,In marcia / fermata / arresto,Conducente,M,Illeso,0,,,,
4012625,15,29/09/2018 17:25:00,Strada Urbana,VIA PORTUENSE,in corrispondenza,,del civico n.,359/A,,Scontro laterale fra veicoli in marcia,Rettilineo,Una carreggiata a senso unico di marcia,Asciutto,Asfaltata,Verticale ed orizzontale,Sereno,Normale,Buona,Ore Diurne,0,0,0,2,12.4575,41.8644,-1,1,Autovettura pubblica,In marcia / fermata / arresto,Conducente,M,Illeso,0,,,,
4012625,15,29/09/2018 17:25:00,Strada Urbana,VIA PORTUENSE,in corrispondenza,,del civico n.,359/A,,Scontro laterale fra veicoli in marcia,Rettilineo,Una carreggiata a senso unico di marcia,Asciutto,Asfaltata,Verticale ed orizzontale,Sereno,Normale,Buona,Ore Diurne,0,0,0,2,12.4575,41.8644,-1,2,Autovettura privata,In marcia / fermata / arresto,Conducente,M,Illeso,0,,,,
4012642,17,30/09/2018 02:50:00,Strada Urbana,VIA DEGLI SCIPIONI,all'intersezione con,VIA VIRGINIO ORSINI,VIA VIRGINIO ORSINI,,,Scontro frontale/laterale SX fra veicoli in marcia,Intersezione stradale segnalata,Una carreggiata a senso unico di marcia,Asciutto,Asfaltata,Verticale ed orizzontale,Sereno,Scarso,Sufficiente,Sufficiente,1,0,0,1,12.4691,41.9113,-1,1,Autovettura privata,In marcia / fermata / arresto,Conducente,M,Illeso,0,,,,
4012642,17,30/09/2018 02:50:00,Strada Urbana,VIA DEGLI SCIPIONI,all'intersezione con,VIA VIRGINIO ORSINI,VIA VIRGINIO ORSINI,,,Scontro frontale/laterale SX fra veicoli in marcia,Intersezione stradale segnalata,Una carreggiata a senso unico di marcia,Asciutto,Asfaltata,Verticale ed orizzontale,Sereno,Scarso,Sufficiente,Sufficiente,1,0,0,1,12.4691,41.9113,-1,2,Motociclo con passeggero,In marcia / fermata / arresto,Conducente,M,Rimandato,0,NON DECEDUTO,,,
4012650,8,29/09/2018 12:00:00,Strada Urbana,VIALE DUILIO CAMBELLOTTI,da specificare,,,,dir. PTV uscita Via casilina dir. centro,Veicolo in marcia contro ostacolo accidentale,Rettilineo,Due carreggiate,Asciutto,Asfaltata,Verticale ed orizzontale,Sereno,Normale,Buona,Ore Diurne,0,0,0,2,12.6297,41.8674,-1,1,Autovettura privata,In marcia / fermata / arresto,Conducente,F,Illeso,0,,Non accertato,,
4012650,8,29/09/2018 12:00:00,Strada Urbana,VIALE DUILIO CAMBELLOTTI,da specificare,,,,dir. PTV uscita Via casilina dir. centro,Veicolo in marcia contro ostacolo accidentale,Rettilineo,Due carreggiate,Asciutto,Asfaltata,Verticale ed orizzontale,Sereno,Normale,Buona,Ore Diurne,0,0,0,2,12.6297,41.8674,-1,1,Autovettura privata,In marcia / fermata / arresto,Passeggero,F,Illeso,0,,Non accertato,Inesploso,