Protocollo,Gruppo,DataOraIncidente,Localizzazione1,STRADA1,Localizzazione2,STRADA2,Strada02,Chilometrica,DaSpecificare,NaturaIncidente,particolaritastrade,TipoStrada,FondoStradale,Pavimentazione,Segnaletica,CondizioneAtmosferica,Traffico,Visibilita,Illuminazione,NUM_FERITI,NUM_RISERVATA,NUM_MORTI,NUM_ILLESI,Longitudine,Latitudine,Confermato,Progressivo,TipoVeicolo,StatoVeicolo,TipoPersona,Sesso,Tipolesione,Deceduto,DecedutoDopo,CinturaCascoUtilizzato,Airbag,
4012659,8,29/09/2018 13:30:00,Strada Urbana,VIA DI VERMICINO,all'intersezione semaforizzata con,VIA BRONTE,VIA BRONTE,,,Scontro frontale/laterale SX fra veicoli in marcia,Intersezione semaforizzata,Una carreggiata a doppio senso,Asciutto,Asfaltata,Verticale ed orizzontale,Sereno,Normale,Buona,Ore Diurne,2,0,0,0,12.6612,41.8424,-1,1,Autovettura privata,In marcia / fermata / arresto,Conducente,M,Rimandato,0,NON DECEDUTO,Non accertato,Inesploso,
4012659,8,29/09/2018 13:30:00,Strada Urbana,VIA DI VERMICINO,all'intersezione semaforizzata con,VIA BRONTE,VIA BRONTE,,,Scontro frontale/laterale SX fra veicoli in marcia,Intersezione semaforizzata,Una carreggiata a doppio senso,Asciutto,Asfaltata,Verticale ed orizzontale,Sereno,Normale,Buona,Ore Diurne,2,0,0,0,12.6612,41.8424,-1,2,Autovettura privata,In marcia / fermata / arresto,Conducente,M,Rimandato,0,NON DECEDUTO,Non accertato,Esploso,
4012663,8,29/09/2018 17:30:00,,VIA DI TOR BELLA MONACA,da specificare,,,,rotatoria Via di Torrenova,Tamponamento,,,,,,,,,,0,0,0,5,,,0,1,Autovettura privata,In marcia / fermata / arresto,Conducente,F,Illeso,0,,,,
4012663,8,29/09/2018 17:30:00,,VIA DI TOR BELLA MONACA,da specificare,,,,rotatoria Via di Torrenova,Tamponamento,,,,,,,,,,0,0,0,5,,,0,1,Autovettura privata,In marcia / fermata / arresto,Passeggero,M,Illeso,0,,,,
4012663,8,29/09/2018 17:30:00,,VIA DI TOR BELLA MONACA,da specificare,,,,rotatoria Via di Torrenova,Tamponamento,,,,,,,,,,0,0,0,5,,,0,1,Autovettura privata,In marcia / fermata / arresto,Passeggero,F,Illeso,0,,,,
4012663,8,29/09/2018 17:30:00,,VIA DI TOR BELLA MONACA,da specificare,,,,rotatoria Via di Torrenova,Tamponamento,,,,,,,,,,0,0,0,5,,,0,2,Autovettura privata,In marcia / fermata / arresto,Conducente,M,Illeso,0,,,,
4012664,9,29/09/2018 18:50:00,Strada Urbana,VIA CILICIA,in prossimit�,,del civico n.,55,,Veicolo in marcia contro ostacolo fisso,Curva a visuale libera,Due carreggiate,Asciutto,Asfaltata,Verticale ed orizzontale,Sereno,Normale,Buona,Ore Diurne,0,0,1,0,,,0,1,Motociclo a solo,In marcia / fermata / arresto,Conducente,M,Deceduto durante prime cure,-1,,Non accertato,,
4012666,8,29/09/2018 15:50:00,Strada Urbana,VIA PRENESTINA,all'intersezione con,VIA POMIGLIANO D'ARCO,VIA POMIGLIANO D'ARCO,,,Tamponamento Multiplo,Incrocio,Una carreggiata a doppio senso,Asciutto,Asfaltata,Verticale ed orizzontale,Sereno,Normale,Buona,Ore Diurne,0,0,0,3,12.6478,41.892,0,1,Autovettura privata,In marcia / fermata / arresto,Conducente,M,Illeso,0,,Non accertato,Inesploso,
4012666,8,29/09/2018 15:50:00,Strada Urbana,VIA PRENESTINA,all'intersezione con,VIA POMIGLIANO D'ARCO,VIA POMIGLIANO D'ARCO,,,Tamponamento Multiplo,Incrocio,Una carreggiata a doppio senso,Asciutto,Asfaltata,Verticale ed orizzontale,Sereno,Normale,Buona,Ore Diurne,0,0,0,3,12.6478,41.892,0,2,Autovettura privata,In marcia / fermata / arresto,Conducente,M,Illeso,0,,Non accertato,Inesploso,
4012666,8,29/09/2018 15:50:00,Strada Urbana,VIA PRENESTINA,all'intersezione con,VIA POMIGLIANO D'ARCO,VIA POMIGLIANO D'ARCO,,,Tamponamento Multiplo,Incrocio,Una carreggiata a doppio senso,Asciutto,Asfaltata,Verticale ed orizzontale,Sereno,Normale,Buona,Ore Diurne,0,0,0,3,12.6478,41.892,0,3,Autovettura privata,In marcia / fermata / arresto,Conducente,F,Illeso,0,,Non accertato,Inesploso,
4012677,13,29/09/2018 08:45:00,Strada Urbana,VIA DEL MARE,all'intersezione con,VIA DELLE CANARIE,VIA DELLE CANARIE,,,Scontro frontale/laterale DX fra veicoli in marcia,Intersezione semaforizzata,Una carreggiata a doppio senso,Asciutto,Asfaltata,Verticale ed orizzontale,Sereno,Intenso,Buona,Ore Diurne,2,0,0,1,12.2831,41.739,0,1,Autovettura privata,In marcia / fermata / arresto,Conducente,M,Rimandato,0,NON DECEDUTO,Non accertato,Esploso,
4012677,13,29/09/2018 08:45:00,Strada Urbana,VIA DEL MARE,all'intersezione con,VIA DELLE CANARIE,VIA DELLE CANARIE,,,Scontro frontale/laterale DX fra veicoli in marcia,Intersezione semaforizzata,Una carreggiata a doppio senso,Asciutto,Asfaltata,Verticale ed orizzontale,Sereno,Intenso,Buona,Ore Diurne,2,0,0,1,12.2831,41.739,0,2,Autobus urbano,In marcia / fermata / arresto,Conducente,M,Illeso,0,,Non accertato,Inesploso,
4012677,13,29/09/2018 08:45:00,Strada Urbana,VIA DEL MARE,all'intersezione con,VIA DELLE CANARIE,VIA DELLE CANARIE,,,Scontro frontale/laterale DX fra veicoli in marcia,Intersezione semaforizzata,Una carreggiata a doppio senso,Asciutto,Asfaltata,Verticale ed orizzontale,Sereno,Intenso,Buona,Ore Diurne,2,0,0,1,12.2831,41.739,0,2,Autobus urbano,In marcia / fermata / arresto,Passeggero,M,Rimandato,0,NON DECEDUTO,Non accertato,Inesploso,
4012679,8,29/09/2018 20:10:00,Strada Urbana,VIA AMICO ASPERTINI,da specificare,,,,20 m dopo incrocio Via Parasacchi dir. Fuoco Sacro,Scontro frontale/laterale DX fra veicoli in marcia,Rettilineo,Una carreggiata a doppio senso,Asciutto,Asfaltata,Orizzontale,Sereno,Scarso,Sufficiente,Sufficiente,0,0,0,2,12.6299,41.8728,-1,1,Autovettura privata,In marcia / fermata / arresto,Conducente,M,Illeso,0,,Non accertato,Inesploso,
4012679,8,29/09/2018 20:10:00,Strada Urbana,VIA AMICO ASPERTINI,da specificare,,,,20 m dopo incrocio Via Parasacchi dir. Fuoco Sacro,Scontro frontale/laterale DX fra veicoli in marcia,Rettilineo,Una carreggiata a doppio senso,Asciutto,Asfaltata,Orizzontale,Sereno,Scarso,Sufficiente,Sufficiente,0,0,0,2,12.6299,41.8728,-1,2,Autovettura privata,In marcia / fermata / arresto,Conducente,M,Illeso,0,,Non accertato,Inesploso,
4012691,13,29/09/2018 09:10:00,Strada Urbana,LUNGOMARE PAOLO TOSCANELLI,in corrispondenza,,del civico n.,24,,Tamponamento Multiplo,Rettilineo,Due carreggiate,Asciutto,Asfaltata,Verticale ed orizzontale,Sereno,Scarso,Buona,Ore Diurne,0,0,0,3,12.2843,41.7273,-1,1,Autovettura privata,In marcia / fermata / arresto,Conducente,M,Illeso,0,,Non accertato,Inesploso,
4012691,13,29/09/2018 09:10:00,Strada Urbana,LUNGOMARE PAOLO TOSCANELLI,in corrispondenza,,del civico n.,24,,Tamponamento Multiplo,Rettilineo,Due carreggiate,Asciutto,Asfaltata,Verticale ed orizzontale,Sereno,Scarso,Buona,Ore Diurne,0,0,0,3,12.2843,41.7273,-1,2,Autovettura privata,In marcia / fermata / arresto,Conducente,M,Illeso,0,,Non accertato,Inesploso,
4012691,13,29/09/2018 09:10:00,Strada Urbana,LUNGOMARE PAOLO TOSCANELLI,in corrispondenza,,del civico n.,24,,Tamponamento Multiplo,Rettilineo,Due carreggiate,Asciutto,Asfaltata,Verticale ed orizzontale,Sereno,Scarso,Buona,Ore Diurne,0,0,0,3,12.2843,41.7273,-1,3,Autocarro inferiore 35 q.,In marcia / fermata / arresto,Conducente,M,Illeso,0,,Non accertato,Inesploso,
4012718,6,29/09/2018 11:50:00,Strada Urbana,VIA CASILINA,in prossimit�,,del civico n.,424,,Scontro laterale fra veicoli in marcia,Rettilineo,Pi� di due carreggiate,Asciutto,Asfaltata,Verticale ed orizzontale,Sereno,Normale,Buona,Ore Diurne,0,0,0,4,12.5433,41.8796,-1,1,Autovettura privata,In marcia / fermata / arresto,Conducente,M,Illeso,0,,,,
4012718,6,29/09/2018 11:50:00,Strada Urbana,VIA CASILINA,in prossimit�,,del civico n.,424,,Scontro laterale fra veicoli in marcia,Rettilineo,Pi� di due carreggiate,Asciutto,Asfaltata,Verticale ed orizzontale,Sereno,Normale,Buona,Ore Diurne,0,0,0,4,12.5433,41.8796,-1,2,Autovettura privata,In marcia / fermata / arresto,Conducente,M,Illeso,0,,,,
4012718,6,29/09/2018 11:50:00,Strada Urbana,VIA CASILINA,in prossimit�,,del civico n.,424,,Scontro laterale fra veicoli in marcia,Rettilineo,Pi� di due carreggiate,Asciutto,Asfaltata,Verticale ed orizzontale,Sereno,Normale,Buona,Ore Diurne,0,0,0,4,12.5433,41.8796,-1,2,Autovettura privata,In marcia / fermata / arresto,Passeggero,F,Illeso,0,,,,
4012718,6,29/09/2018 11:50:00,Strada Urbana,VIA CASILINA,in prossimit�,,del civico n.,424,,Scontro laterale fra veicoli in marcia,Rettilineo,Pi� di due carreggiate,Asciutto,Asfaltata,Verticale ed orizzontale,Sereno,Normale,Buona,Ore Diurne,0,0,0,4,12.5433,41.8796,-1,3,Autovettura privata,In marcia / fermata / arresto,Conducente,M,Illeso,0,,,,
4012724,13,29/09/2018 10:00:00,Strada Urbana,VIA MANUEL DE FALLA,all'intersezione con,VIA MAURICE RAVEL,VIA MAURICE RAVEL,,,Scontro frontale/laterale SX fra veicoli in marcia,Incrocio,Una carreggiata a doppio senso,Asciutto,Asfaltata,Verticale ed orizzontale,Sereno,Normale,Buona,Ore Diurne,4,0,0,1,12.3729,41.7505,-1,1,Autovettura privata,In marcia / fermata / arresto,Conducente,M,Rimandato,0,NON DECEDUTO,Non accertato,Inesploso,
4012724,13,29/09/2018 10:00:00,Strada Urbana,VIA MANUEL DE FALLA,all'intersezione con,VIA MAURICE RAVEL,VIA MAURICE RAVEL,,,Scontro frontale/laterale SX fra veicoli in marcia,Incrocio,Una carreggiata a doppio senso,Asciutto,Asfaltata,Verticale ed orizzontale,Sereno,Normale,Buona,Ore Diurne,4,0,0,1,12.3729,41.7505,-1,1,Autovettura privata,In marcia / fermata / arresto,Passeggero,F,Rimandato,0,NON DECEDUTO,,,
4012724,13,29/09/2018 10:00:00,Strada Urbana,VIA MANUEL DE FALLA,all'intersezione con,VIA MAURICE RAVEL,VIA MAURICE RAVEL,,,Scontro frontale/laterale SX fra veicoli in marcia,Incrocio,Una carreggiata a doppio senso,Asciutto,Asfaltata,Verticale ed orizzontale,Sereno,Normale,Buona,Ore Diurne,4,0,0,1,12.3729,41.7505,-1,1,Autovettura privata,In marcia / fermata / arresto,Passeggero,F,Illeso,0,,,,
4012724,13,29/09/2018 10:00:00,Strada Urbana,VIA MANUEL DE FALLA,all'intersezione con,VIA MAURICE RAVEL,VIA MAURICE RAVEL,,,Scontro frontale/laterale SX fra veicoli in marcia,Incrocio,Una carreggiata a doppio senso,Asciutto,Asfaltata,Verticale ed orizzontale,Sereno,Normale,Buona,Ore Diurne,4,0,0,1,12.3729,41.7505,-1,1,Autovettura privata,In marcia / fermata / arresto,Passeggero,F,Rimandato,0,NON DECEDUTO,,,
4012724,13,29/09/2018 10:00:00,Strada Urbana,VIA MANUEL DE FALLA,all'intersezione con,VIA MAURICE RAVEL,VIA MAURICE RAVEL,,,Scontro frontale/laterale SX fra veicoli in marcia,Incrocio,Una carreggiata a doppio senso,Asciutto,Asfaltata,Verticale ed orizzontale,Sereno,Normale,Buona,Ore Diurne,4,0,0,1,12.3729,41.7505,-1,2,Autovettura privata,In marcia / fermata / arresto,Conducente,F,Rimandato,0,NON DECEDUTO,Non accertato,Inesploso,
4012725,10,29/09/2018 10:30:00,Strada Urbana,VIA CALPURNIO FIAMMA,in corrispondenza,,del civico n.,54,,Tamponamento,Rettilineo,Una carreggiata a senso unico di marcia,Asciutto,Asfaltata,Verticale,Sereno,Normale,Buona,Ore Diurne,0,0,0,5,12.5605,41.86,-1,1,Autovettura privata,In marcia / fermata / arresto,Conducente,M,Illeso,0,,Non accertato,Inesploso,
4012725,10,29/09/2018 10:30:00,Strada Urbana,VIA CALPURNIO FIAMMA,in corrispondenza,,del civico n.,54,,Tamponamento,Rettilineo,Una carreggiata a senso unico di marcia,Asciutto,Asfaltata,Verticale,Sereno,Normale,Buona,Ore Diurne,0,0,0,5,12.5605,41.86,-1,1,Autovettura privata,In marcia / fermata / arresto,Passeggero,F,Illeso,0,,Non accertato,Inesploso,
4012725,10,29/09/2018 10:30:00,Strada Urbana,VIA CALPURNIO FIAMMA,in corrispondenza,,del civico n.,54,,Tamponamento,Rettilineo,Una carreggiata a senso unico di marcia,Asciutto,Asfaltata,Verticale,Sereno,Normale,Buona,Ore Diurne,0,0,0,5,12.5605,41.86,-1,1,Autovettura privata,In marcia / fermata / arresto,Passeggero,M,Illeso,0,,Non accertato,Inesploso,
4012725,10,29/09/2018 10:30:00,Strada Urbana,VIA CALPURNIO FIAMMA,in corrispondenza,,del civico n.,54,,Tamponamento,Rettilineo,Una carreggiata a senso unico di marcia,Asciutto,Asfaltata,Verticale,Sereno,Normale,Buona,Ore Diurne,0,0,0,5,12.5605,41.86,-1,1,Autovettura privata,In marcia / fermata / arresto,Passeggero,M,Illeso,0,,Non accertato,Inesploso,
4012725,10,29/09/2018 10:30:00,Strada Urbana,VIA CALPURNIO FIAMMA,in corrispondenza,,del civico n.,54,,Tamponamento,Rettilineo,Una carreggiata a senso unico di marcia,Asciutto,Asfaltata,Verticale,Sereno,Normale,Buona,Ore Diurne,0,0,0,5,12.5605,41.86,-1,2,Autovettura privata,In marcia / fermata / arresto,Conducente,F,Illeso,0,,,Inesploso,
4012739,12,30/09/2018 00:30:00,Strada Urbana,VIA DI VIGNA MURATA,all'intersezione semaforizzata con,VIALE STEFANO GRADI,VIALE STEFANO GRADI,,,Scontro frontale/laterale DX fra veicoli in marcia,Intersezione semaforizzata,Due carreggiate,Asciutto,Asfaltata,Verticale ed orizzontale,Sereno,Scarso,Buona,Ore Diurne,3,0,0,0,12.5055,41.8269,-1,1,Autovettura privata,In marcia / fermata / arresto,Conducente,M,Rimandato,0,NON DECEDUTO,Non accertato,Esploso,
4012739,12,30/09/2018 00:30:00,Strada Urbana,VIA DI VIGNA MURATA,all'intersezione semaforizzata con,VIALE STEFANO GRADI,VIALE STEFANO GRADI,,,Scontro frontale/laterale DX fra veicoli in marcia,Intersezione semaforizzata,Due carreggiate,Asciutto,Asfaltata,Verticale ed orizzontale,Sereno,Scarso,Buona,Ore Diurne,3,0,0,0,12.5055,41.8269,-1,1,Autovettura privata,In marcia / fermata / arresto,Passeggero,M,Rimandato,0,NON DECEDUTO,Utilizzato,Esploso,
4012739,12,30/09/2018 00:30:00,Strada Urbana,VIA DI VIGNA MURATA,all'intersezione semaforizzata con,VIALE STEFANO GRADI,VIALE STEFANO GRADI,,,Scontro frontale/laterale DX fra veicoli in marcia,Intersezione semaforizzata,Due carreggiate,Asciutto,Asfaltata,Verticale ed orizzontale,Sereno,Scarso,Buona,Ore Diurne,3,0,0,0,12.5055,41.8269,-1,2,Autovettura privata,In marcia / fermata / arresto,Conducente,F,Ricoverato,0,NON DECEDUTO,Non accertato,Esploso,
4012742,6,29/09/2018 17:50:00,Strada Urbana,VIA SABAUDIA,all'intersezione con,VIA PRENESTINA,VIA PRENESTINA,,,Scontro frontale/laterale DX fra veicoli in marcia,Incrocio,Una carreggiata a senso unico di marcia,Asciutto,Asfaltata,Verticale ed orizzontale,Sereno,Normale,Buona,Sufficiente,1,0,0,3,12.5576,41.8943,-1,1,Autovettura privata,In marcia / fermata / arresto,Conducente,M,Illeso,0,,,,
4012742,6,29/09/2018 17:50:00,Strada Urbana,VIA SABAUDIA,all'intersezione con,VIA PRENESTINA,VIA PRENESTINA,,,Scontro frontale/laterale DX fra veicoli in marcia,Incrocio,Una carreggiata a senso unico di marcia,Asciutto,Asfaltata,Verticale ed orizzontale,Sereno,Normale,Buona,Sufficiente,1,0,0,3,12.5576,41.8943,-1,1,Autovettura privata,In marcia / fermata / arresto,Passeggero,M,Illeso,0,,,,
4012742,6,29/09/2018 17:50:00,Strada Urbana,VIA SABAUDIA,all'intersezione con,VIA PRENESTINA,VIA PRENESTINA,,,Scontro frontale/laterale DX fra veicoli in marcia,Incrocio,Una carreggiata a senso unico di marcia,Asciutto,Asfaltata,Verticale ed orizzontale,Sereno,Normale,Buona,Sufficiente,1,0,0,3,12.5576,41.8943,-1,1,Autovettura privata,In marcia / fermata / arresto,Passeggero,M,Illeso,0,,,,
4012742,6,29/09/2018 17:50:00,Strada Urbana,VIA SABAUDIA,all'intersezione con,VIA PRENESTINA,VIA PRENESTINA,,,Scontro frontale/laterale DX fra veicoli in marcia,Incrocio,Una carreggiata a senso unico di marcia,Asciutto,Asfaltata,Verticale ed orizzontale,Sereno,Normale,Buona,Sufficiente,1,0,0,3,12.5576,41.8943,-1,2,Motociclo a solo,In marcia / fermata / arresto,Conducente,M,Rimandato,0,NON DECEDUTO,,,
4012745,13,29/09/2018 12:40:00,Strada Urbana,VIA GIAN FRANCESCO MALIPIERO,all'intersezione con,VIA PIETRO ROMANI,VIA PIETRO ROMANI,,,Scontro laterale fra veicoli in marcia,Incrocio,Una carreggiata a doppio senso,Asciutto,Asfaltata,Verticale,Sereno,Scarso,Buona,Ore Diurne,0,0,0,2,12.3702,41.7509,-1,1,Autovettura privata,In marcia / fermata / arresto,Conducente,F,Illeso,0,,Non accertato,Inesploso,
4012745,13,29/09/2018 12:40:00,Strada Urbana,VIA GIAN FRANCESCO MALIPIERO,all'intersezione con,VIA PIETRO ROMANI,VIA PIETRO ROMANI,,,Scontro laterale fra veicoli in marcia,Incrocio,Una carreggiata a doppio senso,Asciutto,Asfaltata,Verticale,Sereno,Scarso,Buona,Ore Diurne,0,0,0,2,12.3702,41.7509,-1,2,Autocarro inferiore 35 q.,In marcia / fermata / arresto,Conducente,M,Illeso,0,,,,
4012746,8,29/09/2018 23:00:00,Strada Urbana,VIA ARISCHIA,in corrispondenza,,del civico n.,48,,Veicolo in marcia contro veicolo in sosta,Rettilineo,Una carreggiata a doppio senso,Asciutto,Asfaltata,Assente,Sereno,Scarso,Sufficiente,Sufficiente,0,0,0,1,12.7087,41.9062,-1,1,Autocarro inferiore 35 q.,In marcia / fermata / arresto,Conducente,M,Illeso,0,,,,
4012754,13,29/09/2018 13:20:00,Strada Urbana,VIA ARISTIDE CARABELLI,all'intersezione con,VIA CORRADO DEL GRECO,VIA CORRADO DEL GRECO,,,Scontro frontale/laterale DX fra veicoli in marcia,Incrocio,Due carreggiate,Asciutto,Asfaltata,Verticale ed orizzontale,Sereno,Normale,Buona,Ore Diurne,0,0,0,2,12.2689,41.7379,-1,1,Autovettura privata,In marcia / fermata / arresto,Conducente,M,Illeso,0,,Non accertato,Inesploso,
4012754,13,29/09/2018 13:20:00,Strada Urbana,VIA ARISTIDE CARABELLI,all'intersezione con,VIA CORRADO DEL GRECO,VIA CORRADO DEL GRECO,,,Scontro frontale/laterale DX fra veicoli in marcia,Incrocio,Due carreggiate,Asciutto,Asfaltata,Verticale ed orizzontale,Sereno,Normale,Buona,Ore Diurne,0,0,0,2,12.2689,41.7379,-1,2,Autovettura privata,In marcia / fermata / arresto,Conducente,M,Illeso,0,,Non accertato,Inesploso,
4012755,6,30/09/2018 01:05:00,Strada Urbana,VIA TOR DE' SCHIAVI,all'intersezione con,VIA DEI GLICINI,VIA DEI GLICINI,,,Scontro frontale/laterale SX fra veicoli in marcia,Incrocio,Una carreggiata a doppio senso,Asciutto,Asfaltata,Verticale ed orizzontale,Sereno,Scarso,Sufficiente,Sufficiente,0,0,0,1,12.5638,41.8797,-1,1,Autovettura privata,In marcia / fermata / arresto,Conducente,M,Illeso,0,,,,
4012759,13,29/09/2018 17:00:00,Strada Urbana,VIA ISOLE DEL CAPO VERDE,in corrispondenza,,del civico n.,78,,Scontro laterale fra veicoli in marcia,Rettilineo,Una carreggiata a senso unico di marcia,Asciutto,Asfaltata,Verticale ed orizzontale,Sereno,Intenso,Buona,Ore Diurne,0,0,0,4,12.2776,41.7388,-1,1,Autovettura privata,In marcia / fermata / arresto,Conducente,M,Illeso,0,,,,
4012759,13,29/09/2018 17:00:00,Strada Urbana,VIA ISOLE DEL CAPO VERDE,in corrispondenza,,del civico n.,78,,Scontro laterale fra veicoli in marcia,Rettilineo,Una carreggiata a senso unico di marcia,Asciutto,Asfaltata,Verticale ed orizzontale,Sereno,Intenso,Buona,Ore Diurne,0,0,0,4,12.2776,41.7388,-1,1,Autovettura privata,In marcia / fermata / arresto,Passeggero,M,Illeso,0,,,,
4012759,13,29/09/2018 17:00:00,Strada Urbana,VIA ISOLE DEL CAPO VERDE,in corrispondenza,,del civico n.,78,,Scontro laterale fra veicoli in marcia,Rettilineo,Una carreggiata a senso unico di marcia,Asciutto,Asfaltata,Verticale ed orizzontale,Sereno,Intenso,Buona,Ore Diurne,0,0,0,4,12.2776,41.7388,-1,1,Autovettura privata,In marcia / fermata / arresto,Passeggero,F,Illeso,0,,Non accertato,,
4012759,13,29/09/2018 17:00:00,Strada Urbana,VIA ISOLE DEL CAPO VERDE,in corrispondenza,,del civico n.,78,,Scontro laterale fra veicoli in marcia,Rettilineo,Una carreggiata a senso unico di marcia,Asciutto,Asfaltata,Verticale ed orizzontale,Sereno,Intenso,Buona,Ore Diurne,0,0,0,4,12.2776,41.7388,-1,2,Autovettura privata,In marcia / fermata / arresto,Conducente,F,Illeso,0,,,,
4012798,13,29/09/2018 18:00:00,Strada Urbana,VIA ESCHILO,da specificare,,,,fermata bus 79450,Scontro laterale fra veicoli in marcia,Rettilineo,Una carreggiata a doppio senso,Asciutto,Asfaltata,Verticale ed orizzontale,Sereno,Normale,Buona,Ore Diurne,0,0,0,6,12.3721,41.762,-1,1,Autovettura privata,In marcia / fermata / arresto,Conducente,F,Illeso,0,,,,
4012798,13,29/09/2018 18:00:00,Strada Urbana,VIA ESCHILO,da specificare,,,,fermata bus 79450,Scontro laterale fra veicoli in marcia,Rettilineo,Una carreggiata a doppio senso,Asciutto,Asfaltata,Verticale ed orizzontale,Sereno,Normale,Buona,Ore Diurne,0,0,0,6,12.3721,41.762,-1,1,Autovettura privata,In marcia / fermata / arresto,Passeggero,M,Illeso,0,,,,
4012798,13,29/09/2018 18:00:00,Strada Urbana,VIA ESCHILO,da specificare,,,,fermata bus 79450,Scontro laterale fra veicoli in marcia,Rettilineo,Una carreggiata a doppio senso,Asciutto,Asfaltata,Verticale ed orizzontale,Sereno,Normale,Buona,Ore Diurne,0,0,0,6,12.3721,41.762,-1,1,Autovettura privata,In marcia / fermata / arresto,Passeggero,M,Illeso,0,,,,
4012798,13,29/09/2018 18:00:00,Strada Urbana,VIA ESCHILO,da specificare,,,,fermata bus 79450,Scontro laterale fra veicoli in marcia,Rettilineo,Una carreggiata a doppio senso,Asciutto,Asfaltata,Verticale ed orizzontale,Sereno,Normale,Buona,Ore Diurne,0,0,0,6,12.3721,41.762,-1,2,Autovettura privata,In marcia / fermata / arresto,Conducente,F,Illeso,0,,,,
4012798,13,29/09/2018 18:00:00,Strada Urbana,VIA ESCHILO,da specificare,,,,fermata bus 79450,Scontro laterale fra veicoli in marcia,Rettilineo,Una carreggiata a doppio senso,Asciutto,Asfaltata,Verticale ed orizzontale,Sereno,Normale,Buona,Ore Diurne,0,0,0,6,12.3721,41.762,-1,2,Autovettura privata,In marcia / fermata / arresto,Passeggero,M,Illeso,0,,,,
4012800,6,30/09/2018 01:50:00,Strada Urbana,VIALE DELLE GARDENIE,all'intersezione con,VIA DELLE CELIDONIE,VIA DELLE CELIDONIE,,,Scontro frontale/laterale SX fra veicoli in marcia,Incrocio,Una carreggiata a doppio senso,Asciutto,Asfaltata,Verticale ed orizzontale,Sereno,Scarso,Sufficiente,Sufficiente,0,0,0,6,12.5644,41.8861,-1,1,Autovettura privata,In marcia / fermata / arresto,Conducente,F,Illeso,0,,,,
4012800,6,30/09/2018 01:50:00,Strada Urbana,VIALE DELLE GARDENIE,all'intersezione con,VIA DELLE CELIDONIE,VIA DELLE CELIDONIE,,,Scontro frontale/laterale SX fra veicoli in marcia,Incrocio,Una carreggiata a doppio senso,Asciutto,Asfaltata,Verticale ed orizzontale,Sereno,Scarso,Sufficiente,Sufficiente,0,0,0,6,12.5644,41.8861,-1,2,Autovettura privata,In marcia / fermata / arresto,Conducente,M,Illeso,0,,,,
4012800,6,30/09/2018 01:50:00,Strada Urbana,VIALE DELLE GARDENIE,all'intersezione con,VIA DELLE CELIDONIE,VIA DELLE CELIDONIE,,,Scontro frontale/laterale SX fra veicoli in marcia,Incrocio,Una carreggiata a doppio senso,Asciutto,Asfaltata,Verticale ed orizzontale,Sereno,Scarso,Sufficiente,Sufficiente,0,0,0,6,12.5644,41.8861,-1,2,Autovettura privata,In marcia / fermata / arresto,Passeggero,M,Illeso,0,,,,
4012804,10,29/09/2018 15:50:00,Strada Urbana,VIA DEL CASALE AGOSTINELLI,in corrispondenza,,del civico n.,114,,Scontro frontale/laterale SX fra veicoli in marcia,Rettilineo,Una carreggiata a doppio senso,Asciutto,Asfaltata,Assente,Sereno,Scarso,Buona,Ore Diurne,0,0,0,3,12.6039,41.8135,-1,1,Autovettura privata,In marcia / fermata / arresto,Conducente,M,Illeso,0,,,,
4012804,10,29/09/2018 15:50:00,Strada Urbana,VIA DEL CASALE AGOSTINELLI,in corrispondenza,,del civico n.,114,,Scontro frontale/laterale SX fra veicoli in marcia,Rettilineo,Una carreggiata a doppio senso,Asciutto,Asfaltata,Assente,Sereno,Scarso,Buona,Ore Diurne,0,0,0,3,12.6039,41.8135,-1,1,Autovettura privata,In marcia / fermata / arresto,Passeggero,M,Illeso,0,,,,
4012804,10,29/09/2018 15:50:00,Strada Urbana,VIA DEL CASALE AGOSTINELLI,in corrispondenza,,del civico n.,114,,Scontro frontale/laterale SX fra veicoli in marcia,Rettilineo,Una carreggiata a doppio senso,Asciutto,Asfaltata,Assente,Sereno,Scarso,Buona,Ore Diurne,0,0,0,3,12.6039,41.8135,-1,2,Autovettura privata,In marcia / fermata / arresto,Conducente,M,Illeso,0,,,,
4012822,10,29/09/2018 18:40:00,Strada Urbana,VIALE DEI CONSOLI,all'intersezione con,PIAZZA DEI TRIBUNI,PIAZZA DEI TRIBUNI,,,Scontro laterale fra veicoli in marcia,Intersezione stradale segnalata,Due carreggiate,Asciutto,Asfaltata,Verticale ed orizzontale,Sereno,Normale,Buona,Sufficiente,0,0,0,3,12.5507,41.8649,-1,1,Autovettura privata,In marcia / fermata / arresto,Conducente,F,Illeso,0,,Non accertato,Inesploso,
4012822,10,29/09/2018 18:40:00,Strada Urbana,VIALE DEI CONSOLI,all'intersezione con,PIAZZA DEI TRIBUNI,PIAZZA DEI TRIBUNI,,,Scontro laterale fra veicoli in marcia,Intersezione stradale segnalata,Due carreggiate,Asciutto,Asfaltata,Verticale ed orizzontale,Sereno,Normale,Buona,Sufficiente,0,0,0,3,12.5507,41.8649,-1,2,Autovettura privata,In marcia / fermata / arresto,Conducente,F,Illeso,0,,Non accertato,Inesploso,