Protocollo,Gruppo,DataOraIncidente,Localizzazione1,STRADA1,Localizzazione2,STRADA2,Strada02,Chilometrica,DaSpecificare,NaturaIncidente,particolaritastrade,TipoStrada,FondoStradale,Pavimentazione,Segnaletica,CondizioneAtmosferica,Traffico,Visibilita,Illuminazione,NUM_FERITI,NUM_RISERVATA,NUM_MORTI,NUM_ILLESI,Longitudine,Latitudine,Confermato,Progressivo,TipoVeicolo,StatoVeicolo,TipoPersona,Sesso,Tipolesione,Deceduto,DecedutoDopo,CinturaCascoUtilizzato,Airbag,
4012822,10,29/09/2018 18:40:00,Strada Urbana,VIALE DEI CONSOLI,all'intersezione con,PIAZZA DEI TRIBUNI,PIAZZA DEI TRIBUNI,,,Scontro laterale fra veicoli in marcia,Intersezione stradale segnalata,Due carreggiate,Asciutto,Asfaltata,Verticale ed orizzontale,Sereno,Normale,Buona,Sufficiente,0,0,0,3,12.5507,41.8649,-1,2,Autovettura privata,In marcia / fermata / arresto,Passeggero,M,Illeso,0,,Non accertato,Inesploso,
4012847,6,30/09/2018 02:45:00,Strada Urbana,VIA TUSCOLANA,all'intersezione semaforizzata con,VIA OTELLO STEFANINI,VIA OTELLO STEFANINI,,,Scontro frontale/laterale DX fra veicoli in marcia,Intersezione semaforizzata,Una carreggiata a senso unico di marcia,Asciutto,Asfaltata,Verticale ed orizzontale,Sereno,Scarso,Sufficiente,Sufficiente,1,0,0,4,12.584,41.8433,-1,1,Autovettura privata,In marcia / fermata / arresto,Conducente,M,Illeso,0,,Non accertato,Inesploso,
4012847,6,30/09/2018 02:45:00,Strada Urbana,VIA TUSCOLANA,all'intersezione semaforizzata con,VIA OTELLO STEFANINI,VIA OTELLO STEFANINI,,,Scontro frontale/laterale DX fra veicoli in marcia,Intersezione semaforizzata,Una carreggiata a senso unico di marcia,Asciutto,Asfaltata,Verticale ed orizzontale,Sereno,Scarso,Sufficiente,Sufficiente,1,0,0,4,12.584,41.8433,-1,1,Autovettura privata,In marcia / fermata / arresto,Passeggero,M,Illeso,0,,Non accertato,Inesploso,
4012847,6,30/09/2018 02:45:00,Strada Urbana,VIA TUSCOLANA,all'intersezione semaforizzata con,VIA OTELLO STEFANINI,VIA OTELLO STEFANINI,,,Scontro frontale/laterale DX fra veicoli in marcia,Intersezione semaforizzata,Una carreggiata a senso unico di marcia,Asciutto,Asfaltata,Verticale ed orizzontale,Sereno,Scarso,Sufficiente,Sufficiente,1,0,0,4,12.584,41.8433,-1,1,Autovettura privata,In marcia / fermata / arresto,Passeggero,M,Illeso,0,,Non accertato,Inesploso,
4012847,6,30/09/2018 02:45:00,Strada Urbana,VIA TUSCOLANA,all'intersezione semaforizzata con,VIA OTELLO STEFANINI,VIA OTELLO STEFANINI,,,Scontro frontale/laterale DX fra veicoli in marcia,Intersezione semaforizzata,Una carreggiata a senso unico di marcia,Asciutto,Asfaltata,Verticale ed orizzontale,Sereno,Scarso,Sufficiente,Sufficiente,1,0,0,4,12.584,41.8433,-1,1,Autovettura privata,In marcia / fermata / arresto,Passeggero,F,Illeso,0,,Non accertato,Inesploso,
4012847,6,30/09/2018 02:45:00,Strada Urbana,VIA TUSCOLANA,all'intersezione semaforizzata con,VIA OTELLO STEFANINI,VIA OTELLO STEFANINI,,,Scontro frontale/laterale DX fra veicoli in marcia,Intersezione semaforizzata,Una carreggiata a senso unico di marcia,Asciutto,Asfaltata,Verticale ed orizzontale,Sereno,Scarso,Sufficiente,Sufficiente,1,0,0,4,12.584,41.8433,-1,2,Autovettura privata,In marcia / fermata / arresto,Conducente,M,Rifiuta cure immediate,0,NON DECEDUTO,Non accertato,Inesploso,
4013087,9,28/09/2018 12:10:00,Strada Urbana,LARGO MAGNAGRECIA,in corrispondenza,,del civico n.,19,,Scontro laterale fra veicoli in marcia,Rettilineo,Due carreggiate,Asciutto,Asfaltata,Assente,Sereno,Intenso,Buona,Ore Diurne,1,0,0,1,,,0,1,Autovettura privata,In marcia / fermata / arresto,Conducente,M,Illeso,0,,Non accertato,Inesploso,
4013087,9,28/09/2018 12:10:00,Strada Urbana,LARGO MAGNAGRECIA,in corrispondenza,,del civico n.,19,,Scontro laterale fra veicoli in marcia,Rettilineo,Due carreggiate,Asciutto,Asfaltata,Assente,Sereno,Intenso,Buona,Ore Diurne,1,0,0,1,,,0,2,Motociclo a solo,In marcia / fermata / arresto,Conducente,M,Rimandato,0,NON DECEDUTO,Non accertato,,
4013104,9,28/09/2018 14:30:00,Strada Urbana,VIA APPIA NUOVA,in prossimit�,,del civico n.,688,,Scontro laterale fra veicoli in marcia,Rettilineo,Due carreggiate,Asciutto,Asfaltata,Verticale ed orizzontale,Sereno,Intenso,Buona,Ore Diurne,1,0,0,3,12.5331,41.8622,-1,1,Autovettura privata,In marcia / fermata / arresto,Conducente,M,Illeso,0,,Non accertato,Inesploso,
4013104,9,28/09/2018 14:30:00,Strada Urbana,VIA APPIA NUOVA,in prossimit�,,del civico n.,688,,Scontro laterale fra veicoli in marcia,Rettilineo,Due carreggiate,Asciutto,Asfaltata,Verticale ed orizzontale,Sereno,Intenso,Buona,Ore Diurne,1,0,0,3,12.5331,41.8622,-1,1,Autovettura privata,In marcia / fermata / arresto,Passeggero,F,Illeso,0,,Non accertato,Inesploso,
4013104,9,28/09/2018 14:30:00,Strada Urbana,VIA APPIA NUOVA,in prossimit�,,del civico n.,688,,Scontro laterale fra veicoli in marcia,Rettilineo,Due carreggiate,Asciutto,Asfaltata,Verticale ed orizzontale,Sereno,Intenso,Buona,Ore Diurne,1,0,0,3,12.5331,41.8622,-1,1,Autovettura privata,In marcia / fermata / arresto,Passeggero,F,Illeso,0,,Non accertato,Inesploso,
4013104,9,28/09/2018 14:30:00,Strada Urbana,VIA APPIA NUOVA,in prossimit�,,del civico n.,688,,Scontro laterale fra veicoli in marcia,Rettilineo,Due carreggiate,Asciutto,Asfaltata,Verticale ed orizzontale,Sereno,Intenso,Buona,Ore Diurne,1,0,0,3,12.5331,41.8622,-1,2,Motociclo a solo,In marcia / fermata / arresto,Conducente,M,Rimandato,0,NON DECEDUTO,Non accertato,,
4013116,9,28/09/2018 15:00:00,Strada Urbana,VIA TUSCOLANA,in prossimit�,,del civico n.,546,,Scontro laterale fra veicoli in marcia,Rettilineo,Una carreggiata a senso unico di marcia,Asciutto,Asfaltata,Verticale ed orizzontale,Sereno,Normale,Buona,Ore Diurne,0,0,0,4,12.5365,41.87,-1,1,Autovettura privata,In marcia / fermata / arresto,Conducente,M,Illeso,0,,,,
4013116,9,28/09/2018 15:00:00,Strada Urbana,VIA TUSCOLANA,in prossimit�,,del civico n.,546,,Scontro laterale fra veicoli in marcia,Rettilineo,Una carreggiata a senso unico di marcia,Asciutto,Asfaltata,Verticale ed orizzontale,Sereno,Normale,Buona,Ore Diurne,0,0,0,4,12.5365,41.87,-1,1,Autovettura privata,In marcia / fermata / arresto,Passeggero,F,Illeso,0,,,,
4013116,9,28/09/2018 15:00:00,Strada Urbana,VIA TUSCOLANA,in prossimit�,,del civico n.,546,,Scontro laterale fra veicoli in marcia,Rettilineo,Una carreggiata a senso unico di marcia,Asciutto,Asfaltata,Verticale ed orizzontale,Sereno,Normale,Buona,Ore Diurne,0,0,0,4,12.5365,41.87,-1,2,Motocarro,In marcia / fermata / arresto,Conducente,M,Illeso,0,,,,
4013116,9,28/09/2018 15:00:00,Strada Urbana,VIA TUSCOLANA,in prossimit�,,del civico n.,546,,Scontro laterale fra veicoli in marcia,Rettilineo,Una carreggiata a senso unico di marcia,Asciutto,Asfaltata,Verticale ed orizzontale,Sereno,Normale,Buona,Ore Diurne,0,0,0,4,12.5365,41.87,-1,2,Motocarro,In marcia / fermata / arresto,Passeggero,F,Illeso,0,,,,
4013122,9,28/09/2018 15:00:00,Strada Urbana,VIA ALESSANDRO LUZIO,da specificare,,,,prossimit� via Nicola Nisco,Veicolo in marcia contro veicoli in sosta,Rettilineo,Una carreggiata a senso unico di marcia,Asciutto,Asfaltata,Verticale ed orizzontale,Sereno,Scarso,Buona,Ore Diurne,0,0,0,2,,,0,1,Autovettura privata,In marcia / fermata / arresto,Conducente,M,Illeso,0,,Non accertato,Inesploso,
4013122,9,28/09/2018 15:00:00,Strada Urbana,VIA ALESSANDRO LUZIO,da specificare,,,,prossimit� via Nicola Nisco,Veicolo in marcia contro veicoli in sosta,Rettilineo,Una carreggiata a senso unico di marcia,Asciutto,Asfaltata,Verticale ed orizzontale,Sereno,Scarso,Buona,Ore Diurne,0,0,0,2,,,0,2,Autovettura privata,In marcia / fermata / arresto,Conducente,M,Illeso,0,,Non accertato,Inesploso,
4013138,9,28/09/2018 20:00:00,Strada Urbana,VIA APPIA NUOVA,all'intersezione semaforizzata con,VIA MONTE ALBINO,VIA MONTE ALBINO,,,Investimento di pedone,Intersezione semaforizzata,Due carreggiate,Asciutto,Asfaltata,Verticale ed orizzontale,Sereno,Normale,Buona,Sufficiente,1,0,0,0,12.5369,41.8573,0,,,,Pedone,F,Ricoverato,0,NON DECEDUTO,,,
4013158,7,30/09/2018,Strada Urbana,VIALE PALMIRO TOGLIATTI,in prossimit�,,del civico n.,794,,Investimento di pedone,Rettilineo,Due carreggiate,Asciutto,Asfaltata,Assente,Sereno,Normale,Sufficiente,Sufficiente,0,0,1,2,12.5736,41.8841,-1,,,,Pedone,F,Deceduto durante prime cure,-1,,,,
4013158,7,30/09/2018,Strada Urbana,VIALE PALMIRO TOGLIATTI,in prossimit�,,del civico n.,794,,Investimento di pedone,Rettilineo,Due carreggiate,Asciutto,Asfaltata,Assente,Sereno,Normale,Sufficiente,Sufficiente,0,0,1,2,12.5736,41.8841,-1,1,Autovettura privata,In marcia / fermata / arresto,Conducente,M,Illeso,0,,Non accertato,Inesploso,
4013158,7,30/09/2018,Strada Urbana,VIALE PALMIRO TOGLIATTI,in prossimit�,,del civico n.,794,,Investimento di pedone,Rettilineo,Due carreggiate,Asciutto,Asfaltata,Assente,Sereno,Normale,Sufficiente,Sufficiente,0,0,1,2,12.5736,41.8841,-1,1,Autovettura privata,In marcia / fermata / arresto,Passeggero,F,Illeso,0,,Non accertato,Inesploso,
4013162,20,29/09/2018 16:20:00,Strada Urbana,VIALE DI TOR DI QUINTO,in prossimit�,,del civico n.,52/56,,Tamponamento Multiplo,Rettilineo,Una carreggiata a doppio senso,Asciutto,Asfaltata,Verticale ed orizzontale,Sereno,Normale,Buona,Ore Diurne,2,0,0,7,12.4747,41.9374,-1,1,Autocarro inferiore 35 q.,In marcia / fermata / arresto,Conducente,M,Illeso,0,,Non accertato,Inesploso,
4013162,20,29/09/2018 16:20:00,Strada Urbana,VIALE DI TOR DI QUINTO,in prossimit�,,del civico n.,52/56,,Tamponamento Multiplo,Rettilineo,Una carreggiata a doppio senso,Asciutto,Asfaltata,Verticale ed orizzontale,Sereno,Normale,Buona,Ore Diurne,2,0,0,7,12.4747,41.9374,-1,2,Autovettura privata,In marcia / fermata / arresto,Conducente,M,Illeso,0,,Utilizzato,Inesploso,
4013162,20,29/09/2018 16:20:00,Strada Urbana,VIALE DI TOR DI QUINTO,in prossimit�,,del civico n.,52/56,,Tamponamento Multiplo,Rettilineo,Una carreggiata a doppio senso,Asciutto,Asfaltata,Verticale ed orizzontale,Sereno,Normale,Buona,Ore Diurne,2,0,0,7,12.4747,41.9374,-1,2,Autovettura privata,In marcia / fermata / arresto,Passeggero,F,Illeso,0,,Non accertato,Inesploso,
4013162,20,29/09/2018 16:20:00,Strada Urbana,VIALE DI TOR DI QUINTO,in prossimit�,,del civico n.,52/56,,Tamponamento Multiplo,Rettilineo,Una carreggiata a doppio senso,Asciutto,Asfaltata,Verticale ed orizzontale,Sereno,Normale,Buona,Ore Diurne,2,0,0,7,12.4747,41.9374,-1,3,Autovettura privata,In marcia / fermata / arresto,Conducente,M,Illeso,0,,Non accertato,Inesploso,
4013162,20,29/09/2018 16:20:00,Strada Urbana,VIALE DI TOR DI QUINTO,in prossimit�,,del civico n.,52/56,,Tamponamento Multiplo,Rettilineo,Una carreggiata a doppio senso,Asciutto,Asfaltata,Verticale ed orizzontale,Sereno,Normale,Buona,Ore Diurne,2,0,0,7,12.4747,41.9374,-1,3,Autovettura privata,In marcia / fermata / arresto,Passeggero,F,Illeso,0,,Non accertato,Inesploso,
4013162,20,29/09/2018 16:20:00,Strada Urbana,VIALE DI TOR DI QUINTO,in prossimit�,,del civico n.,52/56,,Tamponamento Multiplo,Rettilineo,Una carreggiata a doppio senso,Asciutto,Asfaltata,Verticale ed orizzontale,Sereno,Normale,Buona,Ore Diurne,2,0,0,7,12.4747,41.9374,-1,3,Autovettura privata,In marcia / fermata / arresto,Passeggero,F,Illeso,0,,Non accertato,Inesploso,
4013162,20,29/09/2018 16:20:00,Strada Urbana,VIALE DI TOR DI QUINTO,in prossimit�,,del civico n.,52/56,,Tamponamento Multiplo,Rettilineo,Una carreggiata a doppio senso,Asciutto,Asfaltata,Verticale ed orizzontale,Sereno,Normale,Buona,Ore Diurne,2,0,0,7,12.4747,41.9374,-1,3,Autovettura privata,In marcia / fermata / arresto,Passeggero,F,Illeso,0,,Non accertato,Inesploso,
4013162,20,29/09/2018 16:20:00,Strada Urbana,VIALE DI TOR DI QUINTO,in prossimit�,,del civico n.,52/56,,Tamponamento Multiplo,Rettilineo,Una carreggiata a doppio senso,Asciutto,Asfaltata,Verticale ed orizzontale,Sereno,Normale,Buona,Ore Diurne,2,0,0,7,12.4747,41.9374,-1,4,Autovettura privata,In marcia / fermata / arresto,Conducente,F,Rifiuta cure immediate,0,NON DECEDUTO,Non accertato,Inesploso,
4013162,20,29/09/2018 16:20:00,Strada Urbana,VIALE DI TOR DI QUINTO,in prossimit�,,del civico n.,52/56,,Tamponamento Multiplo,Rettilineo,Una carreggiata a doppio senso,Asciutto,Asfaltata,Verticale ed orizzontale,Sereno,Normale,Buona,Ore Diurne,2,0,0,7,12.4747,41.9374,-1,4,Autovettura privata,In marcia / fermata / arresto,Passeggero,F,Rifiuta cure immediate,0,NON DECEDUTO,Non accertato,Inesploso,
4013173,10,30/09/2018 15:30:00,Strada Urbana,VIALE SPARTACO,in corrispondenza,,del civico n.,59,,Tamponamento,Rettilineo,Due carreggiate,Asciutto,Asfaltata,Verticale ed orizzontale,Sereno,Scarso,Buona,Ore Diurne,0,0,0,2,12.5569,41.8571,-1,1,Autovettura privata,In marcia / fermata / arresto,Conducente,M,Illeso,0,,Non accertato,Inesploso,
4013173,10,30/09/2018 15:30:00,Strada Urbana,VIALE SPARTACO,in corrispondenza,,del civico n.,59,,Tamponamento,Rettilineo,Due carreggiate,Asciutto,Asfaltata,Verticale ed orizzontale,Sereno,Scarso,Buona,Ore Diurne,0,0,0,2,12.5569,41.8571,-1,2,Autovettura privata,In marcia / fermata / arresto,Conducente,M,Illeso,0,,Non accertato,Inesploso,
4013197,20,30/09/2018 03:30:00,Strada Urbana,VIALE PANTELLERIA,all'intersezione con,VIA MONTE BIANCO,VIA MONTE BIANCO,,,Scontro frontale/laterale SX fra veicoli in marcia,Incrocio,Una carreggiata a doppio senso,Asciutto,Asfaltata,Verticale,Sereno,Scarso,Buona,Sufficiente,1,0,0,1,12.5292,41.9451,-1,1,Motociclo a solo,In marcia / fermata / arresto,Conducente,M,Rimandato,0,NON DECEDUTO,Non accertato,,
4013197,20,30/09/2018 03:30:00,Strada Urbana,VIALE PANTELLERIA,all'intersezione con,VIA MONTE BIANCO,VIA MONTE BIANCO,,,Scontro frontale/laterale SX fra veicoli in marcia,Incrocio,Una carreggiata a doppio senso,Asciutto,Asfaltata,Verticale,Sereno,Scarso,Buona,Sufficiente,1,0,0,1,12.5292,41.9451,-1,2,Autovettura privata,In marcia / fermata / arresto,Conducente,F,Illeso,0,,Non accertato,Inesploso,
4013208,20,30/09/2018 00:40:00,Strada Urbana,VIA VEIENTANA,in corrispondenza,,del civico n.,33,,Scontro frontale fra veicoli in marcia,Rettilineo,Una carreggiata a doppio senso,Asciutto,Asfaltata,Assente,Sereno,Scarso,Sufficiente,Sufficiente,2,0,0,1,12.4449,41.9758,-1,1,Autovettura privata,In marcia / fermata / arresto,Conducente,M,Rimandato,0,NON DECEDUTO,Non accertato,Inesploso,
4013208,20,30/09/2018 00:40:00,Strada Urbana,VIA VEIENTANA,in corrispondenza,,del civico n.,33,,Scontro frontale fra veicoli in marcia,Rettilineo,Una carreggiata a doppio senso,Asciutto,Asfaltata,Assente,Sereno,Scarso,Sufficiente,Sufficiente,2,0,0,1,12.4449,41.9758,-1,2,Autovettura privata,In marcia / fermata / arresto,Conducente,M,Rifiuta cure immediate,0,NON DECEDUTO,Non accertato,Inesploso,
4013208,20,30/09/2018 00:40:00,Strada Urbana,VIA VEIENTANA,in corrispondenza,,del civico n.,33,,Scontro frontale fra veicoli in marcia,Rettilineo,Una carreggiata a doppio senso,Asciutto,Asfaltata,Assente,Sereno,Scarso,Sufficiente,Sufficiente,2,0,0,1,12.4449,41.9758,-1,2,Autovettura privata,In marcia / fermata / arresto,Passeggero,M,Illeso,0,,Non accertato,Inesploso,
4013209,7,28/09/2018 15:40:00,Strada Urbana,VIA DELLA VACCHERIA GIANNI,in prossimit�,,del civico n.,132,,Scontro frontale/laterale SX fra veicoli in marcia,Rettilineo,Una carreggiata a doppio senso,Asciutto,Asfaltata,Verticale,Sereno,Scarso,Buona,Ore Diurne,0,0,0,4,12.6062,41.8865,-1,1,Autovettura privata,In marcia / fermata / arresto,Conducente,M,Illeso,0,,Non accertato,Inesploso,
4013209,7,28/09/2018 15:40:00,Strada Urbana,VIA DELLA VACCHERIA GIANNI,in prossimit�,,del civico n.,132,,Scontro frontale/laterale SX fra veicoli in marcia,Rettilineo,Una carreggiata a doppio senso,Asciutto,Asfaltata,Verticale,Sereno,Scarso,Buona,Ore Diurne,0,0,0,4,12.6062,41.8865,-1,1,Autovettura privata,In marcia / fermata / arresto,Passeggero,M,Illeso,0,,Non accertato,Inesploso,
4013209,7,28/09/2018 15:40:00,Strada Urbana,VIA DELLA VACCHERIA GIANNI,in prossimit�,,del civico n.,132,,Scontro frontale/laterale SX fra veicoli in marcia,Rettilineo,Una carreggiata a doppio senso,Asciutto,Asfaltata,Verticale,Sereno,Scarso,Buona,Ore Diurne,0,0,0,4,12.6062,41.8865,-1,2,Autovettura privata,In marcia / fermata / arresto,Conducente,M,Illeso,0,,Non accertato,Inesploso,
4013209,7,28/09/2018 15:40:00,Strada Urbana,VIA DELLA VACCHERIA GIANNI,in prossimit�,,del civico n.,132,,Scontro frontale/laterale SX fra veicoli in marcia,Rettilineo,Una carreggiata a doppio senso,Asciutto,Asfaltata,Verticale,Sereno,Scarso,Buona,Ore Diurne,0,0,0,4,12.6062,41.8865,-1,2,Autovettura privata,In marcia / fermata / arresto,Passeggero,M,Illeso,0,,Non accertato,Inesploso,
4013216,20,30/09/2018 06:15:00,Provinciale,VIA ANGUILLARESE,da specificare,,,,altezza palo ACEA n. 4,Fuoriuscita dalla sede stradale,Curva a visuale libera,Una carreggiata a doppio senso,Asciutto,Asfaltata,Orizzontale,Sereno,Scarso,Buona,Ore Diurne,0,0,0,3,12.2922,42.0626,-1,1,Autovettura privata,In marcia / fermata / arresto,Conducente,M,Illeso,0,,Non accertato,Inesistente,
4013216,20,30/09/2018 06:15:00,Provinciale,VIA ANGUILLARESE,da specificare,,,,altezza palo ACEA n. 4,Fuoriuscita dalla sede stradale,Curva a visuale libera,Una carreggiata a doppio senso,Asciutto,Asfaltata,Orizzontale,Sereno,Scarso,Buona,Ore Diurne,0,0,0,3,12.2922,42.0626,-1,1,Autovettura privata,In marcia / fermata / arresto,Passeggero,M,Illeso,0,,Non accertato,Inesistente,
4013238,7,28/09/2018 16:10:00,Strada Urbana,VIA PRENESTINA,da specificare,,,,IN PROSSIMITA' DI VIA LONGONI,Tamponamento,Rotatoria,Una carreggiata a senso unico di marcia,Asciutto,Asfaltata,Verticale ed orizzontale,Sereno,Normale,Buona,Ore Diurne,0,0,0,2,12.6074,41.8937,-1,1,Autovettura privata,In marcia / fermata / arresto,Conducente,F,Illeso,0,,Non accertato,Inesploso,
4013238,7,28/09/2018 16:10:00,Strada Urbana,VIA PRENESTINA,da specificare,,,,IN PROSSIMITA' DI VIA LONGONI,Tamponamento,Rotatoria,Una carreggiata a senso unico di marcia,Asciutto,Asfaltata,Verticale ed orizzontale,Sereno,Normale,Buona,Ore Diurne,0,0,0,2,12.6074,41.8937,-1,2,Autocarro inferiore 35 q.,Allontanatosi,Conducente,M,Illeso,0,,Non accertato,Inesploso,
4013249,7,29/09/2018 13:00:00,Strada Urbana,VIA MASSIMO CAMPIGLI,all'intersezione con,VIALE GIORGIO MORANDI,VIALE GIORGIO MORANDI,,,Tamponamento,Incrocio,Una carreggiata a doppio senso,Asciutto,Asfaltata,Verticale ed orizzontale,Sereno,Normale,Buona,Ore Diurne,2,0,0,1,12.583,41.8995,-1,1,Autovettura privata,In marcia / fermata / arresto,Conducente,M,Illeso,0,,Non accertato,Inesploso,
4013249,7,29/09/2018 13:00:00,Strada Urbana,VIA MASSIMO CAMPIGLI,all'intersezione con,VIALE GIORGIO MORANDI,VIALE GIORGIO MORANDI,,,Tamponamento,Incrocio,Una carreggiata a doppio senso,Asciutto,Asfaltata,Verticale ed orizzontale,Sereno,Normale,Buona,Ore Diurne,2,0,0,1,12.583,41.8995,-1,2,Autovettura privata,In marcia / fermata / arresto,Conducente,F,Rimandato,0,NON DECEDUTO,Non accertato,Inesploso,
4013249,7,29/09/2018 13:00:00,Strada Urbana,VIA MASSIMO CAMPIGLI,all'intersezione con,VIALE GIORGIO MORANDI,VIALE GIORGIO MORANDI,,,Tamponamento,Incrocio,Una carreggiata a doppio senso,Asciutto,Asfaltata,Verticale ed orizzontale,Sereno,Normale,Buona,Ore Diurne,2,0,0,1,12.583,41.8995,-1,2,Autovettura privata,In marcia / fermata / arresto,Passeggero,F,Rimandato,0,NON DECEDUTO,Non accertato,Inesploso,
4013288,7,29/09/2018 20:40:00,Strada Urbana,PIAZZALE LABICANO,all'intersezione con,VIA CASILINA,VIA CASILINA,,,Scontro frontale/laterale DX fra veicoli in marcia,Incrocio,Una carreggiata a senso unico di marcia,Asciutto,Asfaltata,Assente,Sereno,Normale,Sufficiente,Sufficiente,0,0,0,5,12.5156,41.8912,-1,1,Autovettura privata,In marcia / fermata / arresto,Conducente,M,Illeso,0,,Non accertato,Inesploso,
4013288,7,29/09/2018 20:40:00,Strada Urbana,PIAZZALE LABICANO,all'intersezione con,VIA CASILINA,VIA CASILINA,,,Scontro frontale/laterale DX fra veicoli in marcia,Incrocio,Una carreggiata a senso unico di marcia,Asciutto,Asfaltata,Assente,Sereno,Normale,Sufficiente,Sufficiente,0,0,0,5,12.5156,41.8912,-1,1,Autovettura privata,In marcia / fermata / arresto,Passeggero,F,Illeso,0,,Non accertato,Inesploso,
4013288,7,29/09/2018 20:40:00,Strada Urbana,PIAZZALE LABICANO,all'intersezione con,VIA CASILINA,VIA CASILINA,,,Scontro frontale/laterale DX fra veicoli in marcia,Incrocio,Una carreggiata a senso unico di marcia,Asciutto,Asfaltata,Assente,Sereno,Normale,Sufficiente,Sufficiente,0,0,0,5,12.5156,41.8912,-1,1,Autovettura privata,In marcia / fermata / arresto,Passeggero,F,Illeso,0,,Non accertato,Inesploso,
4013288,7,29/09/2018 20:40:00,Strada Urbana,PIAZZALE LABICANO,all'intersezione con,VIA CASILINA,VIA CASILINA,,,Scontro frontale/laterale DX fra veicoli in marcia,Incrocio,Una carreggiata a senso unico di marcia,Asciutto,Asfaltata,Assente,Sereno,Normale,Sufficiente,Sufficiente,0,0,0,5,12.5156,41.8912,-1,1,Autovettura privata,In marcia / fermata / arresto,Passeggero,F,Illeso,0,,Non accertato,Inesploso,
4013288,7,29/09/2018 20:40:00,Strada Urbana,PIAZZALE LABICANO,all'intersezione con,VIA CASILINA,VIA CASILINA,,,Scontro frontale/laterale DX fra veicoli in marcia,Incrocio,Una carreggiata a senso unico di marcia,Asciutto,Asfaltata,Assente,Sereno,Normale,Sufficiente,Sufficiente,0,0,0,5,12.5156,41.8912,-1,2,Autovettura privata,In marcia / fermata / arresto,Conducente,M,Illeso,0,,Non accertato,Inesploso,
4013677,9,29/09/2018 17:05:00,Strada Urbana,VIA VOLTERRA,da specificare,,,,prossimit� civico 7,Veicolo in marcia contro veicolo in sosta,Rettilineo,Una carreggiata a senso unico di marcia,Asciutto,Asfaltata,Assente,Sereno,Normale,Buona,Ore Diurne,0,0,0,1,12.5201,41.8851,-1,1,Autovettura privata,In marcia / fermata / arresto,Conducente,M,Illeso,0,,Non accertato,Inesploso,
4013681,9,29/09/2018 09:00:00,Strada Urbana,PIAZZALE APPIO,da specificare,,,,altezza COIN,Scontro laterale fra veicoli in marcia,Rettilineo,Una carreggiata a senso unico di marcia,Asciutto,Asfaltata,Verticale ed orizzontale,Sereno,Normale,Buona,Ore Diurne,0,0,0,3,12.5095,41.8855,-1,1,Autovettura privata,In marcia / fermata / arresto,Conducente,M,Illeso,0,,Non accertato,Inesploso,
4013681,9,29/09/2018 09:00:00,Strada Urbana,PIAZZALE APPIO,da specificare,,,,altezza COIN,Scontro laterale fra veicoli in marcia,Rettilineo,Una carreggiata a senso unico di marcia,Asciutto,Asfaltata,Verticale ed orizzontale,Sereno,Normale,Buona,Ore Diurne,0,0,0,3,12.5095,41.8855,-1,2,Macchina operatrice,In marcia / fermata / arresto,Conducente,M,Illeso,0,,Non accertato,Inesistente,
4013681,9,29/09/2018 09:00:00,Strada Urbana,PIAZZALE APPIO,da specificare,,,,altezza COIN,Scontro laterale fra veicoli in marcia,Rettilineo,Una carreggiata a senso unico di marcia,Asciutto,Asfaltata,Verticale ed orizzontale,Sereno,Normale,Buona,Ore Diurne,0,0,0,3,12.5095,41.8855,-1,2,Macchina operatrice,In marcia / fermata / arresto,Passeggero,M,Illeso,0,,Non accertato,Inesploso,
4013700,11,30/09/2018 16:15:00,Strada Urbana,VIA EFESO,all'intersezione con,VIA CORINTO,VIA CORINTO,,,Scontro frontale/laterale SX fra veicoli in marcia,Incrocio,Una carreggiata a doppio senso,Asciutto,Asfaltata,Verticale ed orizzontale,Sereno,Scarso,Buona,Ore Diurne,1,0,0,1,12.476,41.8543,0,1,Motociclo con passeggero,In marcia / fermata / arresto,Conducente,M,Rimandato,0,NON DECEDUTO,Utilizzato,,
4013700,11,30/09/2018 16:15:00,Strada Urbana,VIA EFESO,all'intersezione con,VIA CORINTO,VIA CORINTO,,,Scontro frontale/laterale SX fra veicoli in marcia,Incrocio,Una carreggiata a doppio senso,Asciutto,Asfaltata,Verticale ed orizzontale,Sereno,Scarso,Buona,Ore Diurne,1,0,0,1,12.476,41.8543,0,2,Autovettura privata,In marcia / fermata / arresto,Conducente,M,Illeso,0,,,,
4013708,11,30/09/2018 05:10:00,Strada Urbana,VIALE DI TOR MARANCIA,da specificare,,,,fronte civico 26,Veicolo in marcia contro veicoli in sosta,Rettilineo,Due carreggiate,Asciutto,Asfaltata,Verticale ed orizzontale,Sereno,Scarso,Buona,Ore Diurne,0,0,0,1,12.4975,41.8552,-1,1,Autovettura privata,In marcia / fermata / arresto,Conducente,M,Illeso,0,,Non accertato,,