Protocollo,Gruppo,DataOraIncidente,Localizzazione1,STRADA1,Localizzazione2,STRADA2,Strada02,Chilometrica,DaSpecificare,NaturaIncidente,particolaritastrade,TipoStrada,FondoStradale,Pavimentazione,Segnaletica,CondizioneAtmosferica,Traffico,Visibilita,Illuminazione,NUM_FERITI,NUM_RISERVATA,NUM_MORTI,NUM_ILLESI,Longitudine,Latitudine,Confermato,Progressivo,TipoVeicolo,StatoVeicolo,TipoPersona,Sesso,Tipolesione,Deceduto,DecedutoDopo,CinturaCascoUtilizzato,Airbag,
4013711,6,30/09/2018 11:45:00,Strada Urbana,VIA TOR DE' SCHIAVI,all'intersezione con,VIA DEI GELSI,VIA DEI GELSI,,,Scontro laterale fra veicoli in marcia,Intersezione non regolata/non segnalata,Due carreggiate,Asciutto,Asfaltata,Verticale ed orizzontale,Sereno,Scarso,Buona,Ore Diurne,0,0,0,2,12.5613,41.8849,-1,1,Autovettura privata,In marcia / fermata / arresto,Conducente,F,Illeso,0,,,,
4013711,6,30/09/2018 11:45:00,Strada Urbana,VIA TOR DE' SCHIAVI,all'intersezione con,VIA DEI GELSI,VIA DEI GELSI,,,Scontro laterale fra veicoli in marcia,Intersezione non regolata/non segnalata,Due carreggiate,Asciutto,Asfaltata,Verticale ed orizzontale,Sereno,Scarso,Buona,Ore Diurne,0,0,0,2,12.5613,41.8849,-1,2,Autovettura privata,In marcia / fermata / arresto,Conducente,M,Illeso,0,,,,
4013713,9,29/09/2018 15:05:00,Strada Urbana,VIA POGGI D'ORO,all'intersezione con,VIA GENZANO,VIA GENZANO,,,Scontro frontale/laterale DX fra veicoli in marcia,Incrocio,Una carreggiata a senso unico di marcia,Asciutto,Asfaltata,Assente,Sereno,Normale,Buona,Ore Diurne,2,0,0,0,12.5296,41.8709,-1,1,Autovettura privata,In marcia / fermata / arresto,Conducente,M,Rimandato,0,NON DECEDUTO,Non accertato,Inesploso,
4013713,9,29/09/2018 15:05:00,Strada Urbana,VIA POGGI D'ORO,all'intersezione con,VIA GENZANO,VIA GENZANO,,,Scontro frontale/laterale DX fra veicoli in marcia,Incrocio,Una carreggiata a senso unico di marcia,Asciutto,Asfaltata,Assente,Sereno,Normale,Buona,Ore Diurne,2,0,0,0,12.5296,41.8709,-1,2,Autovettura privata,In marcia / fermata / arresto,Conducente,F,Rimandato,0,NON DECEDUTO,Non utilizzato,Esploso,
4013719,13,30/09/2018 04:30:00,Strada Urbana,PIAZZA ALBERTO ALESSIO,in prossimit�,,del civico n.,9,,Veicolo in marcia contro veicoli in sosta,Rettilineo,Una carreggiata a doppio senso,Asciutto,Asfaltata,Assente,Sereno,Scarso,Buona,Sufficiente,0,0,0,1,12.2937,41.7302,-1,1,Autovettura privata,In marcia / fermata / arresto,Conducente,M,Illeso,0,,Non accertato,Inesploso,
4013732,20,30/09/2018 19:30:00,Strada Urbana,VIALE CORTINA D'AMPEZZO,in corrispondenza,,del civico n.,235,,Fuoriuscita dalla sede stradale,Curva a visuale libera,Una carreggiata a doppio senso,Asciutto,Asfaltata,Verticale ed orizzontale,Sereno,Normale,Buona,Sufficiente,0,0,0,2,12.4392,41.9463,-1,1,Quadriciclo leggero,In marcia / fermata / arresto,Conducente,M,Illeso,0,,Non accertato,,
4013732,20,30/09/2018 19:30:00,Strada Urbana,VIALE CORTINA D'AMPEZZO,in corrispondenza,,del civico n.,235,,Fuoriuscita dalla sede stradale,Curva a visuale libera,Una carreggiata a doppio senso,Asciutto,Asfaltata,Verticale ed orizzontale,Sereno,Normale,Buona,Sufficiente,0,0,0,2,12.4392,41.9463,-1,1,Quadriciclo leggero,In marcia / fermata / arresto,Passeggero,M,Illeso,0,,Non accertato,,
4013740,11,30/09/2018 01:10:00,Strada Urbana,VIA DI TORRICOLA,da specificare,,,,200 MT DOPO STAZIONE DI TORRICOLA,Veicolo in marcia contro ostacolo accidentale,Rettilineo,Una carreggiata a doppio senso,Asciutto,Asfaltata,Orizzontale,Sereno,Scarso,Sufficiente,Inesistente,1,0,0,0,,,0,1,Motociclo a solo,In marcia / fermata / arresto,Conducente,M,Rimandato,0,NON DECEDUTO,Non accertato,,
4013742,11,30/09/2018 01:00:00,Strada Urbana,VIA APPIA ANTICA,in corrispondenza,,del civico n.,41,,Veicolo in marcia contro ostacolo fisso,Rettilineo,Una carreggiata a doppio senso,Asciutto,In cubetti di porfido,Orizzontale,Sereno,Scarso,Buona,Sufficiente,0,0,0,2,12.5028,41.8677,-1,1,Autovettura privata,In marcia / fermata / arresto,Conducente,M,Illeso,0,,Utilizzato,Inesploso,
4013742,11,30/09/2018 01:00:00,Strada Urbana,VIA APPIA ANTICA,in corrispondenza,,del civico n.,41,,Veicolo in marcia contro ostacolo fisso,Rettilineo,Una carreggiata a doppio senso,Asciutto,In cubetti di porfido,Orizzontale,Sereno,Scarso,Buona,Sufficiente,0,0,0,2,12.5028,41.8677,-1,1,Autovettura privata,In marcia / fermata / arresto,Passeggero,F,Illeso,0,,Utilizzato,Inesploso,
4013743,13,30/09/2018 10:00:00,Strada Urbana,CORSO REGINA MARIA PIA,in prossimit�,,del civico n.,38,,Veicolo in marcia contro veicolo in sosta,Rettilineo,Una carreggiata a doppio senso,Asciutto,Asfaltata,Orizzontale,Sereno,Normale,Buona,Ore Diurne,0,0,0,1,12.2863,41.7288,-1,1,Autovettura privata,In marcia / fermata / arresto,Conducente,M,Illeso,0,,Non accertato,Inesploso,
4013762,8,30/09/2018 09:00:00,Provinciale entro l'abitato,VIA CASILINA,all'intersezione con,VIA DI FONTANA ROTTA,VIA DI FONTANA ROTTA,,,Scontro laterale fra veicoli in marcia,Incrocio,Una carreggiata a doppio senso,Asciutto,Asfaltata,Verticale ed orizzontale,Sereno,Normale,Buona,Ore Diurne,3,0,0,0,12.687,41.8623,-1,1,Ciclomotore con passeggero,In marcia / fermata / arresto,Conducente,M,Rimandato,0,NON DECEDUTO,Non accertato,,
4013762,8,30/09/2018 09:00:00,Provinciale entro l'abitato,VIA CASILINA,all'intersezione con,VIA DI FONTANA ROTTA,VIA DI FONTANA ROTTA,,,Scontro laterale fra veicoli in marcia,Incrocio,Una carreggiata a doppio senso,Asciutto,Asfaltata,Verticale ed orizzontale,Sereno,Normale,Buona,Ore Diurne,3,0,0,0,12.687,41.8623,-1,1,Ciclomotore con passeggero,In marcia / fermata / arresto,Passeggero,F,Rifiuta cure immediate,0,NON DECEDUTO,Non accertato,,
4013762,8,30/09/2018 09:00:00,Provinciale entro l'abitato,VIA CASILINA,all'intersezione con,VIA DI FONTANA ROTTA,VIA DI FONTANA ROTTA,,,Scontro laterale fra veicoli in marcia,Incrocio,Una carreggiata a doppio senso,Asciutto,Asfaltata,Verticale ed orizzontale,Sereno,Normale,Buona,Ore Diurne,3,0,0,0,12.687,41.8623,-1,2,Motociclo a solo,In marcia / fermata / arresto,Conducente,M,Rimandato,0,NON DECEDUTO,Non accertato,,
4013765,11,29/09/2018 19:00:00,Strada Urbana,VIA OSTIENSE,in corrispondenza,,del civico n.,71,,Investimento di pedone,Rettilineo,Pi� di due carreggiate,Asciutto,Asfaltata,Verticale ed orizzontale,Sereno,Normale,Sufficiente,Sufficiente,1,0,0,1,,,0,,,,Pedone,M,Rimandato,0,NON DECEDUTO,,,
4013765,11,29/09/2018 19:00:00,Strada Urbana,VIA OSTIENSE,in corrispondenza,,del civico n.,71,,Investimento di pedone,Rettilineo,Pi� di due carreggiate,Asciutto,Asfaltata,Verticale ed orizzontale,Sereno,Normale,Sufficiente,Sufficiente,1,0,0,1,,,0,1,Autocarro inferiore 35 q.,In marcia / fermata / arresto,Conducente,M,Illeso,0,,Non accertato,,
4013766,8,30/09/2018 19:40:00,Strada Urbana,VIA SANT'ELPIDIO A MARE,all'intersezione con,VIA OSTRA VETERE,VIA OSTRA VETERE,,,Scontro frontale/laterale DX fra veicoli in marcia,Incrocio,Una carreggiata a doppio senso,Asciutto,Asfaltata,Verticale ed orizzontale,Sereno,Normale,Buona,Sufficiente,1,0,0,0,12.7254,41.9192,0,1,Autovettura privata,In marcia / fermata / arresto,Conducente,M,Rimandato,0,NON DECEDUTO,,,
4013767,11,29/09/2018 10:35:00,Strada Urbana,VIA VITTORE CARPACCIO,all'intersezione con,VIA ACCADEMIA DEGLI AGIATI,VIA ACCADEMIA DEGLI AGIATI,,,Scontro laterale fra veicoli in marcia,Incrocio,Una carreggiata a doppio senso,Asciutto,Asfaltata,Verticale ed orizzontale,Sereno,Normale,Buona,Ore Diurne,1,0,0,2,12.4933,41.8508,-1,1,Autovettura privata,In marcia / fermata / arresto,Conducente,F,Illeso,0,,,,
4013767,11,29/09/2018 10:35:00,Strada Urbana,VIA VITTORE CARPACCIO,all'intersezione con,VIA ACCADEMIA DEGLI AGIATI,VIA ACCADEMIA DEGLI AGIATI,,,Scontro laterale fra veicoli in marcia,Incrocio,Una carreggiata a doppio senso,Asciutto,Asfaltata,Verticale ed orizzontale,Sereno,Normale,Buona,Ore Diurne,1,0,0,2,12.4933,41.8508,-1,1,Autovettura privata,In marcia / fermata / arresto,Passeggero,F,Illeso,0,,,,
4013767,11,29/09/2018 10:35:00,Strada Urbana,VIA VITTORE CARPACCIO,all'intersezione con,VIA ACCADEMIA DEGLI AGIATI,VIA ACCADEMIA DEGLI AGIATI,,,Scontro laterale fra veicoli in marcia,Incrocio,Una carreggiata a doppio senso,Asciutto,Asfaltata,Verticale ed orizzontale,Sereno,Normale,Buona,Ore Diurne,1,0,0,2,12.4933,41.8508,-1,2,Motociclo a solo,In marcia / fermata / arresto,Conducente,M,Rimandato,0,NON DECEDUTO,,,
4013768,8,30/09/2018 16:35:00,,VIA DELLE CERQUETE,all'intersezione con,VIA SAN POLOMATESE,VIA SAN POLOMATESE,,,Scontro frontale/laterale SX fra veicoli in marcia,,,,,,,,,,0,0,0,2,12.6693,41.9145,0,1,Autovettura privata,In marcia / fermata / arresto,Conducente,M,Illeso,0,,,,
4013768,8,30/09/2018 16:35:00,,VIA DELLE CERQUETE,all'intersezione con,VIA SAN POLOMATESE,VIA SAN POLOMATESE,,,Scontro frontale/laterale SX fra veicoli in marcia,,,,,,,,,,0,0,0,2,12.6693,41.9145,0,2,Autovettura privata,In marcia / fermata / arresto,Conducente,M,Illeso,0,,Non accertato,Inesploso,
4013774,5,29/09/2018 02:15:00,Strada Urbana,VIA DONATO MENICHELLA,all'intersezione con,VIA ALDO SANDULLI,VIA ALDO SANDULLI,,,Scontro frontale/laterale DX fra veicoli in marcia,Incrocio,Una carreggiata a senso unico di marcia,Asciutto,Asfaltata,Verticale ed orizzontale,Sereno,Scarso,Sufficiente,Sufficiente,0,0,0,3,12.5859,41.9479,-1,1,Autovettura privata,In marcia / fermata / arresto,Conducente,M,Illeso,0,,Non accertato,Inesploso,
4013774,5,29/09/2018 02:15:00,Strada Urbana,VIA DONATO MENICHELLA,all'intersezione con,VIA ALDO SANDULLI,VIA ALDO SANDULLI,,,Scontro frontale/laterale DX fra veicoli in marcia,Incrocio,Una carreggiata a senso unico di marcia,Asciutto,Asfaltata,Verticale ed orizzontale,Sereno,Scarso,Sufficiente,Sufficiente,0,0,0,3,12.5859,41.9479,-1,1,Autovettura privata,In marcia / fermata / arresto,Passeggero,M,Illeso,0,,Non accertato,Inesploso,
4013774,5,29/09/2018 02:15:00,Strada Urbana,VIA DONATO MENICHELLA,all'intersezione con,VIA ALDO SANDULLI,VIA ALDO SANDULLI,,,Scontro frontale/laterale DX fra veicoli in marcia,Incrocio,Una carreggiata a senso unico di marcia,Asciutto,Asfaltata,Verticale ed orizzontale,Sereno,Scarso,Sufficiente,Sufficiente,0,0,0,3,12.5859,41.9479,-1,2,Autovettura privata,In marcia / fermata / arresto,Conducente,F,Illeso,0,,Non accertato,Inesploso,
4013778,5,30/09/2018 03:20:00,Strada Urbana,VIALE BATTISTA BARDANZELLU,in prossimit�,,del civico n.,90,,Veicolo in marcia contro veicoli in sosta,Curva a visuale libera,Due carreggiate,Asciutto,Asfaltata,Verticale ed orizzontale,Sereno,Normale,Buona,Sufficiente,0,0,0,1,12.5745,41.9152,-1,1,Autovettura privata,In marcia / fermata / arresto,Conducente,M,Illeso,0,,Non accertato,Inesploso,
4013782,13,30/09/2018 16:00:00,Strada Urbana,VIA STEFANO LANDI,all'intersezione con,VIA DOMENICO CECCAROSSI,VIA DOMENICO CECCAROSSI,,,Scontro frontale/laterale DX fra veicoli in marcia,Incrocio,Una carreggiata a doppio senso,Asciutto,Asfaltata,Verticale,Sereno,Normale,Buona,Ore Diurne,1,0,0,3,12.3663,41.7457,-1,1,Autovettura privata,In marcia / fermata / arresto,Conducente,M,Illeso,0,,Non accertato,,
4013782,13,30/09/2018 16:00:00,Strada Urbana,VIA STEFANO LANDI,all'intersezione con,VIA DOMENICO CECCAROSSI,VIA DOMENICO CECCAROSSI,,,Scontro frontale/laterale DX fra veicoli in marcia,Incrocio,Una carreggiata a doppio senso,Asciutto,Asfaltata,Verticale,Sereno,Normale,Buona,Ore Diurne,1,0,0,3,12.3663,41.7457,-1,1,Autovettura privata,In marcia / fermata / arresto,Passeggero,F,Illeso,0,,Non accertato,,
4013782,13,30/09/2018 16:00:00,Strada Urbana,VIA STEFANO LANDI,all'intersezione con,VIA DOMENICO CECCAROSSI,VIA DOMENICO CECCAROSSI,,,Scontro frontale/laterale DX fra veicoli in marcia,Incrocio,Una carreggiata a doppio senso,Asciutto,Asfaltata,Verticale,Sereno,Normale,Buona,Ore Diurne,1,0,0,3,12.3663,41.7457,-1,1,Autovettura privata,In marcia / fermata / arresto,Passeggero,M,Illeso,0,,Non accertato,,
4013782,13,30/09/2018 16:00:00,Strada Urbana,VIA STEFANO LANDI,all'intersezione con,VIA DOMENICO CECCAROSSI,VIA DOMENICO CECCAROSSI,,,Scontro frontale/laterale DX fra veicoli in marcia,Incrocio,Una carreggiata a doppio senso,Asciutto,Asfaltata,Verticale,Sereno,Normale,Buona,Ore Diurne,1,0,0,3,12.3663,41.7457,-1,2,Velocipede,In marcia / fermata / arresto,Conducente,M,Rimandato,0,NON DECEDUTO,Esente,,
4013783,11,29/09/2018 22:30:00,Strada Urbana,VIA APPIA ANTICA,in corrispondenza,,del civico n.,41,,Veicolo in marcia contro ostacolo fisso,Rettilineo,Una carreggiata a doppio senso,Asciutto,Lastricata,Verticale ed orizzontale,Sereno,Normale,Buona,Sufficiente,0,0,0,1,12.5029,41.8678,-1,1,Autovettura pubblica,In marcia / fermata / arresto,Conducente,M,Illeso,0,,,,
4013791,13,30/09/2018 11:40:00,Strada Urbana,VIA DEI PESCATORI,da specificare,,,,pross. via Monsignor Pini,Tamponamento,Rettilineo,Due carreggiate,Asciutto,Asfaltata,Verticale ed orizzontale,Sereno,Normale,Buona,Ore Diurne,1,0,0,1,12.3344,41.7522,-1,1,Autovettura privata,In marcia / fermata / arresto,Conducente,M,Rimandato,0,NON DECEDUTO,,,
4013791,13,30/09/2018 11:40:00,Strada Urbana,VIA DEI PESCATORI,da specificare,,,,pross. via Monsignor Pini,Tamponamento,Rettilineo,Due carreggiate,Asciutto,Asfaltata,Verticale ed orizzontale,Sereno,Normale,Buona,Ore Diurne,1,0,0,1,12.3344,41.7522,-1,2,Autovettura privata,In marcia / fermata / arresto,Conducente,M,Illeso,0,,,,
4013794,11,29/09/2018 15:15:00,Strada Urbana,VIA CRISTOFORO COLOMBO,da specificare,,,,in prossimit� Via delle Sette Chiese.,Scontro laterale fra veicoli in marcia,Curva a visuale libera,Pi� di due carreggiate,Asciutto,Asfaltata,Verticale,Sereno,Normale,Buona,Ore Diurne,0,0,0,5,12.4977,41.8598,-1,1,Autovettura privata,In marcia / fermata / arresto,Conducente,F,Illeso,0,,Non accertato,,
4013794,11,29/09/2018 15:15:00,Strada Urbana,VIA CRISTOFORO COLOMBO,da specificare,,,,in prossimit� Via delle Sette Chiese.,Scontro laterale fra veicoli in marcia,Curva a visuale libera,Pi� di due carreggiate,Asciutto,Asfaltata,Verticale,Sereno,Normale,Buona,Ore Diurne,0,0,0,5,12.4977,41.8598,-1,1,Autovettura privata,In marcia / fermata / arresto,Passeggero,M,Illeso,0,,Non accertato,,
4013794,11,29/09/2018 15:15:00,Strada Urbana,VIA CRISTOFORO COLOMBO,da specificare,,,,in prossimit� Via delle Sette Chiese.,Scontro laterale fra veicoli in marcia,Curva a visuale libera,Pi� di due carreggiate,Asciutto,Asfaltata,Verticale,Sereno,Normale,Buona,Ore Diurne,0,0,0,5,12.4977,41.8598,-1,1,Autovettura privata,In marcia / fermata / arresto,Passeggero,F,Illeso,0,,Utilizzato,,
4013794,11,29/09/2018 15:15:00,Strada Urbana,VIA CRISTOFORO COLOMBO,da specificare,,,,in prossimit� Via delle Sette Chiese.,Scontro laterale fra veicoli in marcia,Curva a visuale libera,Pi� di due carreggiate,Asciutto,Asfaltata,Verticale,Sereno,Normale,Buona,Ore Diurne,0,0,0,5,12.4977,41.8598,-1,2,Autocaravan,In marcia / fermata / arresto,Conducente,M,Illeso,0,,Non accertato,,
4013794,11,29/09/2018 15:15:00,Strada Urbana,VIA CRISTOFORO COLOMBO,da specificare,,,,in prossimit� Via delle Sette Chiese.,Scontro laterale fra veicoli in marcia,Curva a visuale libera,Pi� di due carreggiate,Asciutto,Asfaltata,Verticale,Sereno,Normale,Buona,Ore Diurne,0,0,0,5,12.4977,41.8598,-1,2,Autocaravan,In marcia / fermata / arresto,Passeggero,M,Illeso,0,,Non accertato,,
4013798,11,29/09/2018 12:15:00,Strada Urbana,VIA ARDEATINA,in prossimit�,,del civico n.,832,,Tamponamento Multiplo,Rettilineo,Una carreggiata a doppio senso,Asciutto,Asfaltata,Verticale ed orizzontale,Sereno,Normale,Buona,Ore Diurne,1,0,0,4,12.5341,41.8054,-1,1,Autovettura privata,In marcia / fermata / arresto,Conducente,M,Illeso,0,,Non accertato,,
4013798,11,29/09/2018 12:15:00,Strada Urbana,VIA ARDEATINA,in prossimit�,,del civico n.,832,,Tamponamento Multiplo,Rettilineo,Una carreggiata a doppio senso,Asciutto,Asfaltata,Verticale ed orizzontale,Sereno,Normale,Buona,Ore Diurne,1,0,0,4,12.5341,41.8054,-1,2,Autovettura privata,In marcia / fermata / arresto,Conducente,M,Rifiuta cure immediate,0,NON DECEDUTO,Non accertato,,
4013798,11,29/09/2018 12:15:00,Strada Urbana,VIA ARDEATINA,in prossimit�,,del civico n.,832,,Tamponamento Multiplo,Rettilineo,Una carreggiata a doppio senso,Asciutto,Asfaltata,Verticale ed orizzontale,Sereno,Normale,Buona,Ore Diurne,1,0,0,4,12.5341,41.8054,-1,3,Autovettura privata,In marcia / fermata / arresto,Conducente,M,Illeso,0,,Non accertato,,
4013798,11,29/09/2018 12:15:00,Strada Urbana,VIA ARDEATINA,in prossimit�,,del civico n.,832,,Tamponamento Multiplo,Rettilineo,Una carreggiata a doppio senso,Asciutto,Asfaltata,Verticale ed orizzontale,Sereno,Normale,Buona,Ore Diurne,1,0,0,4,12.5341,41.8054,-1,3,Autovettura privata,In marcia / fermata / arresto,Passeggero,F,Illeso,0,,Non accertato,,
4013798,11,29/09/2018 12:15:00,Strada Urbana,VIA ARDEATINA,in prossimit�,,del civico n.,832,,Tamponamento Multiplo,Rettilineo,Una carreggiata a doppio senso,Asciutto,Asfaltata,Verticale ed orizzontale,Sereno,Normale,Buona,Ore Diurne,1,0,0,4,12.5341,41.8054,-1,3,Autovettura privata,In marcia / fermata / arresto,Passeggero,M,Illeso,0,,Non accertato,,
4013805,19,28/09/2018 11:35:00,Strada Urbana,PIAZZA DELLA BALDUINA,in prossimit�,,del civico n.,34,,Tamponamento Multiplo,Rettilineo,Una carreggiata a doppio senso,Asciutto,Asfaltata,Verticale ed orizzontale,Sereno,Normale,Buona,Ore Diurne,0,0,0,3,12.4416,41.9188,-1,1,Autovettura pubblica,In marcia / fermata / arresto,Conducente,M,Illeso,0,,Non accertato,Inesploso,
4013805,19,28/09/2018 11:35:00,Strada Urbana,PIAZZA DELLA BALDUINA,in prossimit�,,del civico n.,34,,Tamponamento Multiplo,Rettilineo,Una carreggiata a doppio senso,Asciutto,Asfaltata,Verticale ed orizzontale,Sereno,Normale,Buona,Ore Diurne,0,0,0,3,12.4416,41.9188,-1,2,Autovettura privata,In marcia / fermata / arresto,Conducente,F,Illeso,0,,Non accertato,Inesploso,
4013805,19,28/09/2018 11:35:00,Strada Urbana,PIAZZA DELLA BALDUINA,in prossimit�,,del civico n.,34,,Tamponamento Multiplo,Rettilineo,Una carreggiata a doppio senso,Asciutto,Asfaltata,Verticale ed orizzontale,Sereno,Normale,Buona,Ore Diurne,0,0,0,3,12.4416,41.9188,-1,3,Autovettura privata,In marcia / fermata / arresto,Conducente,F,Illeso,0,,Non accertato,Inesploso,
4013807,5,29/09/2018 10:45:00,Strada Urbana,VIA TIBURTINA,da specificare,,,,IN PROSSIMITA' VIA TIBURNO,Scontro laterale fra veicoli in marcia,Rettilineo,Due carreggiate,Asciutto,Asfaltata,Verticale ed orizzontale,Sereno,Normale,Sufficiente,Ore Diurne,0,0,0,4,12.5477,41.91,-1,1,Autovettura privata,In marcia / fermata / arresto,Conducente,M,Illeso,0,,Non accertato,Inesploso,
4013807,5,29/09/2018 10:45:00,Strada Urbana,VIA TIBURTINA,da specificare,,,,IN PROSSIMITA' VIA TIBURNO,Scontro laterale fra veicoli in marcia,Rettilineo,Due carreggiate,Asciutto,Asfaltata,Verticale ed orizzontale,Sereno,Normale,Sufficiente,Ore Diurne,0,0,0,4,12.5477,41.91,-1,1,Autovettura privata,In marcia / fermata / arresto,Passeggero,F,Illeso,0,,Non accertato,Inesploso,
4013807,5,29/09/2018 10:45:00,Strada Urbana,VIA TIBURTINA,da specificare,,,,IN PROSSIMITA' VIA TIBURNO,Scontro laterale fra veicoli in marcia,Rettilineo,Due carreggiate,Asciutto,Asfaltata,Verticale ed orizzontale,Sereno,Normale,Sufficiente,Ore Diurne,0,0,0,4,12.5477,41.91,-1,1,Autovettura privata,In marcia / fermata / arresto,Passeggero,F,Illeso,0,,Non accertato,Inesploso,
4013807,5,29/09/2018 10:45:00,Strada Urbana,VIA TIBURTINA,da specificare,,,,IN PROSSIMITA' VIA TIBURNO,Scontro laterale fra veicoli in marcia,Rettilineo,Due carreggiate,Asciutto,Asfaltata,Verticale ed orizzontale,Sereno,Normale,Sufficiente,Ore Diurne,0,0,0,4,12.5477,41.91,-1,2,Autocarro inferiore 35 q.,In marcia / fermata / arresto,Conducente,M,Illeso,0,,Non accertato,Inesploso,
4013809,8,30/09/2018 23:40:00,Strada Urbana,VIA DEI FAGGI,all'intersezione con,VIA DEI NOCI,VIA DEI NOCI,,,Scontro frontale/laterale DX fra veicoli in marcia,Incrocio,Una carreggiata a doppio senso,Asciutto,Asfaltata,Assente,Sereno,Scarso,Buona,Sufficiente,2,0,0,1,12.5668,41.8841,-1,1,Autovettura privata,In marcia / fermata / arresto,Conducente,F,Illeso,0,,,,
4013809,8,30/09/2018 23:40:00,Strada Urbana,VIA DEI FAGGI,all'intersezione con,VIA DEI NOCI,VIA DEI NOCI,,,Scontro frontale/laterale DX fra veicoli in marcia,Incrocio,Una carreggiata a doppio senso,Asciutto,Asfaltata,Assente,Sereno,Scarso,Buona,Sufficiente,2,0,0,1,12.5668,41.8841,-1,2,Autovettura privata,In marcia / fermata / arresto,Conducente,M,Rifiuta cure immediate,0,NON DECEDUTO,,,
4013809,8,30/09/2018 23:40:00,Strada Urbana,VIA DEI FAGGI,all'intersezione con,VIA DEI NOCI,VIA DEI NOCI,,,Scontro frontale/laterale DX fra veicoli in marcia,Incrocio,Una carreggiata a doppio senso,Asciutto,Asfaltata,Assente,Sereno,Scarso,Buona,Sufficiente,2,0,0,1,12.5668,41.8841,-1,3,Autovettura privata,In marcia / fermata / arresto,Conducente,M,Rifiuta cure immediate,0,NON DECEDUTO,,,
4013811,12,29/09/2018 18:00:00,Strada Urbana,VIALE UMBERTO TUPINI,in prossimit�,,del civico n.,85,,Tamponamento Multiplo,Rettilineo,Una carreggiata a doppio senso,Asciutto,Asfaltata,Verticale ed orizzontale,Sereno,Normale,Buona,Ore Diurne,0,0,0,3,12.4629,41.8342,0,1,Autovettura privata,In marcia / fermata / arresto,Conducente,M,Illeso,0,,Utilizzato,,
4013811,12,29/09/2018 18:00:00,Strada Urbana,VIALE UMBERTO TUPINI,in prossimit�,,del civico n.,85,,Tamponamento Multiplo,Rettilineo,Una carreggiata a doppio senso,Asciutto,Asfaltata,Verticale ed orizzontale,Sereno,Normale,Buona,Ore Diurne,0,0,0,3,12.4629,41.8342,0,2,Autovettura privata,In marcia / fermata / arresto,Conducente,M,Illeso,0,,Utilizzato,,
4013811,12,29/09/2018 18:00:00,Strada Urbana,VIALE UMBERTO TUPINI,in prossimit�,,del civico n.,85,,Tamponamento Multiplo,Rettilineo,Una carreggiata a doppio senso,Asciutto,Asfaltata,Verticale ed orizzontale,Sereno,Normale,Buona,Ore Diurne,0,0,0,3,12.4629,41.8342,0,3,Autovettura privata,In marcia / fermata / arresto,Conducente,M,Illeso,0,,,,
4013820,12,30/09/2018 11:40:00,Strada Urbana,VIALE BEETHOVEN,in corrispondenza,,del civico n.,52,,Scontro laterale fra veicoli in marcia,Rettilineo,Una carreggiata a doppio senso,Asciutto,Asfaltata,Verticale ed orizzontale,Sereno,Normale,Buona,Ore Diurne,0,0,0,3,12.4668,41.8331,0,1,Autovettura privata,In marcia / fermata / arresto,Conducente,F,Illeso,0,,,,
4013820,12,30/09/2018 11:40:00,Strada Urbana,VIALE BEETHOVEN,in corrispondenza,,del civico n.,52,,Scontro laterale fra veicoli in marcia,Rettilineo,Una carreggiata a doppio senso,Asciutto,Asfaltata,Verticale ed orizzontale,Sereno,Normale,Buona,Ore Diurne,0,0,0,3,12.4668,41.8331,0,1,Autovettura privata,In marcia / fermata / arresto,Passeggero,F,Illeso,0,,,,
4013820,12,30/09/2018 11:40:00,Strada Urbana,VIALE BEETHOVEN,in corrispondenza,,del civico n.,52,,Scontro laterale fra veicoli in marcia,Rettilineo,Una carreggiata a doppio senso,Asciutto,Asfaltata,Verticale ed orizzontale,Sereno,Normale,Buona,Ore Diurne,0,0,0,3,12.4668,41.8331,0,2,Autobus urbano,In marcia / fermata / arresto,Conducente,M,Illeso,0,,,,
4013827,11,29/09/2018 12:30:00,Strada Urbana,VIA ARDEATINA,all'intersezione con,CIRCONVALLAZIONE ORIENTALE,CIRCONVALLAZIONE ORIENTALE,,,Scontro frontale/laterale SX fra veicoli in marcia,Intersezione stradale segnalata,Una carreggiata a doppio senso,Asciutto,Asfaltata,Verticale ed orizzontale,Sereno,Intenso,Buona,Ore Diurne,0,0,0,2,12.535,41.7975,-1,1,Autovettura privata,In marcia / fermata / arresto,Conducente,M,Illeso,0,,Non accertato,,
4013827,11,29/09/2018 12:30:00,Strada Urbana,VIA ARDEATINA,all'intersezione con,CIRCONVALLAZIONE ORIENTALE,CIRCONVALLAZIONE ORIENTALE,,,Scontro frontale/laterale SX fra veicoli in marcia,Intersezione stradale segnalata,Una carreggiata a doppio senso,Asciutto,Asfaltata,Verticale ed orizzontale,Sereno,Intenso,Buona,Ore Diurne,0,0,0,2,12.535,41.7975,-1,2,Autovettura privata,In marcia / fermata / arresto,Conducente,M,Illeso,0,,Non accertato,,
4013842,13,29/09/2018 09:40:00,Strada Urbana,VIA FRANCESCO GIUSEPPE BRESSANI,in corrispondenza,,del civico n.,3,,Veicolo in marcia contro ostacolo fisso,Rettilineo,Una carreggiata a doppio senso,Asciutto,Con buche,Assente,Sereno,Normale,Buona,Ore Diurne,0,0,0,1,12.3762,41.7865,-1,1,Autovettura privata,In marcia / fermata / arresto,Conducente,M,Illeso,0,,,,