Protocollo,Gruppo,DataOraIncidente,Localizzazione1,STRADA1,Localizzazione2,STRADA2,Strada02,Chilometrica,DaSpecificare,NaturaIncidente,particolaritastrade,TipoStrada,FondoStradale,Pavimentazione,Segnaletica,CondizioneAtmosferica,Traffico,Visibilita,Illuminazione,NUM_FERITI,NUM_RISERVATA,NUM_MORTI,NUM_ILLESI,Longitudine,Latitudine,Confermato,Progressivo,TipoVeicolo,StatoVeicolo,TipoPersona,Sesso,Tipolesione,Deceduto,DecedutoDopo,CinturaCascoUtilizzato,Airbag,
4013843,19,29/09/2018 16:05:00,Strada Urbana,VIA TRIONFALE,in prossimit�,,del civico n.,10738,,Tamponamento Multiplo,Rettilineo,Una carreggiata a doppio senso,Asciutto,Asfaltata,Orizzontale,Sereno,Normale,Buona,Ore Diurne,0,0,0,3,12.4125,41.9553,-1,1,Autovettura privata,In marcia / fermata / arresto,Conducente,F,Illeso,0,,Utilizzato,Inesploso,
4013843,19,29/09/2018 16:05:00,Strada Urbana,VIA TRIONFALE,in prossimit�,,del civico n.,10738,,Tamponamento Multiplo,Rettilineo,Una carreggiata a doppio senso,Asciutto,Asfaltata,Orizzontale,Sereno,Normale,Buona,Ore Diurne,0,0,0,3,12.4125,41.9553,-1,2,Motociclo a solo,In marcia / fermata / arresto,Conducente,M,Illeso,0,,Utilizzato,,
4013843,19,29/09/2018 16:05:00,Strada Urbana,VIA TRIONFALE,in prossimit�,,del civico n.,10738,,Tamponamento Multiplo,Rettilineo,Una carreggiata a doppio senso,Asciutto,Asfaltata,Orizzontale,Sereno,Normale,Buona,Ore Diurne,0,0,0,3,12.4125,41.9553,-1,3,Autovettura privata,In marcia / fermata / arresto,Conducente,M,Illeso,0,,Utilizzato,Inesploso,
4013848,19,30/09/2018 23:00:00,Strada Urbana,VIA MATTIA BATTISTINI,all'intersezione con,VIA DEL FORTE BRASCHI,VIA DEL FORTE BRASCHI,,,Scontro laterale fra veicoli in marcia,Incrocio,Una carreggiata a doppio senso,Asciutto,Asfaltata,Verticale ed orizzontale,Sereno,Scarso,Sufficiente,Sufficiente,0,0,0,5,12.4184,41.9139,-1,1,Autovettura privata,In marcia / fermata / arresto,Conducente,F,Illeso,0,,Non accertato,Inesploso,
4013848,19,30/09/2018 23:00:00,Strada Urbana,VIA MATTIA BATTISTINI,all'intersezione con,VIA DEL FORTE BRASCHI,VIA DEL FORTE BRASCHI,,,Scontro laterale fra veicoli in marcia,Incrocio,Una carreggiata a doppio senso,Asciutto,Asfaltata,Verticale ed orizzontale,Sereno,Scarso,Sufficiente,Sufficiente,0,0,0,5,12.4184,41.9139,-1,1,Autovettura privata,In marcia / fermata / arresto,Passeggero,F,Illeso,0,,Non accertato,Inesploso,
4013848,19,30/09/2018 23:00:00,Strada Urbana,VIA MATTIA BATTISTINI,all'intersezione con,VIA DEL FORTE BRASCHI,VIA DEL FORTE BRASCHI,,,Scontro laterale fra veicoli in marcia,Incrocio,Una carreggiata a doppio senso,Asciutto,Asfaltata,Verticale ed orizzontale,Sereno,Scarso,Sufficiente,Sufficiente,0,0,0,5,12.4184,41.9139,-1,2,Autovettura privata,In marcia / fermata / arresto,Conducente,F,Illeso,0,,Non accertato,Inesploso,
4013848,19,30/09/2018 23:00:00,Strada Urbana,VIA MATTIA BATTISTINI,all'intersezione con,VIA DEL FORTE BRASCHI,VIA DEL FORTE BRASCHI,,,Scontro laterale fra veicoli in marcia,Incrocio,Una carreggiata a doppio senso,Asciutto,Asfaltata,Verticale ed orizzontale,Sereno,Scarso,Sufficiente,Sufficiente,0,0,0,5,12.4184,41.9139,-1,2,Autovettura privata,In marcia / fermata / arresto,Passeggero,M,Illeso,0,,Non accertato,Inesploso,
4013848,19,30/09/2018 23:00:00,Strada Urbana,VIA MATTIA BATTISTINI,all'intersezione con,VIA DEL FORTE BRASCHI,VIA DEL FORTE BRASCHI,,,Scontro laterale fra veicoli in marcia,Incrocio,Una carreggiata a doppio senso,Asciutto,Asfaltata,Verticale ed orizzontale,Sereno,Scarso,Sufficiente,Sufficiente,0,0,0,5,12.4184,41.9139,-1,2,Autovettura privata,In marcia / fermata / arresto,Passeggero,M,Illeso,0,,Non accertato,Inesploso,
4013853,4,29/09/2018 11:45:00,,VIA NOMENTANA,da specificare,,,,PROSSIMITA VIA DI SACCO PASTORE,Scontro laterale fra veicoli in marcia,,,,,,,,,,0,0,0,1,,,0,1,Autovettura privata,In marcia / fermata / arresto,Conducente,M,Illeso,0,,,,
4013870,19,28/09/2018 10:30:00,Strada Urbana,VIA CAMPO LIGURE,in prossimit�,,del civico n.,30,,Infortunio per caduta del veicolo,Curva a visuale libera,Una carreggiata a senso unico di marcia,Asciutto,Asfaltata,Assente,Sereno,Normale,Buona,Ore Diurne,1,0,0,1,12.4207,41.934,-1,1,Autovettura privata,In marcia / fermata / arresto,Conducente,M,Illeso,0,,Non accertato,Inesploso,
4013870,19,28/09/2018 10:30:00,Strada Urbana,VIA CAMPO LIGURE,in prossimit�,,del civico n.,30,,Infortunio per caduta del veicolo,Curva a visuale libera,Una carreggiata a senso unico di marcia,Asciutto,Asfaltata,Assente,Sereno,Normale,Buona,Ore Diurne,1,0,0,1,12.4207,41.934,-1,1,Autovettura privata,In marcia / fermata / arresto,Passeggero,M,Rimandato,0,NON DECEDUTO,Non accertato,Inesploso,
4013887,16,28/09/2018 18:25:00,Strada Urbana,VIALE DEI COLLI PORTUENSI,in corrispondenza,,del civico n.,117,,Scontro laterale fra veicoli in marcia,Rettilineo,Due carreggiate,Asciutto,Asfaltata,Verticale ed orizzontale,Sereno,Normale,Buona,Ore Diurne,0,0,0,3,12.4433,41.8727,-1,1,Autovettura privata,In marcia / fermata / arresto,Conducente,M,Illeso,0,,Non accertato,Inesploso,
4013887,16,28/09/2018 18:25:00,Strada Urbana,VIALE DEI COLLI PORTUENSI,in corrispondenza,,del civico n.,117,,Scontro laterale fra veicoli in marcia,Rettilineo,Due carreggiate,Asciutto,Asfaltata,Verticale ed orizzontale,Sereno,Normale,Buona,Ore Diurne,0,0,0,3,12.4433,41.8727,-1,2,Autovettura privata,In marcia / fermata / arresto,Conducente,M,Illeso,0,,Non accertato,Inesploso,
4013887,16,28/09/2018 18:25:00,Strada Urbana,VIALE DEI COLLI PORTUENSI,in corrispondenza,,del civico n.,117,,Scontro laterale fra veicoli in marcia,Rettilineo,Due carreggiate,Asciutto,Asfaltata,Verticale ed orizzontale,Sereno,Normale,Buona,Ore Diurne,0,0,0,3,12.4433,41.8727,-1,2,Autovettura privata,In marcia / fermata / arresto,Passeggero,F,Illeso,0,,Non accertato,Inesploso,
4013899,18,28/09/2018 13:20:00,Strada Urbana,VIA DI TORREVECCHIA,in prossimit�,,del civico n.,819,,Tamponamento Multiplo,Rettilineo,Una carreggiata a doppio senso,Asciutto,Asfaltata,Verticale ed orizzontale,Sereno,Normale,Buona,Ore Diurne,1,0,0,2,12.4091,41.9182,-1,1,Autovettura privata,In marcia / fermata / arresto,Conducente,M,Illeso,0,,Non accertato,Inesploso,
4013899,18,28/09/2018 13:20:00,Strada Urbana,VIA DI TORREVECCHIA,in prossimit�,,del civico n.,819,,Tamponamento Multiplo,Rettilineo,Una carreggiata a doppio senso,Asciutto,Asfaltata,Verticale ed orizzontale,Sereno,Normale,Buona,Ore Diurne,1,0,0,2,12.4091,41.9182,-1,2,Autovettura privata,In marcia / fermata / arresto,Conducente,F,Rimandato,0,NON DECEDUTO,Non accertato,Inesploso,
4013899,18,28/09/2018 13:20:00,Strada Urbana,VIA DI TORREVECCHIA,in prossimit�,,del civico n.,819,,Tamponamento Multiplo,Rettilineo,Una carreggiata a doppio senso,Asciutto,Asfaltata,Verticale ed orizzontale,Sereno,Normale,Buona,Ore Diurne,1,0,0,2,12.4091,41.9182,-1,3,Autovettura privata,In marcia / fermata / arresto,Conducente,F,Illeso,0,,Non accertato,Inesploso,
4013925,5,30/09/2018 01:00:00,Statale entro l'abitato,VIA TIBURTINA,in prossimit�,,del civico n.,1383,,Veicolo in marcia contro veicolo fermo,Rettilineo,Due carreggiate,Asciutto,Asfaltata,Verticale ed orizzontale,Sereno,Normale,Buona,Sufficiente,0,0,0,3,12.623,41.9382,-1,1,Autovettura privata,In marcia / fermata / arresto,Conducente,M,Illeso,0,,Non accertato,,
4013925,5,30/09/2018 01:00:00,Statale entro l'abitato,VIA TIBURTINA,in prossimit�,,del civico n.,1383,,Veicolo in marcia contro veicolo fermo,Rettilineo,Due carreggiate,Asciutto,Asfaltata,Verticale ed orizzontale,Sereno,Normale,Buona,Sufficiente,0,0,0,3,12.623,41.9382,-1,1,Autovettura privata,In marcia / fermata / arresto,Passeggero,F,Illeso,0,,Non accertato,,
4013925,5,30/09/2018 01:00:00,Statale entro l'abitato,VIA TIBURTINA,in prossimit�,,del civico n.,1383,,Veicolo in marcia contro veicolo fermo,Rettilineo,Due carreggiate,Asciutto,Asfaltata,Verticale ed orizzontale,Sereno,Normale,Buona,Sufficiente,0,0,0,3,12.623,41.9382,-1,2,Autocarro inferiore 35 q.,In marcia / fermata / arresto,Conducente,M,Illeso,0,,Non accertato,,
4013926,18,28/09/2018 19:45:00,Strada Urbana,VIA DI PORTA CAVALLEGGERI,da specificare,,,,prossimit� fronte civico 85,Investimento di pedone,Rettilineo,Due carreggiate,Asciutto,Asfaltata,Verticale ed orizzontale,Sereno,Normale,Sufficiente,Sufficiente,1,0,0,1,12.4539,41.8999,-1,,,,Pedone,M,Rimandato,0,NON DECEDUTO,,,
4013926,18,28/09/2018 19:45:00,Strada Urbana,VIA DI PORTA CAVALLEGGERI,da specificare,,,,prossimit� fronte civico 85,Investimento di pedone,Rettilineo,Due carreggiate,Asciutto,Asfaltata,Verticale ed orizzontale,Sereno,Normale,Sufficiente,Sufficiente,1,0,0,1,12.4539,41.8999,-1,1,Autovettura privata,In marcia / fermata / arresto,Conducente,F,Illeso,0,,,,
4013928,19,29/09/2018 21:30:00,Strada Urbana,VIA DI BOCCEA,all'intersezione con,VIA ISASCA,VIA ISASCA,,,Scontro frontale/laterale SX fra veicoli in marcia,Intersezione non regolata/non segnalata,Una carreggiata a doppio senso,Asciutto,Asfaltata,Orizzontale,Sereno,Scarso,Sufficiente,Sufficiente,1,0,0,1,12.3847,41.9149,-1,1,Ciclomotore,In marcia / fermata / arresto,Conducente,M,Ricoverato,0,NON DECEDUTO,Non accertato,,
4013928,19,29/09/2018 21:30:00,Strada Urbana,VIA DI BOCCEA,all'intersezione con,VIA ISASCA,VIA ISASCA,,,Scontro frontale/laterale SX fra veicoli in marcia,Intersezione non regolata/non segnalata,Una carreggiata a doppio senso,Asciutto,Asfaltata,Orizzontale,Sereno,Scarso,Sufficiente,Sufficiente,1,0,0,1,12.3847,41.9149,-1,2,Autovettura privata,In marcia / fermata / arresto,Conducente,M,Illeso,0,,Non accertato,Inesploso,
4013938,16,29/09/2018 11:00:00,Strada Urbana,VIA S. GIOVANNI EUDES,in prossimit�,,del civico n.,61,,Veicolo in marcia contro ostacolo accidentale,Curva senza visuale libera,Una carreggiata a doppio senso,Asciutto,Asfaltata,Assente,Sereno,Normale,Buona,Ore Diurne,1,0,0,0,12.4091,41.8748,-1,1,Motociclo a solo,In marcia / fermata / arresto,Conducente,M,Rifiuta cure immediate,0,NON DECEDUTO,Non accertato,,
4013943,5,30/09/2018 05:00:00,Strada Urbana,VIA DI PORTONACCIO,in corrispondenza,,del civico n.,140,,Veicolo in marcia contro veicoli in sosta,Rettilineo,Due carreggiate,Asciutto,Asfaltata,Assente,Sereno,Scarso,Sufficiente,Sufficiente,0,0,0,1,12.5379,41.8988,-1,1,Autovettura privata,In marcia / fermata / arresto,Conducente,M,Illeso,0,,Non accertato,,
4013944,5,30/09/2018 20:00:00,Strada Urbana,VIA COLLATINA,da specificare,,,,palo ACEA 585,Scontro frontale fra veicoli in marcia,Curva a visuale libera,Una carreggiata a doppio senso,Asciutto,Asfaltata,Verticale ed orizzontale,Sereno,Scarso,Buona,Sufficiente,1,0,0,0,12.6108,41.9047,0,2,Autovettura privata,In marcia / fermata / arresto,Conducente,M,Rimandato,0,NON DECEDUTO,Non accertato,,
4013947,7,29/09/2018 03:10:00,Strada Urbana,VIA GIUSEPPE PIANELL,all'intersezione con,VIA ANTONIO BALDISSERA,VIA ANTONIO BALDISSERA,,,Scontro frontale/laterale DX fra veicoli in marcia,Incrocio,Una carreggiata a doppio senso,Asciutto,Asfaltata,Verticale ed orizzontale,Sereno,Scarso,Sufficiente,Sufficiente,0,0,0,3,12.5373,41.8978,-1,1,Autovettura privata,In marcia / fermata / arresto,Conducente,F,Illeso,0,,Non accertato,Inesploso,
4013947,7,29/09/2018 03:10:00,Strada Urbana,VIA GIUSEPPE PIANELL,all'intersezione con,VIA ANTONIO BALDISSERA,VIA ANTONIO BALDISSERA,,,Scontro frontale/laterale DX fra veicoli in marcia,Incrocio,Una carreggiata a doppio senso,Asciutto,Asfaltata,Verticale ed orizzontale,Sereno,Scarso,Sufficiente,Sufficiente,0,0,0,3,12.5373,41.8978,-1,1,Autovettura privata,In marcia / fermata / arresto,Passeggero,F,Illeso,0,,Non accertato,Inesploso,
4013947,7,29/09/2018 03:10:00,Strada Urbana,VIA GIUSEPPE PIANELL,all'intersezione con,VIA ANTONIO BALDISSERA,VIA ANTONIO BALDISSERA,,,Scontro frontale/laterale DX fra veicoli in marcia,Incrocio,Una carreggiata a doppio senso,Asciutto,Asfaltata,Verticale ed orizzontale,Sereno,Scarso,Sufficiente,Sufficiente,0,0,0,3,12.5373,41.8978,-1,2,Autovettura privata,In marcia / fermata / arresto,Conducente,M,Illeso,0,,Non accertato,Inesploso,
4013959,5,30/09/2018 11:20:00,Strada Urbana,VIALE BATTISTA BARDANZELLU,in prossimit�,,del civico n.,18,,Tamponamento,Rettilineo,Due carreggiate,Asciutto,Asfaltata,Verticale ed orizzontale,Sereno,Scarso,Buona,Ore Diurne,1,0,0,1,12.5719,41.9145,-1,1,Autovettura privata,In marcia / fermata / arresto,Conducente,M,Illeso,0,,Non accertato,,
4013959,5,30/09/2018 11:20:00,Strada Urbana,VIALE BATTISTA BARDANZELLU,in prossimit�,,del civico n.,18,,Tamponamento,Rettilineo,Due carreggiate,Asciutto,Asfaltata,Verticale ed orizzontale,Sereno,Scarso,Buona,Ore Diurne,1,0,0,1,12.5719,41.9145,-1,2,Motociclo a solo,In marcia / fermata / arresto,Conducente,M,Rimandato,0,NON DECEDUTO,Non accertato,,
4013961,4,30/09/2018 01:00:00,Strada Urbana,VIA DI SETTEBAGNI,in prossimit�,,del civico n.,687,,Veicolo in marcia contro ostacolo accidentale,Curva a visuale libera,Una carreggiata a doppio senso,Asciutto,Asfaltata,Orizzontale,Sereno,Scarso,Insufficiente,Inesistente,0,0,0,1,12.5229,41.986,-1,1,Autovettura privata,In marcia / fermata / arresto,Conducente,F,Illeso,0,,,,
4013968,16,29/09/2018 14:10:00,Strada Urbana,VIALE ISACCO NEWTON,da specificare,,,,in prossimit� del civico 98,Tamponamento Multiplo,Rettilineo,Due carreggiate,Asciutto,Asfaltata,Assente,Sereno,Normale,Buona,Ore Diurne,0,0,0,4,12.4427,41.8481,-1,1,Autovettura privata,In marcia / fermata / arresto,Conducente,M,Illeso,0,,Non accertato,,
4013968,16,29/09/2018 14:10:00,Strada Urbana,VIALE ISACCO NEWTON,da specificare,,,,in prossimit� del civico 98,Tamponamento Multiplo,Rettilineo,Due carreggiate,Asciutto,Asfaltata,Assente,Sereno,Normale,Buona,Ore Diurne,0,0,0,4,12.4427,41.8481,-1,2,Autovettura privata,In marcia / fermata / arresto,Conducente,M,Illeso,0,,Non accertato,,
4013968,16,29/09/2018 14:10:00,Strada Urbana,VIALE ISACCO NEWTON,da specificare,,,,in prossimit� del civico 98,Tamponamento Multiplo,Rettilineo,Due carreggiate,Asciutto,Asfaltata,Assente,Sereno,Normale,Buona,Ore Diurne,0,0,0,4,12.4427,41.8481,-1,3,Quadriciclo leggero,In marcia / fermata / arresto,Conducente,M,Illeso,0,,Non accertato,,
4013968,16,29/09/2018 14:10:00,Strada Urbana,VIALE ISACCO NEWTON,da specificare,,,,in prossimit� del civico 98,Tamponamento Multiplo,Rettilineo,Due carreggiate,Asciutto,Asfaltata,Assente,Sereno,Normale,Buona,Ore Diurne,0,0,0,4,12.4427,41.8481,-1,3,Quadriciclo leggero,In marcia / fermata / arresto,Passeggero,M,Illeso,0,,Non accertato,,
4013970,2,28/09/2018 09:55:00,,VIA DI PONTE SALARIO,da specificare,,,,pross. ingresso Villa Ada,Veicolo in marcia contro ostacolo accidentale,,,,,,,,,,1,0,0,1,,,0,1,Motociclo a solo,In marcia / fermata / arresto,Conducente,F,Rimandato,0,NON DECEDUTO,,,
4013970,2,28/09/2018 09:55:00,,VIA DI PONTE SALARIO,da specificare,,,,pross. ingresso Villa Ada,Veicolo in marcia contro ostacolo accidentale,,,,,,,,,,1,0,0,1,,,0,2,Autovettura privata,In marcia / fermata / arresto,Conducente,F,Illeso,0,,,,
4013976,2,29/09/2018 18:20:00,Strada Urbana,VIA PASQUALE STANISLAO MANCINI,in prossimit�,,del civico n.,14,,Veicolo in marcia contro veicolo fermo,Rettilineo,Una carreggiata a senso unico di marcia,Asciutto,Asfaltata,Verticale ed orizzontale,Sereno,Normale,Buona,Ore Diurne,0,0,0,5,12.4735,41.9143,-1,1,Autovettura privata,In marcia / fermata / arresto,Conducente,M,Illeso,0,,Non accertato,Inesploso,
4013976,2,29/09/2018 18:20:00,Strada Urbana,VIA PASQUALE STANISLAO MANCINI,in prossimit�,,del civico n.,14,,Veicolo in marcia contro veicolo fermo,Rettilineo,Una carreggiata a senso unico di marcia,Asciutto,Asfaltata,Verticale ed orizzontale,Sereno,Normale,Buona,Ore Diurne,0,0,0,5,12.4735,41.9143,-1,1,Autovettura privata,In marcia / fermata / arresto,Passeggero,F,Illeso,0,,Non accertato,Inesploso,
4013976,2,29/09/2018 18:20:00,Strada Urbana,VIA PASQUALE STANISLAO MANCINI,in prossimit�,,del civico n.,14,,Veicolo in marcia contro veicolo fermo,Rettilineo,Una carreggiata a senso unico di marcia,Asciutto,Asfaltata,Verticale ed orizzontale,Sereno,Normale,Buona,Ore Diurne,0,0,0,5,12.4735,41.9143,-1,1,Autovettura privata,In marcia / fermata / arresto,Passeggero,M,Illeso,0,,Non accertato,Inesploso,
4013976,2,29/09/2018 18:20:00,Strada Urbana,VIA PASQUALE STANISLAO MANCINI,in prossimit�,,del civico n.,14,,Veicolo in marcia contro veicolo fermo,Rettilineo,Una carreggiata a senso unico di marcia,Asciutto,Asfaltata,Verticale ed orizzontale,Sereno,Normale,Buona,Ore Diurne,0,0,0,5,12.4735,41.9143,-1,2,Autovettura privata,In marcia / fermata / arresto,Conducente,M,Illeso,0,,Non accertato,Inesploso,
4013976,2,29/09/2018 18:20:00,Strada Urbana,VIA PASQUALE STANISLAO MANCINI,in prossimit�,,del civico n.,14,,Veicolo in marcia contro veicolo fermo,Rettilineo,Una carreggiata a senso unico di marcia,Asciutto,Asfaltata,Verticale ed orizzontale,Sereno,Normale,Buona,Ore Diurne,0,0,0,5,12.4735,41.9143,-1,2,Autovettura privata,In marcia / fermata / arresto,Passeggero,F,Illeso,0,,,,
4013985,4,30/09/2018 18:20:00,Statale entro l'abitato,VIA SALARIA,in corrispondenza,,del civico n.,957,,Tamponamento Multiplo,Rettilineo,Due carreggiate,Asciutto,Asfaltata,Verticale ed orizzontale,Sereno,Intenso,Buona,Ore Diurne,0,0,0,12,12.506,41.9657,-1,1,Autovettura privata,In marcia / fermata / arresto,Conducente,M,Illeso,0,,Non accertato,,
4013985,4,30/09/2018 18:20:00,Statale entro l'abitato,VIA SALARIA,in corrispondenza,,del civico n.,957,,Tamponamento Multiplo,Rettilineo,Due carreggiate,Asciutto,Asfaltata,Verticale ed orizzontale,Sereno,Intenso,Buona,Ore Diurne,0,0,0,12,12.506,41.9657,-1,1,Autovettura privata,In marcia / fermata / arresto,Passeggero,F,Illeso,0,,,,
4013985,4,30/09/2018 18:20:00,Statale entro l'abitato,VIA SALARIA,in corrispondenza,,del civico n.,957,,Tamponamento Multiplo,Rettilineo,Due carreggiate,Asciutto,Asfaltata,Verticale ed orizzontale,Sereno,Intenso,Buona,Ore Diurne,0,0,0,12,12.506,41.9657,-1,1,Autovettura privata,In marcia / fermata / arresto,Passeggero,M,Illeso,0,,,,
4013985,4,30/09/2018 18:20:00,Statale entro l'abitato,VIA SALARIA,in corrispondenza,,del civico n.,957,,Tamponamento Multiplo,Rettilineo,Due carreggiate,Asciutto,Asfaltata,Verticale ed orizzontale,Sereno,Intenso,Buona,Ore Diurne,0,0,0,12,12.506,41.9657,-1,2,Autovettura privata,In marcia / fermata / arresto,Conducente,M,Illeso,0,,,,
4013985,4,30/09/2018 18:20:00,Statale entro l'abitato,VIA SALARIA,in corrispondenza,,del civico n.,957,,Tamponamento Multiplo,Rettilineo,Due carreggiate,Asciutto,Asfaltata,Verticale ed orizzontale,Sereno,Intenso,Buona,Ore Diurne,0,0,0,12,12.506,41.9657,-1,2,Autovettura privata,In marcia / fermata / arresto,Passeggero,F,Illeso,0,,,,
4013985,4,30/09/2018 18:20:00,Statale entro l'abitato,VIA SALARIA,in corrispondenza,,del civico n.,957,,Tamponamento Multiplo,Rettilineo,Due carreggiate,Asciutto,Asfaltata,Verticale ed orizzontale,Sereno,Intenso,Buona,Ore Diurne,0,0,0,12,12.506,41.9657,-1,3,Autovettura privata,In marcia / fermata / arresto,Conducente,M,Illeso,0,,,,
4013985,4,30/09/2018 18:20:00,Statale entro l'abitato,VIA SALARIA,in corrispondenza,,del civico n.,957,,Tamponamento Multiplo,Rettilineo,Due carreggiate,Asciutto,Asfaltata,Verticale ed orizzontale,Sereno,Intenso,Buona,Ore Diurne,0,0,0,12,12.506,41.9657,-1,3,Autovettura privata,In marcia / fermata / arresto,Passeggero,F,Illeso,0,,,,
4013985,4,30/09/2018 18:20:00,Statale entro l'abitato,VIA SALARIA,in corrispondenza,,del civico n.,957,,Tamponamento Multiplo,Rettilineo,Due carreggiate,Asciutto,Asfaltata,Verticale ed orizzontale,Sereno,Intenso,Buona,Ore Diurne,0,0,0,12,12.506,41.9657,-1,3,Autovettura privata,In marcia / fermata / arresto,Passeggero,F,Illeso,0,,,,
4013985,4,30/09/2018 18:20:00,Statale entro l'abitato,VIA SALARIA,in corrispondenza,,del civico n.,957,,Tamponamento Multiplo,Rettilineo,Due carreggiate,Asciutto,Asfaltata,Verticale ed orizzontale,Sereno,Intenso,Buona,Ore Diurne,0,0,0,12,12.506,41.9657,-1,3,Autovettura privata,In marcia / fermata / arresto,Passeggero,M,Illeso,0,,,,
4013985,4,30/09/2018 18:20:00,Statale entro l'abitato,VIA SALARIA,in corrispondenza,,del civico n.,957,,Tamponamento Multiplo,Rettilineo,Due carreggiate,Asciutto,Asfaltata,Verticale ed orizzontale,Sereno,Intenso,Buona,Ore Diurne,0,0,0,12,12.506,41.9657,-1,3,Autovettura privata,In marcia / fermata / arresto,Passeggero,F,Illeso,0,,,,
4013985,4,30/09/2018 18:20:00,Statale entro l'abitato,VIA SALARIA,in corrispondenza,,del civico n.,957,,Tamponamento Multiplo,Rettilineo,Due carreggiate,Asciutto,Asfaltata,Verticale ed orizzontale,Sereno,Intenso,Buona,Ore Diurne,0,0,0,12,12.506,41.9657,-1,4,Autovettura privata,In marcia / fermata / arresto,Conducente,M,Illeso,0,,,,
4013985,4,30/09/2018 18:20:00,Statale entro l'abitato,VIA SALARIA,in corrispondenza,,del civico n.,957,,Tamponamento Multiplo,Rettilineo,Due carreggiate,Asciutto,Asfaltata,Verticale ed orizzontale,Sereno,Intenso,Buona,Ore Diurne,0,0,0,12,12.506,41.9657,-1,4,Autovettura privata,In marcia / fermata / arresto,Passeggero,M,Illeso,0,,,,
4013988,2,30/09/2018 01:45:00,Strada Urbana,VIA DEL FORO ITALICO,in prossimit�,,del civico n.,fr. 647,,Scontro laterale fra veicoli in marcia,Rettilineo,Due carreggiate,Asciutto,Asfaltata,Verticale ed orizzontale,Sereno,Scarso,Sufficiente,Sufficiente,0,0,0,4,12.5049,41.9385,-1,1,Autovettura privata,In marcia / fermata / arresto,Conducente,M,Illeso,0,,Non accertato,Inesploso,
4013988,2,30/09/2018 01:45:00,Strada Urbana,VIA DEL FORO ITALICO,in prossimit�,,del civico n.,fr. 647,,Scontro laterale fra veicoli in marcia,Rettilineo,Due carreggiate,Asciutto,Asfaltata,Verticale ed orizzontale,Sereno,Scarso,Sufficiente,Sufficiente,0,0,0,4,12.5049,41.9385,-1,1,Autovettura privata,In marcia / fermata / arresto,Passeggero,F,Illeso,0,,Non accertato,Inesploso,
4013988,2,30/09/2018 01:45:00,Strada Urbana,VIA DEL FORO ITALICO,in prossimit�,,del civico n.,fr. 647,,Scontro laterale fra veicoli in marcia,Rettilineo,Due carreggiate,Asciutto,Asfaltata,Verticale ed orizzontale,Sereno,Scarso,Sufficiente,Sufficiente,0,0,0,4,12.5049,41.9385,-1,2,Autovettura privata,In marcia / fermata / arresto,Conducente,F,Illeso,0,,Non accertato,Inesploso,
4013988,2,30/09/2018 01:45:00,Strada Urbana,VIA DEL FORO ITALICO,in prossimit�,,del civico n.,fr. 647,,Scontro laterale fra veicoli in marcia,Rettilineo,Due carreggiate,Asciutto,Asfaltata,Verticale ed orizzontale,Sereno,Scarso,Sufficiente,Sufficiente,0,0,0,4,12.5049,41.9385,-1,2,Autovettura privata,In marcia / fermata / arresto,Passeggero,M,Illeso,0,,Non accertato,Inesploso,
4013993,2,28/09/2018 15:30:00,,VIALE DELLA MOSCHEA,da specificare,,,,ca 100 mt. prima dell'incrocio con V. d. AGONISTIC,Tamponamento,,,,,,,,,,1,0,0,1,,,0,1,Motociclo a solo,In marcia / fermata / arresto,Conducente,M,Rimandato,0,NON DECEDUTO,Non accertato,,
4013993,2,28/09/2018 15:30:00,,VIALE DELLA MOSCHEA,da specificare,,,,ca 100 mt. prima dell'incrocio con V. d. AGONISTIC,Tamponamento,,,,,,,,,,1,0,0,1,,,0,2,Motociclo a solo,In marcia / fermata / arresto,Conducente,M,Illeso,0,,,,
4013997,2,28/09/2018 14:35:00,Strada Urbana,VIA FRANCESCO CARRARA,all'intersezione con,VIA FLAMINIA,VIA FLAMINIA,,,Veicolo in marcia contro veicolo in sosta,Intersezione stradale segnalata,Una carreggiata a senso unico di marcia,Asciutto,Asfaltata,Verticale ed orizzontale,Sereno,Scarso,Buona,Ore Diurne,0,0,0,2,12.4747,41.9124,-1,1,Autovettura privata,Sosta,Passeggero,M,Illeso,0,,Non accertato,Inesploso,
4013997,2,28/09/2018 14:35:00,Strada Urbana,VIA FRANCESCO CARRARA,all'intersezione con,VIA FLAMINIA,VIA FLAMINIA,,,Veicolo in marcia contro veicolo in sosta,Intersezione stradale segnalata,Una carreggiata a senso unico di marcia,Asciutto,Asfaltata,Verticale ed orizzontale,Sereno,Scarso,Buona,Ore Diurne,0,0,0,2,12.4747,41.9124,-1,2,Autocarro inferiore 35 q.,In marcia / fermata / arresto,Conducente,M,Illeso,0,,Non accertato,Inesploso,
4014022,12,30/09/2018 17:29:00,Strada Urbana,VIA MARILYN MONROE,all'intersezione con,VIA DI VALLERANO,VIA DI VALLERANO,,,Tamponamento,Intersezione stradale segnalata,Due carreggiate,Asciutto,Asfaltata,Verticale ed orizzontale,Sereno,Scarso,Buona,Ore Diurne,0,0,0,4,12.4722,41.7851,-1,1,Autovettura privata,In marcia / fermata / arresto,Conducente,F,Illeso,0,,,,