Protocollo,Gruppo,DataOraIncidente,Localizzazione1,STRADA1,Localizzazione2,STRADA2,Strada02,Chilometrica,DaSpecificare,NaturaIncidente,particolaritastrade,TipoStrada,FondoStradale,Pavimentazione,Segnaletica,CondizioneAtmosferica,Traffico,Visibilita,Illuminazione,NUM_FERITI,NUM_RISERVATA,NUM_MORTI,NUM_ILLESI,Longitudine,Latitudine,Confermato,Progressivo,TipoVeicolo,StatoVeicolo,TipoPersona,Sesso,Tipolesione,Deceduto,DecedutoDopo,CinturaCascoUtilizzato,Airbag,
4014022,12,30/09/2018 17:29:00,Strada Urbana,VIA MARILYN MONROE,all'intersezione con,VIA DI VALLERANO,VIA DI VALLERANO,,,Tamponamento,Intersezione stradale segnalata,Due carreggiate,Asciutto,Asfaltata,Verticale ed orizzontale,Sereno,Scarso,Buona,Ore Diurne,0,0,0,4,12.4722,41.7851,-1,1,Autovettura privata,In marcia / fermata / arresto,Passeggero,M,Illeso,0,,,,
4014022,12,30/09/2018 17:29:00,Strada Urbana,VIA MARILYN MONROE,all'intersezione con,VIA DI VALLERANO,VIA DI VALLERANO,,,Tamponamento,Intersezione stradale segnalata,Due carreggiate,Asciutto,Asfaltata,Verticale ed orizzontale,Sereno,Scarso,Buona,Ore Diurne,0,0,0,4,12.4722,41.7851,-1,2,Autovettura privata,In marcia / fermata / arresto,Conducente,M,Illeso,0,,,,
4014022,12,30/09/2018 17:29:00,Strada Urbana,VIA MARILYN MONROE,all'intersezione con,VIA DI VALLERANO,VIA DI VALLERANO,,,Tamponamento,Intersezione stradale segnalata,Due carreggiate,Asciutto,Asfaltata,Verticale ed orizzontale,Sereno,Scarso,Buona,Ore Diurne,0,0,0,4,12.4722,41.7851,-1,2,Autovettura privata,In marcia / fermata / arresto,Passeggero,F,Illeso,0,,,,
4014023,5,30/09/2018 17:40:00,Strada Urbana,VIA ALBERTO BERGAMINI,in prossimit�,,del civico n.,70,,Investimento di pedone,Curva a visuale libera,Pi� di due carreggiate,Asciutto,Asfaltata,Assente,Sereno,Normale,Buona,Ore Diurne,1,0,0,1,12.5558,41.9059,-1,,,,Pedone,M,Rimandato,0,NON DECEDUTO,,,
4014023,5,30/09/2018 17:40:00,Strada Urbana,VIA ALBERTO BERGAMINI,in prossimit�,,del civico n.,70,,Investimento di pedone,Curva a visuale libera,Pi� di due carreggiate,Asciutto,Asfaltata,Assente,Sereno,Normale,Buona,Ore Diurne,1,0,0,1,12.5558,41.9059,-1,1,Autovettura privata,In marcia / fermata / arresto,Conducente,F,Illeso,0,,Non accertato,,
4014024,12,30/09/2018 11:40:00,Statale entro l'abitato,VIA OSTIENSE,in prossimit�,,del civico n.,917,,Veicolo in marcia contro ostacolo fisso,Rettilineo,Una carreggiata a doppio senso,Asciutto,Asfaltata,Verticale ed orizzontale,Sereno,Normale,Buona,Ore Diurne,1,0,0,0,12.4445,41.8258,0,1,Motociclo a solo,In marcia / fermata / arresto,Conducente,M,Rimandato,0,NON DECEDUTO,,,
4014042,19,30/09/2018 21:10:00,Strada Urbana,VIA FEDERICO BORROMEO,all'intersezione con,PIAZZA S. ZACCARIA PAPA,PIAZZA S. ZACCARIA PAPA,,,Scontro laterale fra veicoli in marcia,Incrocio,Una carreggiata a doppio senso,Asciutto,Asfaltata,Verticale ed orizzontale,Sereno,Scarso,Sufficiente,Sufficiente,0,0,0,2,12.415,41.9167,-1,1,Autovettura privata,In marcia / fermata / arresto,Conducente,M,Illeso,0,,,,
4014042,19,30/09/2018 21:10:00,Strada Urbana,VIA FEDERICO BORROMEO,all'intersezione con,PIAZZA S. ZACCARIA PAPA,PIAZZA S. ZACCARIA PAPA,,,Scontro laterale fra veicoli in marcia,Incrocio,Una carreggiata a doppio senso,Asciutto,Asfaltata,Verticale ed orizzontale,Sereno,Scarso,Sufficiente,Sufficiente,0,0,0,2,12.415,41.9167,-1,2,Autovettura privata,In marcia / fermata / arresto,Conducente,M,Illeso,0,,,,
4014053,16,29/09/2018 17:50:00,Strada Urbana,PIAZZETTA DEL BEL RESPIRO,in prossimit�,,del civico n.,11,,Scontro laterale fra veicoli in marcia,Rettilineo,Due carreggiate,Asciutto,Asfaltata,Verticale ed orizzontale,Sereno,Normale,Buona,Ore Diurne,1,0,0,4,12.4411,41.8799,-1,1,Autovettura privata,In marcia / fermata / arresto,Conducente,F,Illeso,0,,Non accertato,Inesploso,
4014053,16,29/09/2018 17:50:00,Strada Urbana,PIAZZETTA DEL BEL RESPIRO,in prossimit�,,del civico n.,11,,Scontro laterale fra veicoli in marcia,Rettilineo,Due carreggiate,Asciutto,Asfaltata,Verticale ed orizzontale,Sereno,Normale,Buona,Ore Diurne,1,0,0,4,12.4411,41.8799,-1,1,Autovettura privata,In marcia / fermata / arresto,Passeggero,M,Illeso,0,,Non accertato,Inesploso,
4014053,16,29/09/2018 17:50:00,Strada Urbana,PIAZZETTA DEL BEL RESPIRO,in prossimit�,,del civico n.,11,,Scontro laterale fra veicoli in marcia,Rettilineo,Due carreggiate,Asciutto,Asfaltata,Verticale ed orizzontale,Sereno,Normale,Buona,Ore Diurne,1,0,0,4,12.4411,41.8799,-1,1,Autovettura privata,In marcia / fermata / arresto,Passeggero,F,Illeso,0,,Non accertato,Inesploso,
4014053,16,29/09/2018 17:50:00,Strada Urbana,PIAZZETTA DEL BEL RESPIRO,in prossimit�,,del civico n.,11,,Scontro laterale fra veicoli in marcia,Rettilineo,Due carreggiate,Asciutto,Asfaltata,Verticale ed orizzontale,Sereno,Normale,Buona,Ore Diurne,1,0,0,4,12.4411,41.8799,-1,2,Ciclomotore,In marcia / fermata / arresto,Conducente,F,Rimandato,0,NON DECEDUTO,Non accertato,,
4014065,16,30/09/2018 16:15:00,Strada Urbana,VIA AURELIA ANTICA,in prossimit�,,del civico n.,354,,Scontro laterale fra veicoli in marcia,Rettilineo,Una carreggiata a senso unico di marcia,Asciutto,Asfaltata,Verticale ed orizzontale,Sereno,Intenso,Buona,Ore Diurne,0,0,0,3,12.4311,41.8913,-1,1,Motociclo a solo,In marcia / fermata / arresto,Conducente,M,Illeso,0,,Non accertato,,
4014065,16,30/09/2018 16:15:00,Strada Urbana,VIA AURELIA ANTICA,in prossimit�,,del civico n.,354,,Scontro laterale fra veicoli in marcia,Rettilineo,Una carreggiata a senso unico di marcia,Asciutto,Asfaltata,Verticale ed orizzontale,Sereno,Intenso,Buona,Ore Diurne,0,0,0,3,12.4311,41.8913,-1,2,Autovettura privata,In marcia / fermata / arresto,Conducente,M,Illeso,0,,Non accertato,Inesploso,
4014065,16,30/09/2018 16:15:00,Strada Urbana,VIA AURELIA ANTICA,in prossimit�,,del civico n.,354,,Scontro laterale fra veicoli in marcia,Rettilineo,Una carreggiata a senso unico di marcia,Asciutto,Asfaltata,Verticale ed orizzontale,Sereno,Intenso,Buona,Ore Diurne,0,0,0,3,12.4311,41.8913,-1,2,Autovettura privata,In marcia / fermata / arresto,Passeggero,F,Illeso,0,,Non accertato,Inesploso,
4014076,18,30/09/2018 18:00:00,Strada Urbana,VIA DI BOCCEA,all'intersezione con,VIA DI CASALOTTO NUOVO,VIA DI CASALOTTO NUOVO,,,Scontro frontale/laterale DX fra veicoli in marcia,Intersezione non regolata/non segnalata,Una carreggiata a doppio senso,Asciutto,Asfaltata,Verticale ed orizzontale,Sereno,Normale,Buona,Ore Diurne,0,0,0,2,12.3847,41.9149,-1,1,Autovettura privata,In marcia / fermata / arresto,Conducente,F,Illeso,0,,,,
4014076,18,30/09/2018 18:00:00,Strada Urbana,VIA DI BOCCEA,all'intersezione con,VIA DI CASALOTTO NUOVO,VIA DI CASALOTTO NUOVO,,,Scontro frontale/laterale DX fra veicoli in marcia,Intersezione non regolata/non segnalata,Una carreggiata a doppio senso,Asciutto,Asfaltata,Verticale ed orizzontale,Sereno,Normale,Buona,Ore Diurne,0,0,0,2,12.3847,41.9149,-1,2,Autovettura privata,In marcia / fermata / arresto,Conducente,F,Illeso,0,,,,
4014109,16,29/09/2018 00:40:00,Strada Urbana,VIA AURELIA ANTICA,in prossimit�,,del civico n.,60,,Scontro frontale/laterale SX fra veicoli in marcia,Curva senza visuale libera,Una carreggiata a doppio senso,Asciutto,Asfaltata,Orizzontale,Sereno,Scarso,Sufficiente,Sufficiente,2,0,0,1,12.4558,41.8881,-1,1,Autovettura privata,In marcia / fermata / arresto,Conducente,M,Illeso,0,,Non accertato,Inesploso,
4014109,16,29/09/2018 00:40:00,Strada Urbana,VIA AURELIA ANTICA,in prossimit�,,del civico n.,60,,Scontro frontale/laterale SX fra veicoli in marcia,Curva senza visuale libera,Una carreggiata a doppio senso,Asciutto,Asfaltata,Orizzontale,Sereno,Scarso,Sufficiente,Sufficiente,2,0,0,1,12.4558,41.8881,-1,2,Autovettura privata,In marcia / fermata / arresto,Conducente,M,Rimandato,0,NON DECEDUTO,Non accertato,Inesploso,
4014109,16,29/09/2018 00:40:00,Strada Urbana,VIA AURELIA ANTICA,in prossimit�,,del civico n.,60,,Scontro frontale/laterale SX fra veicoli in marcia,Curva senza visuale libera,Una carreggiata a doppio senso,Asciutto,Asfaltata,Orizzontale,Sereno,Scarso,Sufficiente,Sufficiente,2,0,0,1,12.4558,41.8881,-1,2,Autovettura privata,In marcia / fermata / arresto,Passeggero,M,Rimandato,0,NON DECEDUTO,Non accertato,Inesploso,
4014112,2,28/09/2018 17:30:00,Strada Urbana,LUNGOTEVERE FLAMINIO,in prossimit�,,del civico n.,30,,Tamponamento,Rettilineo,Una carreggiata a doppio senso,Asciutto,Asfaltata,Verticale ed orizzontale,Sereno,Normale,Buona,Ore Diurne,0,0,0,3,12.4703,41.9217,-1,1,Autovettura privata,In marcia / fermata / arresto,Conducente,M,Illeso,0,,Non accertato,Inesploso,
4014112,2,28/09/2018 17:30:00,Strada Urbana,LUNGOTEVERE FLAMINIO,in prossimit�,,del civico n.,30,,Tamponamento,Rettilineo,Una carreggiata a doppio senso,Asciutto,Asfaltata,Verticale ed orizzontale,Sereno,Normale,Buona,Ore Diurne,0,0,0,3,12.4703,41.9217,-1,1,Autovettura privata,In marcia / fermata / arresto,Passeggero,F,Illeso,0,,Non accertato,Inesploso,
4014112,2,28/09/2018 17:30:00,Strada Urbana,LUNGOTEVERE FLAMINIO,in prossimit�,,del civico n.,30,,Tamponamento,Rettilineo,Una carreggiata a doppio senso,Asciutto,Asfaltata,Verticale ed orizzontale,Sereno,Normale,Buona,Ore Diurne,0,0,0,3,12.4703,41.9217,-1,2,Quadriciclo,In marcia / fermata / arresto,Conducente,M,Illeso,0,,,,
4014160,23,28/09/2018 14:00:00,Comunale extraurbana,VIA CRISTOFORO COLOMBO,in prossimit�,,della chilometrica,17.75,,Tamponamento Multiplo,Rettilineo,Due carreggiate,Asciutto,Asfaltata,Verticale ed orizzontale,Sereno,Normale,Buona,Ore Diurne,2,0,0,2,12.3975,41.7762,-1,1,Autovettura privata,In marcia / fermata / arresto,Conducente,F,Rifiuta cure immediate,0,NON DECEDUTO,Non accertato,Inesploso,
4014160,23,28/09/2018 14:00:00,Comunale extraurbana,VIA CRISTOFORO COLOMBO,in prossimit�,,della chilometrica,17.75,,Tamponamento Multiplo,Rettilineo,Due carreggiate,Asciutto,Asfaltata,Verticale ed orizzontale,Sereno,Normale,Buona,Ore Diurne,2,0,0,2,12.3975,41.7762,-1,2,Autovettura privata,In marcia / fermata / arresto,Conducente,F,Rifiuta cure immediate,0,NON DECEDUTO,Non accertato,Inesploso,
4014160,23,28/09/2018 14:00:00,Comunale extraurbana,VIA CRISTOFORO COLOMBO,in prossimit�,,della chilometrica,17.75,,Tamponamento Multiplo,Rettilineo,Due carreggiate,Asciutto,Asfaltata,Verticale ed orizzontale,Sereno,Normale,Buona,Ore Diurne,2,0,0,2,12.3975,41.7762,-1,3,Autocarro superiore 35 q.,In marcia / fermata / arresto,Conducente,M,Illeso,0,,Non accertato,Inesploso,
4014160,23,28/09/2018 14:00:00,Comunale extraurbana,VIA CRISTOFORO COLOMBO,in prossimit�,,della chilometrica,17.75,,Tamponamento Multiplo,Rettilineo,Due carreggiate,Asciutto,Asfaltata,Verticale ed orizzontale,Sereno,Normale,Buona,Ore Diurne,2,0,0,2,12.3975,41.7762,-1,3,Autocarro superiore 35 q.,In marcia / fermata / arresto,Passeggero,M,Illeso,0,,Non accertato,Inesploso,
4014187,7,30/09/2018 21:00:00,Strada Urbana,VIA DEI CICLAMINI,all'intersezione con,VIA DEI GELSI,VIA DEI GELSI,,,Investimento di pedone,Incrocio,Una carreggiata a doppio senso,Asciutto,Asfaltata,Verticale ed orizzontale,Sereno,Normale,Buona,Sufficiente,1,0,0,1,12.5672,41.8889,-1,,,,Pedone,F,Rimandato,0,NON DECEDUTO,,,
4014187,7,30/09/2018 21:00:00,Strada Urbana,VIA DEI CICLAMINI,all'intersezione con,VIA DEI GELSI,VIA DEI GELSI,,,Investimento di pedone,Incrocio,Una carreggiata a doppio senso,Asciutto,Asfaltata,Verticale ed orizzontale,Sereno,Normale,Buona,Sufficiente,1,0,0,1,12.5672,41.8889,-1,1,Autovettura privata,In marcia / fermata / arresto,Conducente,M,Illeso,0,,Non accertato,Inesploso,
4014207,23,29/09/2018 10:45:00,Strada Urbana,PIAZZALE CRISTOFORO COLOMBO,all'intersezione con,VIA CRISTOFORO COLOMBO,VIA CRISTOFORO COLOMBO,,,Scontro frontale/laterale SX fra veicoli in marcia,Rotatoria,Pi� di due carreggiate,Asciutto,Asfaltata,Verticale ed orizzontale,Sereno,Scarso,Buona,Ore Diurne,0,0,0,5,12.4121,41.786,-1,1,Autovettura privata,In marcia / fermata / arresto,Conducente,M,Illeso,0,,Non accertato,Inesploso,
4014207,23,29/09/2018 10:45:00,Strada Urbana,PIAZZALE CRISTOFORO COLOMBO,all'intersezione con,VIA CRISTOFORO COLOMBO,VIA CRISTOFORO COLOMBO,,,Scontro frontale/laterale SX fra veicoli in marcia,Rotatoria,Pi� di due carreggiate,Asciutto,Asfaltata,Verticale ed orizzontale,Sereno,Scarso,Buona,Ore Diurne,0,0,0,5,12.4121,41.786,-1,1,Autovettura privata,In marcia / fermata / arresto,Passeggero,F,Illeso,0,,Non accertato,Inesploso,
4014207,23,29/09/2018 10:45:00,Strada Urbana,PIAZZALE CRISTOFORO COLOMBO,all'intersezione con,VIA CRISTOFORO COLOMBO,VIA CRISTOFORO COLOMBO,,,Scontro frontale/laterale SX fra veicoli in marcia,Rotatoria,Pi� di due carreggiate,Asciutto,Asfaltata,Verticale ed orizzontale,Sereno,Scarso,Buona,Ore Diurne,0,0,0,5,12.4121,41.786,-1,2,Autovettura privata,In marcia / fermata / arresto,Conducente,F,Illeso,0,,Non accertato,Inesploso,
4014207,23,29/09/2018 10:45:00,Strada Urbana,PIAZZALE CRISTOFORO COLOMBO,all'intersezione con,VIA CRISTOFORO COLOMBO,VIA CRISTOFORO COLOMBO,,,Scontro frontale/laterale SX fra veicoli in marcia,Rotatoria,Pi� di due carreggiate,Asciutto,Asfaltata,Verticale ed orizzontale,Sereno,Scarso,Buona,Ore Diurne,0,0,0,5,12.4121,41.786,-1,2,Autovettura privata,In marcia / fermata / arresto,Passeggero,F,Illeso,0,,Non accertato,Inesploso,
4014207,23,29/09/2018 10:45:00,Strada Urbana,PIAZZALE CRISTOFORO COLOMBO,all'intersezione con,VIA CRISTOFORO COLOMBO,VIA CRISTOFORO COLOMBO,,,Scontro frontale/laterale SX fra veicoli in marcia,Rotatoria,Pi� di due carreggiate,Asciutto,Asfaltata,Verticale ed orizzontale,Sereno,Scarso,Buona,Ore Diurne,0,0,0,5,12.4121,41.786,-1,2,Autovettura privata,In marcia / fermata / arresto,Passeggero,M,Illeso,0,,Utilizzato,Inesploso,
4014262,18,29/09/2018 20:45:00,Strada Urbana,VIA PIO IX,all'intersezione con,VIA SILVESTRO II,VIA SILVESTRO II,,,Scontro frontale/laterale SX fra veicoli in marcia,Intersezione stradale segnalata,Una carreggiata a senso unico di marcia,Asciutto,Asfaltata,Verticale ed orizzontale,Sereno,Scarso,Sufficiente,Sufficiente,0,0,0,5,12.4238,41.9064,-1,1,Autovettura privata,In marcia / fermata / arresto,Conducente,M,Illeso,0,,,,
4014262,18,29/09/2018 20:45:00,Strada Urbana,VIA PIO IX,all'intersezione con,VIA SILVESTRO II,VIA SILVESTRO II,,,Scontro frontale/laterale SX fra veicoli in marcia,Intersezione stradale segnalata,Una carreggiata a senso unico di marcia,Asciutto,Asfaltata,Verticale ed orizzontale,Sereno,Scarso,Sufficiente,Sufficiente,0,0,0,5,12.4238,41.9064,-1,2,Autovettura privata,In marcia / fermata / arresto,Conducente,M,Illeso,0,,,,
4014262,18,29/09/2018 20:45:00,Strada Urbana,VIA PIO IX,all'intersezione con,VIA SILVESTRO II,VIA SILVESTRO II,,,Scontro frontale/laterale SX fra veicoli in marcia,Intersezione stradale segnalata,Una carreggiata a senso unico di marcia,Asciutto,Asfaltata,Verticale ed orizzontale,Sereno,Scarso,Sufficiente,Sufficiente,0,0,0,5,12.4238,41.9064,-1,2,Autovettura privata,In marcia / fermata / arresto,Passeggero,F,Illeso,0,,,,
4014262,18,29/09/2018 20:45:00,Strada Urbana,VIA PIO IX,all'intersezione con,VIA SILVESTRO II,VIA SILVESTRO II,,,Scontro frontale/laterale SX fra veicoli in marcia,Intersezione stradale segnalata,Una carreggiata a senso unico di marcia,Asciutto,Asfaltata,Verticale ed orizzontale,Sereno,Scarso,Sufficiente,Sufficiente,0,0,0,5,12.4238,41.9064,-1,2,Autovettura privata,In marcia / fermata / arresto,Passeggero,F,Illeso,0,,,,
4014262,18,29/09/2018 20:45:00,Strada Urbana,VIA PIO IX,all'intersezione con,VIA SILVESTRO II,VIA SILVESTRO II,,,Scontro frontale/laterale SX fra veicoli in marcia,Intersezione stradale segnalata,Una carreggiata a senso unico di marcia,Asciutto,Asfaltata,Verticale ed orizzontale,Sereno,Scarso,Sufficiente,Sufficiente,0,0,0,5,12.4238,41.9064,-1,2,Autovettura privata,In marcia / fermata / arresto,Passeggero,F,Illeso,0,,,,
4014264,18,28/09/2018 20:15:00,Strada Urbana,VIA DELLA MAGLIANELLA,da specificare,,,,PROSSIMITA' RAMPA GRA,Scontro laterale fra veicoli in marcia,Rettilineo,Una carreggiata a senso unico di marcia,Asciutto,Asfaltata,Verticale ed orizzontale,Sereno,Intenso,Sufficiente,Sufficiente,0,0,0,5,12.3866,41.9128,-1,1,Autovettura privata,In marcia / fermata / arresto,Conducente,M,Illeso,0,,,,
4014264,18,28/09/2018 20:15:00,Strada Urbana,VIA DELLA MAGLIANELLA,da specificare,,,,PROSSIMITA' RAMPA GRA,Scontro laterale fra veicoli in marcia,Rettilineo,Una carreggiata a senso unico di marcia,Asciutto,Asfaltata,Verticale ed orizzontale,Sereno,Intenso,Sufficiente,Sufficiente,0,0,0,5,12.3866,41.9128,-1,1,Autovettura privata,In marcia / fermata / arresto,Passeggero,F,Illeso,0,,,,
4014264,18,28/09/2018 20:15:00,Strada Urbana,VIA DELLA MAGLIANELLA,da specificare,,,,PROSSIMITA' RAMPA GRA,Scontro laterale fra veicoli in marcia,Rettilineo,Una carreggiata a senso unico di marcia,Asciutto,Asfaltata,Verticale ed orizzontale,Sereno,Intenso,Sufficiente,Sufficiente,0,0,0,5,12.3866,41.9128,-1,1,Autovettura privata,In marcia / fermata / arresto,Passeggero,F,Illeso,0,,,,
4014264,18,28/09/2018 20:15:00,Strada Urbana,VIA DELLA MAGLIANELLA,da specificare,,,,PROSSIMITA' RAMPA GRA,Scontro laterale fra veicoli in marcia,Rettilineo,Una carreggiata a senso unico di marcia,Asciutto,Asfaltata,Verticale ed orizzontale,Sereno,Intenso,Sufficiente,Sufficiente,0,0,0,5,12.3866,41.9128,-1,1,Autovettura privata,In marcia / fermata / arresto,Passeggero,F,Illeso,0,,,,
4014264,18,28/09/2018 20:15:00,Strada Urbana,VIA DELLA MAGLIANELLA,da specificare,,,,PROSSIMITA' RAMPA GRA,Scontro laterale fra veicoli in marcia,Rettilineo,Una carreggiata a senso unico di marcia,Asciutto,Asfaltata,Verticale ed orizzontale,Sereno,Intenso,Sufficiente,Sufficiente,0,0,0,5,12.3866,41.9128,-1,2,Autovettura privata,In marcia / fermata / arresto,Conducente,M,Illeso,0,,,,
4014270,2,30/09/2018 09:00:00,Strada Urbana,VIALE FIORELLO LA GUARDIA,da specificare,,,,altezza Propilei dir. P.le Flaminio,Veicolo in marcia contro ostacolo accidentale,Rettilineo,Una carreggiata a doppio senso,Asciutto,Con buche,Assente,Sereno,Normale,Buona,Ore Diurne,0,0,0,1,12.4828,41.9133,-1,1,Autovettura privata,In marcia / fermata / arresto,Conducente,M,Illeso,0,,,,
4014274,2,30/09/2018 18:30:00,Strada Urbana,VIA PINCIANA,all'intersezione semaforizzata con,PIAZZALE BRASILE,PIAZZALE BRASILE,,,Tamponamento Multiplo,Intersezione semaforizzata,Due carreggiate,Asciutto,Asfaltata,Verticale ed orizzontale,Sereno,Scarso,Buona,Sufficiente,0,0,0,10,12.4924,41.9124,-1,1,Autovettura privata,In marcia / fermata / arresto,Conducente,M,Illeso,0,,Non accertato,Inesploso,
4014274,2,30/09/2018 18:30:00,Strada Urbana,VIA PINCIANA,all'intersezione semaforizzata con,PIAZZALE BRASILE,PIAZZALE BRASILE,,,Tamponamento Multiplo,Intersezione semaforizzata,Due carreggiate,Asciutto,Asfaltata,Verticale ed orizzontale,Sereno,Scarso,Buona,Sufficiente,0,0,0,10,12.4924,41.9124,-1,1,Autovettura privata,In marcia / fermata / arresto,Passeggero,F,Illeso,0,,Non accertato,Inesploso,
4014274,2,30/09/2018 18:30:00,Strada Urbana,VIA PINCIANA,all'intersezione semaforizzata con,PIAZZALE BRASILE,PIAZZALE BRASILE,,,Tamponamento Multiplo,Intersezione semaforizzata,Due carreggiate,Asciutto,Asfaltata,Verticale ed orizzontale,Sereno,Scarso,Buona,Sufficiente,0,0,0,10,12.4924,41.9124,-1,1,Autovettura privata,In marcia / fermata / arresto,Passeggero,M,Illeso,0,,Non accertato,Inesploso,
4014274,2,30/09/2018 18:30:00,Strada Urbana,VIA PINCIANA,all'intersezione semaforizzata con,PIAZZALE BRASILE,PIAZZALE BRASILE,,,Tamponamento Multiplo,Intersezione semaforizzata,Due carreggiate,Asciutto,Asfaltata,Verticale ed orizzontale,Sereno,Scarso,Buona,Sufficiente,0,0,0,10,12.4924,41.9124,-1,1,Autovettura privata,In marcia / fermata / arresto,Passeggero,M,Illeso,0,,Non accertato,Inesploso,
4014274,2,30/09/2018 18:30:00,Strada Urbana,VIA PINCIANA,all'intersezione semaforizzata con,PIAZZALE BRASILE,PIAZZALE BRASILE,,,Tamponamento Multiplo,Intersezione semaforizzata,Due carreggiate,Asciutto,Asfaltata,Verticale ed orizzontale,Sereno,Scarso,Buona,Sufficiente,0,0,0,10,12.4924,41.9124,-1,2,Autovettura privata,In marcia / fermata / arresto,Conducente,M,Illeso,0,,Non accertato,Inesploso,
4014274,2,30/09/2018 18:30:00,Strada Urbana,VIA PINCIANA,all'intersezione semaforizzata con,PIAZZALE BRASILE,PIAZZALE BRASILE,,,Tamponamento Multiplo,Intersezione semaforizzata,Due carreggiate,Asciutto,Asfaltata,Verticale ed orizzontale,Sereno,Scarso,Buona,Sufficiente,0,0,0,10,12.4924,41.9124,-1,2,Autovettura privata,In marcia / fermata / arresto,Passeggero,F,Illeso,0,,Non accertato,Inesploso,
4014274,2,30/09/2018 18:30:00,Strada Urbana,VIA PINCIANA,all'intersezione semaforizzata con,PIAZZALE BRASILE,PIAZZALE BRASILE,,,Tamponamento Multiplo,Intersezione semaforizzata,Due carreggiate,Asciutto,Asfaltata,Verticale ed orizzontale,Sereno,Scarso,Buona,Sufficiente,0,0,0,10,12.4924,41.9124,-1,3,Autovettura privata,In marcia / fermata / arresto,Conducente,M,Illeso,0,,Non accertato,Inesploso,
4014274,2,30/09/2018 18:30:00,Strada Urbana,VIA PINCIANA,all'intersezione semaforizzata con,PIAZZALE BRASILE,PIAZZALE BRASILE,,,Tamponamento Multiplo,Intersezione semaforizzata,Due carreggiate,Asciutto,Asfaltata,Verticale ed orizzontale,Sereno,Scarso,Buona,Sufficiente,0,0,0,10,12.4924,41.9124,-1,3,Autovettura privata,In marcia / fermata / arresto,Passeggero,F,Illeso,0,,Non accertato,Inesploso,
4014274,2,30/09/2018 18:30:00,Strada Urbana,VIA PINCIANA,all'intersezione semaforizzata con,PIAZZALE BRASILE,PIAZZALE BRASILE,,,Tamponamento Multiplo,Intersezione semaforizzata,Due carreggiate,Asciutto,Asfaltata,Verticale ed orizzontale,Sereno,Scarso,Buona,Sufficiente,0,0,0,10,12.4924,41.9124,-1,3,Autovettura privata,In marcia / fermata / arresto,Passeggero,F,Illeso,0,,,,
4014274,2,30/09/2018 18:30:00,Strada Urbana,VIA PINCIANA,all'intersezione semaforizzata con,PIAZZALE BRASILE,PIAZZALE BRASILE,,,Tamponamento Multiplo,Intersezione semaforizzata,Due carreggiate,Asciutto,Asfaltata,Verticale ed orizzontale,Sereno,Scarso,Buona,Sufficiente,0,0,0,10,12.4924,41.9124,-1,3,Autovettura privata,In marcia / fermata / arresto,Passeggero,M,Illeso,0,,,,
4014282,2,30/09/2018 19:00:00,Strada Urbana,VIA DEGLI SCIALOJA,all'intersezione con,VIA GIAN DOMENICO ROMAGNOSI,VIA GIAN DOMENICO ROMAGNOSI,,,Scontro frontale/laterale DX fra veicoli in marcia,Incrocio,Due carreggiate,Asciutto,Asfaltata,Verticale ed orizzontale,Sereno,Scarso,Buona,Sufficiente,0,0,0,2,12.4734,41.9133,-1,1,Autovettura privata,In marcia / fermata / arresto,Conducente,M,Illeso,0,,,,
4014282,2,30/09/2018 19:00:00,Strada Urbana,VIA DEGLI SCIALOJA,all'intersezione con,VIA GIAN DOMENICO ROMAGNOSI,VIA GIAN DOMENICO ROMAGNOSI,,,Scontro frontale/laterale DX fra veicoli in marcia,Incrocio,Due carreggiate,Asciutto,Asfaltata,Verticale ed orizzontale,Sereno,Scarso,Buona,Sufficiente,0,0,0,2,12.4734,41.9133,-1,2,Autovettura privata,In marcia / fermata / arresto,Conducente,M,Illeso,0,,,,
4014335,18,29/09/2018 13:15:00,Strada Urbana,VIA DI BOCCEA,da specificare,,,,altezza rotatoria VIA HOEPLI,Scontro laterale fra veicoli in marcia,Rotatoria,Una carreggiata a doppio senso,Asciutto,Asfaltata,Verticale ed orizzontale,Sereno,Normale,Buona,Ore Diurne,1,0,0,3,12.3847,41.9149,-1,1,Autovettura privata,In marcia / fermata / arresto,Conducente,F,Illeso,0,,,,
4014335,18,29/09/2018 13:15:00,Strada Urbana,VIA DI BOCCEA,da specificare,,,,altezza rotatoria VIA HOEPLI,Scontro laterale fra veicoli in marcia,Rotatoria,Una carreggiata a doppio senso,Asciutto,Asfaltata,Verticale ed orizzontale,Sereno,Normale,Buona,Ore Diurne,1,0,0,3,12.3847,41.9149,-1,1,Autovettura privata,In marcia / fermata / arresto,Passeggero,M,Illeso,0,,,,
4014335,18,29/09/2018 13:15:00,Strada Urbana,VIA DI BOCCEA,da specificare,,,,altezza rotatoria VIA HOEPLI,Scontro laterale fra veicoli in marcia,Rotatoria,Una carreggiata a doppio senso,Asciutto,Asfaltata,Verticale ed orizzontale,Sereno,Normale,Buona,Ore Diurne,1,0,0,3,12.3847,41.9149,-1,2,Motociclo a solo,In marcia / fermata / arresto,Conducente,M,Illeso,0,,,,
4014335,18,29/09/2018 13:15:00,Strada Urbana,VIA DI BOCCEA,da specificare,,,,altezza rotatoria VIA HOEPLI,Scontro laterale fra veicoli in marcia,Rotatoria,Una carreggiata a doppio senso,Asciutto,Asfaltata,Verticale ed orizzontale,Sereno,Normale,Buona,Ore Diurne,1,0,0,3,12.3847,41.9149,-1,2,Motociclo a solo,In marcia / fermata / arresto,Passeggero,M,Rimandato,0,NON DECEDUTO,,,