Protocollo,Gruppo,DataOraIncidente,Localizzazione1,STRADA1,Localizzazione2,STRADA2,Strada02,Chilometrica,DaSpecificare,NaturaIncidente,particolaritastrade,TipoStrada,FondoStradale,Pavimentazione,Segnaletica,CondizioneAtmosferica,Traffico,Visibilita,Illuminazione,NUM_FERITI,NUM_RISERVATA,NUM_MORTI,NUM_ILLESI,Longitudine,Latitudine,Confermato,Progressivo,TipoVeicolo,StatoVeicolo,TipoPersona,Sesso,Tipolesione,Deceduto,DecedutoDopo,CinturaCascoUtilizzato,Airbag,
4014336,18,30/09/2018 16:30:00,Strada Urbana,VIA AURELIA,in prossimit�,,del civico n.,480,,Scontro laterale fra veicoli in marcia,Rettilineo,Una carreggiata a doppio senso,Asciutto,Asfaltata,Verticale ed orizzontale,Sereno,Normale,Buona,Ore Diurne,0,0,0,5,12.4204,41.8986,-1,1,Autovettura privata,In marcia / fermata / arresto,Conducente,M,Illeso,0,,Non accertato,Inesploso,
4014336,18,30/09/2018 16:30:00,Strada Urbana,VIA AURELIA,in prossimit�,,del civico n.,480,,Scontro laterale fra veicoli in marcia,Rettilineo,Una carreggiata a doppio senso,Asciutto,Asfaltata,Verticale ed orizzontale,Sereno,Normale,Buona,Ore Diurne,0,0,0,5,12.4204,41.8986,-1,1,Autovettura privata,In marcia / fermata / arresto,Passeggero,F,Illeso,0,,Non accertato,Inesploso,
4014336,18,30/09/2018 16:30:00,Strada Urbana,VIA AURELIA,in prossimit�,,del civico n.,480,,Scontro laterale fra veicoli in marcia,Rettilineo,Una carreggiata a doppio senso,Asciutto,Asfaltata,Verticale ed orizzontale,Sereno,Normale,Buona,Ore Diurne,0,0,0,5,12.4204,41.8986,-1,1,Autovettura privata,In marcia / fermata / arresto,Passeggero,M,Illeso,0,,Non accertato,Inesistente,
4014336,18,30/09/2018 16:30:00,Strada Urbana,VIA AURELIA,in prossimit�,,del civico n.,480,,Scontro laterale fra veicoli in marcia,Rettilineo,Una carreggiata a doppio senso,Asciutto,Asfaltata,Verticale ed orizzontale,Sereno,Normale,Buona,Ore Diurne,0,0,0,5,12.4204,41.8986,-1,1,Autovettura privata,In marcia / fermata / arresto,Passeggero,M,Illeso,0,,Non accertato,Inesistente,
4014336,18,30/09/2018 16:30:00,Strada Urbana,VIA AURELIA,in prossimit�,,del civico n.,480,,Scontro laterale fra veicoli in marcia,Rettilineo,Una carreggiata a doppio senso,Asciutto,Asfaltata,Verticale ed orizzontale,Sereno,Normale,Buona,Ore Diurne,0,0,0,5,12.4204,41.8986,-1,2,Autobus turistico,In marcia / fermata / arresto,Conducente,M,Illeso,0,,Non accertato,Inesploso,
4014391,7,30/09/2018 15:00:00,Strada Urbana,VIALE PALMIRO TOGLIATTI,da specificare,,,,IN PROSSIMITA' DI VIA DEI PLATANI,Tamponamento Multiplo,Rettilineo,Due carreggiate,Asciutto,Asfaltata,Verticale ed orizzontale,Sereno,Normale,Buona,Ore Diurne,0,0,0,4,12.5733,41.8872,-1,1,Autovettura privata,In marcia / fermata / arresto,Conducente,F,Illeso,0,,Non accertato,Inesploso,
4014391,7,30/09/2018 15:00:00,Strada Urbana,VIALE PALMIRO TOGLIATTI,da specificare,,,,IN PROSSIMITA' DI VIA DEI PLATANI,Tamponamento Multiplo,Rettilineo,Due carreggiate,Asciutto,Asfaltata,Verticale ed orizzontale,Sereno,Normale,Buona,Ore Diurne,0,0,0,4,12.5733,41.8872,-1,2,Autovettura privata,In marcia / fermata / arresto,Conducente,M,Illeso,0,,Non accertato,Inesploso,
4014391,7,30/09/2018 15:00:00,Strada Urbana,VIALE PALMIRO TOGLIATTI,da specificare,,,,IN PROSSIMITA' DI VIA DEI PLATANI,Tamponamento Multiplo,Rettilineo,Due carreggiate,Asciutto,Asfaltata,Verticale ed orizzontale,Sereno,Normale,Buona,Ore Diurne,0,0,0,4,12.5733,41.8872,-1,2,Autovettura privata,In marcia / fermata / arresto,Passeggero,F,Illeso,0,,Non accertato,Inesploso,
4014391,7,30/09/2018 15:00:00,Strada Urbana,VIALE PALMIRO TOGLIATTI,da specificare,,,,IN PROSSIMITA' DI VIA DEI PLATANI,Tamponamento Multiplo,Rettilineo,Due carreggiate,Asciutto,Asfaltata,Verticale ed orizzontale,Sereno,Normale,Buona,Ore Diurne,0,0,0,4,12.5733,41.8872,-1,3,Autovettura privata,In marcia / fermata / arresto,Conducente,M,Illeso,0,,Non accertato,Inesploso,
4014406,7,30/09/2018 06:45:00,Strada Urbana,VIALE PALMIRO TOGLIATTI,in corrispondenza,,del palo luce n.,202,,Veicolo in marcia contro ostacolo fisso,Rettilineo,Due carreggiate,Asciutto,Asfaltata,Verticale ed orizzontale,Sereno,Scarso,Buona,Ore Diurne,0,0,0,1,12.5727,41.8781,-1,1,Autovettura privata,In marcia / fermata / arresto,Conducente,F,Illeso,0,,Non accertato,Esploso,
4014417,18,30/09/2018 02:00:00,Strada Urbana,VIA FRANCESCO SCHUPFER,in prossimit�,,del civico n.,8a,,Veicolo in marcia contro veicolo in sosta,Curva a visuale libera,Una carreggiata a senso unico di marcia,Asciutto,Asfaltata,Verticale ed orizzontale,Sereno,Scarso,Buona,Sufficiente,0,0,0,1,12.4298,41.9034,-1,1,Autovettura privata,In marcia / fermata / arresto,Conducente,M,Illeso,0,,,,
4014419,18,29/09/2018 23:15:00,Strada Urbana,PIAZZA IRNERIO,all'intersezione con,VIA DI BOCCEA,VIA DI BOCCEA,,,Scontro laterale fra veicoli in marcia,Intersezione semaforizzata,Due carreggiate,Asciutto,Asfaltata,Verticale ed orizzontale,Sereno,Normale,Buona,Sufficiente,0,0,0,2,12.4298,41.8984,-1,1,Autovettura privata,In marcia / fermata / arresto,Conducente,F,Illeso,0,,,,
4014419,18,29/09/2018 23:15:00,Strada Urbana,PIAZZA IRNERIO,all'intersezione con,VIA DI BOCCEA,VIA DI BOCCEA,,,Scontro laterale fra veicoli in marcia,Intersezione semaforizzata,Due carreggiate,Asciutto,Asfaltata,Verticale ed orizzontale,Sereno,Normale,Buona,Sufficiente,0,0,0,2,12.4298,41.8984,-1,2,Motociclo a solo,In marcia / fermata / arresto,Conducente,M,Illeso,0,,,,
4014513,18,30/09/2018 15:30:00,Strada Urbana,VIA SUOR MARIA AGOSTINA,all'intersezione con,VIA ANTONIO MAGLIO,VIA ANTONIO MAGLIO,,,Scontro laterale fra veicoli in marcia,Rotatoria,Una carreggiata a doppio senso,Asciutto,Asfaltata,Verticale ed orizzontale,Sereno,Normale,Buona,Ore Diurne,0,0,0,3,12.3869,41.904,-1,1,Autovettura privata,In marcia / fermata / arresto,Conducente,F,Illeso,0,,,,
4014513,18,30/09/2018 15:30:00,Strada Urbana,VIA SUOR MARIA AGOSTINA,all'intersezione con,VIA ANTONIO MAGLIO,VIA ANTONIO MAGLIO,,,Scontro laterale fra veicoli in marcia,Rotatoria,Una carreggiata a doppio senso,Asciutto,Asfaltata,Verticale ed orizzontale,Sereno,Normale,Buona,Ore Diurne,0,0,0,3,12.3869,41.904,-1,1,Autovettura privata,In marcia / fermata / arresto,Passeggero,F,Illeso,0,,,,
4014513,18,30/09/2018 15:30:00,Strada Urbana,VIA SUOR MARIA AGOSTINA,all'intersezione con,VIA ANTONIO MAGLIO,VIA ANTONIO MAGLIO,,,Scontro laterale fra veicoli in marcia,Rotatoria,Una carreggiata a doppio senso,Asciutto,Asfaltata,Verticale ed orizzontale,Sereno,Normale,Buona,Ore Diurne,0,0,0,3,12.3869,41.904,-1,2,Autovettura privata,In marcia / fermata / arresto,Conducente,F,Illeso,0,,,,
4014552,18,30/09/2018 20:40:00,Strada Urbana,VIA DELLA CELLULOSA,all'intersezione con,VIA DI CASALOTTI,VIA DI CASALOTTI,,,Scontro laterale fra veicoli in marcia,Intersezione non regolata/non segnalata,Una carreggiata a doppio senso,Asciutto,Asfaltata,Verticale ed orizzontale,Sereno,Scarso,Buona,Sufficiente,6,0,0,0,12.359,41.9194,-1,1,Autovettura privata,In marcia / fermata / arresto,Conducente,M,Rimandato,0,NON DECEDUTO,,Esploso,
4014552,18,30/09/2018 20:40:00,Strada Urbana,VIA DELLA CELLULOSA,all'intersezione con,VIA DI CASALOTTI,VIA DI CASALOTTI,,,Scontro laterale fra veicoli in marcia,Intersezione non regolata/non segnalata,Una carreggiata a doppio senso,Asciutto,Asfaltata,Verticale ed orizzontale,Sereno,Scarso,Buona,Sufficiente,6,0,0,0,12.359,41.9194,-1,1,Autovettura privata,In marcia / fermata / arresto,Passeggero,F,Rimandato,0,NON DECEDUTO,,Esploso,
4014552,18,30/09/2018 20:40:00,Strada Urbana,VIA DELLA CELLULOSA,all'intersezione con,VIA DI CASALOTTI,VIA DI CASALOTTI,,,Scontro laterale fra veicoli in marcia,Intersezione non regolata/non segnalata,Una carreggiata a doppio senso,Asciutto,Asfaltata,Verticale ed orizzontale,Sereno,Scarso,Buona,Sufficiente,6,0,0,0,12.359,41.9194,-1,1,Autovettura privata,In marcia / fermata / arresto,Passeggero,F,Rimandato,0,NON DECEDUTO,,,
4014552,18,30/09/2018 20:40:00,Strada Urbana,VIA DELLA CELLULOSA,all'intersezione con,VIA DI CASALOTTI,VIA DI CASALOTTI,,,Scontro laterale fra veicoli in marcia,Intersezione non regolata/non segnalata,Una carreggiata a doppio senso,Asciutto,Asfaltata,Verticale ed orizzontale,Sereno,Scarso,Buona,Sufficiente,6,0,0,0,12.359,41.9194,-1,1,Autovettura privata,In marcia / fermata / arresto,Passeggero,F,Rimandato,0,NON DECEDUTO,,,
4014552,18,30/09/2018 20:40:00,Strada Urbana,VIA DELLA CELLULOSA,all'intersezione con,VIA DI CASALOTTI,VIA DI CASALOTTI,,,Scontro laterale fra veicoli in marcia,Intersezione non regolata/non segnalata,Una carreggiata a doppio senso,Asciutto,Asfaltata,Verticale ed orizzontale,Sereno,Scarso,Buona,Sufficiente,6,0,0,0,12.359,41.9194,-1,2,Autovettura privata,In marcia / fermata / arresto,Conducente,F,Rimandato,0,NON DECEDUTO,,,
4014552,18,30/09/2018 20:40:00,Strada Urbana,VIA DELLA CELLULOSA,all'intersezione con,VIA DI CASALOTTI,VIA DI CASALOTTI,,,Scontro laterale fra veicoli in marcia,Intersezione non regolata/non segnalata,Una carreggiata a doppio senso,Asciutto,Asfaltata,Verticale ed orizzontale,Sereno,Scarso,Buona,Sufficiente,6,0,0,0,12.359,41.9194,-1,2,Autovettura privata,In marcia / fermata / arresto,Passeggero,F,Ricoverato,0,NON DECEDUTO,,Inesploso,
4014598,18,30/09/2018 12:30:00,Strada Urbana,VIA LEONE XIII,in prossimit�,,del civico n.,95,,Scontro laterale fra veicoli in marcia,Rettilineo,Due carreggiate,Asciutto,Asfaltata,Orizzontale,Sereno,Normale,Buona,Ore Diurne,2,0,0,1,12.439,41.89,-1,1,Autovettura privata,In marcia / fermata / arresto,Conducente,M,Rimandato,0,NON DECEDUTO,Non accertato,Inesploso,
4014598,18,30/09/2018 12:30:00,Strada Urbana,VIA LEONE XIII,in prossimit�,,del civico n.,95,,Scontro laterale fra veicoli in marcia,Rettilineo,Due carreggiate,Asciutto,Asfaltata,Orizzontale,Sereno,Normale,Buona,Ore Diurne,2,0,0,1,12.439,41.89,-1,1,Autovettura privata,In marcia / fermata / arresto,Passeggero,M,Rimandato,0,NON DECEDUTO,Non accertato,Inesploso,
4014598,18,30/09/2018 12:30:00,Strada Urbana,VIA LEONE XIII,in prossimit�,,del civico n.,95,,Scontro laterale fra veicoli in marcia,Rettilineo,Due carreggiate,Asciutto,Asfaltata,Orizzontale,Sereno,Normale,Buona,Ore Diurne,2,0,0,1,12.439,41.89,-1,2,Autovettura privata,In marcia / fermata / arresto,Conducente,M,Illeso,0,,Non accertato,Inesploso,
4014817,3,30/09/2018 19:45:00,Strada Urbana,VIA DELLA LEGA LOMBARDA,da specificare,,,,pross.t� Via Arduino,Tamponamento,Rettilineo,Due carreggiate,Asciutto,Asfaltata,Verticale ed orizzontale,Sereno,Scarso,Buona,Sufficiente,0,0,0,2,12.5238,41.9088,-1,1,Autovettura privata,In marcia / fermata / arresto,Conducente,M,Illeso,0,,,,
4014817,3,30/09/2018 19:45:00,Strada Urbana,VIA DELLA LEGA LOMBARDA,da specificare,,,,pross.t� Via Arduino,Tamponamento,Rettilineo,Due carreggiate,Asciutto,Asfaltata,Verticale ed orizzontale,Sereno,Scarso,Buona,Sufficiente,0,0,0,2,12.5238,41.9088,-1,2,Autovettura privata,In marcia / fermata / arresto,Conducente,M,Illeso,0,,,,
4014829,3,30/09/2018 20:40:00,,VIALE VENTUNO APRILE,da specificare,,,,fronte civ. 51,Scontro laterale fra veicoli in marcia,,,,,,,,,,1,0,0,1,,,0,1,Motociclo a solo,In marcia / fermata / arresto,Conducente,M,Rifiuta cure immediate,0,NON DECEDUTO,,,
4014829,3,30/09/2018 20:40:00,,VIALE VENTUNO APRILE,da specificare,,,,fronte civ. 51,Scontro laterale fra veicoli in marcia,,,,,,,,,,1,0,0,1,,,0,2,Autovettura privata,In marcia / fermata / arresto,Conducente,M,Illeso,0,,,,
4014928,12,29/09/2018 11:15:00,Regionale,VIA PONTINA,da specificare,,,,dir. Pomezia pross. Km.17,400,Scontro laterale fra veicoli in marcia,Curva a visuale libera,Due carreggiate,Asciutto,Asfaltata,Verticale ed orizzontale,Sereno,Normale,Buona,Ore Diurne,0,0,0,2,12.7972,41.5094,-1,1,Autovettura privata,In marcia / fermata / arresto,Conducente,M,Illeso,0,,Non accertato,Inesploso
4014928,12,29/09/2018 11:15:00,Regionale,VIA PONTINA,da specificare,,,,dir. Pomezia pross. Km.17,400,Scontro laterale fra veicoli in marcia,Curva a visuale libera,Due carreggiate,Asciutto,Asfaltata,Verticale ed orizzontale,Sereno,Normale,Buona,Ore Diurne,0,0,0,2,12.7972,41.5094,-1,2,Autovettura privata,In marcia / fermata / arresto,Conducente,F,Illeso,0,,Non accertato,Inesploso
4015076,12,26/09/2018 08:40:00,Strada Urbana,VIA EDMONDO BRUNO ARNAUD,all'intersezione con,VIA BRUNO BRANDELLERO,VIA BRUNO BRANDELLERO,,,Scontro frontale/laterale SX fra veicoli in marcia,Incrocio,Una carreggiata a doppio senso,Asciutto,Asfaltata,Verticale ed orizzontale,Sereno,Intenso,Buona,Ore Diurne,0,0,0,2,12.4492,41.8043,-1,1,Autovettura privata,In marcia / fermata / arresto,Conducente,M,Illeso,0,,Utilizzato,,
4015076,12,26/09/2018 08:40:00,Strada Urbana,VIA EDMONDO BRUNO ARNAUD,all'intersezione con,VIA BRUNO BRANDELLERO,VIA BRUNO BRANDELLERO,,,Scontro frontale/laterale SX fra veicoli in marcia,Incrocio,Una carreggiata a doppio senso,Asciutto,Asfaltata,Verticale ed orizzontale,Sereno,Intenso,Buona,Ore Diurne,0,0,0,2,12.4492,41.8043,-1,2,Autovettura privata,In marcia / fermata / arresto,Conducente,F,Illeso,0,,Utilizzato,,
4015079,1,29/09/2018 23:45:00,Strada Urbana,LUNGOTEVERE RAFFAELLO SANZIO,da specificare,,,,prossimit� P.ZZA TRILUSSA,Scontro laterale fra veicoli in marcia,Rettilineo,Una carreggiata a senso unico di marcia,Asciutto,Asfaltata,Verticale ed orizzontale,Sereno,Intenso,Buona,Sufficiente,0,0,0,3,,,0,1,Autovettura privata,In marcia / fermata / arresto,Conducente,M,Illeso,0,,Non accertato,Inesploso,
4015079,1,29/09/2018 23:45:00,Strada Urbana,LUNGOTEVERE RAFFAELLO SANZIO,da specificare,,,,prossimit� P.ZZA TRILUSSA,Scontro laterale fra veicoli in marcia,Rettilineo,Una carreggiata a senso unico di marcia,Asciutto,Asfaltata,Verticale ed orizzontale,Sereno,Intenso,Buona,Sufficiente,0,0,0,3,,,0,1,Autovettura privata,In marcia / fermata / arresto,Passeggero,F,Illeso,0,,,,
4015079,1,29/09/2018 23:45:00,Strada Urbana,LUNGOTEVERE RAFFAELLO SANZIO,da specificare,,,,prossimit� P.ZZA TRILUSSA,Scontro laterale fra veicoli in marcia,Rettilineo,Una carreggiata a senso unico di marcia,Asciutto,Asfaltata,Verticale ed orizzontale,Sereno,Intenso,Buona,Sufficiente,0,0,0,3,,,0,2,Autobus di linea,In marcia / fermata / arresto,Conducente,M,Illeso,0,,Non accertato,Inesploso,
4015105,1,29/09/2018 09:00:00,Strada Urbana,VIA GIOVANNI GIOLITTI,in prossimit�,,del civico n.,62/64,,Investimento di pedone,Rettilineo,Due carreggiate,Asciutto,Asfaltata,Verticale ed orizzontale,Sereno,Normale,Buona,Ore Diurne,1,0,0,1,12.5073,41.8964,-1,,,,Pedone,M,Rimandato,0,NON DECEDUTO,,,
4015105,1,29/09/2018 09:00:00,Strada Urbana,VIA GIOVANNI GIOLITTI,in prossimit�,,del civico n.,62/64,,Investimento di pedone,Rettilineo,Due carreggiate,Asciutto,Asfaltata,Verticale ed orizzontale,Sereno,Normale,Buona,Ore Diurne,1,0,0,1,12.5073,41.8964,-1,1,Autovettura privata,In marcia / fermata / arresto,Conducente,M,Illeso,0,,Non accertato,Inesploso,
4015131,1,29/09/2018 11:00:00,Strada Urbana,PASSEGGIATA DI RIPETTA,in prossimit�,,del civico n.,25,,Veicolo in marcia contro veicolo in sosta,Rettilineo,Una carreggiata a senso unico di marcia,Asciutto,In cubetti di porfido,Verticale ed orizzontale,Sereno,Normale,Buona,Ore Diurne,0,0,0,1,12.4748,41.908,-1,2,Autovettura privata,In marcia / fermata / arresto,Conducente,M,Illeso,0,,Non accertato,,
4015146,1,30/09/2018 03:30:00,Strada Urbana,GALLERIA GIOVANNI XXIII,da specificare,,,,prossimit� PORTA CAVALLEGGERI,Veicolo in marcia contro ostacolo fisso,Sottopasso illuminato,Una carreggiata a senso unico di marcia,Asciutto,Asfaltata,Verticale ed orizzontale,Sereno,Scarso,Buona,Sufficiente,0,0,0,1,,,0,1,Autovettura privata,In marcia / fermata / arresto,Conducente,M,Illeso,0,,Non accertato,Inesploso,
4015160,1,30/09/2018 15:10:00,Strada Urbana,VIA CERNAIA,all'intersezione semaforizzata con,VIA CASTELFIDARDO,VIA CASTELFIDARDO,,,Scontro frontale/laterale SX fra veicoli in marcia,Intersezione semaforizzata,Due carreggiate,Asciutto,Acciotolata,Verticale ed orizzontale,Sereno,Scarso,Buona,Ore Diurne,0,0,0,2,,,0,1,Autovettura privata,In marcia / fermata / arresto,Conducente,M,Illeso,0,,Non accertato,Inesploso,
4015160,1,30/09/2018 15:10:00,Strada Urbana,VIA CERNAIA,all'intersezione semaforizzata con,VIA CASTELFIDARDO,VIA CASTELFIDARDO,,,Scontro frontale/laterale SX fra veicoli in marcia,Intersezione semaforizzata,Due carreggiate,Asciutto,Acciotolata,Verticale ed orizzontale,Sereno,Scarso,Buona,Ore Diurne,0,0,0,2,,,0,2,Motociclo a solo,In marcia / fermata / arresto,Conducente,M,Illeso,0,,Non accertato,,
4015536,1,30/09/2018 11:20:00,Strada Urbana,VIA CILICIA,in corrispondenza,,del palo luce n.,33,,Veicolo in marcia contro ostacolo accidentale,Rettilineo,Una carreggiata a senso unico di marcia,Asciutto,Asfaltata,Verticale ed orizzontale,Sereno,Normale,Buona,Ore Diurne,0,0,0,1,12.5015,41.8711,-1,1,Motociclo a solo,In marcia / fermata / arresto,Conducente,M,Illeso,0,,Non accertato,,
4015637,1,30/09/2018 06:50:00,Strada Urbana,VIALE DI TRASTEVERE,da specificare,,,,INTERSEZIONE VIA E. MOROSINI,Veicolo in marcia contro ostacolo fisso,Rettilineo,Pi� di due carreggiate,Asciutto,Asfaltata,Verticale ed orizzontale,Sereno,Scarso,Buona,Ore Diurne,3,0,0,0,12.4679,41.8817,0,1,Autovettura privata,In marcia / fermata / arresto,Conducente,F,Rimandato,0,NON DECEDUTO,Non accertato,,
4015637,1,30/09/2018 06:50:00,Strada Urbana,VIALE DI TRASTEVERE,da specificare,,,,INTERSEZIONE VIA E. MOROSINI,Veicolo in marcia contro ostacolo fisso,Rettilineo,Pi� di due carreggiate,Asciutto,Asfaltata,Verticale ed orizzontale,Sereno,Scarso,Buona,Ore Diurne,3,0,0,0,12.4679,41.8817,0,1,Autovettura privata,In marcia / fermata / arresto,Passeggero,M,Rimandato,0,NON DECEDUTO,Non accertato,Inesistente,
4015637,1,30/09/2018 06:50:00,Strada Urbana,VIALE DI TRASTEVERE,da specificare,,,,INTERSEZIONE VIA E. MOROSINI,Veicolo in marcia contro ostacolo fisso,Rettilineo,Pi� di due carreggiate,Asciutto,Asfaltata,Verticale ed orizzontale,Sereno,Scarso,Buona,Ore Diurne,3,0,0,0,12.4679,41.8817,0,1,Autovettura privata,In marcia / fermata / arresto,Passeggero,M,Rimandato,0,NON DECEDUTO,Non accertato,Esploso,
4015999,1,30/09/2018 11:27:00,Strada Urbana,VIA DEI LATERANI,in prossimit�,,del palo luce n.,1,,Scontro laterale fra veicoli in marcia,Rettilineo,Una carreggiata a senso unico di marcia,Asciutto,Asfaltata,Verticale ed orizzontale,Sereno,Normale,Buona,Ore Diurne,0,0,0,2,12.5031,41.8839,-1,1,Autovettura privata,In marcia / fermata / arresto,Conducente,M,Illeso,0,,Non accertato,Inesploso,
4015999,1,30/09/2018 11:27:00,Strada Urbana,VIA DEI LATERANI,in prossimit�,,del palo luce n.,1,,Scontro laterale fra veicoli in marcia,Rettilineo,Una carreggiata a senso unico di marcia,Asciutto,Asfaltata,Verticale ed orizzontale,Sereno,Normale,Buona,Ore Diurne,0,0,0,2,12.5031,41.8839,-1,2,Autovettura privata,In marcia / fermata / arresto,Conducente,M,Illeso,0,,Non accertato,Inesploso,
4016041,1,30/09/2018 14:30:00,Strada Urbana,VIA GIOVANNI GIOLITTI,in corrispondenza,,del civico n.,415,,Veicolo in marcia contro ostacolo accidentale,Rettilineo,Una carreggiata a senso unico di marcia,Asciutto,Asfaltata,Verticale ed orizzontale,Sereno,Normale,Buona,Ore Diurne,0,0,0,2,,,0,1,Autovettura privata,In marcia / fermata / arresto,Conducente,M,Illeso,0,,Non accertato,Inesploso,
4016041,1,30/09/2018 14:30:00,Strada Urbana,VIA GIOVANNI GIOLITTI,in corrispondenza,,del civico n.,415,,Veicolo in marcia contro ostacolo accidentale,Rettilineo,Una carreggiata a senso unico di marcia,Asciutto,Asfaltata,Verticale ed orizzontale,Sereno,Normale,Buona,Ore Diurne,0,0,0,2,,,0,1,Autovettura privata,In marcia / fermata / arresto,Passeggero,F,Illeso,0,,,,
4016673,2,27/09/2018 12:10:00,,VIA DEL FORO ITALICO,da specificare,,,,alt.uscita Via Salaria dir.centro,Scontro laterale fra veicoli in marcia,,,,,,,,,,2,0,0,0,,,0,1,Velocipede,In marcia / fermata / arresto,Conducente,M,Rimandato,0,NON DECEDUTO,Esente,,
4016673,2,27/09/2018 12:10:00,,VIA DEL FORO ITALICO,da specificare,,,,alt.uscita Via Salaria dir.centro,Scontro laterale fra veicoli in marcia,,,,,,,,,,2,0,0,0,,,0,2,Velocipede,In marcia / fermata / arresto,Conducente,M,Rimandato,0,NON DECEDUTO,Esente,,
4023392,13,28/09/2018 17:40:00,Strada Urbana,VIA DEL MARE,all'intersezione con,VIA DI CASTEL FUSANO,VIA DI CASTEL FUSANO,,,Scontro laterale fra veicoli in marcia,Incrocio,Una carreggiata a doppio senso,Asciutto,Asfaltata,Verticale ed orizzontale,Sereno,Normale,Buona,Ore Diurne,0,0,0,2,12.4632,41.8403,-1,1,Autovettura privata,In marcia / fermata / arresto,Conducente,M,Illeso,0,,Non accertato,Inesploso,
4023392,13,28/09/2018 17:40:00,Strada Urbana,VIA DEL MARE,all'intersezione con,VIA DI CASTEL FUSANO,VIA DI CASTEL FUSANO,,,Scontro laterale fra veicoli in marcia,Incrocio,Una carreggiata a doppio senso,Asciutto,Asfaltata,Verticale ed orizzontale,Sereno,Normale,Buona,Ore Diurne,0,0,0,2,12.4632,41.8403,-1,2,Autovettura privata,In marcia / fermata / arresto,Conducente,M,Illeso,0,,Non accertato,,
4025480,3,30/09/2018 03:35:00,Strada Urbana,VIA CASAL TIDEI,in corrispondenza,,del civico n.,89,,Investimento di pedone,Rettilineo,Una carreggiata a doppio senso,Asciutto,Asfaltata,Verticale ed orizzontale,Nuvoloso,Scarso,Sufficiente,Sufficiente,1,0,0,0,12.5791,41.9415,0,,,,Pedone,M,Rimandato,0,NON DECEDUTO,,,
4027007,13,12/09/2018 11:00:00,Strada Urbana,VIA DELLE FRATTE DI TRASTEVERE,in corrispondenza,,del civico n.,52,,Veicolo in marcia contro veicolo in sosta,Rettilineo,Una carreggiata a senso unico di marcia,Asciutto,Acciotolata,Verticale ed orizzontale,Sereno,Normale,Buona,Ore Diurne,0,0,0,1,12.4723,41.888,-1,1,Autocarro inferiore 35 q.,In marcia / fermata / arresto,Conducente,M,Illeso,0,,Non accertato,Inesploso,
4031081,12,04/09/2018 12:00:00,Strada Urbana,VIA GEMMANO,in corrispondenza,,del civico n.,15,,Scontro frontale/laterale SX fra veicoli in marcia,Rettilineo,Una carreggiata a senso unico di marcia,Asciutto,Asfaltata,Verticale,Sereno,Normale,Buona,Ore Diurne,1,0,0,1,12.405,41.7931,-1,1,Motociclo a solo,In marcia / fermata / arresto,Conducente,M,Rimandato,0,NON DECEDUTO,Non accertato,,
4031081,12,04/09/2018 12:00:00,Strada Urbana,VIA GEMMANO,in corrispondenza,,del civico n.,15,,Scontro frontale/laterale SX fra veicoli in marcia,Rettilineo,Una carreggiata a senso unico di marcia,Asciutto,Asfaltata,Verticale,Sereno,Normale,Buona,Ore Diurne,1,0,0,1,12.405,41.7931,-1,2,Autovettura privata,In marcia / fermata / arresto,Conducente,M,Illeso,0,,Non accertato,Inesploso,
4050679,5,03/09/2018 23:25:00,Strada Urbana,LARGO GIOVANNI PITTALUGA,all'intersezione con,VIA GIOVANNI PITTALUGA,VIA GIOVANNI PITTALUGA,,,Scontro laterale fra veicoli in marcia,Incrocio,Due carreggiate,Asciutto,Asfaltata,Verticale ed orizzontale,Sereno,Scarso,Sufficiente,Sufficiente,1,0,0,1,12.5372,41.8996,-1,1,Autovettura privata,In marcia / fermata / arresto,Conducente,M,Illeso,0,,Non accertato,Esploso,
4050679,5,03/09/2018 23:25:00,Strada Urbana,LARGO GIOVANNI PITTALUGA,all'intersezione con,VIA GIOVANNI PITTALUGA,VIA GIOVANNI PITTALUGA,,,Scontro laterale fra veicoli in marcia,Incrocio,Due carreggiate,Asciutto,Asfaltata,Verticale ed orizzontale,Sereno,Scarso,Sufficiente,Sufficiente,1,0,0,1,12.5372,41.8996,-1,2,Autovettura privata,In marcia / fermata / arresto,Conducente,M,Rimandato,0,NON DECEDUTO,Non accertato,Esploso,
4077078,9,20/09/2018 10:05:00,Strada Urbana,VIA APPIA NUOVA,all'intersezione con,VIA DELL'ALMONE,VIA DELL'ALMONE,,,Scontro laterale fra veicoli in marcia,Incrocio,Una carreggiata a doppio senso,Asciutto,Asfaltata,Verticale ed orizzontale,Sereno,Normale,Buona,Ore Diurne,0,0,0,2,12.5338,41.8607,-1,1,Autocarro superiore 35 q.,In marcia / fermata / arresto,Conducente,M,Illeso,0,,Non accertato,Inesploso,
4077078,9,20/09/2018 10:05:00,Strada Urbana,VIA APPIA NUOVA,all'intersezione con,VIA DELL'ALMONE,VIA DELL'ALMONE,,,Scontro laterale fra veicoli in marcia,Incrocio,Una carreggiata a doppio senso,Asciutto,Asfaltata,Verticale ed orizzontale,Sereno,Normale,Buona,Ore Diurne,0,0,0,2,12.5338,41.8607,-1,2,Autovettura privata,In marcia / fermata / arresto,Conducente,M,Illeso,0,,Non accertato,Inesploso,